account_id,customer_id,account_type,currency,balance,opened_date,status,branch_code,interest_rate,last_activity_date
A0001,C0258,SAVINGS,ZAR,47237.12,2025-04-20,ACTIVE,BR719,0.65,2025-08-13
A0002,C0525,FIXED_DEPOSIT,ZAR,1653550.27,2018-03-01,DORMANT,BR123,2.74,2019-08-06
A0003,C0358,MONEY_MARKET,ZAR,1359311.5,2017-06-29,ACTIVE,BR140,11.59,2018-04-02
A0004,C0891,CHEQUE,ZAR,42691.97,2025-09-02,ACTIVE,BR135,0.0,2026-09-07
A0005,C0473,FIXED_DEPOSIT,ZAR,276561.51,2021-01-18,ACTIVE,BR386,1.3,2021-09-06
A0006,C0606,MONEY_MARKET,ZAR,4202385.01,2023-09-25,ACTIVE,BR678,3.08,2025-04-01
A0007,C0246,FIXED_DEPOSIT,ZAR,1681975.5,2024-10-03,ACTIVE,BR160,7.96,2026-06-25
A0008,C0978,FIXED_DEPOSIT,ZAR,1272240.65,2017-02-08,ACTIVE,BR868,3.82,2022-04-30
A0009,C0748,SAVINGS,ZAR,367715.82,2022-08-02,ACTIVE,BR862,5.18,2024-01-07
A0010,C0210,CREDIT,ZAR,-81666.78,2020-07-24,ACTIVE,BR607,10.6,2022-03-06
A0011,C0015,CHEQUE,ZAR,49328.02,2019-04-01,DORMANT,BR761,0.0,2021-08-24
A0012,C0103,CHEQUE,ZAR,17115.87,2020-09-13,DORMANT,BR152,0.0,2021-02-05
A0013,C0392,CHEQUE,ZAR,102797.3,2019-06-05,ACTIVE,BR490,0.0,2021-11-02
A0014,C0013,SAVINGS,ZAR,74739.71,2021-04-29,ACTIVE,BR811,8.33,2021-08-21
A0015,C0036,CHEQUE,ZAR,1518.49,2024-09-25,ACTIVE,BR911,0.0,2025-05-25
A0016,C0822,MONEY_MARKET,ZAR,2099817.67,2026-01-06,ACTIVE,BR684,4.82,2026-04-20
A0017,C0032,CREDIT,ZAR,-99002.36,2022-07-17,ACTIVE,BR719,4.26,2022-11-16
A0018,C0250,SAVINGS,ZAR,68367.09,2021-07-20,CLOSED,BR676,12.09,2021-09-11
A0019,C0631,MONEY_MARKET,ZAR,2334321.68,2018-06-04,ACTIVE,BR897,0.92,2023-06-27
A0020,C0096,CHEQUE,ZAR,17377.2,2017-10-18,ACTIVE,BR489,0.0,2024-02-23
A0021,C0522,SAVINGS,ZAR,236359.74,2024-05-02,ACTIVE,BR499,6.45,2024-11-08
A0022,C0824,SAVINGS,ZAR,411831.35,2016-04-12,ACTIVE,BR826,9.78,2024-08-13
A0023,C0115,MONEY_MARKET,ZAR,4994028.39,2024-11-19,ACTIVE,BR271,7.07,2025-01-28
A0024,C0007,MONEY_MARKET,ZAR,2301201.42,2025-05-10,ACTIVE,BR516,1.15,2025-07-23
A0025,C0309,CHEQUE,ZAR,55092.83,2024-07-08,ACTIVE,BR234,0.0,2025-01-12
A0026,C0096,FIXED_DEPOSIT,ZAR,1299412.13,2017-08-13,ACTIVE,BR450,2.67,2024-03-16
A0027,C0085,FIXED_DEPOSIT,ZAR,292412.99,2024-06-20,ACTIVE,BR780,9.27,2026-02-07
A0028,C0760,FIXED_DEPOSIT,ZAR,1648352.75,2019-06-03,ACTIVE,BR585,11.1,2023-08-20
A0029,C0214,CREDIT,ZAR,-32559.71,2016-04-02,ACTIVE,BR740,4.74,2017-04-23
A0030,C0134,CHEQUE,ZAR,91416.58,2026-05-08,ACTIVE,BR576,0.0,2026-07-23
A0031,C0994,CREDIT,ZAR,-2932.54,2016-04-08,ACTIVE,BR453,10.43,2020-04-17
A0032,C0360,CREDIT,ZAR,-88805.32,2022-01-21,ACTIVE,BR208,1.78,2025-10-18
A0033,C0979,SAVINGS,ZAR,465077.41,2019-08-02,ACTIVE,BR961,1.59,2024-05-27
A0034,C0415,CREDIT,ZAR,-663.23,2025-11-16,ACTIVE,BR850,7.78,2026-08-17
A0035,C0491,MONEY_MARKET,ZAR,2802212.86,2018-11-11,ACTIVE,BR626,8.59,2020-04-13
A0036,C0389,CHEQUE,ZAR,199821.09,2021-03-13,CLOSED,BR612,0.0,2024-02-22
A0037,C0468,FIXED_DEPOSIT,ZAR,525047.63,2019-07-01,ACTIVE,BR336,5.76,2025-09-30
A0038,C0113,SAVINGS,ZAR,285986.34,2022-05-01,ACTIVE,BR734,10.66,2023-01-23
A0039,C0308,SAVINGS,ZAR,21901.69,2020-11-25,ACTIVE,BR854,9.21,2023-02-28
A0040,C0986,MONEY_MARKET,ZAR,3665293.17,2022-10-26,ACTIVE,BR302,9.93,2024-02-09
A0041,C0276,FIXED_DEPOSIT,ZAR,1024624.4,2022-01-22,ACTIVE,BR140,6.55,2022-09-19
A0042,C0989,CHEQUE,ZAR,103195.73,2022-06-09,ACTIVE,BR542,0.0,2023-06-27
A0043,C0877,CHEQUE,ZAR,-3005.69,2024-01-05,ACTIVE,BR270,0.0,2024-07-27
A0044,C0962,MONEY_MARKET,ZAR,3725590.98,2023-09-12,DORMANT,BR467,11.33,2023-09-15
A0045,C0224,CHEQUE,ZAR,-4594.44,2024-07-15,ACTIVE,BR661,0.0,2025-12-28
A0046,C0813,MONEY_MARKET,ZAR,1493869.51,2018-10-15,ACTIVE,BR512,5.94,2025-06-11
A0047,C0005,SAVINGS,ZAR,1779.01,2022-11-12,ACTIVE,BR886,9.84,2023-05-15
A0048,C0122,SAVINGS,ZAR,203156.28,2018-10-29,ACTIVE,BR693,11.96,2019-11-11
A0049,C0772,MONEY_MARKET,ZAR,3719843.48,2022-05-14,ACTIVE,BR340,2.17,2025-02-19
A0050,C0468,CHEQUE,ZAR,147143.73,2026-06-21,ACTIVE,BR644,0.0,2026-09-02
A0051,C0734,MONEY_MARKET,ZAR,3107990.79,2024-04-19,ACTIVE,BR654,10.04,2025-03-29
A0052,C0863,FIXED_DEPOSIT,ZAR,1902400.21,2022-02-03,CLOSED,BR987,11.42,2024-06-22
A0053,C0398,MONEY_MARKET,ZAR,1262472.06,2018-11-22,ACTIVE,BR711,10.29,2025-07-02
A0054,C0701,CREDIT,ZAR,-78088.19,2019-02-09,ACTIVE,BR199,9.18,2021-11-05
A0055,C0952,MONEY_MARKET,ZAR,525800.4,2016-12-03,DORMANT,BR425,1.61,2023-09-12
A0056,C0379,CREDIT,ZAR,-30569.71,2023-03-30,ACTIVE,BR244,9.61,2024-12-21
A0057,C0194,CHEQUE,ZAR,125364.0,2016-03-15,DORMANT,BR780,0.0,2016-05-03
A0058,C0209,SAVINGS,ZAR,162038.57,2020-01-26,ACTIVE,BR522,5.43,2025-01-27
A0059,C0967,FIXED_DEPOSIT,ZAR,1153760.75,2020-03-16,ACTIVE,BR390,7.48,2023-04-09
A0060,C0453,MONEY_MARKET,ZAR,783935.73,2020-11-04,ACTIVE,BR159,7.11,2023-11-02
A0061,C0143,SAVINGS,ZAR,353199.35,2025-01-31,ACTIVE,BR193,8.76,2025-07-05
A0062,C0228,CHEQUE,ZAR,100234.48,2023-04-27,ACTIVE,BR885,0.0,2024-12-08
A0063,C0985,SAVINGS,ZAR,445352.39,2017-09-03,ACTIVE,BR643,4.66,2018-06-16
A0064,C0706,MONEY_MARKET,ZAR,1657570.28,2018-12-09,ACTIVE,BR332,9.98,2022-12-16
A0065,C0320,CHEQUE,ZAR,27752.73,2020-08-12,CLOSED,BR452,0.0,2025-09-16
A0066,C0302,SAVINGS,ZAR,43686.24,2016-02-04,ACTIVE,BR890,7.22,2017-08-28
A0067,C0340,CREDIT,ZAR,-89281.71,2023-11-12,ACTIVE,BR528,11.76,2024-11-07
A0068,C0579,FIXED_DEPOSIT,ZAR,45618.85,2019-11-18,ACTIVE,BR507,1.87,2020-03-26
A0069,C0617,SAVINGS,ZAR,86529.23,2021-03-18,ACTIVE,BR536,5.4,2021-07-06
A0070,C0576,SAVINGS,ZAR,121227.25,2017-06-07,ACTIVE,BR188,0.86,2025-07-18
A0071,C0926,CHEQUE,ZAR,21066.22,2018-04-01,ACTIVE,BR742,0.0,2023-01-14
A0072,C0092,SAVINGS,ZAR,62634.21,2019-12-08,ACTIVE,BR370,11.86,2024-02-17
A0073,C0754,SAVINGS,ZAR,214748.67,2021-07-31,ACTIVE,BR329,11.97,2025-11-27
A0074,C0391,FIXED_DEPOSIT,ZAR,1453558.13,2019-07-02,FROZEN,BR412,8.36,2021-02-12
A0075,C0225,MONEY_MARKET,ZAR,4268044.65,2020-09-12,ACTIVE,BR945,12.1,2021-11-24
A0076,C0341,CREDIT,ZAR,-76340.22,2016-12-26,ACTIVE,BR836,9.42,2024-01-02
A0077,C0317,CHEQUE,ZAR,95822.71,2024-03-16,ACTIVE,BR340,0.0,2025-03-09
A0078,C0086,CREDIT,ZAR,-50883.1,2020-09-23,ACTIVE,BR273,2.46,2024-04-16
A0079,C0696,SAVINGS,ZAR,63196.18,2024-05-27,ACTIVE,BR287,5.23,2024-05-30
A0080,C0868,CREDIT,ZAR,-58169.45,2020-05-24,DORMANT,BR459,11.68,2024-11-18
A0081,C0134,CHEQUE,ZAR,51592.7,2025-08-06,ACTIVE,BR736,0.0,2026-03-20
A0082,C0559,MONEY_MARKET,ZAR,2237889.29,2025-07-23,DORMANT,BR376,9.98,2025-12-20
A0083,C0850,MONEY_MARKET,ZAR,448572.02,2021-03-28,ACTIVE,BR161,8.17,2023-04-07
A0084,C0423,SAVINGS,ZAR,487486.12,2016-05-29,ACTIVE,BR622,4.14,2022-10-01
A0085,C0997,MONEY_MARKET,ZAR,770593.39,2019-05-19,ACTIVE,BR984,3.76,2021-09-23
A0086,C0315,FIXED_DEPOSIT,ZAR,1454855.82,2016-08-07,DORMANT,BR871,5.04,2018-04-23
A0087,C0089,SAVINGS,ZAR,168205.58,2017-09-09,ACTIVE,BR963,3.53,2025-12-19
A0088,C0366,FIXED_DEPOSIT,ZAR,520988.04,2017-11-01,ACTIVE,BR117,12.14,2025-03-27
A0089,C0290,FIXED_DEPOSIT,ZAR,1289208.0,2024-12-25,ACTIVE,BR226,1.71,2026-09-13
A0090,C0201,MONEY_MARKET,ZAR,2756174.8,2024-09-05,ACTIVE,BR250,6.06,2024-09-07
A0091,C0315,MONEY_MARKET,ZAR,1165469.16,2018-08-14,ACTIVE,BR907,3.95,2024-04-03
A0092,C0067,CHEQUE,ZAR,103288.19,2024-02-13,ACTIVE,BR920,0.0,2025-04-17
A0093,C0415,CREDIT,ZAR,-59484.84,2016-04-05,DORMANT,BR118,4.67,2017-05-12
A0094,C0187,SAVINGS,ZAR,45644.9,2016-06-28,DORMANT,BR479,4.23,2023-11-08
A0095,C0822,FIXED_DEPOSIT,ZAR,1455152.68,2016-12-02,ACTIVE,BR130,1.92,2021-06-03
A0096,C0626,SAVINGS,ZAR,372012.69,2019-06-27,ACTIVE,BR104,10.39,2022-03-04
A0097,C0103,MONEY_MARKET,ZAR,3581973.36,2017-08-05,ACTIVE,BR617,5.12,2018-04-01
A0098,C0064,CHEQUE,ZAR,199898.02,2017-10-30,ACTIVE,BR708,0.0,2022-11-02
A0099,C0607,CREDIT,ZAR,-37710.24,2025-04-14,CLOSED,BR150,1.46,2026-01-21
A0100,C0014,SAVINGS,ZAR,105007.32,2026-07-10,CLOSED,BR586,10.26,2026-08-09
A0101,C0707,SAVINGS,ZAR,248241.36,2024-05-30,ACTIVE,BR942,6.1,2026-03-28
A0102,C0047,CREDIT,ZAR,-21932.57,2020-08-26,ACTIVE,BR745,9.59,2022-05-25
A0103,C0733,FIXED_DEPOSIT,ZAR,1237509.64,2023-09-01,ACTIVE,BR152,9.16,2025-02-11
A0104,C0664,SAVINGS,ZAR,142519.18,2022-07-11,FROZEN,BR577,10.36,2024-05-14
A0105,C0010,FIXED_DEPOSIT,ZAR,1261085.77,2026-05-01,ACTIVE,BR548,4.59,2026-07-26
A0106,C0724,CREDIT,ZAR,-88062.01,2017-11-09,ACTIVE,BR270,7.2,2025-06-08
A0107,C0763,MONEY_MARKET,ZAR,67142.42,2021-11-10,ACTIVE,BR579,7.68,2022-03-05
A0108,C0115,CHEQUE,ZAR,188826.15,2021-03-31,ACTIVE,BR128,0.0,2024-05-05
A0109,C0798,CREDIT,ZAR,-38443.05,2017-03-30,FROZEN,BR258,2.06,2019-07-08
A0110,C0777,CREDIT,ZAR,-41192.14,2025-11-09,FROZEN,BR357,6.27,2026-01-09
A0111,C0497,CREDIT,ZAR,-66115.2,2018-03-21,ACTIVE,BR558,11.04,2024-06-29
A0112,C0925,SAVINGS,ZAR,3586.36,2026-02-02,ACTIVE,BR660,0.68,2026-08-06
A0113,C0804,CREDIT,ZAR,-64810.2,2020-02-09,DORMANT,BR612,0.88,2022-01-04
A0114,C0889,FIXED_DEPOSIT,ZAR,593388.85,2023-07-03,ACTIVE,BR238,3.06,2025-09-19
A0115,C0994,CHEQUE,ZAR,163969.3,2017-10-26,ACTIVE,BR138,0.0,2026-09-02
A0116,C0685,MONEY_MARKET,ZAR,3828920.87,2022-10-03,ACTIVE,BR967,5.97,2024-12-26
A0117,C0399,MONEY_MARKET,ZAR,4014192.75,2016-03-22,ACTIVE,BR465,1.3,2023-03-04
A0118,C0592,SAVINGS,ZAR,424867.26,2018-10-04,CLOSED,BR473,8.86,2020-05-07
A0119,C0057,SAVINGS,ZAR,367926.36,2019-08-11,DORMANT,BR405,10.38,2023-12-18
A0120,C0492,SAVINGS,ZAR,463879.05,2016-01-19,ACTIVE,BR472,1.06,2026-08-08
A0121,C0265,CREDIT,ZAR,-10721.2,2024-08-06,ACTIVE,BR968,3.04,2026-09-11
A0122,C0552,SAVINGS,ZAR,432864.7,2022-12-14,ACTIVE,BR395,7.0,2024-08-04
A0123,C0226,CREDIT,ZAR,-97641.49,2016-09-27,ACTIVE,BR209,9.36,2023-06-23
A0124,C0016,SAVINGS,ZAR,158264.77,2025-02-16,ACTIVE,BR250,1.71,2025-04-29
A0125,C0737,MONEY_MARKET,ZAR,1855405.64,2021-05-04,DORMANT,BR663,12.37,2025-04-03
A0126,C0731,FIXED_DEPOSIT,ZAR,1590433.96,2020-07-13,ACTIVE,BR988,11.73,2024-03-25
A0127,C0564,CHEQUE,ZAR,13596.62,2019-06-23,ACTIVE,BR117,0.0,2020-10-20
A0128,C0511,FIXED_DEPOSIT,ZAR,847016.12,2026-03-24,ACTIVE,BR259,6.39,2026-08-20
A0129,C0983,MONEY_MARKET,ZAR,655283.44,2025-08-05,ACTIVE,BR665,4.54,2026-08-21
A0130,C0560,SAVINGS,ZAR,385237.16,2017-07-14,CLOSED,BR604,4.45,2018-08-21
A0131,C0607,CHEQUE,ZAR,71283.78,2018-08-17,ACTIVE,BR618,0.0,2019-09-24
A0132,C0266,FIXED_DEPOSIT,ZAR,317981.31,2020-01-23,DORMANT,BR754,1.05,2025-03-28
A0133,C0752,CHEQUE,ZAR,73587.24,2018-07-19,ACTIVE,BR905,0.0,2021-10-29
A0134,C0756,MONEY_MARKET,ZAR,4220750.37,2024-07-03,ACTIVE,BR386,5.57,2025-10-19
A0135,C0038,MONEY_MARKET,ZAR,1822610.07,2017-08-01,ACTIVE,BR127,6.03,2018-04-08
A0136,C0126,CREDIT,ZAR,-63834.62,2021-03-14,DORMANT,BR872,8.33,2024-03-06
A0137,C0681,CHEQUE,ZAR,143145.32,2021-05-24,ACTIVE,BR598,0.0,2023-03-06
A0138,C0543,FIXED_DEPOSIT,ZAR,41732.03,2018-07-23,ACTIVE,BR552,4.06,2019-05-17
A0139,C0867,FIXED_DEPOSIT,ZAR,655392.07,2021-08-23,ACTIVE,BR285,5.1,2022-07-20
A0140,C0341,CREDIT,ZAR,-74043.98,2017-12-08,ACTIVE,BR801,6.84,2019-08-04
A0141,C0569,MONEY_MARKET,ZAR,2605162.36,2018-01-31,ACTIVE,BR146,5.88,2022-11-21
A0142,C0011,FIXED_DEPOSIT,ZAR,896185.91,2017-07-11,DORMANT,BR799,2.98,2022-11-20
A0143,C0855,SAVINGS,ZAR,353232.77,2025-08-22,CLOSED,BR313,9.22,2026-03-15
A0144,C0709,MONEY_MARKET,ZAR,734897.62,2020-09-06,ACTIVE,BR323,11.22,2025-07-08
A0145,C0487,CREDIT,ZAR,-39261.85,2025-05-16,ACTIVE,BR787,8.83,2026-06-28
A0146,C0941,FIXED_DEPOSIT,ZAR,1872891.77,2021-10-18,FROZEN,BR705,8.65,2022-10-14
A0147,C0343,SAVINGS,ZAR,390108.03,2023-10-13,ACTIVE,BR365,0.57,2023-12-04
A0148,C0855,CREDIT,ZAR,-39601.59,2026-07-31,ACTIVE,BR304,7.43,2026-08-05
A0149,C0875,FIXED_DEPOSIT,ZAR,904250.35,2022-09-07,CLOSED,BR895,0.61,2023-10-04
A0150,C0462,FIXED_DEPOSIT,ZAR,124968.28,2020-08-12,ACTIVE,BR709,11.08,2026-03-21
A0151,C0261,FIXED_DEPOSIT,ZAR,325982.59,2019-11-11,DORMANT,BR700,8.95,2020-03-03
A0152,C0801,CHEQUE,ZAR,103028.59,2025-04-27,ACTIVE,BR285,0.0,2025-12-27
A0153,C0413,CHEQUE,ZAR,148663.73,2025-08-24,ACTIVE,BR846,0.0,2025-12-07
A0154,C0724,CHEQUE,ZAR,31093.06,2016-09-01,CLOSED,BR250,0.0,2022-01-27
A0155,C0780,SAVINGS,ZAR,37598.13,2017-03-11,ACTIVE,BR479,8.31,2022-09-08
A0156,C0124,MONEY_MARKET,ZAR,4845124.43,2022-10-21,ACTIVE,BR268,1.19,2024-06-15
A0157,C0905,CHEQUE,ZAR,106355.04,2022-12-01,ACTIVE,BR374,0.0,2026-01-05
A0158,C0567,MONEY_MARKET,ZAR,1201810.33,2022-06-21,ACTIVE,BR206,10.53,2025-09-17
A0159,C0599,SAVINGS,ZAR,428253.3,2018-04-29,ACTIVE,BR130,11.28,2026-09-13
A0160,C0814,MONEY_MARKET,ZAR,2770485.58,2022-05-18,ACTIVE,BR372,2.71,2024-08-09
A0161,C0849,FIXED_DEPOSIT,ZAR,164090.01,2021-07-22,ACTIVE,BR125,10.92,2024-01-30
A0162,C0909,MONEY_MARKET,ZAR,3809392.4,2025-11-27,CLOSED,BR925,12.47,2026-06-19
A0163,C0909,CHEQUE,ZAR,154599.14,2020-12-30,DORMANT,BR801,0.0,2021-02-12
A0164,C0598,SAVINGS,ZAR,99222.43,2019-04-07,ACTIVE,BR955,6.01,2022-02-09
A0165,C0592,FIXED_DEPOSIT,ZAR,455514.75,2020-03-23,ACTIVE,BR927,5.79,2026-07-16
A0166,C0455,FIXED_DEPOSIT,ZAR,872130.17,2024-10-10,ACTIVE,BR668,0.56,2025-05-25
A0167,C0760,CREDIT,ZAR,-60230.15,2016-05-13,CLOSED,BR366,1.23,2026-03-30
A0168,C0747,FIXED_DEPOSIT,ZAR,1229368.85,2022-11-27,FROZEN,BR432,1.8,2026-04-16
A0169,C0620,CHEQUE,ZAR,41097.6,2024-04-11,ACTIVE,BR261,0.0,2026-05-27
A0170,C0554,MONEY_MARKET,ZAR,4312835.99,2018-01-08,ACTIVE,BR686,1.91,2022-05-14
A0171,C0668,CHEQUE,ZAR,4790.39,2019-11-26,FROZEN,BR676,0.0,2024-09-18
A0172,C0851,SAVINGS,ZAR,215280.5,2017-05-28,ACTIVE,BR504,8.25,2026-08-24
A0173,C0884,CHEQUE,ZAR,29071.91,2021-02-01,ACTIVE,BR464,0.0,2023-05-23
A0174,C0272,CREDIT,ZAR,-37657.13,2021-06-26,ACTIVE,BR482,0.78,2025-07-15
A0175,C0880,SAVINGS,ZAR,273111.18,2021-09-02,ACTIVE,BR102,5.52,2024-06-12
A0176,C0423,FIXED_DEPOSIT,ZAR,1694510.18,2024-06-13,ACTIVE,BR145,7.05,2026-04-25
A0177,C0983,SAVINGS,ZAR,421218.09,2022-05-03,ACTIVE,BR147,2.49,2026-08-30
A0178,C0381,SAVINGS,ZAR,388337.09,2026-02-20,CLOSED,BR933,3.36,2026-02-28
A0179,C0556,FIXED_DEPOSIT,ZAR,1149120.41,2018-11-27,ACTIVE,BR330,2.58,2020-08-30
A0180,C0254,FIXED_DEPOSIT,ZAR,420517.04,2018-02-27,ACTIVE,BR271,3.44,2018-11-29
A0181,C0830,SAVINGS,ZAR,187182.35,2017-09-22,ACTIVE,BR439,4.63,2018-05-23
A0182,C0906,SAVINGS,ZAR,364719.77,2022-12-07,FROZEN,BR390,4.44,2023-02-13
A0183,C0415,CHEQUE,ZAR,114083.53,2025-08-04,DORMANT,BR927,0.0,2026-05-17
A0184,C0803,FIXED_DEPOSIT,ZAR,424220.98,2023-10-18,ACTIVE,BR894,3.45,2024-09-14
A0185,C0253,FIXED_DEPOSIT,ZAR,794287.35,2025-07-12,ACTIVE,BR536,2.09,2026-08-31
A0186,C0356,CREDIT,ZAR,-43566.94,2016-04-19,ACTIVE,BR760,3.27,2017-09-18
A0187,C0277,FIXED_DEPOSIT,ZAR,190027.08,2024-06-09,DORMANT,BR158,5.83,2025-05-16
A0188,C0321,CREDIT,ZAR,-9232.65,2020-05-27,ACTIVE,BR729,2.11,2021-01-13
A0189,C0249,SAVINGS,ZAR,483493.73,2017-08-07,ACTIVE,BR177,6.27,2021-01-23
A0190,C0285,CREDIT,ZAR,-83994.69,2020-03-02,CLOSED,BR493,2.69,2023-03-05
A0191,C0209,SAVINGS,ZAR,450853.35,2022-05-08,ACTIVE,BR915,1.67,2023-02-03
A0192,C0458,CHEQUE,ZAR,10582.77,2020-06-08,ACTIVE,BR593,0.0,2024-08-11
A0193,C0411,CHEQUE,ZAR,21262.31,2024-02-07,ACTIVE,BR380,0.0,2025-06-05
A0194,C0684,FIXED_DEPOSIT,ZAR,1707563.61,2017-09-11,ACTIVE,BR508,3.52,2018-11-06
A0195,C0027,CHEQUE,ZAR,177523.03,2023-11-12,ACTIVE,BR559,0.0,2025-02-22
A0196,C0585,SAVINGS,ZAR,296586.44,2016-01-19,ACTIVE,BR645,11.33,2019-08-02
A0197,C0063,CHEQUE,ZAR,34165.63,2019-01-12,ACTIVE,BR164,0.0,2022-12-31
A0198,C0340,CHEQUE,ZAR,67698.28,2025-08-23,ACTIVE,BR377,0.0,2025-12-08
A0199,C0596,CHEQUE,ZAR,126168.69,2017-02-15,ACTIVE,BR782,0.0,2026-07-24
A0200,C0872,SAVINGS,ZAR,220864.14,2021-10-20,CLOSED,BR572,8.15,2023-04-07
A0201,C0998,MONEY_MARKET,ZAR,677906.53,2022-10-15,ACTIVE,BR357,10.82,2023-08-25
A0202,C0559,SAVINGS,ZAR,118209.87,2021-08-17,DORMANT,BR743,10.07,2023-06-06
A0203,C0113,CREDIT,ZAR,-40929.92,2024-11-14,ACTIVE,BR107,4.13,2026-05-23
A0204,C0043,MONEY_MARKET,ZAR,2185539.19,2021-07-10,ACTIVE,BR949,7.39,2022-09-10
A0205,C0175,CHEQUE,ZAR,115726.9,2024-06-29,FROZEN,BR540,0.0,2025-06-26
A0206,C0894,SAVINGS,ZAR,308793.86,2020-01-06,ACTIVE,BR448,6.11,2026-02-06
A0207,C0282,FIXED_DEPOSIT,ZAR,124086.81,2020-11-09,ACTIVE,BR751,6.54,2024-11-19
A0208,C0197,CREDIT,ZAR,-17045.77,2021-12-12,ACTIVE,BR893,4.35,2024-05-25
A0209,C0415,MONEY_MARKET,ZAR,3953253.75,2017-07-06,ACTIVE,BR620,3.69,2022-12-02
A0210,C0599,CHEQUE,ZAR,154678.32,2023-05-21,ACTIVE,BR321,0.0,2025-03-04
A0211,C0805,FIXED_DEPOSIT,ZAR,1175348.45,2016-11-24,ACTIVE,BR262,2.57,2026-08-25
A0212,C0774,FIXED_DEPOSIT,ZAR,221516.2,2016-02-05,ACTIVE,BR846,10.05,2026-07-26
A0213,C0776,MONEY_MARKET,ZAR,4420468.77,2017-11-19,ACTIVE,BR276,7.13,2019-12-31
A0214,C0258,CREDIT,ZAR,-11918.81,2024-07-11,ACTIVE,BR192,10.71,2024-12-31
A0215,C0945,CHEQUE,ZAR,51073.03,2018-10-03,ACTIVE,BR687,0.0,2020-09-18
A0216,C0807,CREDIT,ZAR,-98655.53,2016-02-16,ACTIVE,BR527,5.23,2025-06-13
A0217,C0138,MONEY_MARKET,ZAR,2079051.24,2016-06-11,ACTIVE,BR950,11.2,2025-09-23
A0218,C0370,SAVINGS,ZAR,215211.26,2022-07-06,ACTIVE,BR588,10.53,2026-02-20
A0219,C0735,SAVINGS,ZAR,115876.5,2016-03-17,ACTIVE,BR855,9.62,2022-08-27
A0220,C0380,CHEQUE,ZAR,151418.18,2018-10-03,ACTIVE,BR281,0.0,2020-04-05
A0221,C0857,CHEQUE,ZAR,90054.47,2019-05-05,ACTIVE,BR706,0.0,2021-10-31
A0222,C0006,MONEY_MARKET,ZAR,3489397.77,2025-07-22,ACTIVE,BR121,11.68,2025-10-03
A0223,C0675,MONEY_MARKET,ZAR,234495.74,2021-06-13,ACTIVE,BR509,1.83,2025-04-16
A0224,C0861,MONEY_MARKET,ZAR,321719.86,2025-04-26,FROZEN,BR991,2.06,2025-09-17
A0225,C0539,CHEQUE,ZAR,141211.79,2023-12-12,ACTIVE,BR115,0.0,2025-07-20
A0226,C0475,FIXED_DEPOSIT,ZAR,355193.66,2018-07-23,ACTIVE,BR192,5.84,2023-05-01
A0227,C0229,CHEQUE,ZAR,133025.82,2025-08-12,ACTIVE,BR988,0.0,2025-11-21
A0228,C0013,MONEY_MARKET,ZAR,3232424.91,2017-04-14,ACTIVE,BR365,3.9,2018-04-30
A0229,C0141,MONEY_MARKET,ZAR,4696521.63,2019-05-12,ACTIVE,BR498,4.69,2022-08-02
A0230,C0767,SAVINGS,ZAR,98394.04,2026-04-07,ACTIVE,BR581,8.4,2026-07-15
A0231,C0489,CREDIT,ZAR,-4897.81,2020-01-22,DORMANT,BR870,0.88,2022-05-24
A0232,C0300,FIXED_DEPOSIT,ZAR,368320.89,2022-10-11,FROZEN,BR938,3.83,2025-03-06
A0233,C0336,SAVINGS,ZAR,429188.17,2021-04-22,ACTIVE,BR663,5.8,2021-10-16
A0234,C0631,MONEY_MARKET,ZAR,2844928.07,2022-12-13,ACTIVE,BR814,2.69,2023-11-23
A0235,C0225,FIXED_DEPOSIT,ZAR,896139.69,2022-04-14,ACTIVE,BR373,1.43,2025-01-24
A0236,C0276,CHEQUE,ZAR,65796.84,2018-06-16,ACTIVE,BR915,0.0,2020-08-28
A0237,C0399,CREDIT,ZAR,-42740.05,2025-03-28,ACTIVE,BR879,12.47,2025-09-13
A0238,C0301,FIXED_DEPOSIT,ZAR,1547694.63,2025-10-20,ACTIVE,BR330,5.04,2025-12-29
A0239,C0582,MONEY_MARKET,ZAR,255239.07,2022-04-10,ACTIVE,BR277,2.87,2024-09-14
A0240,C0669,FIXED_DEPOSIT,ZAR,34055.0,2016-09-15,CLOSED,BR709,4.57,2022-04-28
A0241,C0907,FIXED_DEPOSIT,ZAR,632775.07,2023-01-07,ACTIVE,BR374,2.59,2025-03-17
A0242,C0329,FIXED_DEPOSIT,ZAR,1562657.44,2018-08-18,ACTIVE,BR955,10.08,2025-02-24
A0243,C0547,CHEQUE,ZAR,10918.78,2021-05-07,ACTIVE,BR151,0.0,2023-01-21
A0244,C0664,MONEY_MARKET,ZAR,3193700.5,2025-06-28,ACTIVE,BR400,3.17,2026-03-13
A0245,C0283,CREDIT,ZAR,-78772.13,2018-12-08,ACTIVE,BR845,5.0,2025-01-05
A0246,C0668,MONEY_MARKET,ZAR,4816943.37,2025-06-15,ACTIVE,BR525,3.58,2026-01-13
A0247,C0696,MONEY_MARKET,ZAR,4390353.6,2017-06-22,ACTIVE,BR513,7.14,2026-07-19
A0248,C0675,SAVINGS,ZAR,148537.62,2020-02-15,ACTIVE,BR631,4.97,2025-12-04
A0249,C0035,CREDIT,ZAR,-6161.75,2022-05-28,ACTIVE,BR586,11.59,2023-05-04
A0250,C0113,CREDIT,ZAR,-98890.7,2025-06-15,ACTIVE,BR442,0.99,2026-02-02
A0251,C0021,CREDIT,ZAR,-70994.41,2020-04-26,ACTIVE,BR521,9.53,2025-02-13
A0252,C0922,SAVINGS,ZAR,18348.84,2019-10-14,ACTIVE,BR554,3.7,2024-07-19
A0253,C0252,CREDIT,ZAR,-78872.6,2021-09-16,ACTIVE,BR760,5.78,2022-11-22
A0254,C0415,SAVINGS,ZAR,235554.5,2025-03-02,ACTIVE,BR223,7.08,2025-07-18
A0255,C0188,CHEQUE,ZAR,81229.09,2024-03-29,DORMANT,BR586,0.0,2025-11-07
A0256,C0084,FIXED_DEPOSIT,ZAR,1232473.65,2024-09-13,ACTIVE,BR562,6.6,2026-02-14
A0257,C0224,MONEY_MARKET,ZAR,2536787.73,2019-09-09,ACTIVE,BR712,10.2,2020-03-18
A0258,C0770,MONEY_MARKET,ZAR,1065968.69,2021-04-12,ACTIVE,BR411,8.66,2022-03-24
A0259,C0633,CREDIT,ZAR,-13154.2,2023-10-11,ACTIVE,BR593,12.35,2023-11-29
A0260,C0653,FIXED_DEPOSIT,ZAR,652079.16,2024-12-15,ACTIVE,BR786,8.14,2026-07-22
A0261,C0849,CHEQUE,ZAR,19179.39,2017-07-23,ACTIVE,BR368,0.0,2024-10-27
A0262,C0784,CREDIT,ZAR,-29984.12,2020-09-26,ACTIVE,BR985,5.32,2025-09-13
A0263,C0401,SAVINGS,ZAR,103045.78,2020-07-25,DORMANT,BR880,1.34,2022-05-23
A0264,C0986,CREDIT,ZAR,-32383.4,2026-06-10,DORMANT,BR585,2.8,2026-08-23
A0265,C0786,CREDIT,ZAR,-16302.21,2017-12-27,DORMANT,BR182,8.57,2024-05-04
A0266,C0164,CREDIT,ZAR,-50946.19,2026-06-08,ACTIVE,BR528,8.93,2026-09-14
A0267,C0824,CHEQUE,ZAR,42842.99,2024-08-30,ACTIVE,BR855,0.0,2024-09-05
A0268,C0843,CREDIT,ZAR,-16954.15,2020-09-28,ACTIVE,BR275,5.36,2024-01-06
A0269,C0212,CHEQUE,ZAR,142182.48,2016-05-03,ACTIVE,BR803,0.0,2023-10-17
A0270,C0090,CHEQUE,ZAR,133287.22,2025-11-30,ACTIVE,BR434,0.0,2026-05-03
A0271,C0020,CREDIT,ZAR,-88704.53,2023-10-06,ACTIVE,BR679,7.83,2026-02-09
A0272,C0390,MONEY_MARKET,ZAR,3014131.28,2016-04-19,ACTIVE,BR448,10.33,2021-03-22
A0273,C0377,CHEQUE,ZAR,47985.03,2016-01-09,ACTIVE,BR266,0.0,2019-01-25
A0274,C0935,CHEQUE,ZAR,100089.09,2022-04-18,ACTIVE,BR774,0.0,2026-09-14
A0275,C0056,CHEQUE,ZAR,137961.82,2025-02-06,ACTIVE,BR810,0.0,2025-04-24
A0276,C0552,MONEY_MARKET,ZAR,602647.92,2024-02-16,ACTIVE,BR980,11.63,2025-03-17
A0277,C0657,MONEY_MARKET,ZAR,1391842.57,2026-09-11,ACTIVE,BR216,4.62,2026-09-15
A0278,C0774,CREDIT,ZAR,-24137.65,2025-09-07,CLOSED,BR205,5.06,2026-01-14
A0279,C0741,CREDIT,ZAR,-34183.02,2026-04-30,CLOSED,BR769,6.63,2026-07-23
A0280,C0963,SAVINGS,ZAR,224439.27,2018-03-29,ACTIVE,BR587,1.15,2024-12-15
A0281,C0646,CHEQUE,ZAR,56160.48,2020-08-15,ACTIVE,BR149,0.0,2022-11-26
A0282,C0645,SAVINGS,ZAR,269756.67,2021-10-02,ACTIVE,BR986,12.03,2022-02-13
A0283,C0412,MONEY_MARKET,ZAR,793602.07,2017-10-14,ACTIVE,BR524,7.1,2025-02-01
A0284,C0307,FIXED_DEPOSIT,ZAR,1686470.14,2025-05-04,ACTIVE,BR130,8.43,2025-05-13
A0285,C0529,MONEY_MARKET,ZAR,2562829.66,2017-08-26,ACTIVE,BR447,11.92,2019-09-18
A0286,C0283,MONEY_MARKET,ZAR,489645.7,2023-01-29,ACTIVE,BR102,5.58,2026-05-26
A0287,C0615,SAVINGS,ZAR,442290.7,2024-01-24,ACTIVE,BR212,2.56,2025-05-21
A0288,C0136,MONEY_MARKET,ZAR,127002.15,2020-05-24,ACTIVE,BR236,10.59,2023-02-01
A0289,C0468,CREDIT,ZAR,-94318.14,2017-05-06,ACTIVE,BR279,12.43,2022-01-25
A0290,C0923,CHEQUE,ZAR,175884.45,2023-07-17,ACTIVE,BR323,0.0,2025-05-14
A0291,C0646,CREDIT,ZAR,-34903.93,2020-04-11,ACTIVE,BR442,12.48,2025-09-16
A0292,C0183,SAVINGS,ZAR,5574.92,2016-11-28,ACTIVE,BR929,8.44,2024-04-14
A0293,C0167,CHEQUE,ZAR,129814.04,2019-05-06,ACTIVE,BR517,0.0,2026-01-12
A0294,C0093,SAVINGS,ZAR,469400.1,2022-07-26,ACTIVE,BR328,6.0,2023-12-17
A0295,C0565,SAVINGS,ZAR,454745.39,2018-01-18,ACTIVE,BR514,10.38,2025-12-11
A0296,C0625,SAVINGS,ZAR,188423.59,2018-10-20,ACTIVE,BR100,2.08,2022-02-03
A0297,C0326,CHEQUE,ZAR,22256.31,2020-03-17,ACTIVE,BR806,0.0,2023-08-31
A0298,C0364,SAVINGS,ZAR,111230.72,2019-12-12,ACTIVE,BR361,6.51,2020-10-31
A0299,C0451,CREDIT,ZAR,-21022.72,2025-02-20,ACTIVE,BR385,8.66,2025-10-26
A0300,C0719,MONEY_MARKET,ZAR,1396287.47,2025-04-10,DORMANT,BR622,7.06,2025-08-09
A0301,C0735,FIXED_DEPOSIT,ZAR,1144211.55,2025-10-21,FROZEN,BR354,6.71,2026-03-11
A0302,C0156,MONEY_MARKET,ZAR,4995360.53,2020-08-10,CLOSED,BR336,5.63,2024-11-18
A0303,C0475,MONEY_MARKET,ZAR,3041379.11,2025-01-17,ACTIVE,BR641,5.39,2026-09-08
A0304,C0382,SAVINGS,ZAR,290780.26,2017-06-13,ACTIVE,BR596,12.11,2024-12-03
A0305,C0767,CHEQUE,ZAR,5352.03,2017-07-06,ACTIVE,BR719,0.0,2023-05-24
A0306,C0170,MONEY_MARKET,ZAR,4808167.75,2018-01-25,ACTIVE,BR231,0.63,2022-09-28
A0307,C0990,MONEY_MARKET,ZAR,2295839.26,2016-10-24,CLOSED,BR697,5.4,2018-12-07
A0308,C0625,FIXED_DEPOSIT,ZAR,1970680.79,2020-03-24,CLOSED,BR715,8.39,2021-12-16
A0309,C0755,CREDIT,ZAR,-39679.75,2026-04-05,CLOSED,BR661,3.48,2026-06-26
A0310,C0489,CREDIT,ZAR,-13483.87,2024-03-28,ACTIVE,BR627,6.07,2025-08-17
A0311,C0192,MONEY_MARKET,ZAR,1892236.27,2022-11-07,ACTIVE,BR112,4.11,2024-03-26
A0312,C0177,FIXED_DEPOSIT,ZAR,107222.91,2021-11-21,CLOSED,BR926,3.52,2025-04-19
A0313,C0336,CHEQUE,ZAR,36029.12,2017-01-26,ACTIVE,BR294,0.0,2025-08-23
A0314,C0159,CREDIT,ZAR,-895.79,2016-12-12,ACTIVE,BR130,0.55,2017-09-10
A0315,C0051,FIXED_DEPOSIT,ZAR,1308219.17,2019-05-03,ACTIVE,BR577,11.66,2020-12-24
A0316,C0765,CREDIT,ZAR,-5610.49,2024-02-15,CLOSED,BR412,9.39,2025-12-23
A0317,C0035,CHEQUE,ZAR,173496.62,2025-07-25,ACTIVE,BR677,0.0,2025-08-30
A0318,C0122,CHEQUE,ZAR,-1580.05,2019-05-15,ACTIVE,BR688,0.0,2024-12-04
A0319,C0923,FIXED_DEPOSIT,ZAR,1274779.89,2017-09-15,ACTIVE,BR235,0.9,2024-07-30
A0320,C0660,CREDIT,ZAR,-67277.5,2020-11-15,ACTIVE,BR404,2.42,2022-05-23
A0321,C0012,FIXED_DEPOSIT,ZAR,665717.98,2026-03-10,CLOSED,BR764,2.32,2026-07-20
A0322,C0345,CHEQUE,ZAR,165488.42,2018-08-14,ACTIVE,BR596,0.0,2023-05-27
A0323,C0966,MONEY_MARKET,ZAR,4011978.07,2022-10-28,ACTIVE,BR367,7.2,2026-04-20
A0324,C0938,MONEY_MARKET,ZAR,4691578.38,2017-05-27,CLOSED,BR947,9.82,2026-07-23
A0325,C0878,SAVINGS,ZAR,185073.78,2023-04-12,ACTIVE,BR104,1.52,2025-04-27
A0326,C0958,CHEQUE,ZAR,-4430.48,2023-01-16,ACTIVE,BR518,0.0,2023-08-09
A0327,C0586,CREDIT,ZAR,-66679.45,2020-10-29,ACTIVE,BR875,9.67,2024-01-31
A0328,C0254,SAVINGS,ZAR,397721.8,2019-06-22,ACTIVE,BR363,1.95,2021-04-21
A0329,C0988,FIXED_DEPOSIT,ZAR,154359.78,2018-07-12,ACTIVE,BR776,7.92,2023-01-24
A0330,C0054,SAVINGS,ZAR,248150.7,2016-02-22,ACTIVE,BR757,2.53,2021-09-15
A0331,C0232,FIXED_DEPOSIT,ZAR,843896.99,2016-09-11,ACTIVE,BR880,8.46,2017-03-14
A0332,C0342,CHEQUE,ZAR,165831.83,2023-10-17,ACTIVE,BR697,0.0,2024-03-10
A0333,C0529,CREDIT,ZAR,-51572.08,2018-03-23,ACTIVE,BR141,2.78,2026-06-06
A0334,C0301,CHEQUE,ZAR,169615.75,2025-02-01,ACTIVE,BR966,0.0,2026-05-06
A0335,C0624,FIXED_DEPOSIT,ZAR,10170.0,2022-03-02,ACTIVE,BR541,0.81,2026-05-15
A0336,C0887,CREDIT,ZAR,-87132.92,2020-08-30,ACTIVE,BR167,11.58,2020-09-20
A0337,C0330,MONEY_MARKET,ZAR,427270.88,2020-08-20,ACTIVE,BR173,9.94,2021-01-06
A0338,C0800,CREDIT,ZAR,-2501.18,2025-07-27,ACTIVE,BR811,3.37,2026-06-28
A0339,C0552,CHEQUE,ZAR,116583.35,2025-09-08,ACTIVE,BR460,0.0,2026-03-23
A0340,C0038,CHEQUE,ZAR,119028.8,2018-11-13,ACTIVE,BR913,0.0,2022-11-02
A0341,C0353,CREDIT,ZAR,-65368.33,2016-01-06,ACTIVE,BR846,9.34,2017-01-30
A0342,C0856,FIXED_DEPOSIT,ZAR,909264.54,2026-01-14,ACTIVE,BR919,7.93,2026-07-04
A0343,C0617,FIXED_DEPOSIT,ZAR,1336146.86,2018-10-16,CLOSED,BR148,8.26,2024-02-03
A0344,C0292,SAVINGS,ZAR,5752.83,2016-07-26,ACTIVE,BR948,10.11,2024-08-09
A0345,C0915,FIXED_DEPOSIT,ZAR,630398.89,2019-07-30,ACTIVE,BR118,12.43,2022-05-13
A0346,C0808,CREDIT,ZAR,-28815.67,2026-05-09,ACTIVE,BR183,10.15,2026-05-15
A0347,C0392,CHEQUE,ZAR,75699.53,2022-08-07,ACTIVE,BR856,0.0,2026-09-12
A0348,C0527,SAVINGS,ZAR,185936.19,2018-09-04,DORMANT,BR667,5.29,2021-10-19
A0349,C0456,SAVINGS,ZAR,267135.68,2023-05-27,ACTIVE,BR501,4.36,2025-04-18
A0350,C0392,SAVINGS,ZAR,141314.03,2026-02-08,ACTIVE,BR714,2.98,2026-04-01
A0351,C0739,CHEQUE,ZAR,80592.35,2019-11-04,ACTIVE,BR294,0.0,2026-08-16
A0352,C0270,MONEY_MARKET,ZAR,4257520.81,2019-05-13,ACTIVE,BR619,11.3,2024-03-16
A0353,C0518,MONEY_MARKET,ZAR,3613179.55,2016-06-23,ACTIVE,BR594,12.41,2016-12-14
A0354,C0043,CREDIT,ZAR,-2095.21,2017-11-19,ACTIVE,BR713,8.89,2018-12-03
A0355,C0741,CREDIT,ZAR,-17767.53,2025-05-29,ACTIVE,BR388,10.89,2025-07-08
A0356,C0698,SAVINGS,ZAR,428093.81,2018-03-28,ACTIVE,BR499,5.04,2019-04-26
A0357,C0283,FIXED_DEPOSIT,ZAR,1111554.21,2022-01-09,ACTIVE,BR451,2.46,2024-04-05
A0358,C0674,CHEQUE,ZAR,19457.5,2018-02-02,ACTIVE,BR512,0.0,2018-06-14
A0359,C0818,FIXED_DEPOSIT,ZAR,1370650.91,2021-02-05,FROZEN,BR250,0.72,2023-08-19
A0360,C0482,CREDIT,ZAR,-32187.94,2026-02-23,ACTIVE,BR379,4.86,2026-05-05
A0361,C0744,FIXED_DEPOSIT,ZAR,1399465.6,2021-05-21,ACTIVE,BR984,6.88,2026-05-21
A0362,C0656,CHEQUE,ZAR,178557.0,2026-04-20,ACTIVE,BR868,0.0,2026-05-06
A0363,C0764,FIXED_DEPOSIT,ZAR,156123.2,2020-05-18,ACTIVE,BR447,9.25,2023-06-07
A0364,C0812,MONEY_MARKET,ZAR,2455292.03,2025-10-29,ACTIVE,BR517,2.09,2026-05-25
A0365,C0335,CHEQUE,ZAR,139140.22,2018-10-13,ACTIVE,BR102,0.0,2022-11-09
A0366,C0142,CHEQUE,ZAR,148553.26,2016-02-25,ACTIVE,BR647,0.0,2019-07-12
A0367,C0383,SAVINGS,ZAR,243132.29,2017-06-15,ACTIVE,BR559,0.57,2021-10-22
A0368,C0050,CREDIT,ZAR,-66935.59,2020-07-01,DORMANT,BR502,3.34,2024-12-09
A0369,C0445,MONEY_MARKET,ZAR,4154713.45,2018-09-04,ACTIVE,BR232,9.27,2025-11-11
A0370,C0649,SAVINGS,ZAR,214524.51,2023-04-04,DORMANT,BR738,7.04,2023-12-07
A0371,C0222,SAVINGS,ZAR,293362.17,2025-08-21,ACTIVE,BR268,1.2,2026-09-04
A0372,C0030,CHEQUE,ZAR,24348.29,2023-03-02,ACTIVE,BR722,0.0,2024-08-20
A0373,C0706,FIXED_DEPOSIT,ZAR,408061.67,2017-10-09,CLOSED,BR875,4.95,2023-01-05
A0374,C0237,CREDIT,ZAR,-14253.19,2020-02-10,ACTIVE,BR944,2.74,2024-07-05
A0375,C0639,SAVINGS,ZAR,358332.25,2016-07-21,ACTIVE,BR236,10.86,2021-10-01
A0376,C0835,FIXED_DEPOSIT,ZAR,1895569.5,2026-04-14,CLOSED,BR777,4.36,2026-06-22
A0377,C0141,CREDIT,ZAR,-95615.53,2026-09-03,ACTIVE,BR670,12.05,2026-09-07
A0378,C0338,FIXED_DEPOSIT,ZAR,458006.82,2026-05-19,ACTIVE,BR670,0.7,2026-07-29
A0379,C0562,SAVINGS,ZAR,297661.96,2024-01-21,ACTIVE,BR458,6.85,2024-11-06
A0380,C0339,FIXED_DEPOSIT,ZAR,802292.46,2024-07-18,ACTIVE,BR987,2.51,2026-06-20
A0381,C0127,FIXED_DEPOSIT,ZAR,991713.67,2017-09-03,ACTIVE,BR422,8.89,2021-12-07
A0382,C0993,SAVINGS,ZAR,405827.66,2018-08-19,ACTIVE,BR530,10.58,2022-02-07
A0383,C0032,CREDIT,ZAR,-55235.51,2020-09-28,ACTIVE,BR984,8.18,2025-06-20
A0384,C0135,MONEY_MARKET,ZAR,1023864.64,2016-03-06,ACTIVE,BR164,4.89,2020-04-09
A0385,C0384,SAVINGS,ZAR,477450.93,2016-10-17,ACTIVE,BR169,5.79,2024-05-30
A0386,C0509,SAVINGS,ZAR,404500.76,2020-09-29,ACTIVE,BR155,4.66,2025-09-05
A0387,C0383,CREDIT,ZAR,-87105.15,2016-09-10,ACTIVE,BR176,3.01,2023-04-26
A0388,C0453,FIXED_DEPOSIT,ZAR,1138663.58,2019-06-13,ACTIVE,BR484,12.12,2023-07-18
A0389,C0697,CHEQUE,ZAR,161388.35,2017-02-01,ACTIVE,BR578,0.0,2023-08-19
A0390,C0741,SAVINGS,ZAR,230171.48,2019-07-31,ACTIVE,BR852,1.46,2025-06-18
A0391,C0408,CREDIT,ZAR,-56527.28,2021-12-17,ACTIVE,BR407,10.67,2024-03-24
A0392,C0440,CREDIT,ZAR,-66990.23,2018-05-29,DORMANT,BR667,3.32,2022-01-08
A0393,C0271,CREDIT,ZAR,-37279.87,2021-07-20,ACTIVE,BR505,7.06,2021-08-03
A0394,C0480,FIXED_DEPOSIT,ZAR,107860.3,2023-09-13,ACTIVE,BR348,12.43,2026-05-19
A0395,C0749,MONEY_MARKET,ZAR,489075.81,2024-12-26,ACTIVE,BR976,0.57,2025-04-07
A0396,C0168,CREDIT,ZAR,-97446.66,2018-01-30,ACTIVE,BR600,3.4,2020-03-16
A0397,C0724,CHEQUE,ZAR,118759.4,2023-09-28,ACTIVE,BR905,0.0,2024-06-26
A0398,C0882,CHEQUE,ZAR,77998.86,2022-05-05,ACTIVE,BR290,0.0,2025-06-26
A0399,C0246,CHEQUE,ZAR,151432.75,2019-08-12,DORMANT,BR923,0.0,2024-10-08
A0400,C0881,MONEY_MARKET,ZAR,2989009.64,2022-12-03,ACTIVE,BR269,5.77,2024-03-31
A0401,C0727,CREDIT,ZAR,-84054.63,2026-06-18,ACTIVE,BR988,4.56,2026-07-06
A0402,C0245,SAVINGS,ZAR,343036.66,2017-07-13,ACTIVE,BR196,3.52,2017-07-13
A0403,C0632,SAVINGS,ZAR,94530.55,2020-09-29,ACTIVE,BR279,6.7,2024-01-13
A0404,C0985,CHEQUE,ZAR,55869.1,2018-05-20,ACTIVE,BR719,0.0,2025-01-03
A0405,C0911,CREDIT,ZAR,-39189.21,2017-09-03,ACTIVE,BR594,4.48,2021-04-10
A0406,C0863,SAVINGS,ZAR,134437.63,2019-09-06,ACTIVE,BR498,1.19,2024-08-22
A0407,C0583,FIXED_DEPOSIT,ZAR,1382555.11,2020-11-22,ACTIVE,BR306,7.11,2023-05-16
A0408,C0004,SAVINGS,ZAR,358338.84,2016-04-30,ACTIVE,BR391,12.32,2018-09-21
A0409,C0793,CHEQUE,ZAR,150465.45,2018-01-24,FROZEN,BR842,0.0,2019-10-02
A0410,C0461,CHEQUE,ZAR,90825.08,2021-07-11,ACTIVE,BR177,0.0,2023-11-06
A0411,C0984,CREDIT,ZAR,-96623.01,2023-11-06,ACTIVE,BR405,9.26,2024-01-02
A0412,C0213,MONEY_MARKET,ZAR,2814632.88,2016-01-15,ACTIVE,BR487,10.07,2019-10-18
A0413,C0174,CREDIT,ZAR,-37609.51,2019-07-06,ACTIVE,BR238,8.06,2020-06-17
A0414,C0485,SAVINGS,ZAR,395563.59,2023-03-07,ACTIVE,BR154,2.09,2025-12-16
A0415,C0692,FIXED_DEPOSIT,ZAR,1299527.49,2016-03-16,ACTIVE,BR900,9.6,2021-11-18
A0416,C0465,CHEQUE,ZAR,81150.84,2020-10-19,ACTIVE,BR102,0.0,2025-08-14
A0417,C0863,CHEQUE,ZAR,3202.01,2016-02-26,ACTIVE,BR295,0.0,2025-03-06
A0418,C0366,CREDIT,ZAR,-36570.73,2023-06-06,ACTIVE,BR513,11.1,2024-11-24
A0419,C0073,MONEY_MARKET,ZAR,1449486.29,2024-03-04,ACTIVE,BR422,7.64,2025-12-25
A0420,C0107,CREDIT,ZAR,-47728.14,2018-05-05,ACTIVE,BR701,8.89,2024-09-27
A0421,C0589,MONEY_MARKET,ZAR,4201282.13,2024-05-24,ACTIVE,BR962,12.47,2026-08-10
A0422,C0614,SAVINGS,ZAR,456956.02,2018-11-21,ACTIVE,BR135,7.57,2025-11-04
A0423,C0322,FIXED_DEPOSIT,ZAR,38270.03,2025-02-15,ACTIVE,BR819,10.11,2025-09-15
A0424,C0427,CHEQUE,ZAR,153890.9,2025-03-27,ACTIVE,BR321,0.0,2025-08-04
A0425,C0228,CHEQUE,ZAR,194948.73,2024-05-10,ACTIVE,BR490,0.0,2024-08-21
A0426,C0161,CHEQUE,ZAR,142313.21,2017-02-17,ACTIVE,BR646,0.0,2026-03-01
A0427,C0888,SAVINGS,ZAR,455123.73,2023-05-29,ACTIVE,BR395,7.25,2025-04-23
A0428,C0017,CHEQUE,ZAR,-4162.83,2018-10-27,ACTIVE,BR801,0.0,2023-11-14
A0429,C0716,MONEY_MARKET,ZAR,4939165.71,2024-04-24,DORMANT,BR240,11.42,2026-08-08
A0430,C0721,CREDIT,ZAR,-8457.98,2021-12-15,CLOSED,BR407,2.57,2025-07-11
A0431,C0408,CHEQUE,ZAR,141602.15,2019-10-28,ACTIVE,BR812,0.0,2025-05-02
A0432,C0526,SAVINGS,ZAR,387198.19,2025-07-02,ACTIVE,BR231,2.96,2026-03-28
A0433,C0495,CREDIT,ZAR,-94219.14,2023-04-12,ACTIVE,BR968,3.98,2025-06-14
A0434,C0394,CREDIT,ZAR,-30247.15,2016-07-21,FROZEN,BR304,8.87,2019-06-02
A0435,C0379,CREDIT,ZAR,-59918.59,2023-03-16,ACTIVE,BR688,7.69,2024-09-21
A0436,C0772,MONEY_MARKET,ZAR,3413268.32,2016-04-10,ACTIVE,BR803,5.83,2019-04-18
A0437,C0816,CREDIT,ZAR,-61317.94,2024-09-09,DORMANT,BR654,3.4,2024-09-12
A0438,C0941,CREDIT,ZAR,-55522.6,2025-08-15,ACTIVE,BR923,1.93,2026-05-20
A0439,C0902,SAVINGS,ZAR,70440.37,2022-06-08,ACTIVE,BR510,2.09,2022-12-27
A0440,C0365,MONEY_MARKET,ZAR,4509298.41,2019-08-14,ACTIVE,BR800,6.58,2022-09-24
A0441,C0682,FIXED_DEPOSIT,ZAR,1854310.21,2021-08-06,CLOSED,BR430,4.43,2025-11-06
A0442,C0506,FIXED_DEPOSIT,ZAR,710609.48,2025-12-18,FROZEN,BR276,3.56,2026-07-26
A0443,C0008,FIXED_DEPOSIT,ZAR,114083.2,2016-01-24,ACTIVE,BR445,6.75,2025-02-19
A0444,C0544,MONEY_MARKET,ZAR,4286388.7,2025-01-24,ACTIVE,BR158,4.79,2026-03-24
A0445,C0262,MONEY_MARKET,ZAR,1659225.74,2019-12-16,ACTIVE,BR362,10.84,2022-11-15
A0446,C0525,SAVINGS,ZAR,294405.34,2024-08-19,ACTIVE,BR403,0.56,2025-03-13
A0447,C0417,CHEQUE,ZAR,181990.62,2021-12-07,FROZEN,BR117,0.0,2024-10-21
A0448,C0326,CHEQUE,ZAR,163219.36,2025-05-19,DORMANT,BR847,0.0,2025-06-20
A0449,C0982,MONEY_MARKET,ZAR,1263494.51,2016-03-22,ACTIVE,BR737,4.08,2019-03-23
A0450,C0218,CHEQUE,ZAR,100102.38,2026-04-11,ACTIVE,BR277,0.0,2026-04-22
A0451,C0050,FIXED_DEPOSIT,ZAR,1085709.12,2024-03-14,ACTIVE,BR328,0.86,2025-11-27
A0452,C0071,FIXED_DEPOSIT,ZAR,433056.42,2024-05-16,ACTIVE,BR112,7.51,2025-08-02
A0453,C0622,SAVINGS,ZAR,237867.63,2025-03-27,ACTIVE,BR964,11.53,2026-08-07
A0454,C0280,CHEQUE,ZAR,64010.25,2025-06-05,ACTIVE,BR375,0.0,2025-07-31
A0455,C0399,CHEQUE,ZAR,119925.54,2020-01-25,ACTIVE,BR405,0.0,2023-08-18
A0456,C0210,SAVINGS,ZAR,177033.35,2021-03-15,ACTIVE,BR869,8.8,2022-11-17
A0457,C0587,CREDIT,ZAR,-67813.19,2016-02-28,ACTIVE,BR328,7.38,2023-10-01
A0458,C0345,SAVINGS,ZAR,292280.54,2025-12-17,ACTIVE,BR661,1.04,2026-07-26
A0459,C0735,SAVINGS,ZAR,308533.93,2017-11-21,ACTIVE,BR766,10.96,2018-05-21
A0460,C0363,CHEQUE,ZAR,181826.25,2017-01-03,ACTIVE,BR881,0.0,2018-07-30
A0461,C0288,FIXED_DEPOSIT,ZAR,1224943.11,2021-11-02,DORMANT,BR579,2.79,2023-08-03
A0462,C0233,CHEQUE,ZAR,14755.65,2016-06-16,ACTIVE,BR780,0.0,2021-08-12
A0463,C0546,MONEY_MARKET,ZAR,2212092.54,2019-03-16,ACTIVE,BR474,11.97,2020-06-23
A0464,C0526,FIXED_DEPOSIT,ZAR,1799714.56,2016-09-30,ACTIVE,BR803,6.77,2018-07-13
A0465,C0513,CHEQUE,ZAR,102006.36,2016-01-16,ACTIVE,BR959,0.0,2022-11-03
A0466,C0657,FIXED_DEPOSIT,ZAR,1044799.44,2024-10-27,ACTIVE,BR626,10.17,2025-08-06
A0467,C0431,SAVINGS,ZAR,79670.84,2022-05-25,ACTIVE,BR325,2.52,2024-10-20
A0468,C0659,SAVINGS,ZAR,180361.2,2024-04-06,ACTIVE,BR833,7.97,2025-01-17
A0469,C0431,CHEQUE,ZAR,166921.95,2021-02-24,ACTIVE,BR628,0.0,2022-04-29
A0470,C0455,SAVINGS,ZAR,96315.65,2025-07-10,ACTIVE,BR512,2.68,2026-05-08
A0471,C0990,CHEQUE,ZAR,126659.52,2023-05-15,ACTIVE,BR480,0.0,2023-11-19
A0472,C0915,CREDIT,ZAR,-20177.1,2026-05-09,ACTIVE,BR653,6.51,2026-07-23
A0473,C0391,CHEQUE,ZAR,163782.38,2025-12-09,DORMANT,BR676,0.0,2026-05-17
A0474,C0562,MONEY_MARKET,ZAR,2988913.02,2022-12-26,ACTIVE,BR530,11.63,2024-04-21
A0475,C0743,CHEQUE,ZAR,24604.4,2021-02-27,ACTIVE,BR221,0.0,2023-09-07
A0476,C0969,CREDIT,ZAR,-42072.85,2021-08-20,FROZEN,BR275,3.24,2025-06-11
A0477,C0037,CREDIT,ZAR,-29157.06,2016-08-19,ACTIVE,BR538,4.3,2019-09-10
A0478,C0654,CREDIT,ZAR,-55197.9,2023-01-15,ACTIVE,BR665,3.87,2025-08-26
A0479,C0331,MONEY_MARKET,ZAR,3531171.37,2022-07-07,ACTIVE,BR910,5.84,2025-04-18
A0480,C0208,FIXED_DEPOSIT,ZAR,1190763.35,2019-07-09,ACTIVE,BR938,11.04,2025-08-16
A0481,C0702,CREDIT,ZAR,-96020.85,2023-01-01,ACTIVE,BR315,6.05,2023-05-16
A0482,C0067,FIXED_DEPOSIT,ZAR,647607.14,2022-07-16,ACTIVE,BR671,7.47,2024-08-10
A0483,C0781,CREDIT,ZAR,-28779.25,2022-10-28,ACTIVE,BR514,10.42,2024-01-01
A0484,C0564,CREDIT,ZAR,-48827.36,2018-12-15,ACTIVE,BR637,0.77,2020-09-12
A0485,C0491,SAVINGS,ZAR,199356.98,2023-09-07,ACTIVE,BR707,5.29,2024-04-16
A0486,C0959,CHEQUE,ZAR,124477.31,2017-04-14,ACTIVE,BR128,0.0,2024-05-15
A0487,C0091,FIXED_DEPOSIT,ZAR,1098892.25,2024-04-11,DORMANT,BR202,2.36,2025-11-12
A0488,C0660,CREDIT,ZAR,-61303.34,2021-11-12,ACTIVE,BR880,1.68,2026-03-01
A0489,C0828,CHEQUE,ZAR,443.34,2025-02-22,DORMANT,BR107,0.0,2026-04-09
A0490,C0779,MONEY_MARKET,ZAR,4256558.16,2024-01-08,ACTIVE,BR994,1.92,2025-04-17
A0491,C0225,CREDIT,ZAR,-51895.24,2017-06-24,ACTIVE,BR668,2.23,2023-09-07
A0492,C0237,CREDIT,ZAR,-77609.63,2026-01-07,CLOSED,BR623,8.45,2026-08-12
A0493,C0312,MONEY_MARKET,ZAR,3056986.11,2023-06-01,ACTIVE,BR147,3.41,2025-03-09
A0494,C0503,SAVINGS,ZAR,164019.03,2020-09-19,ACTIVE,BR523,10.85,2023-03-30
A0495,C0363,CHEQUE,ZAR,136555.99,2019-10-17,ACTIVE,BR598,0.0,2024-10-01
A0496,C0104,CHEQUE,ZAR,152018.14,2024-04-17,DORMANT,BR773,0.0,2024-11-26
A0497,C0338,SAVINGS,ZAR,170197.78,2019-08-15,ACTIVE,BR964,9.71,2024-07-21
A0498,C0131,SAVINGS,ZAR,321889.36,2020-01-04,ACTIVE,BR732,7.74,2022-07-03
A0499,C0728,CREDIT,ZAR,-17783.2,2019-01-26,ACTIVE,BR418,4.91,2024-10-11
A0500,C0108,CREDIT,ZAR,-2814.14,2018-05-07,ACTIVE,BR415,11.15,2018-12-03
A0501,C0157,SAVINGS,ZAR,468110.88,2024-06-09,FROZEN,BR912,4.37,2024-07-29
A0502,C0549,CHEQUE,ZAR,198048.44,2020-06-28,ACTIVE,BR742,0.0,2024-11-25
A0503,C0077,CREDIT,ZAR,-25634.54,2022-09-30,ACTIVE,BR548,11.04,2025-04-09
A0504,C0551,CREDIT,ZAR,-94656.32,2021-01-02,DORMANT,BR337,8.17,2024-05-25
A0505,C0437,FIXED_DEPOSIT,ZAR,1029632.46,2020-01-02,ACTIVE,BR584,7.39,2023-04-17
A0506,C0780,SAVINGS,ZAR,494838.91,2026-04-05,DORMANT,BR533,9.21,2026-07-23
A0507,C0023,FIXED_DEPOSIT,ZAR,142123.37,2025-02-17,ACTIVE,BR237,7.86,2026-06-23
A0508,C0511,CHEQUE,ZAR,98736.54,2024-07-03,ACTIVE,BR221,0.0,2025-07-01
A0509,C0511,CREDIT,ZAR,-63394.85,2026-08-06,ACTIVE,BR264,7.72,2026-08-15
A0510,C0107,MONEY_MARKET,ZAR,2569767.59,2018-08-14,CLOSED,BR892,9.42,2026-08-02
A0511,C0579,SAVINGS,ZAR,414950.2,2017-07-13,ACTIVE,BR477,11.56,2024-12-14
A0512,C0168,FIXED_DEPOSIT,ZAR,1991900.24,2023-03-16,ACTIVE,BR279,4.1,2025-04-23
A0513,C0564,FIXED_DEPOSIT,ZAR,700449.36,2016-10-09,ACTIVE,BR650,3.47,2021-08-16
A0514,C0970,MONEY_MARKET,ZAR,2359490.65,2016-04-08,ACTIVE,BR398,10.04,2025-10-05
A0515,C0261,MONEY_MARKET,ZAR,1974442.22,2023-12-14,ACTIVE,BR453,9.42,2025-07-22
A0516,C0291,FIXED_DEPOSIT,ZAR,1304100.46,2022-02-09,CLOSED,BR598,3.71,2025-07-11
A0517,C0066,SAVINGS,ZAR,221032.53,2020-10-05,ACTIVE,BR265,11.27,2021-08-16
A0518,C0097,CREDIT,ZAR,-59551.05,2023-06-14,ACTIVE,BR761,10.51,2025-01-21
A0519,C0807,SAVINGS,ZAR,381627.78,2018-07-22,DORMANT,BR783,6.25,2026-05-24
A0520,C0605,SAVINGS,ZAR,127647.26,2023-11-28,ACTIVE,BR810,6.34,2025-03-02
A0521,C0754,FIXED_DEPOSIT,ZAR,1992485.39,2016-04-15,ACTIVE,BR836,10.81,2022-04-19
A0522,C0681,MONEY_MARKET,ZAR,3202763.5,2019-03-28,ACTIVE,BR306,9.75,2019-07-23
A0523,C0985,CHEQUE,ZAR,169811.96,2020-10-05,ACTIVE,BR867,0.0,2021-02-03
A0524,C0662,CREDIT,ZAR,-41485.75,2024-02-21,ACTIVE,BR291,1.9,2026-08-21
A0525,C0387,CHEQUE,ZAR,87746.08,2020-08-29,ACTIVE,BR864,0.0,2024-11-22
A0526,C0446,MONEY_MARKET,ZAR,4765105.18,2020-08-22,ACTIVE,BR420,9.46,2023-05-04
A0527,C0831,FIXED_DEPOSIT,ZAR,1900758.48,2017-12-13,ACTIVE,BR912,10.69,2019-05-21
A0528,C0716,CHEQUE,ZAR,195663.91,2023-08-17,ACTIVE,BR702,0.0,2026-09-04
A0529,C0922,SAVINGS,ZAR,494284.97,2016-10-23,ACTIVE,BR533,7.14,2021-07-13
A0530,C0633,MONEY_MARKET,ZAR,3714828.5,2020-01-06,ACTIVE,BR984,5.93,2020-10-27
A0531,C0651,FIXED_DEPOSIT,ZAR,615813.88,2017-09-05,DORMANT,BR223,3.79,2017-12-24
A0532,C0217,CREDIT,ZAR,-75468.68,2017-11-03,DORMANT,BR164,6.0,2022-04-10
A0533,C0903,FIXED_DEPOSIT,ZAR,621268.09,2020-11-13,DORMANT,BR485,10.26,2022-02-06
A0534,C0253,CREDIT,ZAR,-51038.37,2020-04-20,ACTIVE,BR323,1.3,2024-04-20
A0535,C0628,MONEY_MARKET,ZAR,3186843.11,2026-01-08,ACTIVE,BR876,2.4,2026-02-23
A0536,C0450,MONEY_MARKET,ZAR,1909364.03,2023-09-08,DORMANT,BR931,1.61,2023-12-09
A0537,C0950,SAVINGS,ZAR,429171.67,2018-06-05,ACTIVE,BR933,7.07,2018-06-15
A0538,C0821,CHEQUE,ZAR,63577.12,2024-05-01,ACTIVE,BR839,0.0,2024-11-30
A0539,C0296,FIXED_DEPOSIT,ZAR,1851465.6,2024-09-27,ACTIVE,BR662,5.29,2025-02-18
A0540,C0933,CHEQUE,ZAR,104868.45,2021-12-24,ACTIVE,BR407,0.0,2024-08-10
A0541,C0068,CHEQUE,ZAR,46801.64,2018-08-14,ACTIVE,BR487,0.0,2026-06-02
A0542,C0704,SAVINGS,ZAR,241152.65,2020-03-11,ACTIVE,BR302,2.29,2021-03-26
A0543,C0714,SAVINGS,ZAR,390855.67,2018-12-03,ACTIVE,BR629,6.1,2022-06-22
A0544,C0138,CHEQUE,ZAR,174343.96,2016-09-17,ACTIVE,BR114,0.0,2023-04-02
A0545,C0250,FIXED_DEPOSIT,ZAR,887216.39,2019-03-15,ACTIVE,BR535,1.64,2021-05-18
A0546,C0542,SAVINGS,ZAR,402215.14,2023-10-31,ACTIVE,BR161,1.7,2026-07-10
A0547,C0320,CHEQUE,ZAR,37256.74,2016-12-17,ACTIVE,BR194,0.0,2017-09-08
A0548,C0444,FIXED_DEPOSIT,ZAR,967948.36,2018-07-26,ACTIVE,BR746,1.75,2018-09-24
A0549,C0562,MONEY_MARKET,ZAR,434200.39,2024-12-14,ACTIVE,BR146,7.88,2026-02-02
A0550,C0434,CREDIT,ZAR,-69880.77,2019-08-04,ACTIVE,BR565,10.57,2024-02-24
A0551,C0858,CREDIT,ZAR,-99770.04,2023-04-23,DORMANT,BR941,7.44,2024-06-01
A0552,C0829,CHEQUE,ZAR,142904.63,2026-05-14,ACTIVE,BR369,0.0,2026-06-05
A0553,C0414,CHEQUE,ZAR,1814.28,2016-02-20,ACTIVE,BR155,0.0,2018-03-18
A0554,C0896,CREDIT,ZAR,-66475.94,2020-11-03,ACTIVE,BR443,11.42,2021-01-19
A0555,C0851,FIXED_DEPOSIT,ZAR,284829.75,2026-04-07,ACTIVE,BR197,1.65,2026-05-16
A0556,C0419,SAVINGS,ZAR,240251.77,2020-07-11,ACTIVE,BR177,3.57,2022-02-11
A0557,C0881,SAVINGS,ZAR,200957.49,2017-01-25,DORMANT,BR310,10.69,2022-11-22
A0558,C0139,CHEQUE,ZAR,169840.51,2017-06-11,ACTIVE,BR132,0.0,2021-01-09
A0559,C0602,CHEQUE,ZAR,21750.8,2025-09-29,ACTIVE,BR148,0.0,2026-04-07
A0560,C0671,MONEY_MARKET,ZAR,186279.92,2017-07-26,CLOSED,BR856,7.87,2018-01-31
A0561,C0777,SAVINGS,ZAR,103946.5,2017-04-11,ACTIVE,BR314,3.18,2018-05-29
A0562,C0658,CHEQUE,ZAR,30733.41,2018-07-22,ACTIVE,BR487,0.0,2019-11-12
A0563,C0250,CHEQUE,ZAR,145252.17,2017-10-10,ACTIVE,BR952,0.0,2022-05-23
A0564,C0130,FIXED_DEPOSIT,ZAR,440990.89,2019-09-27,ACTIVE,BR509,4.08,2023-01-29
A0565,C0439,CREDIT,ZAR,-20694.87,2020-12-18,ACTIVE,BR697,6.64,2025-10-11
A0566,C0179,CHEQUE,ZAR,147811.74,2019-01-01,ACTIVE,BR697,0.0,2022-12-31
A0567,C0769,CHEQUE,ZAR,88032.5,2020-11-26,ACTIVE,BR740,0.0,2023-08-16
A0568,C0587,FIXED_DEPOSIT,ZAR,1104791.47,2023-06-04,ACTIVE,BR281,7.96,2024-09-21
A0569,C0855,FIXED_DEPOSIT,ZAR,1551050.09,2020-07-15,ACTIVE,BR281,12.47,2025-01-25
A0570,C0341,FIXED_DEPOSIT,ZAR,1129813.9,2025-02-16,ACTIVE,BR599,9.67,2026-03-22
A0571,C0807,CHEQUE,ZAR,45489.1,2020-02-23,ACTIVE,BR162,0.0,2024-10-25
A0572,C0108,MONEY_MARKET,ZAR,1369675.13,2019-05-14,ACTIVE,BR478,3.13,2023-11-25
A0573,C0380,CREDIT,ZAR,-84074.6,2023-10-29,DORMANT,BR896,12.41,2025-05-05
A0574,C0737,MONEY_MARKET,ZAR,1623014.65,2020-11-13,ACTIVE,BR313,7.23,2025-06-10
A0575,C0650,CHEQUE,ZAR,175542.7,2024-07-17,ACTIVE,BR447,0.0,2026-08-21
A0576,C0297,CHEQUE,ZAR,36522.33,2017-09-23,CLOSED,BR873,0.0,2022-01-30
A0577,C0607,MONEY_MARKET,ZAR,796136.0,2026-05-11,ACTIVE,BR586,1.48,2026-09-05
A0578,C0202,MONEY_MARKET,ZAR,3737485.98,2026-08-30,ACTIVE,BR329,4.39,2026-09-05
A0579,C0562,FIXED_DEPOSIT,ZAR,663762.0,2020-08-09,ACTIVE,BR352,8.53,2020-11-24
A0580,C0104,MONEY_MARKET,ZAR,1996817.09,2024-10-19,ACTIVE,BR403,7.29,2026-06-15
A0581,C0624,CHEQUE,ZAR,149170.41,2022-11-27,ACTIVE,BR906,0.0,2026-08-04
A0582,C0099,SAVINGS,ZAR,177306.87,2020-08-27,ACTIVE,BR612,1.5,2025-01-25
A0583,C0202,CREDIT,ZAR,-30536.18,2023-05-10,ACTIVE,BR350,0.78,2024-07-09
A0584,C0389,MONEY_MARKET,ZAR,341707.11,2017-06-19,ACTIVE,BR893,10.46,2017-07-05
A0585,C0550,SAVINGS,ZAR,306810.94,2019-01-26,DORMANT,BR667,11.35,2019-04-14
A0586,C0144,CREDIT,ZAR,-61340.25,2026-01-18,ACTIVE,BR312,1.91,2026-02-18
A0587,C0803,FIXED_DEPOSIT,ZAR,400954.03,2020-06-19,ACTIVE,BR901,9.78,2024-11-30
A0588,C0658,CHEQUE,ZAR,51984.09,2019-08-17,ACTIVE,BR692,0.0,2021-06-20
A0589,C0720,MONEY_MARKET,ZAR,1517861.84,2025-06-12,ACTIVE,BR310,11.51,2025-09-17
A0590,C0472,CREDIT,ZAR,-86130.54,2017-03-21,CLOSED,BR981,10.18,2024-04-15
A0591,C0221,FIXED_DEPOSIT,ZAR,796869.1,2016-02-16,ACTIVE,BR617,10.66,2017-01-08
A0592,C0658,SAVINGS,ZAR,206864.36,2018-01-13,CLOSED,BR835,4.01,2023-03-12
A0593,C0420,SAVINGS,ZAR,225803.77,2022-12-16,ACTIVE,BR521,8.68,2026-01-16
A0594,C0337,CHEQUE,ZAR,40238.1,2018-06-13,ACTIVE,BR207,0.0,2022-10-25
A0595,C0359,SAVINGS,ZAR,392655.09,2017-11-26,ACTIVE,BR216,5.32,2025-12-16
A0596,C0617,CHEQUE,ZAR,50782.27,2022-05-14,ACTIVE,BR879,0.0,2026-08-05
A0597,C0232,SAVINGS,ZAR,115888.74,2018-03-08,FROZEN,BR320,6.21,2025-08-25
A0598,C0494,MONEY_MARKET,ZAR,3301117.74,2025-05-05,ACTIVE,BR802,3.78,2026-06-15
A0599,C0047,SAVINGS,ZAR,412779.74,2019-02-26,ACTIVE,BR807,3.68,2019-11-07
A0600,C0445,SAVINGS,ZAR,246862.54,2025-09-12,ACTIVE,BR175,12.43,2026-06-17
A0601,C0411,SAVINGS,ZAR,5309.92,2017-02-28,ACTIVE,BR770,9.02,2024-08-05
A0602,C0026,SAVINGS,ZAR,23875.57,2024-08-26,ACTIVE,BR265,11.22,2024-10-04
A0603,C0576,CHEQUE,ZAR,165312.71,2021-12-09,ACTIVE,BR527,0.0,2022-08-09
A0604,C0558,MONEY_MARKET,ZAR,4996296.4,2026-04-09,ACTIVE,BR174,11.01,2026-09-10
A0605,C0299,SAVINGS,ZAR,72275.29,2018-10-06,CLOSED,BR888,2.91,2024-05-22
A0606,C0567,FIXED_DEPOSIT,ZAR,529654.94,2019-05-23,ACTIVE,BR161,3.01,2021-08-08
A0607,C0063,SAVINGS,ZAR,347709.94,2020-10-08,ACTIVE,BR787,1.65,2021-11-20
A0608,C0557,CHEQUE,ZAR,73342.3,2026-04-29,ACTIVE,BR906,0.0,2026-08-30
A0609,C0719,SAVINGS,ZAR,441891.46,2025-08-03,ACTIVE,BR218,2.94,2025-10-11
A0610,C0699,SAVINGS,ZAR,154787.59,2022-07-15,DORMANT,BR116,12.46,2024-03-27
A0611,C0889,MONEY_MARKET,ZAR,71325.12,2023-07-03,FROZEN,BR633,7.17,2023-12-30
A0612,C0123,FIXED_DEPOSIT,ZAR,273714.82,2017-01-11,ACTIVE,BR971,8.08,2020-08-01
A0613,C0497,CHEQUE,ZAR,186446.76,2026-03-10,ACTIVE,BR722,0.0,2026-05-03
A0614,C0870,MONEY_MARKET,ZAR,2574878.25,2021-05-05,ACTIVE,BR401,10.82,2022-05-24
A0615,C0245,CREDIT,ZAR,-44589.23,2016-10-20,CLOSED,BR138,11.52,2022-05-27
A0616,C0994,FIXED_DEPOSIT,ZAR,231285.51,2022-11-22,FROZEN,BR225,9.89,2024-06-30
A0617,C0657,CHEQUE,ZAR,26109.11,2018-10-18,ACTIVE,BR998,0.0,2019-05-02
A0618,C0244,SAVINGS,ZAR,41292.35,2023-12-18,ACTIVE,BR439,1.12,2025-08-20
A0619,C0190,MONEY_MARKET,ZAR,1973253.49,2023-06-04,ACTIVE,BR359,10.27,2025-04-24
A0620,C0180,CHEQUE,ZAR,150320.28,2019-08-16,ACTIVE,BR419,0.0,2020-06-18
A0621,C0649,SAVINGS,ZAR,181705.74,2017-07-23,ACTIVE,BR928,1.28,2025-06-29
A0622,C0556,MONEY_MARKET,ZAR,3006192.91,2022-07-19,ACTIVE,BR633,6.81,2024-07-23
A0623,C0620,MONEY_MARKET,ZAR,1447516.36,2020-05-18,ACTIVE,BR712,3.15,2021-01-12
A0624,C0109,SAVINGS,ZAR,295464.45,2020-02-21,ACTIVE,BR848,4.59,2025-03-15
A0625,C0680,FIXED_DEPOSIT,ZAR,1834858.92,2026-07-13,ACTIVE,BR472,9.84,2026-08-19
A0626,C0189,CHEQUE,ZAR,86892.24,2025-07-20,ACTIVE,BR566,0.0,2025-10-07
A0627,C0137,MONEY_MARKET,ZAR,3814087.15,2020-07-13,ACTIVE,BR475,0.81,2024-10-27
A0628,C0024,SAVINGS,ZAR,331702.08,2021-05-05,ACTIVE,BR979,12.49,2026-07-04
A0629,C0859,FIXED_DEPOSIT,ZAR,452739.75,2017-03-31,FROZEN,BR487,6.61,2021-12-19
A0630,C0042,CHEQUE,ZAR,156427.92,2018-12-03,ACTIVE,BR896,0.0,2020-01-27
A0631,C0992,SAVINGS,ZAR,319121.91,2016-01-15,DORMANT,BR518,7.0,2016-09-12
A0632,C0778,FIXED_DEPOSIT,ZAR,209578.31,2025-01-07,ACTIVE,BR244,0.59,2026-02-28
A0633,C0514,CHEQUE,ZAR,142623.58,2018-02-26,ACTIVE,BR991,0.0,2025-07-20
A0634,C0235,CHEQUE,ZAR,24279.17,2017-07-27,ACTIVE,BR279,0.0,2023-10-21
A0635,C0014,CHEQUE,ZAR,104890.26,2019-03-08,ACTIVE,BR987,0.0,2020-12-04
A0636,C0367,CREDIT,ZAR,-7.63,2018-02-27,ACTIVE,BR404,0.88,2021-03-20
A0637,C0744,SAVINGS,ZAR,375679.53,2016-06-08,ACTIVE,BR719,10.13,2018-12-29
A0638,C0801,FIXED_DEPOSIT,ZAR,212541.89,2025-12-24,ACTIVE,BR352,4.66,2026-01-08
A0639,C0327,FIXED_DEPOSIT,ZAR,1934692.36,2018-03-06,CLOSED,BR249,2.48,2025-05-22
A0640,C0135,CREDIT,ZAR,-7646.42,2022-08-22,ACTIVE,BR547,3.97,2026-03-23
A0641,C0570,FIXED_DEPOSIT,ZAR,1961283.02,2021-06-27,ACTIVE,BR575,6.79,2021-08-25
A0642,C0554,CHEQUE,ZAR,-1475.31,2026-05-23,ACTIVE,BR407,0.0,2026-06-05
A0643,C0932,CREDIT,ZAR,-13327.81,2019-03-24,CLOSED,BR348,4.12,2026-02-06
A0644,C0778,FIXED_DEPOSIT,ZAR,261232.85,2025-10-10,ACTIVE,BR879,11.38,2026-09-10
A0645,C0481,FIXED_DEPOSIT,ZAR,1115783.65,2019-03-25,ACTIVE,BR394,9.29,2026-04-12
A0646,C0038,CHEQUE,ZAR,30933.67,2022-03-05,ACTIVE,BR790,0.0,2025-04-15
A0647,C0024,CREDIT,ZAR,-61447.41,2018-07-03,ACTIVE,BR609,12.28,2024-10-09
A0648,C0233,SAVINGS,ZAR,232383.11,2023-07-22,ACTIVE,BR218,8.51,2024-02-06
A0649,C0677,CHEQUE,ZAR,122215.84,2025-03-28,CLOSED,BR555,0.0,2025-12-09
A0650,C0738,CHEQUE,ZAR,77511.98,2025-03-20,ACTIVE,BR426,0.0,2026-02-22
A0651,C0981,CREDIT,ZAR,-65551.94,2019-08-16,ACTIVE,BR481,7.61,2023-01-20
A0652,C0778,SAVINGS,ZAR,139200.85,2022-02-09,ACTIVE,BR854,0.51,2024-06-16
A0653,C0581,CREDIT,ZAR,-36236.72,2020-10-26,ACTIVE,BR467,11.23,2026-08-25
A0654,C0557,CREDIT,ZAR,-57084.92,2024-12-24,ACTIVE,BR845,1.08,2025-11-28
A0655,C0247,MONEY_MARKET,ZAR,1205964.7,2021-02-25,ACTIVE,BR480,5.83,2021-05-24
A0656,C0326,SAVINGS,ZAR,72036.42,2020-06-22,ACTIVE,BR328,5.52,2021-04-01
A0657,C0921,FIXED_DEPOSIT,ZAR,1108155.74,2022-08-04,ACTIVE,BR325,8.12,2025-06-17
A0658,C0491,FIXED_DEPOSIT,ZAR,1448543.05,2018-03-07,ACTIVE,BR264,8.18,2022-08-22
A0659,C0309,FIXED_DEPOSIT,ZAR,925065.64,2019-01-08,DORMANT,BR980,11.41,2022-08-23
A0660,C0289,SAVINGS,ZAR,337688.53,2021-12-17,ACTIVE,BR244,11.31,2022-12-08
A0661,C0525,CHEQUE,ZAR,-4022.68,2019-05-19,ACTIVE,BR181,0.0,2024-06-22
A0662,C0114,CHEQUE,ZAR,142629.99,2019-06-14,ACTIVE,BR994,0.0,2023-12-01
A0663,C0336,CREDIT,ZAR,-46542.28,2017-03-18,ACTIVE,BR388,10.65,2023-10-08
A0664,C0179,SAVINGS,ZAR,417064.77,2020-04-22,ACTIVE,BR487,0.68,2023-06-02
A0665,C0464,CHEQUE,ZAR,7593.99,2020-02-20,FROZEN,BR318,0.0,2022-08-15
A0666,C0814,CHEQUE,ZAR,64277.11,2022-12-16,ACTIVE,BR467,0.0,2023-12-22
A0667,C0085,CHEQUE,ZAR,61042.5,2025-07-06,ACTIVE,BR929,0.0,2025-09-15
A0668,C0232,CREDIT,ZAR,-95390.99,2020-05-03,ACTIVE,BR948,2.18,2025-03-20
A0669,C0927,MONEY_MARKET,ZAR,4414644.28,2018-01-22,ACTIVE,BR192,5.81,2019-03-04
A0670,C0975,MONEY_MARKET,ZAR,827022.85,2019-04-25,ACTIVE,BR234,0.82,2020-04-15
A0671,C0555,MONEY_MARKET,ZAR,4641675.37,2021-03-15,ACTIVE,BR222,4.81,2022-07-21
A0672,C0922,CREDIT,ZAR,-59387.98,2017-12-22,ACTIVE,BR586,10.8,2018-01-11
A0673,C0130,MONEY_MARKET,ZAR,4106063.23,2018-06-25,ACTIVE,BR320,1.95,2021-01-24
A0674,C0513,CREDIT,ZAR,-95484.23,2017-10-04,ACTIVE,BR941,4.8,2019-10-31
A0675,C0429,CHEQUE,ZAR,14520.03,2016-07-03,ACTIVE,BR208,0.0,2022-12-20
A0676,C0250,CHEQUE,ZAR,38387.52,2023-03-18,ACTIVE,BR601,0.0,2026-08-06
A0677,C0619,MONEY_MARKET,ZAR,355881.14,2016-12-13,ACTIVE,BR122,2.71,2023-06-22
A0678,C0102,FIXED_DEPOSIT,ZAR,759797.9,2020-10-28,ACTIVE,BR448,5.02,2023-12-22
A0679,C0527,MONEY_MARKET,ZAR,3712811.64,2016-09-19,ACTIVE,BR714,4.21,2024-11-14
A0680,C0637,MONEY_MARKET,ZAR,4068882.56,2022-07-01,ACTIVE,BR100,3.93,2024-06-04
A0681,C0761,CHEQUE,ZAR,43038.23,2017-07-13,CLOSED,BR766,0.0,2024-07-26
A0682,C0939,MONEY_MARKET,ZAR,3920107.74,2021-03-21,ACTIVE,BR391,4.48,2022-11-04
A0683,C0295,MONEY_MARKET,ZAR,4197440.59,2024-03-25,ACTIVE,BR901,9.38,2025-12-14
A0684,C0776,FIXED_DEPOSIT,ZAR,711960.08,2026-08-06,ACTIVE,BR816,11.45,2026-08-11
A0685,C0439,MONEY_MARKET,ZAR,4847522.5,2021-08-05,ACTIVE,BR448,1.2,2022-08-02
A0686,C0918,MONEY_MARKET,ZAR,3810345.51,2023-04-08,ACTIVE,BR127,9.91,2024-02-29
A0687,C0842,CREDIT,ZAR,-29970.68,2016-12-20,ACTIVE,BR660,1.16,2024-05-24
A0688,C0739,SAVINGS,ZAR,312511.29,2024-12-09,ACTIVE,BR351,1.33,2025-04-04
A0689,C0642,MONEY_MARKET,ZAR,2758117.62,2021-05-13,CLOSED,BR124,5.14,2025-12-29
A0690,C0438,MONEY_MARKET,ZAR,1062263.97,2023-02-04,ACTIVE,BR254,2.88,2025-10-26
A0691,C0365,SAVINGS,ZAR,292928.28,2022-01-17,ACTIVE,BR241,5.04,2025-08-11
A0692,C0292,CREDIT,ZAR,-35287.85,2024-01-30,ACTIVE,BR325,11.44,2024-04-24
A0693,C0867,SAVINGS,ZAR,76195.73,2019-03-17,ACTIVE,BR122,0.98,2021-12-13
A0694,C0345,MONEY_MARKET,ZAR,3875900.25,2025-04-23,ACTIVE,BR870,6.95,2026-07-31
A0695,C0250,CHEQUE,ZAR,139123.0,2025-10-18,ACTIVE,BR246,0.0,2026-02-27
A0696,C0614,MONEY_MARKET,ZAR,3310592.67,2019-11-12,ACTIVE,BR489,5.06,2022-03-15
A0697,C0774,CHEQUE,ZAR,192710.56,2021-05-14,ACTIVE,BR205,0.0,2024-02-13
A0698,C0821,CREDIT,ZAR,-31698.87,2018-04-06,ACTIVE,BR683,1.36,2022-01-31
A0699,C0537,CHEQUE,ZAR,23589.51,2026-04-23,ACTIVE,BR897,0.0,2026-07-02
A0700,C0398,SAVINGS,ZAR,401933.85,2025-02-18,ACTIVE,BR538,5.22,2025-08-25
A0701,C0887,MONEY_MARKET,ZAR,3975430.13,2020-12-28,ACTIVE,BR477,1.26,2022-08-11
A0702,C0287,MONEY_MARKET,ZAR,1613817.25,2018-01-19,ACTIVE,BR927,11.42,2023-07-14
A0703,C0402,FIXED_DEPOSIT,ZAR,634890.58,2023-07-18,ACTIVE,BR728,6.13,2025-11-05
A0704,C0452,FIXED_DEPOSIT,ZAR,1027505.47,2021-12-06,ACTIVE,BR263,2.48,2026-06-30
A0705,C0726,CREDIT,ZAR,-63239.18,2019-03-25,ACTIVE,BR414,5.38,2020-10-10
A0706,C0982,FIXED_DEPOSIT,ZAR,832418.69,2016-01-24,ACTIVE,BR681,5.53,2020-05-11
A0707,C0342,CREDIT,ZAR,-14125.17,2026-06-01,ACTIVE,BR788,1.15,2026-07-24
A0708,C0459,CHEQUE,ZAR,174542.29,2024-06-01,ACTIVE,BR283,0.0,2026-02-02
A0709,C0328,CHEQUE,ZAR,138941.44,2024-04-17,ACTIVE,BR698,0.0,2026-06-22
A0710,C0702,CHEQUE,ZAR,174853.82,2018-11-20,DORMANT,BR174,0.0,2020-05-09
A0711,C0309,CREDIT,ZAR,-56291.38,2017-03-27,ACTIVE,BR480,11.31,2019-04-28
A0712,C0201,CHEQUE,ZAR,55005.02,2024-10-30,ACTIVE,BR663,0.0,2026-09-14
A0713,C0933,SAVINGS,ZAR,172509.97,2019-03-21,ACTIVE,BR680,6.06,2020-10-01
A0714,C0885,FIXED_DEPOSIT,ZAR,1044307.26,2017-04-21,ACTIVE,BR153,6.01,2019-08-02
A0715,C0626,CHEQUE,ZAR,103588.46,2023-04-15,ACTIVE,BR563,0.0,2026-05-26
A0716,C0249,CHEQUE,ZAR,34578.91,2024-09-06,ACTIVE,BR259,0.0,2026-08-17
A0717,C0582,SAVINGS,ZAR,349388.52,2026-05-22,ACTIVE,BR165,9.11,2026-07-11
A0718,C0785,MONEY_MARKET,ZAR,3662727.1,2020-06-27,ACTIVE,BR301,5.38,2022-12-13
A0719,C0884,CHEQUE,ZAR,155683.78,2025-07-08,DORMANT,BR536,0.0,2025-10-18
A0720,C0069,SAVINGS,ZAR,494220.91,2017-04-07,DORMANT,BR945,2.32,2026-06-24
A0721,C0910,SAVINGS,ZAR,360048.7,2025-12-29,ACTIVE,BR615,11.52,2026-03-03
A0722,C0260,MONEY_MARKET,ZAR,3877512.4,2025-02-28,DORMANT,BR308,2.96,2025-10-03
A0723,C0463,MONEY_MARKET,ZAR,3394690.69,2025-07-09,ACTIVE,BR908,6.61,2026-06-27
A0724,C0416,CREDIT,ZAR,-50123.47,2022-10-15,ACTIVE,BR187,8.87,2024-12-03
A0725,C0344,SAVINGS,ZAR,320093.48,2025-07-21,ACTIVE,BR392,11.19,2026-05-23
A0726,C0576,CHEQUE,ZAR,197001.19,2016-04-08,CLOSED,BR386,0.0,2022-08-22
A0727,C0888,SAVINGS,ZAR,93979.83,2017-04-10,ACTIVE,BR478,9.66,2018-04-28
A0728,C0221,CREDIT,ZAR,-62579.96,2026-06-08,DORMANT,BR995,0.51,2026-06-21
A0729,C0401,FIXED_DEPOSIT,ZAR,228351.64,2019-04-10,ACTIVE,BR643,9.08,2026-06-22
A0730,C0899,SAVINGS,ZAR,24488.9,2022-01-24,CLOSED,BR851,6.61,2025-08-24
A0731,C0262,SAVINGS,ZAR,319064.88,2019-03-16,ACTIVE,BR162,3.76,2019-12-02
A0732,C0395,FIXED_DEPOSIT,ZAR,1788313.38,2020-07-19,ACTIVE,BR803,3.06,2024-04-01
A0733,C0650,CHEQUE,ZAR,129178.68,2021-11-09,ACTIVE,BR761,0.0,2023-01-27
A0734,C0470,MONEY_MARKET,ZAR,1632607.96,2019-06-24,ACTIVE,BR301,1.0,2026-08-24
A0735,C0945,SAVINGS,ZAR,201717.61,2017-02-26,CLOSED,BR490,3.88,2018-05-22
A0736,C0836,MONEY_MARKET,ZAR,2281474.71,2025-06-05,ACTIVE,BR193,12.04,2026-04-12
A0737,C0910,SAVINGS,ZAR,231348.58,2017-09-25,CLOSED,BR205,5.36,2024-07-13
A0738,C0573,CREDIT,ZAR,-35416.2,2023-10-13,ACTIVE,BR818,1.73,2024-04-21
A0739,C0529,SAVINGS,ZAR,463928.72,2020-02-07,ACTIVE,BR918,6.71,2024-11-02
A0740,C0583,SAVINGS,ZAR,285686.0,2016-12-14,DORMANT,BR494,5.76,2023-06-13
A0741,C0680,CREDIT,ZAR,-80079.38,2018-04-07,ACTIVE,BR587,10.94,2026-05-01
A0742,C0029,FIXED_DEPOSIT,ZAR,672350.52,2025-09-12,FROZEN,BR312,5.0,2026-01-20
A0743,C0553,FIXED_DEPOSIT,ZAR,143277.96,2023-03-21,ACTIVE,BR435,5.78,2024-01-22
A0744,C0253,CREDIT,ZAR,-63525.4,2020-02-22,ACTIVE,BR353,7.44,2025-11-07
A0745,C0164,CHEQUE,ZAR,74518.75,2019-03-02,ACTIVE,BR196,0.0,2024-05-31
A0746,C0573,MONEY_MARKET,ZAR,264406.05,2019-10-04,ACTIVE,BR652,10.27,2024-07-11
A0747,C0497,MONEY_MARKET,ZAR,3043524.11,2022-02-22,ACTIVE,BR934,11.0,2023-04-12
A0748,C0808,SAVINGS,ZAR,257767.68,2017-09-13,ACTIVE,BR945,6.04,2023-01-26
A0749,C0607,MONEY_MARKET,ZAR,2822869.31,2020-10-27,ACTIVE,BR361,4.3,2024-12-24
A0750,C0328,SAVINGS,ZAR,62978.39,2017-11-05,ACTIVE,BR407,5.62,2020-07-09
A0751,C0558,SAVINGS,ZAR,233611.16,2025-01-05,ACTIVE,BR107,6.92,2026-08-05
A0752,C0908,MONEY_MARKET,ZAR,3624198.52,2017-05-27,ACTIVE,BR567,9.69,2019-11-29
A0753,C0733,CREDIT,ZAR,-15538.89,2025-09-13,CLOSED,BR912,6.2,2026-05-04
A0754,C0900,SAVINGS,ZAR,380001.72,2017-05-10,ACTIVE,BR426,2.04,2025-07-27
A0755,C0517,MONEY_MARKET,ZAR,4611631.46,2023-04-26,ACTIVE,BR898,7.73,2023-05-13
A0756,C0085,MONEY_MARKET,ZAR,774812.94,2026-03-05,ACTIVE,BR244,9.1,2026-05-15
A0757,C0303,CHEQUE,ZAR,133402.81,2018-03-03,ACTIVE,BR794,0.0,2018-10-01
A0758,C0675,FIXED_DEPOSIT,ZAR,972022.65,2024-04-14,DORMANT,BR778,5.86,2025-08-07
A0759,C0634,SAVINGS,ZAR,417125.91,2024-06-29,ACTIVE,BR537,11.72,2026-05-24
A0760,C0647,CREDIT,ZAR,-52526.32,2022-07-14,ACTIVE,BR826,7.82,2024-06-29
A0761,C0789,MONEY_MARKET,ZAR,2303531.82,2020-07-07,ACTIVE,BR721,7.81,2024-09-30
A0762,C0241,CREDIT,ZAR,-80522.86,2025-08-01,ACTIVE,BR116,0.71,2026-08-01
A0763,C0166,FIXED_DEPOSIT,ZAR,1872976.57,2017-09-15,DORMANT,BR241,12.34,2021-12-18
A0764,C0800,FIXED_DEPOSIT,ZAR,923197.14,2018-03-14,ACTIVE,BR811,2.69,2019-03-10
A0765,C0779,CREDIT,ZAR,-74162.73,2016-11-07,FROZEN,BR820,0.66,2017-02-02
A0766,C0292,FIXED_DEPOSIT,ZAR,961699.1,2023-10-10,ACTIVE,BR151,9.65,2025-08-25
A0767,C0656,MONEY_MARKET,ZAR,2954382.01,2024-11-04,ACTIVE,BR436,0.95,2025-02-10
A0768,C0407,SAVINGS,ZAR,354448.71,2016-10-10,CLOSED,BR529,0.61,2022-06-05
A0769,C0411,SAVINGS,ZAR,174389.66,2017-07-05,ACTIVE,BR313,8.53,2022-10-06
A0770,C0467,FIXED_DEPOSIT,ZAR,1728398.91,2022-09-14,CLOSED,BR308,3.15,2024-04-27
A0771,C0731,CREDIT,ZAR,-79298.4,2021-08-11,ACTIVE,BR191,7.7,2022-03-19
A0772,C0413,FIXED_DEPOSIT,ZAR,949267.4,2022-05-25,ACTIVE,BR358,5.11,2026-05-19
A0773,C0424,CREDIT,ZAR,-1504.88,2026-05-13,ACTIVE,BR390,8.65,2026-06-12
A0774,C0898,CHEQUE,ZAR,37572.03,2016-04-03,CLOSED,BR606,0.0,2024-01-09
A0775,C0674,CHEQUE,ZAR,78571.97,2025-03-01,ACTIVE,BR897,0.0,2026-08-13
A0776,C0403,CHEQUE,ZAR,105438.84,2019-06-25,ACTIVE,BR706,0.0,2021-05-06
A0777,C0132,MONEY_MARKET,ZAR,1485986.34,2023-07-06,ACTIVE,BR135,8.77,2024-04-20
A0778,C0401,SAVINGS,ZAR,332069.0,2022-02-14,ACTIVE,BR782,9.46,2026-07-20
A0779,C0089,SAVINGS,ZAR,294655.21,2019-08-02,ACTIVE,BR446,3.86,2021-03-10
A0780,C0118,MONEY_MARKET,ZAR,2033189.74,2025-11-02,ACTIVE,BR847,1.18,2026-02-11
A0781,C0921,CHEQUE,ZAR,81265.76,2019-08-04,ACTIVE,BR322,0.0,2023-11-13
A0782,C0781,CREDIT,ZAR,-16739.4,2023-12-29,ACTIVE,BR113,1.57,2024-02-26
A0783,C0039,SAVINGS,ZAR,294707.52,2024-02-06,ACTIVE,BR709,7.56,2024-04-13
A0784,C0534,CREDIT,ZAR,-88604.19,2020-12-21,ACTIVE,BR417,10.74,2021-06-22
A0785,C0660,CHEQUE,ZAR,196391.43,2021-11-27,ACTIVE,BR815,0.0,2023-06-20
A0786,C0557,SAVINGS,ZAR,440402.5,2019-10-04,ACTIVE,BR284,8.0,2020-04-28
A0787,C0236,CREDIT,ZAR,-95063.11,2024-04-17,ACTIVE,BR325,8.1,2025-06-18
A0788,C0249,MONEY_MARKET,ZAR,3863056.42,2016-12-28,ACTIVE,BR646,11.49,2017-04-08
A0789,C0831,CREDIT,ZAR,-91765.26,2024-11-05,FROZEN,BR790,8.12,2026-04-21
A0790,C0874,SAVINGS,ZAR,492072.63,2019-11-29,ACTIVE,BR410,9.86,2022-10-14
A0791,C0004,MONEY_MARKET,ZAR,4365483.95,2025-06-30,CLOSED,BR325,1.38,2026-08-28
A0792,C0358,SAVINGS,ZAR,340472.24,2016-05-28,CLOSED,BR790,9.86,2019-02-23
A0793,C0628,SAVINGS,ZAR,216381.93,2025-08-31,CLOSED,BR719,5.87,2026-05-15
A0794,C0097,FIXED_DEPOSIT,ZAR,1119822.11,2017-07-25,FROZEN,BR864,4.2,2025-01-17
A0795,C0239,MONEY_MARKET,ZAR,2398135.57,2022-10-19,ACTIVE,BR984,4.77,2022-12-16
A0796,C0832,SAVINGS,ZAR,242962.3,2020-07-19,ACTIVE,BR987,1.68,2026-02-06
A0797,C0891,MONEY_MARKET,ZAR,4494812.68,2020-06-18,ACTIVE,BR655,10.23,2022-11-22
A0798,C0242,MONEY_MARKET,ZAR,2190588.89,2026-05-24,ACTIVE,BR780,8.5,2026-05-27
A0799,C0671,SAVINGS,ZAR,198316.48,2024-03-03,ACTIVE,BR755,2.44,2025-04-18
A0800,C0163,CHEQUE,ZAR,32735.47,2022-08-22,ACTIVE,BR554,0.0,2025-07-11
A0801,C0584,CREDIT,ZAR,-30076.3,2016-02-15,ACTIVE,BR759,5.26,2020-07-21
A0802,C0192,FIXED_DEPOSIT,ZAR,1105090.91,2017-11-23,ACTIVE,BR792,11.2,2023-12-04
A0803,C0475,CREDIT,ZAR,-70856.61,2016-01-03,ACTIVE,BR927,4.32,2022-01-04
A0804,C0332,SAVINGS,ZAR,170765.06,2017-07-09,ACTIVE,BR576,2.33,2021-02-19
A0805,C0508,CREDIT,ZAR,-61981.81,2025-05-17,ACTIVE,BR958,2.76,2026-02-26
A0806,C0545,FIXED_DEPOSIT,ZAR,59027.11,2024-04-27,ACTIVE,BR174,11.52,2025-02-18
A0807,C0452,SAVINGS,ZAR,54769.29,2024-09-02,CLOSED,BR496,4.46,2026-03-20
A0808,C0586,CREDIT,ZAR,-93002.9,2018-02-10,DORMANT,BR704,11.99,2022-01-23
A0809,C0821,MONEY_MARKET,ZAR,509422.16,2019-12-08,ACTIVE,BR182,8.28,2023-05-24
A0810,C0041,CREDIT,ZAR,-94391.75,2020-10-21,ACTIVE,BR892,1.02,2022-11-12
A0811,C0609,FIXED_DEPOSIT,ZAR,1410971.95,2019-01-09,ACTIVE,BR557,7.23,2024-07-13
A0812,C0475,FIXED_DEPOSIT,ZAR,1984911.89,2023-03-04,ACTIVE,BR757,0.7,2023-12-18
A0813,C0019,CREDIT,ZAR,-87650.88,2018-03-14,ACTIVE,BR253,4.58,2018-05-07
A0814,C0520,SAVINGS,ZAR,195773.37,2023-03-21,ACTIVE,BR605,3.8,2026-06-03
A0815,C0678,SAVINGS,ZAR,321599.67,2020-07-02,ACTIVE,BR285,2.44,2022-08-15
A0816,C0216,MONEY_MARKET,ZAR,4113157.09,2022-10-12,ACTIVE,BR116,5.11,2023-01-05
A0817,C0976,SAVINGS,ZAR,249287.57,2024-10-09,ACTIVE,BR239,10.25,2025-04-03
A0818,C0728,MONEY_MARKET,ZAR,2146198.96,2023-04-21,ACTIVE,BR924,7.39,2025-05-04
A0819,C0968,CHEQUE,ZAR,157484.03,2021-04-07,ACTIVE,BR125,0.0,2025-03-05
A0820,C0906,FIXED_DEPOSIT,ZAR,1565970.27,2021-07-19,ACTIVE,BR757,9.65,2023-04-04
A0821,C0680,MONEY_MARKET,ZAR,4807103.9,2026-08-10,ACTIVE,BR517,8.64,2026-09-10
A0822,C0738,FIXED_DEPOSIT,ZAR,767054.53,2016-07-22,CLOSED,BR907,3.0,2023-10-19
A0823,C0963,FIXED_DEPOSIT,ZAR,751628.62,2018-11-02,ACTIVE,BR841,1.29,2023-02-08
A0824,C0563,MONEY_MARKET,ZAR,4877156.47,2026-01-19,ACTIVE,BR528,4.75,2026-08-30
A0825,C0683,CREDIT,ZAR,-25246.17,2018-03-24,ACTIVE,BR303,9.94,2024-07-10
A0826,C0963,CHEQUE,ZAR,184999.96,2023-06-01,ACTIVE,BR539,0.0,2024-04-23
A0827,C0507,MONEY_MARKET,ZAR,1118379.86,2025-05-01,FROZEN,BR949,4.1,2025-10-08
A0828,C0031,CHEQUE,ZAR,171438.72,2017-09-23,DORMANT,BR584,0.0,2021-10-26
A0829,C0005,CREDIT,ZAR,-7568.83,2021-04-13,CLOSED,BR397,3.42,2025-08-13
A0830,C0824,MONEY_MARKET,ZAR,3069915.92,2024-08-25,ACTIVE,BR949,8.29,2025-06-28
A0831,C0999,CHEQUE,ZAR,144404.04,2025-10-08,FROZEN,BR807,0.0,2026-03-29
A0832,C0365,CREDIT,ZAR,-97622.08,2016-05-09,ACTIVE,BR412,4.33,2017-01-08
A0833,C0033,FIXED_DEPOSIT,ZAR,1195802.61,2024-01-31,ACTIVE,BR510,6.06,2026-02-19
A0834,C0469,SAVINGS,ZAR,98617.16,2016-07-28,ACTIVE,BR876,7.74,2018-10-09
A0835,C0714,CREDIT,ZAR,-53255.94,2016-07-06,ACTIVE,BR856,6.38,2018-02-07
A0836,C0277,CREDIT,ZAR,-36506.38,2019-07-13,CLOSED,BR782,8.05,2019-08-01
A0837,C0948,CHEQUE,ZAR,858.36,2022-04-21,ACTIVE,BR443,0.0,2025-06-09
A0838,C0363,FIXED_DEPOSIT,ZAR,86518.58,2017-03-26,ACTIVE,BR813,8.13,2020-08-05
A0839,C0674,FIXED_DEPOSIT,ZAR,378132.92,2016-04-04,ACTIVE,BR419,3.02,2018-10-20
A0840,C0931,SAVINGS,ZAR,232051.21,2017-07-24,ACTIVE,BR800,8.74,2025-03-27
A0841,C0230,CHEQUE,ZAR,148872.34,2025-03-30,ACTIVE,BR952,0.0,2026-03-03
A0842,C0817,CHEQUE,ZAR,142917.9,2016-11-18,CLOSED,BR214,0.0,2018-06-23
A0843,C0362,CHEQUE,ZAR,113101.41,2023-05-14,ACTIVE,BR989,0.0,2024-04-19
A0844,C0190,MONEY_MARKET,ZAR,4430350.41,2020-01-06,DORMANT,BR252,7.12,2024-04-11
A0845,C0684,CHEQUE,ZAR,65508.93,2025-01-14,ACTIVE,BR636,0.0,2026-01-21
A0846,C0542,MONEY_MARKET,ZAR,1002572.32,2018-07-04,ACTIVE,BR458,4.68,2022-05-05
A0847,C0648,SAVINGS,ZAR,378323.83,2018-11-29,FROZEN,BR917,7.74,2025-12-05
A0848,C0238,SAVINGS,ZAR,162157.05,2022-07-22,ACTIVE,BR781,11.32,2024-04-05
A0849,C0367,FIXED_DEPOSIT,ZAR,632202.34,2025-04-17,ACTIVE,BR805,5.95,2025-05-19
A0850,C0486,MONEY_MARKET,ZAR,973061.05,2017-07-09,DORMANT,BR525,5.97,2020-04-17
A0851,C0395,MONEY_MARKET,ZAR,522568.33,2018-10-21,DORMANT,BR966,1.54,2022-05-13
A0852,C0987,MONEY_MARKET,ZAR,2144733.13,2020-03-14,ACTIVE,BR990,9.47,2024-12-20
A0853,C0104,FIXED_DEPOSIT,ZAR,355861.67,2025-11-25,ACTIVE,BR626,3.59,2026-01-24
A0854,C0671,CREDIT,ZAR,-55792.46,2024-10-14,ACTIVE,BR703,7.96,2024-12-13
A0855,C0240,MONEY_MARKET,ZAR,464989.53,2022-05-27,DORMANT,BR346,0.74,2023-09-20
A0856,C0345,CREDIT,ZAR,-5017.96,2022-09-14,ACTIVE,BR605,11.79,2024-06-11
A0857,C0730,FIXED_DEPOSIT,ZAR,666560.98,2016-05-13,ACTIVE,BR704,6.98,2026-08-27
A0858,C0694,CHEQUE,ZAR,139299.26,2026-04-03,ACTIVE,BR333,0.0,2026-04-28
A0859,C0779,CHEQUE,ZAR,39139.17,2026-09-05,ACTIVE,BR947,0.0,2026-09-13
A0860,C0981,CREDIT,ZAR,-96152.17,2021-12-13,ACTIVE,BR970,11.73,2025-08-20
A0861,C0156,FIXED_DEPOSIT,ZAR,123796.78,2023-04-17,ACTIVE,BR935,3.41,2024-12-16
A0862,C0880,FIXED_DEPOSIT,ZAR,1362248.56,2016-07-08,ACTIVE,BR904,9.17,2017-09-19
A0863,C0136,CHEQUE,ZAR,91633.03,2018-11-11,ACTIVE,BR552,0.0,2023-02-08
A0864,C0621,MONEY_MARKET,ZAR,3067687.7,2018-01-26,ACTIVE,BR439,4.01,2018-05-05
A0865,C0265,FIXED_DEPOSIT,ZAR,396224.19,2023-01-19,ACTIVE,BR971,8.99,2026-09-04
A0866,C0447,FIXED_DEPOSIT,ZAR,1767035.49,2018-10-15,ACTIVE,BR914,1.51,2019-03-20
A0867,C0600,CHEQUE,ZAR,94180.84,2023-06-14,ACTIVE,BR757,0.0,2024-01-19
A0868,C0418,FIXED_DEPOSIT,ZAR,302683.98,2016-03-05,ACTIVE,BR789,11.73,2022-12-16
A0869,C0925,CHEQUE,ZAR,155363.15,2020-05-15,ACTIVE,BR165,0.0,2025-06-09
A0870,C0166,CHEQUE,ZAR,99392.89,2025-08-12,DORMANT,BR244,0.0,2026-07-28
A0871,C0762,CREDIT,ZAR,-94642.48,2016-12-07,ACTIVE,BR334,10.34,2018-09-05
A0872,C0608,CHEQUE,ZAR,107738.71,2017-02-05,ACTIVE,BR177,0.0,2025-12-02
A0873,C0224,FIXED_DEPOSIT,ZAR,1362000.81,2020-12-18,ACTIVE,BR595,1.87,2021-04-07
A0874,C0579,FIXED_DEPOSIT,ZAR,1032551.09,2017-07-14,ACTIVE,BR101,5.8,2020-10-22
A0875,C0610,FIXED_DEPOSIT,ZAR,1483565.33,2025-07-15,DORMANT,BR182,4.98,2025-10-23
A0876,C0281,SAVINGS,ZAR,158966.23,2018-11-07,ACTIVE,BR281,0.57,2026-02-04
A0877,C0827,MONEY_MARKET,ZAR,2627678.14,2024-04-28,ACTIVE,BR668,7.86,2024-12-02
A0878,C0355,FIXED_DEPOSIT,ZAR,1762190.55,2023-02-26,ACTIVE,BR423,6.54,2025-09-09
A0879,C0244,MONEY_MARKET,ZAR,3260441.38,2016-07-12,ACTIVE,BR108,7.76,2024-08-03
A0880,C0418,CHEQUE,ZAR,135393.04,2019-01-23,ACTIVE,BR456,0.0,2022-05-25
A0881,C0729,SAVINGS,ZAR,361828.33,2022-01-06,ACTIVE,BR534,7.0,2022-07-22
A0882,C0910,SAVINGS,ZAR,121869.1,2016-11-05,ACTIVE,BR235,5.86,2017-08-25
A0883,C0769,SAVINGS,ZAR,156854.68,2025-10-09,ACTIVE,BR387,5.0,2025-11-29
A0884,C0164,CREDIT,ZAR,-85110.27,2019-06-25,ACTIVE,BR648,8.39,2021-05-17
A0885,C0242,FIXED_DEPOSIT,ZAR,355887.11,2024-12-04,ACTIVE,BR857,2.86,2025-02-20
A0886,C0125,MONEY_MARKET,ZAR,3632140.89,2021-11-12,ACTIVE,BR327,5.48,2021-11-30
A0887,C0579,CHEQUE,ZAR,133731.05,2022-01-10,ACTIVE,BR764,0.0,2025-12-16
A0888,C0756,MONEY_MARKET,ZAR,1932859.29,2018-10-02,ACTIVE,BR867,6.62,2026-09-03
A0889,C0498,FIXED_DEPOSIT,ZAR,862537.24,2023-04-08,ACTIVE,BR143,0.78,2023-12-29
A0890,C0716,SAVINGS,ZAR,358663.96,2018-11-18,ACTIVE,BR585,11.46,2024-01-01
A0891,C0248,SAVINGS,ZAR,134570.23,2020-11-11,ACTIVE,BR913,0.83,2024-06-16
A0892,C0222,SAVINGS,ZAR,229443.02,2018-01-08,ACTIVE,BR182,9.68,2024-07-27
A0893,C0272,SAVINGS,ZAR,399293.91,2022-12-23,ACTIVE,BR365,11.72,2025-05-01
A0894,C0146,CREDIT,ZAR,-38316.47,2021-04-19,ACTIVE,BR498,10.37,2024-08-29
A0895,C0439,CHEQUE,ZAR,97195.84,2021-01-31,ACTIVE,BR556,0.0,2022-05-22
A0896,C0426,CREDIT,ZAR,-24991.64,2021-08-11,DORMANT,BR346,7.52,2023-11-09
A0897,C0760,SAVINGS,ZAR,200922.33,2017-07-04,DORMANT,BR894,5.79,2019-12-17
A0898,C0373,SAVINGS,ZAR,247260.0,2020-03-04,ACTIVE,BR300,7.03,2026-01-21
A0899,C0294,MONEY_MARKET,ZAR,4124663.24,2024-05-19,ACTIVE,BR846,2.18,2026-04-22
A0900,C0390,FIXED_DEPOSIT,ZAR,1923215.42,2023-06-25,ACTIVE,BR906,5.19,2025-08-13
A0901,C0435,CHEQUE,ZAR,36982.67,2021-07-17,ACTIVE,BR403,0.0,2025-05-09
A0902,C0825,SAVINGS,ZAR,228593.69,2016-10-20,ACTIVE,BR800,4.08,2023-10-28
A0903,C0191,SAVINGS,ZAR,147831.24,2020-03-14,ACTIVE,BR715,5.26,2026-03-01
A0904,C0909,MONEY_MARKET,ZAR,4619254.96,2018-04-28,ACTIVE,BR127,10.6,2022-09-04
A0905,C0552,FIXED_DEPOSIT,ZAR,1954145.2,2020-03-24,ACTIVE,BR622,11.33,2020-06-21
A0906,C0565,CHEQUE,ZAR,109540.2,2020-03-25,CLOSED,BR103,0.0,2020-07-18
A0907,C0226,FIXED_DEPOSIT,ZAR,977978.49,2022-01-26,ACTIVE,BR756,3.23,2026-02-26
A0908,C0864,CHEQUE,ZAR,11145.38,2023-09-27,ACTIVE,BR285,0.0,2024-07-19
A0909,C0678,CREDIT,ZAR,-35615.09,2017-04-10,ACTIVE,BR159,5.1,2023-12-25
A0910,C0066,CHEQUE,ZAR,3954.61,2019-02-21,ACTIVE,BR486,0.0,2020-10-07
A0911,C0084,CREDIT,ZAR,-45678.39,2017-01-20,ACTIVE,BR625,2.38,2022-06-08
A0912,C0198,SAVINGS,ZAR,10309.08,2021-10-25,ACTIVE,BR557,8.86,2026-02-23
A0913,C0055,MONEY_MARKET,ZAR,4247512.46,2023-04-24,ACTIVE,BR793,5.88,2026-03-25
A0914,C0591,FIXED_DEPOSIT,ZAR,959357.98,2025-05-03,ACTIVE,BR729,5.89,2026-03-06
A0915,C0166,SAVINGS,ZAR,464936.26,2019-07-17,ACTIVE,BR602,1.99,2022-09-02
A0916,C0420,CREDIT,ZAR,-20947.26,2025-07-28,FROZEN,BR464,6.7,2025-09-14
A0917,C0548,CREDIT,ZAR,-33709.04,2022-12-13,FROZEN,BR109,5.69,2025-09-16
A0918,C0821,CHEQUE,ZAR,135365.83,2023-02-01,CLOSED,BR823,0.0,2024-11-03
A0919,C0250,MONEY_MARKET,ZAR,518828.85,2025-08-29,ACTIVE,BR948,1.63,2026-06-30
A0920,C0853,MONEY_MARKET,ZAR,1794375.54,2020-02-10,DORMANT,BR862,10.9,2024-10-03
A0921,C0612,SAVINGS,ZAR,152613.64,2020-09-10,ACTIVE,BR599,11.47,2026-05-19
A0922,C0588,SAVINGS,ZAR,419606.18,2016-12-29,ACTIVE,BR973,8.78,2023-08-11
A0923,C0600,CREDIT,ZAR,-94644.8,2025-12-12,ACTIVE,BR270,8.87,2026-02-08
A0924,C0844,CHEQUE,ZAR,-2341.55,2023-03-18,ACTIVE,BR605,0.0,2025-02-27
A0925,C0700,CHEQUE,ZAR,137599.51,2024-12-01,ACTIVE,BR327,0.0,2025-06-18
A0926,C0124,MONEY_MARKET,ZAR,4021535.64,2026-04-30,ACTIVE,BR581,7.87,2026-09-11
A0927,C0593,FIXED_DEPOSIT,ZAR,82895.62,2019-01-01,DORMANT,BR417,8.77,2019-08-19
A0928,C0689,CHEQUE,ZAR,28485.15,2021-05-04,ACTIVE,BR402,0.0,2023-06-03
A0929,C0341,CREDIT,ZAR,-49647.79,2024-09-15,ACTIVE,BR531,11.35,2025-05-13
A0930,C0601,CREDIT,ZAR,-45184.13,2026-04-14,DORMANT,BR256,6.28,2026-06-24
A0931,C0648,CHEQUE,ZAR,26596.07,2022-10-08,CLOSED,BR895,0.0,2024-09-07
A0932,C0829,SAVINGS,ZAR,136237.3,2020-11-28,DORMANT,BR817,9.38,2024-07-11
A0933,C0900,CREDIT,ZAR,-93323.11,2025-11-15,ACTIVE,BR951,3.55,2026-07-25
A0934,C0184,MONEY_MARKET,ZAR,4527788.04,2026-01-26,ACTIVE,BR820,12.4,2026-07-25
A0935,C0831,CHEQUE,ZAR,2651.14,2020-07-20,ACTIVE,BR504,0.0,2023-03-02
A0936,C0268,CREDIT,ZAR,-64199.25,2022-09-16,ACTIVE,BR312,9.18,2025-10-26
A0937,C0240,FIXED_DEPOSIT,ZAR,196693.88,2019-07-27,ACTIVE,BR894,1.13,2022-04-14
A0938,C0791,SAVINGS,ZAR,400509.77,2026-01-12,ACTIVE,BR633,8.44,2026-04-08
A0939,C0667,CREDIT,ZAR,-41285.67,2016-07-07,ACTIVE,BR413,4.85,2025-05-09
A0940,C0476,CREDIT,ZAR,-86438.86,2022-01-14,ACTIVE,BR846,0.89,2026-03-28
A0941,C0888,CREDIT,ZAR,-82415.8,2022-10-15,ACTIVE,BR595,8.13,2023-11-04
A0942,C0969,FIXED_DEPOSIT,ZAR,1523265.03,2023-04-19,ACTIVE,BR510,6.6,2023-09-02
A0943,C0987,CHEQUE,ZAR,122448.51,2018-06-02,ACTIVE,BR539,0.0,2023-06-30
A0944,C0710,SAVINGS,ZAR,68129.11,2021-05-12,ACTIVE,BR331,8.98,2021-06-03
A0945,C0136,CHEQUE,ZAR,128343.53,2019-06-05,ACTIVE,BR852,0.0,2022-06-16
A0946,C0632,SAVINGS,ZAR,262652.76,2023-09-20,ACTIVE,BR839,3.25,2024-01-23
A0947,C0935,MONEY_MARKET,ZAR,1265886.08,2023-07-22,ACTIVE,BR544,4.25,2023-08-20
A0948,C0558,SAVINGS,ZAR,50029.03,2025-12-30,ACTIVE,BR397,3.72,2026-05-30
A0949,C0874,CREDIT,ZAR,-72924.88,2025-10-14,ACTIVE,BR784,0.87,2026-03-06
A0950,C0857,CHEQUE,ZAR,149557.23,2025-01-24,ACTIVE,BR715,0.0,2025-12-05
A0951,C0360,MONEY_MARKET,ZAR,3522681.09,2020-08-11,CLOSED,BR220,8.52,2026-05-20
A0952,C0067,MONEY_MARKET,ZAR,4900379.89,2023-05-16,ACTIVE,BR380,0.6,2026-08-07
A0953,C0317,FIXED_DEPOSIT,ZAR,995035.66,2017-02-26,ACTIVE,BR652,7.94,2017-11-19
A0954,C0040,CHEQUE,ZAR,60583.39,2021-03-29,DORMANT,BR237,0.0,2022-12-03
A0955,C0701,FIXED_DEPOSIT,ZAR,1270541.03,2017-01-17,ACTIVE,BR944,2.65,2026-09-09
A0956,C0924,SAVINGS,ZAR,410922.39,2023-06-26,ACTIVE,BR758,2.9,2025-08-19
A0957,C0274,FIXED_DEPOSIT,ZAR,370664.81,2022-11-30,ACTIVE,BR279,0.92,2023-11-22
A0958,C0392,CHEQUE,ZAR,140780.62,2021-05-21,ACTIVE,BR779,0.0,2026-08-21
A0959,C0178,MONEY_MARKET,ZAR,3888070.27,2022-09-23,ACTIVE,BR339,3.28,2024-11-16
A0960,C0257,SAVINGS,ZAR,46523.29,2022-05-18,ACTIVE,BR942,7.0,2026-08-10
A0961,C0694,CHEQUE,ZAR,-1670.27,2022-10-29,ACTIVE,BR336,0.0,2024-07-15
A0962,C0670,CHEQUE,ZAR,124339.85,2019-02-22,ACTIVE,BR102,0.0,2023-05-22
A0963,C0182,MONEY_MARKET,ZAR,2586317.12,2023-07-21,ACTIVE,BR519,2.8,2025-03-26
A0964,C0620,CREDIT,ZAR,-76992.78,2022-01-15,ACTIVE,BR313,6.17,2022-08-12
A0965,C0447,CREDIT,ZAR,-9747.01,2020-04-10,ACTIVE,BR138,6.59,2024-05-01
A0966,C0292,FIXED_DEPOSIT,ZAR,505687.84,2017-12-20,ACTIVE,BR492,11.83,2019-06-20
A0967,C0352,CREDIT,ZAR,-97917.64,2019-09-12,ACTIVE,BR448,10.35,2019-12-09
A0968,C0356,CREDIT,ZAR,-83691.08,2025-08-31,ACTIVE,BR672,8.1,2026-05-25
A0969,C0624,CREDIT,ZAR,-72802.06,2020-03-08,FROZEN,BR591,10.62,2020-04-10
A0970,C0438,CHEQUE,ZAR,160367.06,2022-05-20,ACTIVE,BR532,0.0,2023-12-21
A0971,C0331,FIXED_DEPOSIT,ZAR,1205870.03,2018-05-08,DORMANT,BR581,5.36,2018-11-07
A0972,C0128,FIXED_DEPOSIT,ZAR,1607109.85,2021-02-18,ACTIVE,BR104,0.95,2024-06-14
A0973,C0281,CREDIT,ZAR,-86362.58,2019-10-25,ACTIVE,BR566,3.05,2022-11-23
A0974,C0748,FIXED_DEPOSIT,ZAR,1224936.02,2024-04-17,ACTIVE,BR486,6.7,2025-07-05
A0975,C0604,MONEY_MARKET,ZAR,2717524.83,2021-01-17,ACTIVE,BR567,0.7,2022-03-29
A0976,C0874,MONEY_MARKET,ZAR,4282927.02,2023-11-08,ACTIVE,BR984,10.9,2026-04-13
A0977,C0088,CREDIT,ZAR,-15372.07,2016-07-29,ACTIVE,BR184,1.47,2025-01-30
A0978,C0537,CHEQUE,ZAR,48445.54,2024-12-14,CLOSED,BR833,0.0,2026-03-17
A0979,C0402,SAVINGS,ZAR,240269.18,2019-10-11,ACTIVE,BR542,9.23,2019-10-11
A0980,C0556,FIXED_DEPOSIT,ZAR,1458662.94,2016-11-09,ACTIVE,BR120,8.73,2021-03-02
A0981,C0300,MONEY_MARKET,ZAR,1340759.26,2023-06-05,DORMANT,BR799,2.67,2025-01-06
A0982,C0626,CHEQUE,ZAR,176956.33,2020-02-16,FROZEN,BR689,0.0,2025-12-04
A0983,C0905,FIXED_DEPOSIT,ZAR,1953045.76,2016-03-17,CLOSED,BR431,9.61,2016-05-24
A0984,C0419,FIXED_DEPOSIT,ZAR,822971.7,2024-10-06,ACTIVE,BR909,11.88,2026-02-14
A0985,C0047,FIXED_DEPOSIT,ZAR,280071.71,2019-06-27,ACTIVE,BR370,11.31,2025-10-10
A0986,C0483,MONEY_MARKET,ZAR,4165621.95,2016-10-22,ACTIVE,BR271,11.29,2025-10-18
A0987,C0308,MONEY_MARKET,ZAR,4796881.64,2017-05-24,DORMANT,BR438,1.17,2025-01-17
A0988,C0332,CHEQUE,ZAR,173615.12,2022-01-16,FROZEN,BR538,0.0,2026-03-20
A0989,C0386,CHEQUE,ZAR,174281.6,2024-06-21,ACTIVE,BR908,0.0,2024-09-02
A0990,C0775,MONEY_MARKET,ZAR,1284372.38,2024-07-12,ACTIVE,BR686,3.43,2026-08-17
A0991,C0573,MONEY_MARKET,ZAR,4347453.31,2025-08-21,ACTIVE,BR300,4.38,2026-02-16
A0992,C0738,CHEQUE,ZAR,167179.19,2016-03-18,ACTIVE,BR181,0.0,2025-09-29
A0993,C0563,CHEQUE,ZAR,113511.65,2020-12-04,ACTIVE,BR186,0.0,2023-04-06
A0994,C0302,SAVINGS,ZAR,321385.93,2024-07-06,ACTIVE,BR477,2.27,2026-07-01
A0995,C0359,MONEY_MARKET,ZAR,2644695.27,2021-02-25,ACTIVE,BR149,11.2,2023-04-29
A0996,C0151,FIXED_DEPOSIT,ZAR,112694.94,2020-08-26,ACTIVE,BR532,3.09,2024-01-23
A0997,C0644,FIXED_DEPOSIT,ZAR,1194315.55,2018-05-15,ACTIVE,BR899,7.67,2026-08-26
A0998,C0108,CHEQUE,ZAR,105129.48,2018-08-10,ACTIVE,BR254,0.0,2020-10-21
A0999,C0451,CHEQUE,ZAR,134323.64,2020-02-27,ACTIVE,BR831,0.0,2020-09-09
A1000,C0226,MONEY_MARKET,ZAR,4199082.42,2025-11-24,DORMANT,BR408,3.86,2026-05-25
A1001,C0908,MONEY_MARKET,ZAR,2168637.82,2021-03-05,ACTIVE,BR239,5.16,2026-06-18
A1002,C0552,MONEY_MARKET,ZAR,1600150.52,2020-12-25,ACTIVE,BR728,11.32,2026-06-17
A1003,C0803,MONEY_MARKET,ZAR,2504186.56,2018-12-21,ACTIVE,BR483,7.86,2026-08-23
A1004,C0246,FIXED_DEPOSIT,ZAR,1882488.52,2023-04-16,DORMANT,BR829,4.51,2026-08-01
A1005,C0195,FIXED_DEPOSIT,ZAR,897789.0,2025-07-07,ACTIVE,BR359,11.04,2025-07-21
A1006,C0399,CHEQUE,ZAR,90474.84,2021-05-04,ACTIVE,BR388,0.0,2021-06-24
A1007,C0154,FIXED_DEPOSIT,ZAR,54829.5,2025-10-12,DORMANT,BR531,6.11,2025-11-22
A1008,C0456,FIXED_DEPOSIT,ZAR,707957.21,2022-09-10,ACTIVE,BR177,4.31,2025-05-01
A1009,C0796,CHEQUE,ZAR,37631.99,2023-04-23,ACTIVE,BR159,0.0,2023-06-28
A1010,C0872,SAVINGS,ZAR,138953.83,2022-05-27,ACTIVE,BR518,4.97,2024-05-27
A1011,C0248,CREDIT,ZAR,-25513.48,2017-09-06,ACTIVE,BR451,3.43,2026-08-28
A1012,C0673,FIXED_DEPOSIT,ZAR,851106.2,2023-05-05,ACTIVE,BR284,11.47,2024-01-26
A1013,C0033,MONEY_MARKET,ZAR,3174924.23,2020-10-26,CLOSED,BR787,9.65,2021-03-25
A1014,C0030,FIXED_DEPOSIT,ZAR,1712379.73,2021-03-25,ACTIVE,BR180,1.34,2025-05-09
A1015,C0316,CHEQUE,ZAR,114907.43,2025-02-19,ACTIVE,BR470,0.0,2026-04-26
A1016,C0615,SAVINGS,ZAR,344748.49,2016-11-18,ACTIVE,BR681,7.6,2021-05-10
A1017,C0089,FIXED_DEPOSIT,ZAR,1099760.95,2016-11-25,ACTIVE,BR425,6.53,2025-04-19
A1018,C0952,MONEY_MARKET,ZAR,1419575.01,2024-10-30,ACTIVE,BR419,9.26,2026-02-23
A1019,C0946,MONEY_MARKET,ZAR,510396.57,2020-10-07,ACTIVE,BR763,5.4,2026-03-24
A1020,C0738,SAVINGS,ZAR,230832.98,2019-02-23,ACTIVE,BR509,8.55,2023-06-12
A1021,C0151,CREDIT,ZAR,-29183.02,2025-12-05,ACTIVE,BR481,9.04,2026-06-11
A1022,C0615,MONEY_MARKET,ZAR,2951526.15,2019-11-06,ACTIVE,BR757,7.93,2022-12-11
A1023,C0239,CHEQUE,ZAR,136789.36,2023-11-12,ACTIVE,BR284,0.0,2024-11-26
A1024,C0931,MONEY_MARKET,ZAR,1464574.58,2020-09-27,ACTIVE,BR384,10.56,2023-06-15
A1025,C0433,CREDIT,ZAR,-82526.48,2021-12-31,ACTIVE,BR359,1.16,2022-05-17
A1026,C0091,CHEQUE,ZAR,104046.5,2025-10-26,ACTIVE,BR415,0.0,2026-07-01
A1027,C0889,FIXED_DEPOSIT,ZAR,494835.61,2021-01-21,ACTIVE,BR958,1.58,2026-02-22
A1028,C0172,CREDIT,ZAR,-73884.98,2019-10-22,ACTIVE,BR409,10.43,2019-11-01
A1029,C0621,CHEQUE,ZAR,48803.4,2019-09-02,ACTIVE,BR864,0.0,2021-07-14
A1030,C0517,CHEQUE,ZAR,93574.42,2024-10-12,ACTIVE,BR465,0.0,2025-01-04
A1031,C0766,CREDIT,ZAR,-31804.14,2026-04-09,ACTIVE,BR516,5.46,2026-08-14
A1032,C0098,MONEY_MARKET,ZAR,1058745.54,2019-05-23,CLOSED,BR475,1.42,2021-06-30
A1033,C0364,SAVINGS,ZAR,257106.95,2017-08-01,ACTIVE,BR528,9.77,2023-07-30
A1034,C0216,SAVINGS,ZAR,475438.05,2019-12-01,CLOSED,BR894,6.96,2021-10-18
A1035,C0564,SAVINGS,ZAR,301198.48,2021-06-25,ACTIVE,BR737,10.18,2021-10-21
A1036,C0311,CREDIT,ZAR,-29411.82,2021-11-10,ACTIVE,BR177,11.5,2024-12-18
A1037,C0370,MONEY_MARKET,ZAR,4047872.79,2019-09-14,DORMANT,BR986,1.83,2024-11-13
A1038,C0636,FIXED_DEPOSIT,ZAR,363850.9,2024-07-01,ACTIVE,BR974,1.67,2025-02-11
A1039,C0781,FIXED_DEPOSIT,ZAR,1909641.88,2021-12-21,ACTIVE,BR833,9.69,2026-01-28
A1040,C0984,SAVINGS,ZAR,266481.46,2018-03-14,DORMANT,BR986,5.12,2021-02-07
A1041,C0622,CHEQUE,ZAR,196316.07,2023-11-21,ACTIVE,BR260,0.0,2024-06-18
A1042,C0379,CREDIT,ZAR,-42576.67,2025-10-29,ACTIVE,BR347,12.24,2025-11-24
A1043,C0946,CREDIT,ZAR,-89839.51,2024-03-31,ACTIVE,BR421,2.36,2024-10-14
A1044,C0090,FIXED_DEPOSIT,ZAR,598488.64,2017-01-06,ACTIVE,BR301,3.49,2020-09-28
A1045,C0201,FIXED_DEPOSIT,ZAR,1699460.02,2020-01-24,CLOSED,BR428,3.18,2022-03-11
A1046,C0315,SAVINGS,ZAR,148486.6,2025-01-24,ACTIVE,BR645,1.56,2025-05-06
A1047,C0910,SAVINGS,ZAR,370226.98,2022-11-30,ACTIVE,BR662,4.14,2024-08-31
A1048,C0417,FIXED_DEPOSIT,ZAR,1485430.45,2021-02-13,ACTIVE,BR343,9.49,2022-10-31
A1049,C0311,FIXED_DEPOSIT,ZAR,248161.91,2025-12-09,ACTIVE,BR288,7.67,2026-01-28
A1050,C0962,CHEQUE,ZAR,120844.29,2020-07-23,CLOSED,BR373,0.0,2024-05-20
A1051,C0427,CHEQUE,ZAR,57891.14,2016-08-13,ACTIVE,BR732,0.0,2024-11-04
A1052,C0430,SAVINGS,ZAR,485852.31,2016-04-03,CLOSED,BR866,5.09,2023-06-10
A1053,C0631,MONEY_MARKET,ZAR,511753.05,2023-09-27,ACTIVE,BR871,11.16,2026-09-09
A1054,C0681,CHEQUE,ZAR,46262.04,2017-10-17,DORMANT,BR226,0.0,2022-04-30
A1055,C0428,CREDIT,ZAR,-17577.32,2017-08-02,CLOSED,BR255,8.74,2024-09-06
A1056,C0951,MONEY_MARKET,ZAR,3208281.15,2019-12-28,ACTIVE,BR900,5.07,2026-05-13
A1057,C0150,MONEY_MARKET,ZAR,200861.11,2026-09-15,ACTIVE,BR377,6.46,2026-09-15
A1058,C0004,SAVINGS,ZAR,5660.1,2024-05-12,ACTIVE,BR242,8.44,2026-02-20
A1059,C0133,FIXED_DEPOSIT,ZAR,1522526.1,2021-07-09,ACTIVE,BR566,1.09,2022-08-25
A1060,C0032,CHEQUE,ZAR,4558.42,2017-08-20,ACTIVE,BR574,0.0,2020-08-18
A1061,C0631,CREDIT,ZAR,-50665.42,2019-10-23,ACTIVE,BR924,2.8,2024-12-31
A1062,C0625,SAVINGS,ZAR,174889.11,2017-08-15,ACTIVE,BR290,11.31,2018-02-14
A1063,C0525,FIXED_DEPOSIT,ZAR,1770322.19,2023-08-04,DORMANT,BR123,8.98,2024-05-31
A1064,C0017,CREDIT,ZAR,-19398.64,2020-06-24,ACTIVE,BR665,0.84,2022-07-09
A1065,C0429,FIXED_DEPOSIT,ZAR,1568519.56,2016-02-22,DORMANT,BR588,3.66,2025-03-01
A1066,C0622,MONEY_MARKET,ZAR,4831892.92,2023-10-07,ACTIVE,BR693,0.78,2024-03-25
A1067,C0599,CREDIT,ZAR,-49494.05,2024-03-03,ACTIVE,BR804,3.62,2024-04-08
A1068,C0399,SAVINGS,ZAR,164681.53,2026-02-05,DORMANT,BR541,10.16,2026-04-02
A1069,C0504,CREDIT,ZAR,-46915.69,2022-04-08,CLOSED,BR553,9.24,2024-05-27
A1070,C0714,FIXED_DEPOSIT,ZAR,1965246.9,2020-10-09,FROZEN,BR738,10.46,2021-08-08
A1071,C0675,CHEQUE,ZAR,191591.23,2020-05-13,ACTIVE,BR231,0.0,2021-11-29
A1072,C0906,CREDIT,ZAR,-91181.58,2016-04-04,ACTIVE,BR844,10.92,2022-06-29
A1073,C0945,MONEY_MARKET,ZAR,1433238.9,2016-02-07,DORMANT,BR383,8.48,2021-02-11
A1074,C0592,SAVINGS,ZAR,307737.8,2024-06-14,ACTIVE,BR117,2.99,2024-10-16
A1075,C0534,FIXED_DEPOSIT,ZAR,1177858.22,2025-08-10,FROZEN,BR430,9.26,2026-05-23
A1076,C0736,CHEQUE,ZAR,111755.25,2026-08-30,ACTIVE,BR703,0.0,2026-09-02
A1077,C0829,FIXED_DEPOSIT,ZAR,1131081.97,2021-02-25,ACTIVE,BR470,3.3,2023-08-16
A1078,C0246,CHEQUE,ZAR,115647.41,2022-04-16,DORMANT,BR853,0.0,2024-07-31
A1079,C0655,MONEY_MARKET,ZAR,328662.49,2018-05-30,ACTIVE,BR846,3.15,2025-10-13
A1080,C0009,MONEY_MARKET,ZAR,4048750.55,2021-07-14,ACTIVE,BR622,9.61,2023-10-19
A1081,C0789,CREDIT,ZAR,-58612.85,2024-05-22,ACTIVE,BR489,8.77,2024-10-21
A1082,C0171,CREDIT,ZAR,-63244.0,2025-12-28,ACTIVE,BR778,6.92,2026-04-02
A1083,C0928,CHEQUE,ZAR,28773.67,2021-11-22,ACTIVE,BR101,0.0,2026-02-25
A1084,C0224,SAVINGS,ZAR,77215.78,2021-11-28,ACTIVE,BR142,5.74,2024-10-07
A1085,C0438,CREDIT,ZAR,-46482.22,2019-11-05,ACTIVE,BR951,5.57,2024-06-08
A1086,C0019,MONEY_MARKET,ZAR,3073518.63,2021-08-19,ACTIVE,BR431,10.12,2022-11-10
A1087,C0752,MONEY_MARKET,ZAR,1439595.79,2019-01-06,ACTIVE,BR688,6.2,2020-08-28
A1088,C0366,SAVINGS,ZAR,318125.57,2018-08-04,ACTIVE,BR589,4.37,2022-06-15
A1089,C0644,FIXED_DEPOSIT,ZAR,325695.03,2022-09-22,ACTIVE,BR737,6.36,2025-09-26
A1090,C0090,MONEY_MARKET,ZAR,4836491.51,2019-02-06,ACTIVE,BR751,3.99,2025-01-01
A1091,C0909,MONEY_MARKET,ZAR,4914663.09,2023-09-02,ACTIVE,BR554,4.38,2024-05-05
A1092,C0632,SAVINGS,ZAR,309447.44,2024-11-09,ACTIVE,BR442,3.19,2026-07-29
A1093,C0807,MONEY_MARKET,ZAR,1625553.07,2019-12-27,ACTIVE,BR897,8.2,2023-06-21
A1094,C0413,SAVINGS,ZAR,220355.8,2022-11-09,ACTIVE,BR343,11.72,2022-11-25
A1095,C0979,SAVINGS,ZAR,103351.8,2022-05-06,ACTIVE,BR937,2.7,2022-12-17
A1096,C0197,MONEY_MARKET,ZAR,4193761.87,2024-10-17,ACTIVE,BR854,4.43,2026-02-15
A1097,C0945,CHEQUE,ZAR,52560.28,2017-12-07,ACTIVE,BR387,0.0,2026-06-13
A1098,C0763,CREDIT,ZAR,-78503.35,2024-11-17,ACTIVE,BR714,2.51,2025-12-12
A1099,C0050,MONEY_MARKET,ZAR,2860241.81,2022-03-16,ACTIVE,BR360,5.73,2026-02-04
A1100,C0824,SAVINGS,ZAR,316920.81,2016-12-05,ACTIVE,BR134,3.8,2025-10-29
A1101,C0932,CHEQUE,ZAR,56502.48,2018-03-16,ACTIVE,BR958,0.0,2021-12-11
A1102,C0766,CHEQUE,ZAR,44612.22,2020-12-01,ACTIVE,BR639,0.0,2025-05-23
A1103,C0498,MONEY_MARKET,ZAR,566418.02,2024-05-17,ACTIVE,BR367,3.77,2024-06-02
A1104,C0600,FIXED_DEPOSIT,ZAR,316939.71,2018-09-30,ACTIVE,BR729,11.19,2024-03-06
A1105,C0766,FIXED_DEPOSIT,ZAR,1651143.86,2026-06-11,ACTIVE,BR817,2.15,2026-06-28
A1106,C0341,SAVINGS,ZAR,374718.46,2023-01-20,ACTIVE,BR813,10.73,2024-09-23
A1107,C0065,CREDIT,ZAR,-89291.45,2022-06-06,ACTIVE,BR827,6.87,2024-05-20
A1108,C0757,MONEY_MARKET,ZAR,3151360.0,2020-12-25,ACTIVE,BR922,6.52,2021-06-17
A1109,C0901,CHEQUE,ZAR,175654.4,2016-12-16,ACTIVE,BR428,0.0,2025-01-22
A1110,C0252,CHEQUE,ZAR,171483.55,2022-03-31,ACTIVE,BR564,0.0,2024-02-25
A1111,C0143,FIXED_DEPOSIT,ZAR,187788.22,2022-02-26,ACTIVE,BR286,5.5,2023-05-17
A1112,C0408,CREDIT,ZAR,-52230.75,2020-02-27,ACTIVE,BR395,9.48,2020-03-08
A1113,C0625,MONEY_MARKET,ZAR,3894969.58,2022-04-17,ACTIVE,BR592,10.46,2022-10-02
A1114,C0584,CREDIT,ZAR,-6184.16,2023-10-25,ACTIVE,BR166,5.97,2025-11-30
A1115,C0157,FIXED_DEPOSIT,ZAR,1149447.38,2016-10-07,ACTIVE,BR406,1.65,2020-03-16
A1116,C0170,CREDIT,ZAR,-66094.68,2024-10-02,ACTIVE,BR539,11.51,2026-06-28
A1117,C0533,CREDIT,ZAR,-24066.45,2017-12-29,ACTIVE,BR629,9.87,2021-10-06
A1118,C0279,CREDIT,ZAR,-56002.52,2021-05-03,ACTIVE,BR488,9.86,2024-08-07
A1119,C0020,SAVINGS,ZAR,180886.21,2021-05-25,ACTIVE,BR727,3.66,2025-11-05
A1120,C0856,CHEQUE,ZAR,57713.11,2023-02-28,FROZEN,BR542,0.0,2026-03-03
A1121,C0505,MONEY_MARKET,ZAR,554150.52,2023-05-16,DORMANT,BR919,7.26,2024-02-28
A1122,C0597,SAVINGS,ZAR,132889.18,2025-04-22,ACTIVE,BR155,6.34,2025-12-24
A1123,C0116,FIXED_DEPOSIT,ZAR,698090.7,2025-09-13,ACTIVE,BR574,6.1,2025-10-09
A1124,C0127,SAVINGS,ZAR,474878.34,2017-03-25,ACTIVE,BR573,5.96,2019-10-17
A1125,C0985,FIXED_DEPOSIT,ZAR,533032.97,2022-11-22,ACTIVE,BR938,11.23,2024-05-12
A1126,C0137,CREDIT,ZAR,-82705.12,2021-06-04,CLOSED,BR579,12.04,2023-04-24
A1127,C0107,MONEY_MARKET,ZAR,1155091.36,2018-11-08,ACTIVE,BR848,8.11,2022-04-26
A1128,C0547,SAVINGS,ZAR,164466.62,2020-05-30,ACTIVE,BR578,3.07,2023-12-07
A1129,C0882,CHEQUE,ZAR,24636.31,2018-08-31,ACTIVE,BR481,0.0,2022-08-01
A1130,C0855,CREDIT,ZAR,-22475.3,2016-03-13,ACTIVE,BR904,12.12,2020-01-21
A1131,C0613,MONEY_MARKET,ZAR,1541988.77,2024-05-17,ACTIVE,BR613,1.67,2025-07-09
A1132,C0160,MONEY_MARKET,ZAR,3947703.42,2016-06-30,CLOSED,BR891,11.41,2023-07-16
A1133,C0199,SAVINGS,ZAR,205331.26,2024-09-16,ACTIVE,BR859,9.33,2026-07-01
A1134,C0002,FIXED_DEPOSIT,ZAR,608160.19,2020-12-23,ACTIVE,BR357,5.31,2025-12-18
A1135,C0748,SAVINGS,ZAR,489538.36,2018-11-08,ACTIVE,BR600,9.14,2026-08-18
A1136,C0128,CHEQUE,ZAR,108974.06,2019-04-06,ACTIVE,BR685,0.0,2023-01-27
A1137,C0730,SAVINGS,ZAR,108454.38,2021-10-23,CLOSED,BR481,9.07,2024-01-25
A1138,C0473,SAVINGS,ZAR,12796.6,2017-05-17,ACTIVE,BR497,1.71,2018-03-31
A1139,C0631,MONEY_MARKET,ZAR,3405132.31,2019-11-26,ACTIVE,BR140,9.6,2024-10-25
A1140,C0393,SAVINGS,ZAR,230059.96,2026-07-17,ACTIVE,BR376,7.4,2026-08-17
A1141,C0718,CREDIT,ZAR,-40261.76,2020-11-06,CLOSED,BR420,4.27,2021-12-11
A1142,C0721,MONEY_MARKET,ZAR,822674.15,2026-02-19,ACTIVE,BR473,7.44,2026-09-06
A1143,C0563,CHEQUE,ZAR,152983.34,2023-06-15,CLOSED,BR534,0.0,2025-12-12
A1144,C0256,MONEY_MARKET,ZAR,1797055.92,2023-08-04,ACTIVE,BR538,6.34,2024-12-07
A1145,C0690,FIXED_DEPOSIT,ZAR,1593211.43,2025-11-10,ACTIVE,BR708,5.39,2026-07-18
A1146,C0132,SAVINGS,ZAR,66506.42,2021-02-04,ACTIVE,BR376,9.85,2023-06-29
A1147,C0354,CHEQUE,ZAR,163155.93,2024-12-24,ACTIVE,BR726,0.0,2024-12-31
A1148,C0195,SAVINGS,ZAR,23659.46,2019-01-19,ACTIVE,BR977,4.22,2024-07-28
A1149,C0233,FIXED_DEPOSIT,ZAR,870104.4,2022-11-21,DORMANT,BR330,4.26,2026-01-26
A1150,C0788,MONEY_MARKET,ZAR,4109909.1,2020-12-13,ACTIVE,BR811,3.72,2021-03-14
A1151,C0787,CHEQUE,ZAR,170101.61,2023-11-21,DORMANT,BR111,0.0,2024-03-05
A1152,C0739,MONEY_MARKET,ZAR,1180220.19,2023-07-21,ACTIVE,BR743,5.74,2025-08-06
A1153,C0158,CREDIT,ZAR,-61016.81,2025-02-15,ACTIVE,BR278,12.19,2026-01-31
A1154,C0686,CHEQUE,ZAR,80091.51,2026-08-21,DORMANT,BR582,0.0,2026-09-15
A1155,C0271,CREDIT,ZAR,-29245.8,2026-08-10,ACTIVE,BR244,11.14,2026-09-12
A1156,C0962,MONEY_MARKET,ZAR,2937206.12,2020-10-23,ACTIVE,BR229,8.57,2023-01-04
A1157,C0271,CHEQUE,ZAR,123457.71,2016-11-05,ACTIVE,BR987,0.0,2018-08-18
A1158,C0946,MONEY_MARKET,ZAR,585616.9,2016-12-04,ACTIVE,BR757,7.06,2025-12-18
A1159,C0342,CHEQUE,ZAR,161052.45,2025-06-14,DORMANT,BR503,0.0,2026-07-07
A1160,C0987,FIXED_DEPOSIT,ZAR,535570.81,2021-01-23,ACTIVE,BR486,11.48,2023-06-21
A1161,C0703,CHEQUE,ZAR,162889.27,2020-03-15,ACTIVE,BR178,0.0,2021-06-06
A1162,C0817,CREDIT,ZAR,-22753.46,2017-02-03,ACTIVE,BR970,9.67,2024-11-24
A1163,C0219,FIXED_DEPOSIT,ZAR,770272.59,2016-12-15,ACTIVE,BR623,12.1,2024-08-29
A1164,C0060,FIXED_DEPOSIT,ZAR,420094.29,2017-08-14,DORMANT,BR758,6.98,2025-05-10
A1165,C0456,CREDIT,ZAR,-16249.87,2018-06-05,ACTIVE,BR625,4.11,2019-07-18
A1166,C0920,CREDIT,ZAR,-72054.17,2024-09-24,ACTIVE,BR182,3.62,2026-08-11
A1167,C0029,CHEQUE,ZAR,188954.32,2017-11-10,ACTIVE,BR634,0.0,2020-08-04
A1168,C0332,CHEQUE,ZAR,49727.41,2018-09-22,ACTIVE,BR199,0.0,2019-12-21
A1169,C0174,CHEQUE,ZAR,106049.05,2020-12-19,CLOSED,BR111,0.0,2023-02-28
A1170,C0494,SAVINGS,ZAR,439237.01,2021-09-12,ACTIVE,BR398,6.12,2024-05-27
A1171,C0587,SAVINGS,ZAR,5382.5,2024-03-18,ACTIVE,BR780,6.3,2024-07-07
A1172,C0795,CREDIT,ZAR,-53496.79,2018-08-29,ACTIVE,BR718,4.98,2024-01-29
A1173,C0495,MONEY_MARKET,ZAR,3460762.26,2023-05-03,ACTIVE,BR526,2.73,2023-11-11
A1174,C0043,MONEY_MARKET,ZAR,1445597.7,2017-08-26,ACTIVE,BR628,5.24,2018-03-16
A1175,C0514,FIXED_DEPOSIT,ZAR,785962.69,2017-02-25,ACTIVE,BR145,3.21,2026-06-05
A1176,C0866,CHEQUE,ZAR,55961.47,2020-05-04,ACTIVE,BR510,0.0,2023-03-21
A1177,C0479,CREDIT,ZAR,-70148.94,2020-10-24,ACTIVE,BR185,5.32,2024-06-07
A1178,C0699,CHEQUE,ZAR,-811.2,2022-10-31,ACTIVE,BR356,0.0,2026-01-08
A1179,C0737,SAVINGS,ZAR,354856.6,2022-05-01,ACTIVE,BR115,3.25,2023-01-23
A1180,C0678,FIXED_DEPOSIT,ZAR,1996117.54,2025-02-17,ACTIVE,BR710,5.91,2025-04-12
A1181,C0071,SAVINGS,ZAR,368722.73,2022-03-12,ACTIVE,BR687,1.7,2024-06-02
A1182,C0594,CREDIT,ZAR,-60874.02,2017-08-05,CLOSED,BR573,3.83,2018-11-30
A1183,C0253,FIXED_DEPOSIT,ZAR,143299.56,2026-05-05,ACTIVE,BR507,9.24,2026-07-31
A1184,C0815,CHEQUE,ZAR,-4293.31,2020-07-02,ACTIVE,BR533,0.0,2020-10-12
A1185,C0523,CREDIT,ZAR,-54450.44,2023-12-09,ACTIVE,BR626,0.63,2026-05-12
A1186,C0204,CREDIT,ZAR,-22729.74,2018-08-07,ACTIVE,BR336,9.57,2021-12-09
A1187,C0860,CHEQUE,ZAR,122419.31,2023-08-27,ACTIVE,BR518,0.0,2025-09-06
A1188,C0907,MONEY_MARKET,ZAR,4027014.02,2018-09-07,DORMANT,BR591,4.24,2021-07-12
A1189,C0223,MONEY_MARKET,ZAR,3868867.23,2022-06-08,ACTIVE,BR225,0.81,2023-05-07
A1190,C0049,SAVINGS,ZAR,453682.35,2019-05-31,ACTIVE,BR254,11.43,2022-02-25
A1191,C0586,CHEQUE,ZAR,62735.91,2016-12-21,ACTIVE,BR750,0.0,2023-07-05
A1192,C0593,MONEY_MARKET,ZAR,109075.5,2022-05-08,ACTIVE,BR927,9.6,2025-09-23
A1193,C0505,MONEY_MARKET,ZAR,4648288.05,2017-02-13,ACTIVE,BR597,8.89,2019-04-11
A1194,C0421,SAVINGS,ZAR,250208.48,2019-11-15,CLOSED,BR686,4.14,2021-04-28
A1195,C0956,FIXED_DEPOSIT,ZAR,1400307.62,2026-03-16,ACTIVE,BR195,12.06,2026-05-19
A1196,C0238,CREDIT,ZAR,-23923.38,2025-01-27,ACTIVE,BR704,4.35,2025-09-28
A1197,C0573,MONEY_MARKET,ZAR,1331394.73,2020-04-26,ACTIVE,BR564,9.67,2024-11-04
A1198,C0887,MONEY_MARKET,ZAR,3352794.25,2021-03-18,DORMANT,BR109,5.15,2022-06-20
A1199,C0965,FIXED_DEPOSIT,ZAR,1908795.9,2019-08-22,DORMANT,BR701,10.09,2024-09-27
A1200,C0082,CHEQUE,ZAR,126005.81,2025-06-13,ACTIVE,BR342,0.0,2025-07-05
A1201,C0182,CHEQUE,ZAR,49160.32,2018-07-13,ACTIVE,BR866,0.0,2026-08-19
A1202,C0935,MONEY_MARKET,ZAR,3786903.82,2019-09-27,ACTIVE,BR370,12.43,2023-07-21
A1203,C0001,SAVINGS,ZAR,151167.12,2024-09-27,ACTIVE,BR646,10.81,2026-05-20
A1204,C0895,FIXED_DEPOSIT,ZAR,1966605.75,2023-11-10,ACTIVE,BR322,10.62,2024-05-17
A1205,C0021,FIXED_DEPOSIT,ZAR,1714327.05,2020-05-04,DORMANT,BR266,6.3,2025-06-10
A1206,C0870,CREDIT,ZAR,-41632.38,2024-09-27,CLOSED,BR937,7.46,2025-07-30
A1207,C0852,MONEY_MARKET,ZAR,630966.69,2020-08-20,ACTIVE,BR595,11.94,2025-12-08
A1208,C0903,MONEY_MARKET,ZAR,2275396.22,2019-06-10,ACTIVE,BR861,4.71,2023-04-08
A1209,C0525,MONEY_MARKET,ZAR,2848108.21,2017-09-05,ACTIVE,BR270,5.15,2024-02-22
A1210,C0520,CHEQUE,ZAR,64259.94,2019-04-27,CLOSED,BR796,0.0,2019-08-06
A1211,C0011,CHEQUE,ZAR,119815.29,2022-07-03,ACTIVE,BR801,0.0,2024-08-19
A1212,C0358,CREDIT,ZAR,-25835.7,2025-08-16,ACTIVE,BR544,5.05,2026-06-14
A1213,C0945,CREDIT,ZAR,-13449.8,2018-01-15,ACTIVE,BR983,5.39,2020-06-27
A1214,C0954,CREDIT,ZAR,-59023.29,2017-06-25,ACTIVE,BR134,8.0,2022-06-12
A1215,C0468,MONEY_MARKET,ZAR,2223212.72,2025-12-25,ACTIVE,BR141,9.58,2026-04-09
A1216,C0915,CREDIT,ZAR,-17458.55,2022-05-03,ACTIVE,BR328,6.46,2025-08-21
A1217,C0764,CHEQUE,ZAR,160618.9,2025-11-10,CLOSED,BR171,0.0,2025-12-23
A1218,C0449,SAVINGS,ZAR,379668.76,2026-08-12,FROZEN,BR226,2.06,2026-09-07
A1219,C0677,CHEQUE,ZAR,157559.62,2018-02-06,ACTIVE,BR768,0.0,2019-12-25
A1220,C0168,FIXED_DEPOSIT,ZAR,471338.28,2018-04-06,ACTIVE,BR894,3.4,2019-11-13
A1221,C0604,CHEQUE,ZAR,185460.13,2022-12-01,ACTIVE,BR488,0.0,2023-01-16
A1222,C0726,MONEY_MARKET,ZAR,4453505.11,2025-02-17,DORMANT,BR486,7.29,2025-11-08
A1223,C0940,CHEQUE,ZAR,-4527.25,2023-08-17,ACTIVE,BR770,0.0,2024-05-10
A1224,C0449,CHEQUE,ZAR,105225.58,2019-10-28,ACTIVE,BR897,0.0,2021-05-25
A1225,C0093,CREDIT,ZAR,-86345.98,2019-06-05,ACTIVE,BR593,9.08,2019-12-20
A1226,C0392,SAVINGS,ZAR,430756.79,2024-10-22,ACTIVE,BR643,11.13,2026-05-14
A1227,C0545,FIXED_DEPOSIT,ZAR,962964.16,2019-03-22,CLOSED,BR351,1.78,2025-09-16
A1228,C0011,CREDIT,ZAR,-74407.49,2024-10-13,ACTIVE,BR418,11.35,2026-04-08
A1229,C0254,SAVINGS,ZAR,487215.82,2019-08-20,ACTIVE,BR409,12.15,2023-09-23
A1230,C0031,FIXED_DEPOSIT,ZAR,964545.83,2024-12-23,DORMANT,BR534,7.11,2026-03-25
A1231,C0029,CREDIT,ZAR,-32126.44,2020-06-13,ACTIVE,BR839,7.58,2021-11-27
A1232,C0256,CHEQUE,ZAR,176981.32,2017-05-16,CLOSED,BR135,0.0,2018-06-01
A1233,C0926,CREDIT,ZAR,-67397.15,2024-01-16,ACTIVE,BR524,11.57,2025-09-13
A1234,C0135,CREDIT,ZAR,-46005.44,2023-06-03,ACTIVE,BR637,9.82,2024-04-24
A1235,C0208,CREDIT,ZAR,-17363.36,2021-07-28,ACTIVE,BR357,10.12,2026-02-01
A1236,C0371,FIXED_DEPOSIT,ZAR,1596435.07,2022-05-13,ACTIVE,BR937,1.86,2026-02-06
A1237,C0318,CREDIT,ZAR,-69958.29,2020-05-25,ACTIVE,BR340,2.84,2022-06-12
A1238,C0519,CREDIT,ZAR,-99337.08,2022-03-30,ACTIVE,BR431,1.44,2022-06-22
A1239,C0500,CHEQUE,ZAR,59004.99,2021-11-28,ACTIVE,BR253,0.0,2022-01-10
A1240,C0164,CHEQUE,ZAR,144777.62,2023-08-21,ACTIVE,BR103,0.0,2024-02-05
A1241,C0305,MONEY_MARKET,ZAR,1864541.43,2020-01-18,ACTIVE,BR507,3.81,2025-08-19
A1242,C0675,CREDIT,ZAR,-13511.16,2017-07-17,ACTIVE,BR989,11.16,2022-02-03
A1243,C0896,MONEY_MARKET,ZAR,2359014.28,2017-06-23,ACTIVE,BR118,9.86,2021-06-18
A1244,C0698,CHEQUE,ZAR,134511.92,2020-07-19,ACTIVE,BR382,0.0,2022-06-18
A1245,C0889,SAVINGS,ZAR,360683.16,2018-07-30,ACTIVE,BR647,11.4,2022-05-29
A1246,C0556,FIXED_DEPOSIT,ZAR,1864688.77,2024-03-29,DORMANT,BR306,0.66,2025-04-14
A1247,C0506,CREDIT,ZAR,-85824.13,2026-09-05,ACTIVE,BR668,3.09,2026-09-13
A1248,C0051,SAVINGS,ZAR,397830.92,2020-10-11,DORMANT,BR443,5.85,2022-07-01
A1249,C0411,CHEQUE,ZAR,94512.44,2017-07-05,ACTIVE,BR779,0.0,2023-06-21
A1250,C0721,FIXED_DEPOSIT,ZAR,208448.8,2021-08-10,ACTIVE,BR107,1.65,2021-11-08
A1251,C0443,SAVINGS,ZAR,248226.09,2022-05-05,FROZEN,BR594,8.53,2022-06-30
A1252,C0359,CREDIT,ZAR,-92638.6,2017-06-12,ACTIVE,BR222,10.68,2019-03-07
A1253,C0739,CREDIT,ZAR,-64716.84,2024-02-12,ACTIVE,BR821,2.29,2025-09-12
A1254,C0004,MONEY_MARKET,ZAR,4165136.51,2025-06-09,ACTIVE,BR971,2.87,2026-02-08
A1255,C0518,CREDIT,ZAR,-83847.47,2019-10-26,CLOSED,BR451,6.93,2023-12-27
A1256,C0128,FIXED_DEPOSIT,ZAR,163877.41,2025-02-02,DORMANT,BR921,7.75,2026-05-02
A1257,C0616,SAVINGS,ZAR,82520.35,2019-03-02,ACTIVE,BR906,6.1,2024-04-26
A1258,C0880,FIXED_DEPOSIT,ZAR,230291.84,2023-10-21,ACTIVE,BR417,11.48,2025-06-24
A1259,C0479,CREDIT,ZAR,-17327.42,2025-02-02,ACTIVE,BR262,5.13,2026-01-22
A1260,C0530,CREDIT,ZAR,-7432.39,2016-11-22,ACTIVE,BR171,2.63,2024-03-20
A1261,C0992,CREDIT,ZAR,-20827.39,2026-09-06,ACTIVE,BR560,3.33,2026-09-12
A1262,C0176,MONEY_MARKET,ZAR,4415249.09,2021-05-20,ACTIVE,BR295,8.12,2022-06-28
A1263,C0312,FIXED_DEPOSIT,ZAR,1249045.44,2025-08-23,ACTIVE,BR607,2.48,2026-03-03
A1264,C0113,FIXED_DEPOSIT,ZAR,681741.31,2021-05-05,ACTIVE,BR828,10.72,2022-08-04
A1265,C0693,CREDIT,ZAR,-35241.06,2025-09-19,DORMANT,BR728,11.49,2025-10-13
A1266,C0951,CHEQUE,ZAR,104457.9,2019-01-11,ACTIVE,BR403,0.0,2020-06-07
A1267,C0596,FIXED_DEPOSIT,ZAR,1729646.55,2021-04-12,CLOSED,BR741,0.87,2021-07-23
A1268,C0010,CREDIT,ZAR,-39859.25,2019-03-21,ACTIVE,BR462,6.3,2024-07-29
A1269,C0295,MONEY_MARKET,ZAR,4400956.59,2017-06-06,ACTIVE,BR811,9.85,2025-03-18
A1270,C0375,CHEQUE,ZAR,48648.31,2017-05-30,ACTIVE,BR133,0.0,2019-11-20
A1271,C0614,MONEY_MARKET,ZAR,1193097.97,2024-10-07,ACTIVE,BR186,9.11,2025-07-08
A1272,C0103,SAVINGS,ZAR,339417.08,2026-03-26,ACTIVE,BR347,1.8,2026-04-24
A1273,C0840,MONEY_MARKET,ZAR,952281.61,2018-01-25,ACTIVE,BR167,3.6,2021-09-30
A1274,C0993,MONEY_MARKET,ZAR,3950399.57,2022-05-30,DORMANT,BR749,1.29,2023-11-25
A1275,C0626,CHEQUE,ZAR,158422.97,2026-04-19,ACTIVE,BR437,0.0,2026-09-01
A1276,C0821,FIXED_DEPOSIT,ZAR,619287.91,2021-01-10,ACTIVE,BR651,8.15,2024-08-25
A1277,C0701,CREDIT,ZAR,-58456.15,2020-09-05,ACTIVE,BR906,6.22,2021-08-08
A1278,C0884,FIXED_DEPOSIT,ZAR,1194305.67,2018-10-17,ACTIVE,BR270,5.68,2020-08-16
A1279,C0747,FIXED_DEPOSIT,ZAR,1560951.13,2021-03-19,ACTIVE,BR110,1.01,2022-05-08
A1280,C0577,CHEQUE,ZAR,-1740.66,2022-10-14,ACTIVE,BR751,0.0,2023-02-04
A1281,C0863,MONEY_MARKET,ZAR,2293748.97,2019-05-16,ACTIVE,BR960,8.24,2022-09-30
A1282,C0516,CHEQUE,ZAR,95222.56,2021-01-23,DORMANT,BR822,0.0,2024-09-14
A1283,C0675,FIXED_DEPOSIT,ZAR,1877297.42,2018-11-30,ACTIVE,BR390,2.61,2021-09-13
A1284,C0635,SAVINGS,ZAR,246405.39,2020-06-28,ACTIVE,BR822,9.5,2025-05-06
A1285,C0373,MONEY_MARKET,ZAR,4066552.71,2026-08-28,ACTIVE,BR684,3.2,2026-09-03
A1286,C0701,FIXED_DEPOSIT,ZAR,1153391.49,2018-08-04,ACTIVE,BR383,4.33,2020-12-19
A1287,C0188,CREDIT,ZAR,-20881.55,2025-09-13,ACTIVE,BR278,6.66,2026-06-25
A1288,C0468,CHEQUE,ZAR,35616.24,2019-10-01,DORMANT,BR945,0.0,2025-06-23
A1289,C0227,SAVINGS,ZAR,123212.03,2026-01-01,CLOSED,BR338,3.83,2026-05-08
A1290,C0186,CHEQUE,ZAR,197080.86,2016-07-25,ACTIVE,BR203,0.0,2026-01-15
A1291,C0301,CHEQUE,ZAR,150421.36,2017-09-16,CLOSED,BR122,0.0,2024-10-23
A1292,C0384,CREDIT,ZAR,-80912.26,2022-01-15,DORMANT,BR261,1.16,2023-05-01
A1293,C0332,FIXED_DEPOSIT,ZAR,1832550.5,2016-07-02,ACTIVE,BR228,3.48,2017-12-24
A1294,C0839,FIXED_DEPOSIT,ZAR,66391.26,2017-01-27,ACTIVE,BR474,11.87,2020-09-16
A1295,C0511,CREDIT,ZAR,-94586.1,2025-08-20,ACTIVE,BR373,8.11,2026-08-12
A1296,C0156,SAVINGS,ZAR,76241.08,2019-01-24,ACTIVE,BR803,8.6,2022-11-20
A1297,C0073,MONEY_MARKET,ZAR,439546.35,2019-06-05,ACTIVE,BR480,10.26,2020-05-28
A1298,C0239,CHEQUE,ZAR,99691.81,2019-08-06,DORMANT,BR597,0.0,2025-05-23
A1299,C0094,SAVINGS,ZAR,422255.81,2022-07-29,DORMANT,BR850,12.18,2024-07-05
A1300,C0733,SAVINGS,ZAR,371486.98,2019-12-01,ACTIVE,BR417,7.83,2022-10-06
A1301,C0731,SAVINGS,ZAR,437255.64,2022-11-30,ACTIVE,BR808,6.47,2024-09-03
A1302,C0973,FIXED_DEPOSIT,ZAR,251340.2,2021-07-25,CLOSED,BR542,10.07,2022-07-15
A1303,C0666,CREDIT,ZAR,-86853.91,2023-01-31,ACTIVE,BR351,0.71,2025-06-30
A1304,C0421,SAVINGS,ZAR,67150.53,2024-05-09,DORMANT,BR787,8.54,2025-11-09
A1305,C0972,FIXED_DEPOSIT,ZAR,1435076.7,2025-12-31,ACTIVE,BR234,0.61,2025-12-31
A1306,C0963,MONEY_MARKET,ZAR,412129.88,2020-11-20,ACTIVE,BR257,1.16,2025-03-17
A1307,C0368,CREDIT,ZAR,-33235.54,2025-01-25,ACTIVE,BR556,6.03,2025-04-14
A1308,C0703,FIXED_DEPOSIT,ZAR,439386.06,2018-02-16,CLOSED,BR124,11.45,2023-10-17
A1309,C0784,SAVINGS,ZAR,296471.05,2024-05-10,ACTIVE,BR180,11.5,2026-07-02
A1310,C0099,MONEY_MARKET,ZAR,4255416.67,2024-03-20,ACTIVE,BR714,2.29,2026-07-19
A1311,C0513,CREDIT,ZAR,-44273.19,2021-11-18,ACTIVE,BR312,0.96,2026-05-12
A1312,C0118,MONEY_MARKET,ZAR,1960074.99,2023-05-12,ACTIVE,BR635,1.87,2026-03-17
A1313,C0549,MONEY_MARKET,ZAR,3682602.56,2023-12-08,ACTIVE,BR936,8.72,2026-07-19
A1314,C0611,MONEY_MARKET,ZAR,276442.36,2026-06-10,ACTIVE,BR136,8.43,2026-07-28
A1315,C0777,FIXED_DEPOSIT,ZAR,1118040.64,2020-06-27,ACTIVE,BR489,6.24,2026-05-13
A1316,C0491,SAVINGS,ZAR,474628.27,2016-02-19,ACTIVE,BR260,10.39,2024-04-02
A1317,C0690,CREDIT,ZAR,-33123.55,2017-04-04,DORMANT,BR558,2.35,2019-06-04
A1318,C0361,MONEY_MARKET,ZAR,2128876.06,2018-05-13,ACTIVE,BR628,3.18,2026-06-27
A1319,C0228,SAVINGS,ZAR,24953.46,2021-12-25,ACTIVE,BR554,11.93,2024-11-24
A1320,C0644,CREDIT,ZAR,-1135.44,2022-07-20,ACTIVE,BR756,3.56,2024-02-21
A1321,C0210,CREDIT,ZAR,-58834.39,2022-02-25,DORMANT,BR366,5.15,2023-08-18
A1322,C0967,CREDIT,ZAR,-56521.85,2016-05-24,ACTIVE,BR840,5.51,2020-07-28
A1323,C0575,SAVINGS,ZAR,168879.38,2025-09-26,ACTIVE,BR203,1.51,2026-02-28
A1324,C0047,FIXED_DEPOSIT,ZAR,708677.63,2020-10-31,ACTIVE,BR474,10.35,2023-02-26
A1325,C0949,FIXED_DEPOSIT,ZAR,1503483.19,2018-10-16,ACTIVE,BR740,8.37,2021-02-20
A1326,C0151,CREDIT,ZAR,-98374.25,2026-06-14,ACTIVE,BR457,6.85,2026-07-28
A1327,C0777,MONEY_MARKET,ZAR,3965485.53,2019-09-18,ACTIVE,BR580,8.94,2025-02-12
A1328,C0694,CHEQUE,ZAR,36012.89,2016-03-16,ACTIVE,BR804,0.0,2022-06-15
A1329,C0607,MONEY_MARKET,ZAR,3924685.47,2017-03-19,DORMANT,BR210,4.95,2023-05-09
A1330,C0158,MONEY_MARKET,ZAR,112445.44,2023-07-20,ACTIVE,BR368,8.48,2024-04-28
A1331,C0298,FIXED_DEPOSIT,ZAR,680660.35,2025-03-04,ACTIVE,BR159,12.46,2025-12-31
A1332,C0520,CREDIT,ZAR,-647.21,2016-05-08,ACTIVE,BR781,7.26,2026-08-25
A1333,C0214,CREDIT,ZAR,-43197.15,2025-06-14,ACTIVE,BR746,6.0,2026-03-07
A1334,C0139,CREDIT,ZAR,-69014.36,2021-05-13,ACTIVE,BR319,0.66,2025-11-02
A1335,C0539,FIXED_DEPOSIT,ZAR,447320.41,2018-10-15,ACTIVE,BR128,0.86,2019-09-05
A1336,C0321,FIXED_DEPOSIT,ZAR,323203.08,2018-07-04,ACTIVE,BR331,12.33,2024-01-08
A1337,C0449,FIXED_DEPOSIT,ZAR,1983263.52,2017-03-11,ACTIVE,BR759,5.45,2020-03-26
A1338,C0397,MONEY_MARKET,ZAR,805389.41,2024-06-17,ACTIVE,BR809,2.84,2024-09-27
A1339,C0818,CREDIT,ZAR,-62240.79,2022-10-16,ACTIVE,BR258,5.93,2024-08-16
A1340,C0005,MONEY_MARKET,ZAR,871371.26,2016-08-16,ACTIVE,BR232,3.19,2019-11-04
A1341,C0392,SAVINGS,ZAR,371804.68,2020-03-04,ACTIVE,BR968,12.21,2021-04-26
A1342,C0081,CHEQUE,ZAR,130155.51,2020-01-12,ACTIVE,BR854,0.0,2020-07-08
A1343,C0946,FIXED_DEPOSIT,ZAR,1037999.67,2017-02-22,ACTIVE,BR890,10.84,2017-04-12
A1344,C0423,FIXED_DEPOSIT,ZAR,811068.41,2016-10-11,ACTIVE,BR655,10.11,2026-04-22
A1345,C0594,CHEQUE,ZAR,21053.39,2018-06-09,ACTIVE,BR400,0.0,2021-07-11
A1346,C0629,MONEY_MARKET,ZAR,216545.08,2023-02-13,ACTIVE,BR918,2.82,2023-08-01
A1347,C0486,FIXED_DEPOSIT,ZAR,787907.04,2017-07-29,ACTIVE,BR664,10.22,2020-09-25
A1348,C0160,FIXED_DEPOSIT,ZAR,39478.2,2019-05-25,ACTIVE,BR365,8.83,2021-01-25
A1349,C0558,FIXED_DEPOSIT,ZAR,1674420.37,2022-01-07,ACTIVE,BR172,3.43,2024-08-09
A1350,C0079,CHEQUE,ZAR,56541.7,2021-03-07,ACTIVE,BR175,0.0,2025-11-16
A1351,C0546,SAVINGS,ZAR,15879.93,2026-03-30,ACTIVE,BR795,5.07,2026-08-27
A1352,C0270,SAVINGS,ZAR,394014.34,2026-04-26,ACTIVE,BR354,8.53,2026-08-08
A1353,C0088,SAVINGS,ZAR,12351.19,2020-04-18,ACTIVE,BR901,9.96,2025-12-01
A1354,C0763,CREDIT,ZAR,-87585.96,2025-05-06,ACTIVE,BR694,10.15,2026-03-17
A1355,C0323,CHEQUE,ZAR,168634.78,2024-03-23,ACTIVE,BR773,0.0,2026-02-13
A1356,C0910,CREDIT,ZAR,-69622.62,2017-08-08,ACTIVE,BR673,7.13,2026-04-25
A1357,C0065,CHEQUE,ZAR,193608.59,2019-03-31,ACTIVE,BR180,0.0,2022-05-24
A1358,C0774,SAVINGS,ZAR,34973.29,2018-03-22,ACTIVE,BR978,12.49,2024-07-11
A1359,C0010,SAVINGS,ZAR,474393.79,2019-07-02,ACTIVE,BR187,8.87,2022-02-04
A1360,C0652,CHEQUE,ZAR,18748.06,2019-07-13,DORMANT,BR784,0.0,2019-07-22
A1361,C0462,FIXED_DEPOSIT,ZAR,86719.26,2019-07-01,ACTIVE,BR101,7.37,2022-07-30
A1362,C0925,SAVINGS,ZAR,193257.33,2025-01-17,ACTIVE,BR776,10.31,2026-05-01
A1363,C0071,CREDIT,ZAR,-97821.91,2018-05-21,ACTIVE,BR928,10.19,2022-10-03
A1364,C0486,FIXED_DEPOSIT,ZAR,259035.12,2019-07-13,ACTIVE,BR568,4.44,2024-10-28
A1365,C0810,CREDIT,ZAR,-94534.74,2019-01-05,ACTIVE,BR127,3.17,2024-01-21
A1366,C0634,FIXED_DEPOSIT,ZAR,1258501.36,2018-11-23,ACTIVE,BR637,5.9,2025-09-02
A1367,C0624,CHEQUE,ZAR,16841.24,2018-10-08,ACTIVE,BR865,0.0,2025-08-30
A1368,C0191,FIXED_DEPOSIT,ZAR,1633482.49,2016-12-30,ACTIVE,BR407,1.35,2026-05-05
A1369,C0230,MONEY_MARKET,ZAR,880756.92,2016-03-10,ACTIVE,BR561,4.71,2016-12-02
A1370,C0357,CREDIT,ZAR,-51108.96,2016-07-05,CLOSED,BR347,1.55,2025-11-21
A1371,C0028,SAVINGS,ZAR,498225.75,2016-11-28,ACTIVE,BR759,4.49,2021-06-22
A1372,C0330,SAVINGS,ZAR,113007.12,2017-11-09,ACTIVE,BR395,0.76,2021-01-02
A1373,C0974,MONEY_MARKET,ZAR,2629215.58,2019-04-05,ACTIVE,BR407,11.02,2023-07-03
A1374,C0532,CREDIT,ZAR,-40905.8,2025-02-25,ACTIVE,BR629,1.33,2025-03-09
A1375,C0828,CHEQUE,ZAR,16837.35,2020-07-18,FROZEN,BR566,0.0,2025-10-19
A1376,C0074,SAVINGS,ZAR,222313.44,2024-06-13,CLOSED,BR883,10.84,2026-04-13
A1377,C0588,MONEY_MARKET,ZAR,4541893.03,2019-07-06,ACTIVE,BR928,2.92,2019-12-04
A1378,C0106,MONEY_MARKET,ZAR,597707.96,2021-12-01,DORMANT,BR552,1.78,2025-11-10
A1379,C0054,MONEY_MARKET,ZAR,4963867.41,2025-05-01,ACTIVE,BR124,2.54,2025-06-17
A1380,C0301,FIXED_DEPOSIT,ZAR,181400.7,2019-03-19,FROZEN,BR465,4.51,2025-11-06
A1381,C0287,MONEY_MARKET,ZAR,1175875.62,2021-01-07,ACTIVE,BR777,6.73,2025-08-01
A1382,C0963,FIXED_DEPOSIT,ZAR,331899.59,2020-03-12,ACTIVE,BR211,6.26,2020-06-28
A1383,C0240,CHEQUE,ZAR,68839.59,2024-02-25,CLOSED,BR997,0.0,2026-04-10
A1384,C0633,SAVINGS,ZAR,347396.42,2019-06-28,ACTIVE,BR284,5.12,2024-01-08
A1385,C0737,FIXED_DEPOSIT,ZAR,777974.49,2018-05-28,ACTIVE,BR857,7.86,2025-08-31
A1386,C0107,MONEY_MARKET,ZAR,4972525.58,2018-08-22,ACTIVE,BR681,10.93,2023-06-08
A1387,C0519,CHEQUE,ZAR,96538.54,2019-01-23,ACTIVE,BR300,0.0,2025-05-05
A1388,C0539,FIXED_DEPOSIT,ZAR,758470.44,2025-06-26,ACTIVE,BR777,3.42,2026-05-10
A1389,C0491,CHEQUE,ZAR,130064.88,2025-09-16,ACTIVE,BR564,0.0,2026-08-21
A1390,C0719,SAVINGS,ZAR,39212.62,2018-12-04,CLOSED,BR347,3.78,2021-03-05
A1391,C0784,SAVINGS,ZAR,240854.37,2026-01-12,ACTIVE,BR550,11.75,2026-05-02
A1392,C0373,SAVINGS,ZAR,279651.6,2020-02-05,ACTIVE,BR993,3.25,2023-09-05
A1393,C0129,MONEY_MARKET,ZAR,636289.66,2022-10-24,ACTIVE,BR497,2.13,2022-12-13
A1394,C0831,MONEY_MARKET,ZAR,2957867.29,2023-10-27,ACTIVE,BR997,4.95,2025-04-17
A1395,C0411,MONEY_MARKET,ZAR,1082698.3,2019-05-23,ACTIVE,BR810,7.65,2019-07-25
A1396,C0304,SAVINGS,ZAR,331344.57,2026-07-11,ACTIVE,BR435,4.83,2026-07-11
A1397,C0735,CHEQUE,ZAR,43654.09,2022-09-20,ACTIVE,BR586,0.0,2026-08-14
A1398,C0554,SAVINGS,ZAR,492783.75,2024-02-14,ACTIVE,BR865,7.5,2024-07-17
A1399,C0130,FIXED_DEPOSIT,ZAR,1212630.12,2019-08-12,DORMANT,BR156,4.45,2026-07-30
A1400,C0055,CHEQUE,ZAR,-3546.96,2020-05-14,ACTIVE,BR902,0.0,2021-08-12
A1401,C0838,SAVINGS,ZAR,163418.8,2016-12-06,ACTIVE,BR172,10.65,2022-01-31
A1402,C0265,CHEQUE,ZAR,156495.17,2022-04-20,CLOSED,BR864,0.0,2025-10-17
A1403,C0143,CREDIT,ZAR,-5244.12,2016-12-01,DORMANT,BR101,1.06,2025-03-19
A1404,C0144,CREDIT,ZAR,-34485.14,2021-09-28,ACTIVE,BR974,4.14,2023-11-05
A1405,C0053,CREDIT,ZAR,-23583.8,2023-01-01,ACTIVE,BR825,10.34,2025-04-09
A1406,C0202,MONEY_MARKET,ZAR,3385576.27,2017-06-07,ACTIVE,BR162,3.66,2020-05-16
A1407,C0506,CREDIT,ZAR,-32373.1,2017-05-26,CLOSED,BR577,11.88,2020-02-23
A1408,C0923,MONEY_MARKET,ZAR,4696510.6,2025-08-07,CLOSED,BR842,5.53,2026-06-13
A1409,C0074,CHEQUE,ZAR,153280.52,2017-06-01,ACTIVE,BR239,0.0,2018-12-25
A1410,C0219,SAVINGS,ZAR,375351.39,2020-08-09,ACTIVE,BR507,10.36,2021-12-19
A1411,C0065,MONEY_MARKET,ZAR,3208471.24,2020-04-23,ACTIVE,BR835,3.18,2020-08-20
A1412,C0424,CHEQUE,ZAR,48668.68,2018-02-15,ACTIVE,BR742,0.0,2023-01-07
A1413,C0434,CREDIT,ZAR,-49325.71,2018-09-04,ACTIVE,BR740,7.81,2019-06-01
A1414,C0474,MONEY_MARKET,ZAR,2200999.8,2025-07-03,ACTIVE,BR349,2.27,2026-08-07
A1415,C0070,CREDIT,ZAR,-28698.3,2023-06-22,ACTIVE,BR774,2.66,2025-05-25
A1416,C0922,CHEQUE,ZAR,104400.37,2024-11-03,DORMANT,BR750,0.0,2025-12-19
A1417,C0105,MONEY_MARKET,ZAR,915284.14,2026-03-22,DORMANT,BR346,6.03,2026-05-27
A1418,C0640,CREDIT,ZAR,-43232.95,2025-06-26,DORMANT,BR269,11.74,2025-12-03
A1419,C0630,CHEQUE,ZAR,79967.23,2026-03-04,ACTIVE,BR408,0.0,2026-08-26
A1420,C0779,CREDIT,ZAR,-3856.6,2019-02-14,DORMANT,BR864,8.06,2025-03-14
A1421,C0116,MONEY_MARKET,ZAR,4366935.51,2021-09-08,DORMANT,BR176,4.21,2022-12-07
A1422,C0437,CHEQUE,ZAR,47788.31,2016-07-08,ACTIVE,BR632,0.0,2016-10-16
A1423,C0512,FIXED_DEPOSIT,ZAR,963016.56,2022-04-20,DORMANT,BR424,8.93,2025-08-18
A1424,C0656,SAVINGS,ZAR,454932.16,2024-08-23,ACTIVE,BR270,9.86,2026-02-17
A1425,C0625,MONEY_MARKET,ZAR,308045.9,2026-06-02,CLOSED,BR690,1.68,2026-06-21
A1426,C0748,SAVINGS,ZAR,133296.68,2023-12-31,ACTIVE,BR341,6.12,2024-04-28
A1427,C0908,MONEY_MARKET,ZAR,3636166.76,2018-01-01,ACTIVE,BR842,0.77,2019-08-21
A1428,C0521,CHEQUE,ZAR,55876.13,2019-08-20,ACTIVE,BR106,0.0,2021-08-06
A1429,C0353,CREDIT,ZAR,-34210.61,2019-08-01,ACTIVE,BR601,6.12,2022-02-17
A1430,C0816,MONEY_MARKET,ZAR,2877688.35,2026-04-13,ACTIVE,BR467,12.22,2026-09-08
A1431,C0355,FIXED_DEPOSIT,ZAR,144221.58,2024-07-24,CLOSED,BR935,2.25,2026-07-31
A1432,C0699,MONEY_MARKET,ZAR,472425.11,2019-01-08,ACTIVE,BR791,3.1,2023-05-30
A1433,C0224,MONEY_MARKET,ZAR,3566895.81,2016-02-18,ACTIVE,BR463,5.22,2023-06-15
A1434,C0442,MONEY_MARKET,ZAR,565161.11,2025-09-04,ACTIVE,BR668,4.0,2025-11-25
A1435,C0032,CHEQUE,ZAR,158278.95,2018-05-01,ACTIVE,BR470,0.0,2022-10-16
A1436,C0761,CHEQUE,ZAR,189285.26,2016-05-11,ACTIVE,BR691,0.0,2018-03-22
A1437,C0573,FIXED_DEPOSIT,ZAR,287237.62,2023-02-24,ACTIVE,BR958,10.87,2023-10-08
A1438,C0484,SAVINGS,ZAR,341507.66,2025-12-16,ACTIVE,BR307,1.5,2026-07-29
A1439,C0438,CHEQUE,ZAR,196225.92,2024-01-12,ACTIVE,BR397,0.0,2025-07-22
A1440,C0189,FIXED_DEPOSIT,ZAR,15312.06,2017-09-03,ACTIVE,BR165,7.91,2017-12-04
A1441,C0142,CREDIT,ZAR,-45523.0,2019-04-23,ACTIVE,BR789,1.33,2021-02-07
A1442,C0715,MONEY_MARKET,ZAR,2177915.73,2022-11-16,DORMANT,BR744,5.25,2023-03-31
A1443,C0749,CHEQUE,ZAR,144785.77,2023-01-02,ACTIVE,BR193,0.0,2023-02-10
A1444,C0907,SAVINGS,ZAR,40473.95,2020-01-28,ACTIVE,BR733,4.14,2026-02-07
A1445,C0132,FIXED_DEPOSIT,ZAR,266354.42,2023-12-18,DORMANT,BR312,8.78,2023-12-31
A1446,C0011,CHEQUE,ZAR,199186.67,2020-09-09,ACTIVE,BR346,0.0,2024-04-20
A1447,C0764,SAVINGS,ZAR,327131.45,2017-09-20,ACTIVE,BR822,11.35,2025-03-24
A1448,C0146,FIXED_DEPOSIT,ZAR,1755539.1,2023-08-28,ACTIVE,BR302,12.45,2025-07-05
A1449,C0118,CHEQUE,ZAR,196025.24,2022-06-10,ACTIVE,BR244,0.0,2025-07-31
A1450,C0621,SAVINGS,ZAR,56017.42,2025-09-10,ACTIVE,BR505,3.15,2026-04-14
A1451,C0395,MONEY_MARKET,ZAR,4188934.32,2022-11-12,ACTIVE,BR792,4.17,2024-04-04
A1452,C0002,CHEQUE,ZAR,47119.03,2025-08-15,ACTIVE,BR358,0.0,2025-09-16
A1453,C0102,SAVINGS,ZAR,218003.46,2020-05-14,ACTIVE,BR575,0.55,2026-06-30
A1454,C0808,FIXED_DEPOSIT,ZAR,1471417.78,2019-04-03,ACTIVE,BR202,4.45,2026-08-10
A1455,C0417,SAVINGS,ZAR,149731.92,2021-06-29,ACTIVE,BR522,10.46,2022-06-12
A1456,C0601,CREDIT,ZAR,-87040.61,2016-01-15,ACTIVE,BR467,0.57,2025-03-19
A1457,C0625,SAVINGS,ZAR,482165.42,2023-05-03,ACTIVE,BR686,12.24,2025-08-31
A1458,C0737,SAVINGS,ZAR,386440.88,2024-03-12,ACTIVE,BR956,2.45,2025-02-14
A1459,C0715,FIXED_DEPOSIT,ZAR,496639.07,2017-10-16,ACTIVE,BR776,10.02,2023-12-27
A1460,C0516,SAVINGS,ZAR,418742.9,2019-08-21,ACTIVE,BR566,8.28,2023-01-17
A1461,C0944,CHEQUE,ZAR,50557.72,2019-12-03,ACTIVE,BR816,0.0,2023-05-09
A1462,C0179,MONEY_MARKET,ZAR,4695176.64,2020-07-15,ACTIVE,BR792,2.88,2024-08-14
A1463,C0110,SAVINGS,ZAR,43561.12,2024-08-26,CLOSED,BR894,2.41,2025-07-24
A1464,C0703,FIXED_DEPOSIT,ZAR,876449.86,2021-09-05,ACTIVE,BR556,8.95,2024-10-09
A1465,C0412,CREDIT,ZAR,-95962.32,2017-12-26,ACTIVE,BR555,3.82,2024-07-28
A1466,C0021,SAVINGS,ZAR,127438.07,2018-09-01,CLOSED,BR921,11.33,2024-05-10
A1467,C0778,SAVINGS,ZAR,296545.15,2023-12-04,ACTIVE,BR656,5.68,2026-03-01
A1468,C0923,FIXED_DEPOSIT,ZAR,271180.17,2025-04-09,ACTIVE,BR325,4.92,2026-03-11
A1469,C0749,FIXED_DEPOSIT,ZAR,735286.11,2023-05-30,DORMANT,BR146,4.41,2025-05-21
A1470,C0454,CREDIT,ZAR,-67882.48,2020-07-24,ACTIVE,BR721,12.29,2021-07-20
A1471,C0193,SAVINGS,ZAR,392648.72,2023-08-19,FROZEN,BR916,7.08,2023-09-25
A1472,C0340,FIXED_DEPOSIT,ZAR,940794.42,2024-07-04,FROZEN,BR552,10.99,2025-06-01
A1473,C0399,SAVINGS,ZAR,381.12,2016-12-25,ACTIVE,BR969,4.78,2022-12-07
A1474,C0934,CREDIT,ZAR,-5140.68,2021-03-18,ACTIVE,BR211,11.04,2024-11-27
A1475,C0120,CHEQUE,ZAR,154200.47,2018-01-13,ACTIVE,BR826,0.0,2023-11-19
A1476,C0385,CREDIT,ZAR,-93921.21,2024-09-16,CLOSED,BR300,3.77,2025-12-03
A1477,C0688,SAVINGS,ZAR,253842.89,2017-06-16,ACTIVE,BR628,7.54,2025-07-19
A1478,C0704,CHEQUE,ZAR,197619.81,2016-01-29,ACTIVE,BR499,0.0,2026-03-13
A1479,C0120,SAVINGS,ZAR,373875.77,2024-04-20,ACTIVE,BR685,7.75,2026-02-03
A1480,C0906,MONEY_MARKET,ZAR,4308485.16,2022-06-22,ACTIVE,BR577,1.76,2024-04-24
A1481,C0050,MONEY_MARKET,ZAR,4566208.42,2026-06-26,DORMANT,BR325,3.03,2026-08-27
A1482,C0532,CREDIT,ZAR,-32337.39,2025-11-21,DORMANT,BR249,6.66,2026-09-04
A1483,C0407,CREDIT,ZAR,-48747.05,2021-09-28,ACTIVE,BR891,9.7,2026-02-03
A1484,C0479,CHEQUE,ZAR,76164.77,2022-06-14,ACTIVE,BR828,0.0,2025-08-21
A1485,C0005,SAVINGS,ZAR,235184.96,2023-03-27,ACTIVE,BR391,7.89,2026-08-30
A1486,C0284,FIXED_DEPOSIT,ZAR,632139.54,2024-10-07,ACTIVE,BR757,8.41,2025-08-20
A1487,C0871,FIXED_DEPOSIT,ZAR,1926391.41,2017-03-27,ACTIVE,BR695,11.37,2019-02-22
A1488,C0395,MONEY_MARKET,ZAR,3219235.12,2017-07-08,CLOSED,BR391,8.35,2020-11-08
A1489,C0364,MONEY_MARKET,ZAR,4967896.43,2025-04-24,ACTIVE,BR500,0.87,2026-06-07
A1490,C0350,FIXED_DEPOSIT,ZAR,1163680.76,2018-10-18,CLOSED,BR314,11.55,2024-07-30
A1491,C0642,FIXED_DEPOSIT,ZAR,1277292.52,2026-09-15,DORMANT,BR858,1.15,2026-09-15
A1492,C0802,CREDIT,ZAR,-42769.83,2023-11-23,ACTIVE,BR618,10.76,2026-06-02
A1493,C0229,CREDIT,ZAR,-7806.72,2024-06-24,ACTIVE,BR526,8.49,2026-01-10
A1494,C0489,SAVINGS,ZAR,263171.19,2020-03-29,FROZEN,BR323,12.39,2020-09-04
A1495,C0979,MONEY_MARKET,ZAR,3482447.12,2025-06-06,ACTIVE,BR553,8.33,2025-07-26
A1496,C0981,MONEY_MARKET,ZAR,1970250.88,2021-03-22,DORMANT,BR802,8.14,2022-04-21
A1497,C0027,FIXED_DEPOSIT,ZAR,1287418.07,2023-05-17,ACTIVE,BR620,6.92,2025-07-19
A1498,C0153,CREDIT,ZAR,-80925.26,2017-10-03,ACTIVE,BR613,4.36,2017-11-27
A1499,C0194,CHEQUE,ZAR,78804.05,2026-02-20,ACTIVE,BR448,0.0,2026-03-25
A1500,C0699,CREDIT,ZAR,-23417.25,2019-09-26,ACTIVE,BR329,1.54,2021-04-14
