payment_id,customer_id,account_id,policy_id,amount,currency,payment_date,payment_method,status,reference,failure_reason
PAY000001,C0718,A0482,,2052.56,ZAR,2024-06-20,DEBIT_ORDER,PENDING,PAYREF27E35C89B3,
PAY000002,C0317,A0168,,180.61,ZAR,2024-04-28,MOBILE,COMPLETED,PAYREF9BFE1F2BE0,
PAY000003,C0765,A1460,POL0370,7518.15,ZAR,2024-08-30,DEBIT_ORDER,PENDING,PAYREF83FB138188,
PAY000004,C0677,A0037,POL0297,781.96,ZAR,2024-09-15,CARD,COMPLETED,PAYREF9334B2D87D,
PAY000005,C0757,A1460,POL0438,461.76,ZAR,2025-09-22,CASH,REVERSED,PAYREF3C131F1353,
PAY000006,C0747,A1274,POL0087,826.36,ZAR,2026-05-20,CASH,COMPLETED,PAYREF14E8883B51,
PAY000007,C0516,A0160,POL0279,1912.7,ZAR,2024-09-13,DEBIT_ORDER,PENDING,PAYREF90F3357013,
PAY000008,C0582,A1411,,2671.7,ZAR,2024-12-18,DEBIT_ORDER,COMPLETED,PAYREFAC747066DF,
PAY000009,C0489,A1116,,833.55,ZAR,2024-10-26,CASH,COMPLETED,PAYREFD241BE2723,
PAY000010,C0689,A1263,,260.16,ZAR,2024-12-30,DEBIT_ORDER,COMPLETED,PAYREF26D0D08C27,
PAY000011,C0934,A0824,,326.26,ZAR,2025-05-01,MOBILE,COMPLETED,PAYREF60AE911182,
PAY000012,C0261,A1112,POL0002,1460.29,ZAR,2025-10-24,DEBIT_ORDER,PENDING,PAYREF962876A804,
PAY000013,C0465,A1405,POL0528,2943.42,ZAR,2026-01-10,CARD,FAILED,PAYREFC9897DBD7D,Limit exceeded
PAY000014,C0183,A0157,POL0356,3352.55,ZAR,2024-09-20,MOBILE,COMPLETED,PAYREF38F0DE7B20,
PAY000015,C0385,A0322,POL0598,1297.37,ZAR,2024-11-10,CASH,COMPLETED,PAYREF11824FCD6E,
PAY000016,C0881,A1241,,2885.06,ZAR,2024-08-10,CARD,COMPLETED,PAYREFC369B98583,
PAY000017,C0744,A0587,POL0226,7423.08,ZAR,2024-11-29,CASH,COMPLETED,PAYREFA2B68F99CB,
PAY000018,C0616,A0678,POL0510,3605.98,ZAR,2025-04-04,MOBILE,COMPLETED,PAYREFB159DA1B77,
PAY000019,C0894,A0183,,2757.38,ZAR,2026-06-21,EFT,COMPLETED,PAYREFCE04597CF7,
PAY000020,C0415,A1230,POL0610,489.53,ZAR,2024-08-17,MOBILE,COMPLETED,PAYREF9343DBBF97,
PAY000021,C0522,A0079,,2871.59,ZAR,2026-07-07,CARD,COMPLETED,PAYREF8B20DFB1BB,
PAY000022,C0871,A0095,,1739.29,ZAR,2025-08-01,DEBIT_ORDER,COMPLETED,PAYREFCAB713BFEF,
PAY000023,C0556,A0742,,2102.0,ZAR,2024-10-03,CASH,COMPLETED,PAYREFDFD251872A,
PAY000024,C0253,A1430,POL0397,3870.37,ZAR,2026-04-12,MOBILE,COMPLETED,PAYREF40C8681869,
PAY000025,C0240,A0506,,1569.57,ZAR,2026-08-30,EFT,COMPLETED,PAYREFD56CEF5BA4,
PAY000026,C0483,A0021,POL0462,989.75,ZAR,2026-01-31,EFT,COMPLETED,PAYREF28FC657632,
PAY000027,C0542,A1449,POL0651,376.2,ZAR,2024-07-19,CASH,PENDING,PAYREFA10228DF9E,
PAY000028,C0647,A0643,,815.24,ZAR,2025-12-07,CARD,COMPLETED,PAYREF5F2BE86795,
PAY000029,C0343,A1161,,1356.76,ZAR,2024-02-05,CASH,COMPLETED,PAYREFBAC2ACA468,
PAY000030,C0786,A1265,,1447.54,ZAR,2026-03-20,DEBIT_ORDER,COMPLETED,PAYREFEFCBC691B7,
PAY000031,C0698,A0231,,1399.51,ZAR,2026-05-07,MOBILE,COMPLETED,PAYREF6F4E6BA61E,
PAY000032,C0407,A0538,,2862.67,ZAR,2024-03-20,CASH,COMPLETED,PAYREF25574093B3,
PAY000033,C0339,A1338,POL0135,2605.46,ZAR,2026-07-19,MOBILE,COMPLETED,PAYREF1DB9F480EF,
PAY000034,C0114,A1500,,1030.62,ZAR,2024-05-27,DEBIT_ORDER,COMPLETED,PAYREF88C49B4E0E,
PAY000035,C0123,A1476,,470.0,ZAR,2025-07-30,CASH,COMPLETED,PAYREF3C72699E27,
PAY000036,C0851,A0250,POL0310,1608.98,ZAR,2025-08-27,EFT,COMPLETED,PAYREF15CB7A3D65,
PAY000037,C0373,A0380,,10366.53,ZAR,2026-06-22,CASH,COMPLETED,PAYREF363748CC8F,
PAY000038,C0696,A0083,,1512.08,ZAR,2024-06-10,MOBILE,COMPLETED,PAYREFE5E4A67787,
PAY000039,C0633,A1407,POL0407,815.72,ZAR,2024-02-03,DEBIT_ORDER,FAILED,PAYREF03DC9544BE,Insufficient funds
PAY000040,C0130,A1347,POL0374,1874.01,ZAR,2026-02-06,CARD,COMPLETED,PAYREF4721BC2FC3,
PAY000041,C0177,A0625,,1989.69,ZAR,2024-09-08,CASH,COMPLETED,PAYREFC737FCD47E,
PAY000042,C0312,A0738,POL0769,1967.76,ZAR,2025-06-26,CARD,COMPLETED,PAYREFD56A6CB617,
PAY000043,C0136,A0370,POL0557,4328.08,ZAR,2024-04-24,CARD,COMPLETED,PAYREF28026A9488,
PAY000044,C0240,A0168,POL0083,1613.39,ZAR,2025-09-08,CASH,COMPLETED,PAYREFEF664AF030,
PAY000045,C0855,A1085,,4127.44,ZAR,2025-12-03,MOBILE,COMPLETED,PAYREF0A3E4AA71C,
PAY000046,C0614,A1086,POL0117,1380.55,ZAR,2025-12-26,CARD,COMPLETED,PAYREF7483717E29,
PAY000047,C0902,A0538,,4976.58,ZAR,2025-04-19,MOBILE,PENDING,PAYREFC223896A74,
PAY000048,C0866,A1247,POL0393,3665.56,ZAR,2024-05-11,CARD,COMPLETED,PAYREF9B76B6FC63,
PAY000049,C0983,A0041,,2756.73,ZAR,2025-09-29,MOBILE,COMPLETED,PAYREFAB050DD95B,
PAY000050,C0599,A1315,POL0782,2414.35,ZAR,2024-02-27,DEBIT_ORDER,FAILED,PAYREF74CE0C676E,Technical error
PAY000051,C0472,A1417,,10954.63,ZAR,2026-01-06,CASH,COMPLETED,PAYREF004F02CA77,
PAY000052,C0245,A0596,,3218.33,ZAR,2024-05-17,CARD,COMPLETED,PAYREF6ADC9E5DE5,
PAY000053,C0012,A0810,,469.04,ZAR,2024-01-17,CASH,COMPLETED,PAYREFCD280ADDB8,
PAY000054,C0579,A0547,,1402.34,ZAR,2024-02-23,DEBIT_ORDER,COMPLETED,PAYREFD25B97E8CD,
PAY000055,C0619,A0085,POL0767,841.58,ZAR,2024-01-12,DEBIT_ORDER,COMPLETED,PAYREFAEAB4FA20A,
PAY000056,C0254,A1070,POL0219,8642.75,ZAR,2024-08-28,MOBILE,COMPLETED,PAYREF6FF60B0779,
PAY000057,C0613,A0114,,3833.13,ZAR,2024-10-14,CARD,COMPLETED,PAYREFA8FCC274ED,
PAY000058,C0364,A0216,POL0484,8366.17,ZAR,2026-08-11,DEBIT_ORDER,FAILED,PAYREF783E8F77FC,Insufficient funds
PAY000059,C0903,A0048,,512.86,ZAR,2026-02-01,DEBIT_ORDER,COMPLETED,PAYREF82F71AC8BF,
PAY000060,C0548,A1495,POL0511,3299.99,ZAR,2025-11-15,CARD,COMPLETED,PAYREF8E5E0FA942,
PAY000061,C0730,A0683,POL0188,280.19,ZAR,2026-01-01,DEBIT_ORDER,COMPLETED,PAYREF58D469EA0E,
PAY000062,C0514,A1377,POL0776,223.16,ZAR,2026-06-30,DEBIT_ORDER,COMPLETED,PAYREFC13C5EBE4F,
PAY000063,C0079,A0084,,737.34,ZAR,2024-03-28,EFT,COMPLETED,PAYREFCF26392AFD,
PAY000064,C0385,A0392,POL0631,4975.97,ZAR,2024-12-03,CARD,COMPLETED,PAYREFA10D9AC9DE,
PAY000065,C0506,A0662,POL0145,406.42,ZAR,2024-12-15,EFT,COMPLETED,PAYREF12E0920018,
PAY000066,C0172,A0312,,1078.35,ZAR,2024-02-26,EFT,COMPLETED,PAYREFEC75581B33,
PAY000067,C0628,A1211,POL0374,3600.55,ZAR,2024-11-12,DEBIT_ORDER,COMPLETED,PAYREF431C59475E,
PAY000068,C0026,A0615,,2556.55,ZAR,2025-10-07,EFT,COMPLETED,PAYREFEF9292088A,
PAY000069,C0026,A0967,POL0579,10058.63,ZAR,2026-02-07,MOBILE,COMPLETED,PAYREFB0B1A6E239,
PAY000070,C0874,A1131,,1100.34,ZAR,2024-06-06,CARD,COMPLETED,PAYREFF2472BED47,
PAY000071,C0956,A1259,,705.12,ZAR,2025-05-25,CASH,COMPLETED,PAYREFBE06D5188E,
PAY000072,C0962,A0342,POL0166,367.06,ZAR,2025-08-05,EFT,COMPLETED,PAYREFCC674F4011,
PAY000073,C0697,A0653,POL0009,759.0,ZAR,2025-04-27,MOBILE,COMPLETED,PAYREF9064D175A8,
PAY000074,C0417,A0071,POL0308,363.73,ZAR,2024-01-29,CARD,COMPLETED,PAYREF10A7A1F065,
PAY000075,C0182,A0481,POL0226,181.92,ZAR,2024-06-24,DEBIT_ORDER,COMPLETED,PAYREF23CB32201E,
PAY000076,C0424,A0208,,7811.81,ZAR,2026-06-23,CASH,COMPLETED,PAYREF8A0F457A82,
PAY000077,C0946,A0773,POL0635,1151.6,ZAR,2024-05-27,DEBIT_ORDER,COMPLETED,PAYREF127C8A10D8,
PAY000078,C0327,A1024,POL0022,14639.33,ZAR,2024-06-30,CARD,COMPLETED,PAYREFE61B4A82C8,
PAY000079,C0812,A1116,POL0148,473.77,ZAR,2026-07-11,CARD,PENDING,PAYREF3E2C1225B1,
PAY000080,C0938,A1325,POL0294,714.22,ZAR,2026-02-05,CARD,COMPLETED,PAYREFCE1E5E4767,
PAY000081,C0210,A1149,,505.04,ZAR,2025-05-25,CASH,COMPLETED,PAYREFC9FEEA2B00,
PAY000082,C0835,A0379,,577.81,ZAR,2024-07-01,EFT,COMPLETED,PAYREFF5F02A3AA2,
PAY000083,C0150,A1341,,2627.02,ZAR,2024-11-09,CARD,FAILED,PAYREFBFC316099A,Invalid account
PAY000084,C0602,A0757,,1932.03,ZAR,2024-11-17,MOBILE,COMPLETED,PAYREFAA5107722F,
PAY000085,C0802,A0344,POL0387,2631.76,ZAR,2026-04-11,EFT,COMPLETED,PAYREF99E620F320,
PAY000086,C0880,A0581,,4197.61,ZAR,2026-05-07,MOBILE,PENDING,PAYREFB41DD5CB20,
PAY000087,C0427,A0232,,3318.79,ZAR,2024-09-01,CASH,COMPLETED,PAYREF6450BD3D14,
PAY000088,C0204,A0864,POL0606,400.02,ZAR,2025-07-22,CASH,COMPLETED,PAYREF8F3E782D22,
PAY000089,C0885,A0536,POL0025,649.49,ZAR,2026-03-19,DEBIT_ORDER,PENDING,PAYREFCA603E900C,
PAY000090,C0791,A0843,POL0485,1238.29,ZAR,2026-09-15,CARD,COMPLETED,PAYREF685F0C022E,
PAY000091,C0250,A0233,,45607.77,ZAR,2024-03-08,MOBILE,COMPLETED,PAYREFA346ADDC73,
PAY000092,C0544,A0144,POL0066,2374.16,ZAR,2026-01-28,DEBIT_ORDER,COMPLETED,PAYREF7AF4CF753E,
PAY000093,C0512,A1328,POL0215,1220.1,ZAR,2024-05-11,EFT,COMPLETED,PAYREFC7967361C9,
PAY000094,C0450,A0554,,2150.11,ZAR,2025-06-19,DEBIT_ORDER,COMPLETED,PAYREFA7C29E3B92,
PAY000095,C0291,A0313,POL0084,599.97,ZAR,2024-08-19,CASH,COMPLETED,PAYREFFC28B38B07,
PAY000096,C0607,A0343,POL0014,1425.71,ZAR,2026-01-01,CASH,COMPLETED,PAYREF9D21659515,
PAY000097,C0392,A1248,POL0052,2848.83,ZAR,2025-11-17,CARD,COMPLETED,PAYREFE79296AFCD,
PAY000098,C0415,A1237,POL0120,1065.29,ZAR,2024-05-23,MOBILE,PENDING,PAYREFF7F79AD55E,
PAY000099,C0005,A1026,POL0023,514.63,ZAR,2025-10-23,CARD,COMPLETED,PAYREF296B3D850F,
PAY000100,C0431,A1032,,1014.47,ZAR,2025-02-15,DEBIT_ORDER,COMPLETED,PAYREF8D687B4808,
PAY000101,C0144,A0447,POL0544,796.66,ZAR,2024-10-22,DEBIT_ORDER,COMPLETED,PAYREF4CA91D26DC,
PAY000102,C0551,A0056,POL0435,282.27,ZAR,2025-03-12,MOBILE,COMPLETED,PAYREF416BECBEA2,
PAY000103,C0375,A1216,,619.21,ZAR,2024-09-19,EFT,COMPLETED,PAYREFC23C9B347F,
PAY000104,C0967,A0801,POL0355,272.38,ZAR,2024-07-19,CARD,COMPLETED,PAYREF590A64574B,
PAY000105,C0141,A1176,,318.37,ZAR,2025-09-06,DEBIT_ORDER,COMPLETED,PAYREFE6EF8A73C9,
PAY000106,C0504,A0391,POL0658,350.39,ZAR,2026-08-06,CASH,COMPLETED,PAYREFE9386AE336,
PAY000107,C0989,A0037,POL0205,2845.38,ZAR,2025-06-20,CARD,COMPLETED,PAYREFE888ED999E,
PAY000108,C0550,A0724,POL0381,4861.81,ZAR,2025-05-01,MOBILE,COMPLETED,PAYREF837E42D9CD,
PAY000109,C0177,A1247,POL0663,236.02,ZAR,2025-06-28,CASH,FAILED,PAYREF71726D9FFB,Account closed
PAY000110,C0217,A0993,,5325.08,ZAR,2025-11-18,MOBILE,COMPLETED,PAYREFC12A3B8D1A,
PAY000111,C0608,A1174,POL0790,355.46,ZAR,2025-08-03,EFT,FAILED,PAYREFBDECE43AE0,Account closed
PAY000112,C0796,A0834,POL0784,2314.34,ZAR,2025-02-01,EFT,COMPLETED,PAYREFB73468694A,
PAY000113,C0304,A0118,POL0215,1420.21,ZAR,2025-11-15,CARD,COMPLETED,PAYREF312875BB45,
PAY000114,C0143,A0464,POL0131,2071.13,ZAR,2026-01-01,CASH,COMPLETED,PAYREF481FA0D70A,
PAY000115,C0174,A0768,POL0060,341.81,ZAR,2026-04-10,CARD,COMPLETED,PAYREF9A2DCE1DE6,
PAY000116,C0983,A1086,POL0035,179.05,ZAR,2026-04-01,DEBIT_ORDER,COMPLETED,PAYREFB9EAFFF155,
PAY000117,C0838,A1277,POL0291,491.32,ZAR,2024-06-08,MOBILE,COMPLETED,PAYREFB9B9D64EE2,
PAY000118,C0371,A1001,,1680.54,ZAR,2024-03-27,MOBILE,COMPLETED,PAYREFA28BC9EBE3,
PAY000119,C0358,A0186,POL0670,7761.29,ZAR,2024-11-14,CARD,PENDING,PAYREFA652C2D900,
PAY000120,C0738,A1159,POL0611,391.61,ZAR,2026-09-09,EFT,FAILED,PAYREFB39967CA2A,Technical error
PAY000121,C0154,A0916,POL0489,993.43,ZAR,2025-02-15,DEBIT_ORDER,COMPLETED,PAYREFE7A8AD4DCC,
PAY000122,C0032,A1299,,518.49,ZAR,2025-06-26,MOBILE,COMPLETED,PAYREFB4B7070F6B,
PAY000123,C0442,A1088,POL0291,1077.9,ZAR,2026-09-04,CASH,COMPLETED,PAYREFAAA41750DC,
PAY000124,C0481,A0930,,159.05,ZAR,2025-11-20,CASH,PENDING,PAYREF2AEE7A7A2A,
PAY000125,C0114,A0548,,4905.16,ZAR,2024-12-24,MOBILE,COMPLETED,PAYREF09882B649D,
PAY000126,C0777,A0434,,1123.31,ZAR,2024-07-17,CARD,COMPLETED,PAYREF13D1C44B77,
PAY000127,C0807,A0278,,2743.98,ZAR,2024-05-04,EFT,COMPLETED,PAYREF439587FC6C,
PAY000128,C0512,A0698,,869.4,ZAR,2024-03-11,CARD,COMPLETED,PAYREFD1268E2805,
PAY000129,C0508,A0108,POL0589,1326.94,ZAR,2024-07-12,EFT,COMPLETED,PAYREF20641D37C0,
PAY000130,C0417,A1414,POL0026,3390.97,ZAR,2024-07-27,DEBIT_ORDER,COMPLETED,PAYREFDCD1AEB7FC,
PAY000131,C0998,A1285,POL0767,1251.02,ZAR,2025-06-10,DEBIT_ORDER,COMPLETED,PAYREF56A275C1D3,
PAY000132,C0326,A1389,,1296.87,ZAR,2026-08-28,EFT,COMPLETED,PAYREF6249200AF3,
PAY000133,C0666,A0015,,495.74,ZAR,2024-07-27,EFT,COMPLETED,PAYREFE53930C17F,
PAY000134,C0160,A0677,,642.63,ZAR,2025-02-03,DEBIT_ORDER,COMPLETED,PAYREF8CDC5B28F6,
PAY000135,C0646,A0891,,398.29,ZAR,2024-10-08,MOBILE,PENDING,PAYREF5E32B70F40,
PAY000136,C0029,A0867,,524.26,ZAR,2026-01-22,CARD,COMPLETED,PAYREFEC63C41468,
PAY000137,C0182,A1455,POL0281,3832.33,ZAR,2025-09-11,CARD,COMPLETED,PAYREF9EE63BEBC6,
PAY000138,C0589,A0873,,6691.61,ZAR,2024-02-26,MOBILE,COMPLETED,PAYREF4323AEED6F,
PAY000139,C0320,A0795,POL0437,315.05,ZAR,2025-02-23,CASH,COMPLETED,PAYREFB8CE0E8FB4,
PAY000140,C0644,A0779,,1628.1,ZAR,2025-12-26,MOBILE,PENDING,PAYREFF23A4410CF,
PAY000141,C0675,A1307,POL0029,798.16,ZAR,2025-01-08,CARD,COMPLETED,PAYREF69014E9CE7,
PAY000142,C0154,A0837,POL0135,4433.61,ZAR,2024-01-30,MOBILE,COMPLETED,PAYREF0CA479ED03,
PAY000143,C0891,A0917,POL0048,1254.96,ZAR,2025-02-25,CARD,PENDING,PAYREF8CF6707EFB,
PAY000144,C0700,A1095,,1088.47,ZAR,2024-05-15,EFT,COMPLETED,PAYREF79AF7F6444,
PAY000145,C0323,A0237,POL0662,520.73,ZAR,2025-05-24,EFT,COMPLETED,PAYREF29F80185E2,
PAY000146,C0558,A1033,POL0032,237.04,ZAR,2025-11-16,CASH,COMPLETED,PAYREF1BA9BAFD39,
PAY000147,C0607,A0666,POL0109,2347.11,ZAR,2026-07-14,CARD,COMPLETED,PAYREFB941AE7251,
PAY000148,C0091,A0004,POL0747,1560.84,ZAR,2024-03-16,EFT,COMPLETED,PAYREF8A29E0EBCE,
PAY000149,C0716,A0506,POL0480,1599.5,ZAR,2025-07-30,CARD,COMPLETED,PAYREFF9A0A61973,
PAY000150,C0905,A0925,POL0217,602.25,ZAR,2025-04-14,CASH,COMPLETED,PAYREF1CAAD50362,
PAY000151,C0132,A1376,POL0720,947.88,ZAR,2026-02-14,MOBILE,FAILED,PAYREF14176EAA52,Account closed
PAY000152,C0445,A1378,POL0607,2418.91,ZAR,2024-01-04,CASH,COMPLETED,PAYREF2ADF7A21C9,
PAY000153,C0755,A0604,,2928.11,ZAR,2024-08-19,CASH,COMPLETED,PAYREFFAEE303E1E,
PAY000154,C0208,A0754,POL0256,337.49,ZAR,2026-05-28,CARD,PENDING,PAYREFA041EDA997,
PAY000155,C0183,A0820,,582.11,ZAR,2026-05-22,DEBIT_ORDER,COMPLETED,PAYREF1F80D5D9EC,
PAY000156,C0986,A1292,POL0299,273.18,ZAR,2024-09-22,CARD,PENDING,PAYREF94B071C1C2,
PAY000157,C0458,A0257,POL0080,1341.13,ZAR,2024-05-08,CARD,COMPLETED,PAYREFA9A572DEC0,
PAY000158,C0444,A1404,,2655.37,ZAR,2024-06-08,CASH,COMPLETED,PAYREFF88E21FECB,
PAY000159,C0456,A0065,POL0435,829.88,ZAR,2026-08-27,CARD,COMPLETED,PAYREFB22B8F070D,
PAY000160,C0462,A1407,POL0180,565.18,ZAR,2024-04-30,CASH,COMPLETED,PAYREF423EE23BED,
PAY000161,C0416,A1242,POL0316,784.23,ZAR,2026-01-23,CASH,COMPLETED,PAYREF254D75DEC4,
PAY000162,C0843,A1389,,11007.29,ZAR,2024-05-27,CARD,COMPLETED,PAYREF1080EAD134,
PAY000163,C0360,A0748,POL0601,3611.68,ZAR,2025-03-02,CARD,COMPLETED,PAYREFA37BB3978A,
PAY000164,C0999,A0835,POL0044,2277.87,ZAR,2026-05-05,MOBILE,COMPLETED,PAYREFE70A87119F,
PAY000165,C0088,A0532,POL0616,1510.31,ZAR,2026-03-13,DEBIT_ORDER,COMPLETED,PAYREF9E7C8F7340,
PAY000166,C0832,A0711,POL0083,1082.75,ZAR,2024-02-17,CASH,COMPLETED,PAYREF55CD0FDDAD,
PAY000167,C0367,A0793,POL0612,442.91,ZAR,2025-11-26,CARD,COMPLETED,PAYREF399E80B71E,
PAY000168,C0619,A1029,POL0534,379.29,ZAR,2024-11-22,CASH,COMPLETED,PAYREFA091D2ED85,
PAY000169,C0743,A1035,POL0675,621.47,ZAR,2024-12-30,EFT,COMPLETED,PAYREFDC69357DBC,
PAY000170,C0480,A1294,POL0177,422.51,ZAR,2025-11-17,CASH,COMPLETED,PAYREF1ED1584E2C,
PAY000171,C0452,A1037,POL0513,597.16,ZAR,2026-03-28,DEBIT_ORDER,COMPLETED,PAYREF6A91F26F9E,
PAY000172,C0657,A0327,,990.4,ZAR,2024-12-07,CASH,COMPLETED,PAYREFDF987D29C7,
PAY000173,C0887,A0307,POL0743,1069.23,ZAR,2024-01-30,DEBIT_ORDER,COMPLETED,PAYREF05A56AD378,
PAY000174,C0836,A0139,,589.7,ZAR,2025-10-14,CARD,COMPLETED,PAYREFB62116B5BD,
PAY000175,C0828,A0655,,1799.4,ZAR,2024-02-27,CASH,COMPLETED,PAYREF5B40D9617C,
PAY000176,C0368,A1011,,907.77,ZAR,2024-12-17,MOBILE,COMPLETED,PAYREFC8FC38A454,
PAY000177,C0556,A0897,,1359.26,ZAR,2024-06-22,MOBILE,COMPLETED,PAYREF2A2D5CB604,
PAY000178,C0619,A1062,,520.82,ZAR,2025-07-27,CARD,COMPLETED,PAYREF8C85AB2FF0,
PAY000179,C0487,A0405,,2192.66,ZAR,2024-10-15,EFT,COMPLETED,PAYREF57C068D4B7,
PAY000180,C0881,A1206,POL0557,642.36,ZAR,2025-09-16,EFT,COMPLETED,PAYREFA04FC53C1D,
PAY000181,C0382,A0012,POL0290,5478.32,ZAR,2024-06-28,MOBILE,COMPLETED,PAYREF29C2122725,
PAY000182,C0703,A1358,,875.69,ZAR,2024-10-22,CARD,COMPLETED,PAYREF321704B5F9,
PAY000183,C0130,A1455,POL0731,997.56,ZAR,2025-09-13,CASH,COMPLETED,PAYREF6BBA3A9F67,
PAY000184,C0479,A0840,POL0633,1985.43,ZAR,2024-07-09,CARD,COMPLETED,PAYREF7894321A83,
PAY000185,C0451,A0824,POL0643,2469.7,ZAR,2025-12-05,MOBILE,COMPLETED,PAYREF0AC62F8D56,
PAY000186,C0450,A0680,,2750.65,ZAR,2025-09-08,CARD,PENDING,PAYREF51F7B0ACB9,
PAY000187,C0186,A0289,POL0644,6474.25,ZAR,2026-09-01,MOBILE,COMPLETED,PAYREF5D28B17DD9,
PAY000188,C0866,A1048,POL0187,2125.76,ZAR,2026-05-13,CARD,COMPLETED,PAYREFD500C3080B,
PAY000189,C0609,A0912,,1025.58,ZAR,2025-04-23,CASH,COMPLETED,PAYREF653D121EBB,
PAY000190,C0526,A0411,POL0245,645.71,ZAR,2025-04-07,MOBILE,COMPLETED,PAYREF5CFE3BC7F6,
PAY000191,C0948,A1260,POL0516,959.27,ZAR,2026-09-14,CARD,COMPLETED,PAYREF1BFE0EF4C2,
PAY000192,C0852,A1330,,4836.84,ZAR,2025-10-22,CARD,COMPLETED,PAYREFD4CF87C587,
PAY000193,C0397,A0110,,273.97,ZAR,2024-03-14,MOBILE,COMPLETED,PAYREF037067D97A,
PAY000194,C0887,A0040,POL0789,483.47,ZAR,2026-03-30,EFT,COMPLETED,PAYREF8B3251F541,
PAY000195,C0784,A1486,,880.96,ZAR,2025-04-13,EFT,COMPLETED,PAYREF19BB692D53,
PAY000196,C0939,A1040,POL0188,477.08,ZAR,2026-06-20,MOBILE,COMPLETED,PAYREF027C1B8B38,
PAY000197,C0950,A0153,POL0696,728.68,ZAR,2024-11-01,DEBIT_ORDER,COMPLETED,PAYREF3B7E2F5672,
PAY000198,C0040,A0864,POL0591,6675.73,ZAR,2025-01-18,MOBILE,COMPLETED,PAYREF9EC21B5709,
PAY000199,C0512,A0820,,813.96,ZAR,2026-03-10,EFT,COMPLETED,PAYREFE2EC068EC0,
PAY000200,C0877,A1427,,1655.15,ZAR,2024-12-08,CASH,COMPLETED,PAYREFE3251547AD,
PAY000201,C0889,A0792,,208.89,ZAR,2024-12-22,EFT,COMPLETED,PAYREF1459821B7D,
PAY000202,C0828,A0596,POL0634,364.15,ZAR,2025-02-20,CASH,COMPLETED,PAYREF3DEB4639F8,
PAY000203,C0511,A0026,POL0593,2786.9,ZAR,2025-03-09,EFT,COMPLETED,PAYREFFC633BA46B,
PAY000204,C0965,A0231,,5814.03,ZAR,2026-01-23,CARD,COMPLETED,PAYREF0416639C88,
PAY000205,C0965,A0003,POL0444,1368.42,ZAR,2026-03-25,DEBIT_ORDER,COMPLETED,PAYREF7C076E7539,
PAY000206,C0051,A0050,,807.53,ZAR,2024-06-08,MOBILE,FAILED,PAYREFA477334F03,Insufficient funds
PAY000207,C0979,A0849,POL0359,1801.12,ZAR,2024-02-18,DEBIT_ORDER,COMPLETED,PAYREF06452259C2,
PAY000208,C0729,A0011,POL0417,81.66,ZAR,2026-08-02,DEBIT_ORDER,COMPLETED,PAYREFBC7595527A,
PAY000209,C0262,A0234,POL0663,1379.01,ZAR,2025-04-14,MOBILE,COMPLETED,PAYREF060E305B3D,
PAY000210,C0343,A1049,POL0038,385.25,ZAR,2026-09-08,CARD,COMPLETED,PAYREF14C4099151,
PAY000211,C0288,A0582,POL0758,2426.23,ZAR,2026-02-17,DEBIT_ORDER,COMPLETED,PAYREF88FB3CB025,
PAY000212,C0514,A0366,POL0530,122.45,ZAR,2025-11-10,CASH,COMPLETED,PAYREFECA919FA6D,
PAY000213,C0123,A0825,POL0194,585.01,ZAR,2024-06-15,EFT,COMPLETED,PAYREFA0AF51ECE6,
PAY000214,C0122,A0888,,1052.61,ZAR,2025-10-24,MOBILE,COMPLETED,PAYREF2947F03629,
PAY000215,C0305,A0350,POL0561,511.94,ZAR,2025-01-05,CARD,COMPLETED,PAYREFBAD8FAC447,
PAY000216,C0151,A0708,,753.34,ZAR,2026-07-20,CARD,COMPLETED,PAYREFD2F80F0006,
PAY000217,C0214,A0666,POL0513,2709.27,ZAR,2025-04-22,DEBIT_ORDER,COMPLETED,PAYREF4D896EFFB4,
PAY000218,C0514,A1349,POL0738,1070.1,ZAR,2025-04-08,MOBILE,COMPLETED,PAYREFEF5DAE84EC,
PAY000219,C0855,A0220,,432.43,ZAR,2025-04-25,DEBIT_ORDER,REVERSED,PAYREF83C388B39D,
PAY000220,C0692,A0852,POL0606,2808.48,ZAR,2024-04-07,CASH,COMPLETED,PAYREFC3583A58CE,
PAY000221,C0659,A1082,,1409.49,ZAR,2026-01-25,DEBIT_ORDER,COMPLETED,PAYREF7F3406469A,
PAY000222,C0870,A0717,,1469.22,ZAR,2024-01-28,DEBIT_ORDER,COMPLETED,PAYREFFED3710D01,
PAY000223,C0270,A0523,POL0692,449.21,ZAR,2025-09-16,CASH,COMPLETED,PAYREFA077026FFE,
PAY000224,C0318,A0683,POL0260,85.83,ZAR,2025-02-14,EFT,COMPLETED,PAYREF125B24F60C,
PAY000225,C0469,A1415,,443.13,ZAR,2024-03-02,DEBIT_ORDER,COMPLETED,PAYREF9BF95FAD21,
PAY000226,C0142,A1329,,400.27,ZAR,2026-09-06,MOBILE,COMPLETED,PAYREFC94C5DC093,
PAY000227,C0233,A0143,POL0659,593.9,ZAR,2024-01-04,CASH,COMPLETED,PAYREF0F09911B61,
PAY000228,C0226,A1001,,472.55,ZAR,2026-04-25,EFT,COMPLETED,PAYREFD241358324,
PAY000229,C0201,A0711,POL0654,1227.46,ZAR,2025-01-30,CASH,FAILED,PAYREFE02330CA16,Account closed
PAY000230,C0738,A0055,POL0132,2646.19,ZAR,2026-03-03,EFT,COMPLETED,PAYREF297425224B,
PAY000231,C0709,A1080,,3216.86,ZAR,2025-10-15,CASH,COMPLETED,PAYREF5A95E101F0,
PAY000232,C0558,A0466,POL0517,2533.13,ZAR,2026-09-03,CARD,FAILED,PAYREFF89F973C78,Insufficient funds
PAY000233,C0987,A0851,POL0639,446.92,ZAR,2024-04-13,MOBILE,COMPLETED,PAYREFAA53CA148B,
PAY000234,C0413,A0324,POL0481,1163.17,ZAR,2025-02-04,DEBIT_ORDER,COMPLETED,PAYREF3A1AC18BDB,
PAY000235,C0624,A0810,,5245.71,ZAR,2024-10-11,EFT,COMPLETED,PAYREF63E3C9FE37,
PAY000236,C0418,A1412,POL0100,224.81,ZAR,2025-07-06,EFT,COMPLETED,PAYREF5E2333E651,
PAY000237,C0903,A1472,POL0400,4222.7,ZAR,2024-01-08,MOBILE,COMPLETED,PAYREFC7C1CC5034,
PAY000238,C0298,A1442,,405.0,ZAR,2025-07-08,CARD,COMPLETED,PAYREFCAB3C84FC4,
PAY000239,C0808,A0167,POL0044,1471.1,ZAR,2025-07-24,CARD,REVERSED,PAYREF9182493BC8,
PAY000240,C0703,A1234,,1657.03,ZAR,2025-08-10,DEBIT_ORDER,COMPLETED,PAYREFFA9BFB2ECD,
PAY000241,C0849,A1288,POL0254,1325.99,ZAR,2024-08-01,CARD,COMPLETED,PAYREF81E7E3076C,
PAY000242,C0226,A1174,POL0485,10182.98,ZAR,2026-05-08,EFT,PENDING,PAYREF09C52B4244,
PAY000243,C0959,A0296,,811.73,ZAR,2025-08-23,EFT,COMPLETED,PAYREF094DFDCFA3,
PAY000244,C0096,A0619,,212.83,ZAR,2024-06-13,DEBIT_ORDER,COMPLETED,PAYREFC8327EBA4C,
PAY000245,C0697,A1353,POL0396,1566.26,ZAR,2025-12-14,CARD,COMPLETED,PAYREFC56E3807BC,
PAY000246,C0666,A1148,,925.15,ZAR,2025-07-11,CARD,COMPLETED,PAYREF5D4971177D,
PAY000247,C0889,A1428,POL0310,1909.89,ZAR,2024-05-21,MOBILE,COMPLETED,PAYREF14AF9B7749,
PAY000248,C0699,A0701,,2649.42,ZAR,2026-01-28,CARD,COMPLETED,PAYREF56415C887A,
PAY000249,C0004,A0710,,1060.3,ZAR,2025-08-10,CARD,COMPLETED,PAYREF6C1120C315,
PAY000250,C0280,A0793,POL0750,1696.48,ZAR,2025-07-26,EFT,COMPLETED,PAYREFB575B674B6,
PAY000251,C0699,A0214,POL0598,1266.79,ZAR,2025-12-03,CARD,COMPLETED,PAYREF5F9C4DB9DC,
PAY000252,C0176,A1071,,6580.64,ZAR,2024-08-18,MOBILE,COMPLETED,PAYREF503CA12778,
PAY000253,C0172,A0388,POL0538,757.06,ZAR,2024-12-14,MOBILE,PENDING,PAYREF0536812859,
PAY000254,C0816,A0417,POL0774,551.66,ZAR,2026-04-28,MOBILE,PENDING,PAYREFE5E45D5E6F,
PAY000255,C0118,A1268,POL0354,2645.81,ZAR,2025-07-19,DEBIT_ORDER,COMPLETED,PAYREF277B4195A0,
PAY000256,C0577,A0610,POL0677,433.04,ZAR,2024-06-10,EFT,COMPLETED,PAYREF86B34E39FE,
PAY000257,C0363,A0649,POL0659,1623.2,ZAR,2024-10-06,EFT,COMPLETED,PAYREF303666135D,
PAY000258,C0521,A0464,,925.57,ZAR,2026-08-07,EFT,COMPLETED,PAYREF6A8A24AEED,
PAY000259,C0364,A0086,POL0667,990.97,ZAR,2026-06-04,EFT,COMPLETED,PAYREF366E0435BE,
PAY000260,C0373,A1490,POL0716,12547.85,ZAR,2025-04-05,EFT,COMPLETED,PAYREF0526F09614,
PAY000261,C0392,A0136,POL0403,3767.2,ZAR,2026-05-26,MOBILE,FAILED,PAYREF7400CC4156,Technical error
PAY000262,C0677,A0156,POL0584,3045.98,ZAR,2026-08-25,CARD,COMPLETED,PAYREFA6DB97294E,
PAY000263,C0086,A1285,,1864.17,ZAR,2026-06-15,MOBILE,COMPLETED,PAYREF35FDB370F0,
PAY000264,C0696,A1248,,549.21,ZAR,2026-03-16,CASH,COMPLETED,PAYREF709676832B,
PAY000265,C0252,A0556,POL0028,1424.37,ZAR,2025-06-29,MOBILE,COMPLETED,PAYREFC220C4F475,
PAY000266,C0889,A1416,POL0436,1965.15,ZAR,2025-03-11,CASH,COMPLETED,PAYREF981D09F1FA,
PAY000267,C0928,A0008,POL0671,1338.07,ZAR,2025-12-25,MOBILE,COMPLETED,PAYREF4AB0DAA63C,
PAY000268,C0667,A0469,,1205.62,ZAR,2026-01-17,MOBILE,COMPLETED,PAYREF01F2B59EF8,
PAY000269,C0265,A0624,POL0775,736.97,ZAR,2024-09-13,EFT,COMPLETED,PAYREF7B72F7E112,
PAY000270,C0135,A0964,,1441.53,ZAR,2024-02-25,CARD,COMPLETED,PAYREFBA6E4A1F34,
PAY000271,C0461,A1227,POL0177,648.35,ZAR,2024-02-15,CASH,COMPLETED,PAYREF00C59B4BEF,
PAY000272,C0972,A0949,POL0715,2215.92,ZAR,2024-04-20,DEBIT_ORDER,COMPLETED,PAYREFD0261080CD,
PAY000273,C0958,A0396,POL0231,146.09,ZAR,2024-10-28,DEBIT_ORDER,COMPLETED,PAYREF5C985AA4C3,
PAY000274,C0747,A1162,,4267.33,ZAR,2024-05-12,MOBILE,COMPLETED,PAYREFC0FCD06C0A,
PAY000275,C0772,A0310,POL0066,295.4,ZAR,2024-02-17,DEBIT_ORDER,COMPLETED,PAYREFFDD58D2D09,
PAY000276,C0938,A1113,,377.19,ZAR,2024-01-01,EFT,PENDING,PAYREF81A795F1DC,
PAY000277,C0381,A1500,POL0187,1650.53,ZAR,2026-04-15,DEBIT_ORDER,COMPLETED,PAYREF4DF8C6CEA5,
PAY000278,C0988,A0265,,1881.72,ZAR,2026-07-09,CARD,COMPLETED,PAYREF33F27739A3,
PAY000279,C0384,A0596,POL0574,8762.86,ZAR,2024-06-19,EFT,FAILED,PAYREF7C64BF1498,Limit exceeded
PAY000280,C0613,A0852,POL0414,1474.81,ZAR,2025-01-26,CARD,COMPLETED,PAYREF1624EF6F94,
PAY000281,C0899,A1285,,1053.15,ZAR,2024-02-19,DEBIT_ORDER,COMPLETED,PAYREF251EFE8129,
PAY000282,C0608,A0089,,1327.83,ZAR,2024-11-29,MOBILE,COMPLETED,PAYREF1CEFCE8ED4,
PAY000283,C0362,A1229,POL0254,5380.24,ZAR,2024-02-21,MOBILE,COMPLETED,PAYREF287B1D74AF,
PAY000284,C0832,A0151,,12386.97,ZAR,2026-04-05,MOBILE,REVERSED,PAYREFED4F6B7F13,
PAY000285,C0959,A0525,POL0600,911.6,ZAR,2024-03-12,DEBIT_ORDER,COMPLETED,PAYREF2F5AA81784,
PAY000286,C0023,A0373,POL0282,1887.05,ZAR,2025-10-12,DEBIT_ORDER,FAILED,PAYREF6C27FD2A40,Technical error
PAY000287,C0646,A0101,,1018.02,ZAR,2026-01-14,EFT,COMPLETED,PAYREFE997557464,
PAY000288,C0127,A0924,,997.98,ZAR,2026-04-30,MOBILE,COMPLETED,PAYREF4289DFE8C8,
PAY000289,C0447,A1385,,7179.97,ZAR,2025-01-05,CARD,COMPLETED,PAYREFC0ED651850,
PAY000290,C0038,A1333,POL0673,434.53,ZAR,2025-03-11,EFT,COMPLETED,PAYREFF7BC72BAE9,
PAY000291,C0946,A0161,,106.24,ZAR,2025-07-15,MOBILE,PENDING,PAYREF8BF6D24D21,
PAY000292,C0057,A1290,POL0767,1506.35,ZAR,2026-09-15,EFT,COMPLETED,PAYREF5F6EF04824,
PAY000293,C0511,A0873,POL0652,3644.62,ZAR,2026-01-02,CARD,COMPLETED,PAYREFF3A3720FEB,
PAY000294,C0684,A0398,POL0182,1366.35,ZAR,2024-11-28,MOBILE,COMPLETED,PAYREF886060C042,
PAY000295,C0455,A1377,POL0119,1812.03,ZAR,2025-07-07,DEBIT_ORDER,COMPLETED,PAYREF662A0BA120,
PAY000296,C0212,A1324,POL0799,2327.14,ZAR,2024-04-14,CASH,COMPLETED,PAYREF0045CC2C7B,
PAY000297,C0504,A1090,,1225.26,ZAR,2024-03-25,MOBILE,COMPLETED,PAYREFAD9866BF12,
PAY000298,C0005,A0359,,1912.77,ZAR,2025-07-23,CARD,COMPLETED,PAYREFD485F7EFE7,
PAY000299,C0123,A1343,POL0460,1881.1,ZAR,2026-08-24,CARD,PENDING,PAYREF70229CEF83,
PAY000300,C0932,A0013,POL0182,154.69,ZAR,2024-01-23,CASH,COMPLETED,PAYREFBBB9AE58EA,
PAY000301,C0235,A1485,POL0587,1228.89,ZAR,2025-03-18,CASH,COMPLETED,PAYREF132177C29E,
PAY000302,C0512,A1348,POL0469,227.52,ZAR,2025-03-11,MOBILE,COMPLETED,PAYREF1EE3E58504,
PAY000303,C0683,A1099,POL0028,1055.56,ZAR,2026-08-10,EFT,COMPLETED,PAYREF7C6040B843,
PAY000304,C0398,A1184,POL0096,668.29,ZAR,2024-02-11,CASH,COMPLETED,PAYREF555B2F58F3,
PAY000305,C0248,A0883,POL0634,3084.09,ZAR,2024-01-21,CASH,COMPLETED,PAYREF9F7A45ACEE,
PAY000306,C0213,A0720,POL0626,1400.26,ZAR,2026-01-30,EFT,COMPLETED,PAYREFF5E6983C08,
PAY000307,C0908,A0671,POL0767,1760.22,ZAR,2025-04-03,CASH,PENDING,PAYREF069611CF73,
PAY000308,C0113,A1250,,905.56,ZAR,2025-07-21,DEBIT_ORDER,PENDING,PAYREFA6214BEB9D,
PAY000309,C0144,A0403,,3140.64,ZAR,2024-09-16,MOBILE,COMPLETED,PAYREF7336658713,
PAY000310,C0967,A1062,,222.0,ZAR,2024-06-11,CARD,COMPLETED,PAYREF494137E034,
PAY000311,C0199,A1407,POL0031,447.87,ZAR,2024-10-15,CASH,COMPLETED,PAYREFC8B158500A,
PAY000312,C0463,A0871,POL0090,3969.15,ZAR,2026-07-11,EFT,COMPLETED,PAYREFA52E28B487,
PAY000313,C0271,A0662,,709.35,ZAR,2025-02-22,DEBIT_ORDER,FAILED,PAYREF7CAADBB981,Account closed
PAY000314,C0585,A0881,,128.27,ZAR,2024-10-19,DEBIT_ORDER,COMPLETED,PAYREF2065BC6CC9,
PAY000315,C0748,A0680,,4687.44,ZAR,2025-11-20,CARD,COMPLETED,PAYREF2A8818B513,
PAY000316,C0516,A0218,POL0453,3219.35,ZAR,2024-10-25,MOBILE,COMPLETED,PAYREFDD503116D6,
PAY000317,C0382,A1348,,2232.71,ZAR,2024-03-19,MOBILE,COMPLETED,PAYREF7687C32696,
PAY000318,C0475,A1181,POL0396,1205.21,ZAR,2025-11-01,MOBILE,PENDING,PAYREF0B43B2C256,
PAY000319,C0614,A0500,POL0338,5771.84,ZAR,2024-07-11,CARD,COMPLETED,PAYREF26ACC4FDEF,
PAY000320,C0403,A0890,POL0423,3860.76,ZAR,2024-09-28,EFT,PENDING,PAYREF3E8799EF4D,
PAY000321,C0212,A1315,POL0520,5155.69,ZAR,2025-02-14,EFT,COMPLETED,PAYREF71BDC22ED5,
PAY000322,C0420,A0683,POL0304,2198.43,ZAR,2024-05-11,CASH,COMPLETED,PAYREFC428249638,
PAY000323,C0779,A0796,POL0120,1239.91,ZAR,2026-04-26,MOBILE,COMPLETED,PAYREFA48462EEC2,
PAY000324,C0120,A1396,POL0598,735.71,ZAR,2024-06-17,EFT,COMPLETED,PAYREF743BACEF44,
PAY000325,C0658,A1276,POL0175,308.3,ZAR,2025-06-25,CARD,COMPLETED,PAYREF8CFDE244AE,
PAY000326,C0317,A1050,,1811.74,ZAR,2024-09-23,EFT,FAILED,PAYREFD98E71ECE9,Limit exceeded
PAY000327,C0598,A1089,POL0301,1969.15,ZAR,2024-11-25,DEBIT_ORDER,COMPLETED,PAYREF5B4E548117,
PAY000328,C0620,A0722,,772.95,ZAR,2025-05-17,DEBIT_ORDER,COMPLETED,PAYREF7C00E7A631,
PAY000329,C0772,A0594,,2025.72,ZAR,2025-05-07,CASH,COMPLETED,PAYREF7E6D28F420,
PAY000330,C0951,A0032,,786.68,ZAR,2025-04-21,DEBIT_ORDER,COMPLETED,PAYREFA38C415769,
PAY000331,C0657,A0051,POL0137,2610.84,ZAR,2025-05-24,CARD,COMPLETED,PAYREFCDDFF65865,
PAY000332,C0183,A0363,,453.91,ZAR,2024-10-20,MOBILE,COMPLETED,PAYREF3CC6744B91,
PAY000333,C0821,A1047,POL0195,381.8,ZAR,2025-11-02,EFT,COMPLETED,PAYREF06584A606E,
PAY000334,C0764,A1407,,862.14,ZAR,2026-02-16,CASH,COMPLETED,PAYREFF94B60DD0D,
PAY000335,C0882,A1417,,2511.88,ZAR,2026-03-11,DEBIT_ORDER,COMPLETED,PAYREF1DD59EBAB9,
PAY000336,C0434,A0745,POL0449,344.2,ZAR,2025-05-05,DEBIT_ORDER,COMPLETED,PAYREF66D8905457,
PAY000337,C0271,A0141,,3132.81,ZAR,2024-12-08,CASH,FAILED,PAYREF3F3573A5B3,Technical error
PAY000338,C0221,A1499,,212.18,ZAR,2024-11-21,MOBILE,COMPLETED,PAYREF17CB3487DF,
PAY000339,C0655,A0215,POL0182,856.84,ZAR,2024-04-02,EFT,COMPLETED,PAYREF7C2BBA69E1,
PAY000340,C0440,A0247,POL0660,266.91,ZAR,2026-08-26,CASH,COMPLETED,PAYREF5C83ABFEAC,
PAY000341,C0327,A0382,,80.65,ZAR,2026-07-31,EFT,COMPLETED,PAYREFB562CD4FAB,
PAY000342,C0813,A0542,,1582.01,ZAR,2024-03-10,EFT,COMPLETED,PAYREFB80D23501B,
PAY000343,C0332,A1281,,917.99,ZAR,2026-02-18,EFT,COMPLETED,PAYREF0506D2DC35,
PAY000344,C0419,A1086,,271.21,ZAR,2024-04-18,EFT,COMPLETED,PAYREF1CAE41EBF5,
PAY000345,C0420,A1406,POL0599,654.18,ZAR,2024-01-14,DEBIT_ORDER,COMPLETED,PAYREF05AA98F1F9,
PAY000346,C0074,A1037,,1705.86,ZAR,2025-07-26,MOBILE,COMPLETED,PAYREFE6E674D904,
PAY000347,C0582,A0669,POL0512,758.89,ZAR,2026-01-11,CASH,COMPLETED,PAYREF83362DA482,
PAY000348,C0756,A0651,POL0400,899.03,ZAR,2026-05-16,EFT,PENDING,PAYREF3B306953F2,
PAY000349,C0066,A1196,,736.23,ZAR,2025-02-15,DEBIT_ORDER,COMPLETED,PAYREFF515440A7A,
PAY000350,C0085,A1015,POL0281,612.59,ZAR,2026-05-10,EFT,COMPLETED,PAYREF4248F6A6F3,
PAY000351,C0449,A1103,,604.66,ZAR,2026-04-30,EFT,PENDING,PAYREF1E6AE12BDF,
PAY000352,C0668,A1500,POL0493,587.16,ZAR,2025-02-10,MOBILE,REVERSED,PAYREF84DD53788A,
PAY000353,C0619,A0490,,516.39,ZAR,2026-09-11,CASH,FAILED,PAYREF76B35781E2,Account closed
PAY000354,C0653,A1468,POL0180,396.51,ZAR,2025-10-11,MOBILE,COMPLETED,PAYREF1175B979E2,
PAY000355,C0863,A0297,POL0636,750.16,ZAR,2025-10-27,CASH,PENDING,PAYREF576310EFA8,
PAY000356,C0775,A0395,POL0672,578.29,ZAR,2025-10-08,CARD,COMPLETED,PAYREF72CB482741,
PAY000357,C0246,A1222,POL0266,375.52,ZAR,2024-08-23,CARD,COMPLETED,PAYREF1DAA5D8141,
PAY000358,C0245,A0775,POL0265,2359.05,ZAR,2026-07-23,EFT,COMPLETED,PAYREF6FDDF77112,
PAY000359,C0696,A1341,,3761.74,ZAR,2025-08-11,EFT,COMPLETED,PAYREF99CB9A5D99,
PAY000360,C0238,A1484,,1096.52,ZAR,2025-06-02,EFT,COMPLETED,PAYREFDBD7DB7704,
PAY000361,C0294,A1151,,1172.01,ZAR,2025-12-21,EFT,PENDING,PAYREF16063C949A,
PAY000362,C0260,A0119,,548.64,ZAR,2026-07-22,EFT,COMPLETED,PAYREF3E56665C6D,
PAY000363,C0014,A0225,,3187.62,ZAR,2024-11-07,EFT,PENDING,PAYREFE1AC46D838,
PAY000364,C0954,A1180,,6236.54,ZAR,2025-05-27,EFT,COMPLETED,PAYREF08186C765C,
PAY000365,C0361,A0861,POL0245,930.95,ZAR,2026-03-31,CARD,COMPLETED,PAYREFE42A9C3C27,
PAY000366,C0992,A0744,,651.03,ZAR,2024-11-30,DEBIT_ORDER,COMPLETED,PAYREFE88E645CC0,
PAY000367,C0567,A0209,POL0488,1542.99,ZAR,2025-05-07,EFT,COMPLETED,PAYREFF92B668054,
PAY000368,C0480,A0884,POL0522,1247.54,ZAR,2026-08-12,DEBIT_ORDER,COMPLETED,PAYREF8C16647FCC,
PAY000369,C0370,A1134,POL0544,665.04,ZAR,2026-07-22,MOBILE,COMPLETED,PAYREFC40CD376C3,
PAY000370,C0830,A1050,POL0485,1756.71,ZAR,2025-12-25,CASH,COMPLETED,PAYREF5C248DA6EA,
PAY000371,C0221,A0243,,2802.19,ZAR,2024-09-30,CASH,COMPLETED,PAYREF0D68ABAD6D,
PAY000372,C0434,A1134,POL0481,499.79,ZAR,2025-07-22,CARD,REVERSED,PAYREF27AFE902E6,
PAY000373,C0125,A1330,,13933.26,ZAR,2026-01-28,MOBILE,COMPLETED,PAYREFB1C086FC86,
PAY000374,C0686,A1359,POL0064,236.76,ZAR,2024-05-07,MOBILE,COMPLETED,PAYREF4DB4BF1CAB,
PAY000375,C0511,A0878,POL0358,467.93,ZAR,2025-02-11,MOBILE,PENDING,PAYREF277226CB57,
PAY000376,C0066,A0528,POL0441,1385.71,ZAR,2024-11-10,EFT,COMPLETED,PAYREF5AA468E4FF,
PAY000377,C0836,A0132,,10372.08,ZAR,2026-08-18,MOBILE,COMPLETED,PAYREF9A6E9892A6,
PAY000378,C0280,A0988,POL0417,624.79,ZAR,2026-05-06,CASH,COMPLETED,PAYREFF950BB18E5,
PAY000379,C0645,A0649,POL0599,377.76,ZAR,2025-05-09,DEBIT_ORDER,COMPLETED,PAYREFC09C69B0E7,
PAY000380,C0704,A0280,POL0349,1899.3,ZAR,2026-05-19,DEBIT_ORDER,COMPLETED,PAYREFB3E3C686EA,
PAY000381,C0066,A0773,POL0526,855.26,ZAR,2024-03-04,MOBILE,COMPLETED,PAYREFC24B9A4D1A,
PAY000382,C0485,A0514,POL0487,2132.94,ZAR,2025-01-07,MOBILE,PENDING,PAYREF13F28ACDAA,
PAY000383,C0453,A1097,,1021.7,ZAR,2026-02-27,MOBILE,FAILED,PAYREF293A538C47,Invalid account
PAY000384,C0118,A0255,POL0076,465.37,ZAR,2024-06-21,MOBILE,COMPLETED,PAYREF1048372F41,
PAY000385,C0744,A1246,POL0148,11485.91,ZAR,2025-10-02,EFT,COMPLETED,PAYREFFAA6E4A3FD,
PAY000386,C0525,A0620,POL0447,57.15,ZAR,2025-09-20,CARD,COMPLETED,PAYREF7ECEAB4CCA,
PAY000387,C0036,A1056,,6769.88,ZAR,2025-05-18,EFT,COMPLETED,PAYREFCC214D9A04,
PAY000388,C0294,A1481,POL0114,2788.51,ZAR,2025-04-22,CASH,COMPLETED,PAYREFEB3A5A1E19,
PAY000389,C0513,A1021,POL0254,520.3,ZAR,2024-08-09,CASH,COMPLETED,PAYREF5A595BF40A,
PAY000390,C0387,A1350,POL0365,7132.52,ZAR,2025-09-27,EFT,COMPLETED,PAYREF354205495A,
PAY000391,C0664,A0184,POL0368,278.27,ZAR,2024-05-30,DEBIT_ORDER,COMPLETED,PAYREFAD18D3821F,
PAY000392,C0840,A0701,,3005.23,ZAR,2025-01-07,MOBILE,COMPLETED,PAYREFF383077557,
PAY000393,C0736,A1251,,136.64,ZAR,2026-06-24,EFT,COMPLETED,PAYREF5639269CE6,
PAY000394,C0956,A0936,POL0309,348.67,ZAR,2026-07-01,CARD,COMPLETED,PAYREFB42BA9217E,
PAY000395,C0276,A0111,,347.8,ZAR,2026-06-21,MOBILE,COMPLETED,PAYREFA7FC50A195,
PAY000396,C0010,A1376,,517.67,ZAR,2024-02-13,DEBIT_ORDER,COMPLETED,PAYREFC0960ABCC1,
PAY000397,C0050,A0292,POL0007,1109.41,ZAR,2025-06-29,CARD,COMPLETED,PAYREF22A335F729,
PAY000398,C0224,A0294,POL0238,480.11,ZAR,2024-11-05,CARD,COMPLETED,PAYREFF4C144C780,
PAY000399,C0748,A0426,POL0154,143.11,ZAR,2024-09-11,CARD,COMPLETED,PAYREF02CF7E9252,
PAY000400,C0972,A0339,POL0711,1743.15,ZAR,2026-08-04,MOBILE,COMPLETED,PAYREFA4E8DCDCD8,
PAY000401,C0302,A0290,,1151.65,ZAR,2026-04-23,CASH,COMPLETED,PAYREFA615751222,
PAY000402,C0551,A1013,,1650.65,ZAR,2026-06-26,DEBIT_ORDER,COMPLETED,PAYREFE2DDB8351C,
PAY000403,C0344,A0611,,1302.34,ZAR,2025-02-23,DEBIT_ORDER,REVERSED,PAYREFECB51F13F4,
PAY000404,C0134,A1283,POL0213,2847.61,ZAR,2024-04-23,EFT,COMPLETED,PAYREF454583EC3B,
PAY000405,C0918,A0153,POL0375,1016.9,ZAR,2024-12-30,DEBIT_ORDER,FAILED,PAYREFFCEDB12C4B,Account closed
PAY000406,C0462,A1380,,3018.52,ZAR,2024-01-30,EFT,PENDING,PAYREFB50B0FEA94,
PAY000407,C0620,A0448,,504.87,ZAR,2025-07-26,CARD,FAILED,PAYREF4548E94D84,Limit exceeded
PAY000408,C0647,A0712,POL0022,534.5,ZAR,2025-09-14,CASH,COMPLETED,PAYREF3379C1F1BE,
PAY000409,C0456,A0789,,4341.78,ZAR,2025-03-08,DEBIT_ORDER,COMPLETED,PAYREF2FF10D112C,
PAY000410,C0970,A1283,POL0174,4254.23,ZAR,2025-03-05,EFT,PENDING,PAYREFC6B3F8C752,
PAY000411,C0127,A1116,,1946.41,ZAR,2024-09-13,EFT,COMPLETED,PAYREF50DD1BC088,
PAY000412,C0724,A0408,POL0784,450.74,ZAR,2025-08-25,DEBIT_ORDER,COMPLETED,PAYREFA98C00580E,
PAY000413,C0650,A0924,,415.87,ZAR,2026-06-13,DEBIT_ORDER,COMPLETED,PAYREF53A6A82EA4,
PAY000414,C0922,A0863,,4138.4,ZAR,2025-02-10,CASH,COMPLETED,PAYREFF2540769EC,
PAY000415,C0309,A1259,POL0439,3915.37,ZAR,2026-02-24,EFT,COMPLETED,PAYREF1BB23D6413,
PAY000416,C0266,A0348,POL0457,1029.08,ZAR,2025-12-02,CASH,REVERSED,PAYREF6121DE6EAE,
PAY000417,C0962,A0792,POL0317,11405.89,ZAR,2026-08-22,MOBILE,PENDING,PAYREF66A0417F73,
PAY000418,C0513,A0926,,1735.24,ZAR,2024-12-26,MOBILE,COMPLETED,PAYREF2FCE36F891,
PAY000419,C0677,A0719,POL0606,362.42,ZAR,2025-07-31,MOBILE,COMPLETED,PAYREF283D36F1D6,
PAY000420,C0596,A0501,,832.45,ZAR,2024-03-09,CARD,FAILED,PAYREFDE9348396B,Technical error
PAY000421,C0607,A1444,,1102.65,ZAR,2024-05-18,CARD,COMPLETED,PAYREF87529CC32C,
PAY000422,C0209,A0221,,1195.59,ZAR,2024-02-17,EFT,COMPLETED,PAYREFD456494C7F,
PAY000423,C0706,A0317,POL0591,3827.64,ZAR,2024-04-07,EFT,COMPLETED,PAYREFDF3872A6B4,
PAY000424,C0439,A1372,,421.45,ZAR,2025-03-31,MOBILE,COMPLETED,PAYREF402B30703D,
PAY000425,C0690,A0875,POL0548,289.6,ZAR,2024-09-28,CARD,COMPLETED,PAYREF7319A7ECEB,
PAY000426,C0576,A0638,POL0428,2002.84,ZAR,2026-09-04,EFT,COMPLETED,PAYREF2C441F7BDD,
PAY000427,C0997,A1184,POL0203,660.51,ZAR,2024-04-01,CASH,COMPLETED,PAYREF0B3BFF6ECB,
PAY000428,C0073,A1091,POL0355,12375.9,ZAR,2024-11-30,EFT,FAILED,PAYREF496789D36B,Insufficient funds
PAY000429,C0479,A0542,POL0431,2816.42,ZAR,2025-06-10,CASH,COMPLETED,PAYREF92F69CA298,
PAY000430,C0043,A1224,,648.46,ZAR,2025-07-06,CASH,COMPLETED,PAYREF91A7A7F78E,
PAY000431,C0822,A1430,POL0079,3688.05,ZAR,2024-12-08,CASH,COMPLETED,PAYREF7FACE2FFD2,
PAY000432,C0232,A0881,,2276.54,ZAR,2025-06-28,CASH,COMPLETED,PAYREF48F058E681,
PAY000433,C0096,A0955,POL0226,2066.68,ZAR,2024-07-27,DEBIT_ORDER,PENDING,PAYREF1172B0E7C5,
PAY000434,C0704,A1160,POL0470,970.45,ZAR,2024-01-20,CARD,FAILED,PAYREFCB40B7854F,Limit exceeded
PAY000435,C0005,A0981,POL0168,1669.79,ZAR,2026-01-14,CASH,COMPLETED,PAYREF27AC81C65F,
PAY000436,C0989,A1105,POL0199,133.89,ZAR,2025-07-14,CARD,COMPLETED,PAYREF3C477C1840,
PAY000437,C0160,A0163,,4093.23,ZAR,2025-05-24,MOBILE,COMPLETED,PAYREF484F832BC9,
PAY000438,C0235,A0424,POL0047,35.3,ZAR,2026-03-17,CASH,COMPLETED,PAYREFAAECB324D8,
PAY000439,C0533,A0042,,704.77,ZAR,2026-06-28,EFT,COMPLETED,PAYREF751121DFA9,
PAY000440,C0654,A0800,,222.36,ZAR,2025-10-13,CARD,COMPLETED,PAYREFD889C4A72A,
PAY000441,C0391,A0976,,664.58,ZAR,2024-06-17,EFT,COMPLETED,PAYREFB3BE3FB73A,
PAY000442,C0026,A0246,POL0204,1018.29,ZAR,2024-03-06,EFT,REVERSED,PAYREF1C750374C7,
PAY000443,C0532,A0253,POL0502,331.36,ZAR,2026-05-24,CARD,COMPLETED,PAYREFCD65AA123E,
PAY000444,C0128,A0345,,68.41,ZAR,2024-12-07,DEBIT_ORDER,COMPLETED,PAYREF62A2BA1D59,
PAY000445,C0487,A0775,POL0040,1348.93,ZAR,2026-07-14,EFT,COMPLETED,PAYREF29F228737D,
PAY000446,C0562,A1407,POL0672,8834.68,ZAR,2025-09-20,DEBIT_ORDER,COMPLETED,PAYREF2E43F864E8,
PAY000447,C0662,A1459,POL0157,771.8,ZAR,2024-05-27,CASH,COMPLETED,PAYREF6330563893,
PAY000448,C0190,A0001,POL0390,2862.16,ZAR,2024-03-07,CARD,REVERSED,PAYREF927B5ADFD9,
PAY000449,C0103,A0334,POL0133,4936.37,ZAR,2025-01-31,EFT,COMPLETED,PAYREF50C2E50FC4,
PAY000450,C0522,A0418,POL0282,164.02,ZAR,2025-01-03,CARD,PENDING,PAYREF1CD7513B2F,
PAY000451,C0656,A1489,POL0453,694.18,ZAR,2024-11-20,CARD,COMPLETED,PAYREF633DB5ED07,
PAY000452,C0852,A1481,,306.01,ZAR,2024-10-21,DEBIT_ORDER,COMPLETED,PAYREF6CF56B8EED,
PAY000453,C0344,A0227,POL0437,489.67,ZAR,2025-05-28,CARD,PENDING,PAYREF968228566C,
PAY000454,C0322,A0056,POL0476,6015.0,ZAR,2025-02-26,MOBILE,COMPLETED,PAYREFD90C72FB2B,
PAY000455,C0005,A1147,POL0281,1371.53,ZAR,2025-12-04,DEBIT_ORDER,PENDING,PAYREF217C47C715,
PAY000456,C0780,A0232,POL0063,2413.48,ZAR,2024-11-06,EFT,COMPLETED,PAYREFD226164EE3,
PAY000457,C0359,A0129,,1049.53,ZAR,2026-03-22,CASH,COMPLETED,PAYREFD66913D2CE,
PAY000458,C0141,A0984,POL0466,326.83,ZAR,2026-05-31,EFT,COMPLETED,PAYREFAAECD99015,
PAY000459,C0202,A0360,,2160.54,ZAR,2025-11-20,DEBIT_ORDER,COMPLETED,PAYREF07DB317681,
PAY000460,C0728,A0329,POL0288,3837.5,ZAR,2024-04-26,MOBILE,COMPLETED,PAYREFD97B9B35ED,
PAY000461,C0789,A0999,,1506.24,ZAR,2025-04-04,EFT,COMPLETED,PAYREF3B8EC9A509,
PAY000462,C0901,A0263,,1788.49,ZAR,2025-03-29,MOBILE,COMPLETED,PAYREF498518211F,
PAY000463,C0393,A0878,POL0770,319.0,ZAR,2025-05-22,CASH,COMPLETED,PAYREF49A5E4EFCE,
PAY000464,C0246,A0881,POL0492,2223.56,ZAR,2026-03-27,CASH,COMPLETED,PAYREFB3B156BC62,
PAY000465,C0049,A0119,POL0778,4213.35,ZAR,2025-02-12,DEBIT_ORDER,COMPLETED,PAYREF0E2034476A,
PAY000466,C0973,A1441,,1643.5,ZAR,2026-08-01,MOBILE,COMPLETED,PAYREF70252A8D7B,
PAY000467,C0739,A0456,POL0245,181.86,ZAR,2025-12-29,EFT,COMPLETED,PAYREF1AF29AEFEC,
PAY000468,C0482,A1048,POL0285,5628.68,ZAR,2026-07-19,EFT,COMPLETED,PAYREF1E258A9ECC,
PAY000469,C0852,A1096,,426.31,ZAR,2025-04-04,CARD,COMPLETED,PAYREF92AC52A878,
PAY000470,C0905,A0378,POL0710,1616.13,ZAR,2024-06-26,CASH,COMPLETED,PAYREF0962EC09EC,
PAY000471,C0282,A0804,,2844.03,ZAR,2025-01-31,CASH,COMPLETED,PAYREF12F108A2C1,
PAY000472,C0166,A0417,POL0705,3228.0,ZAR,2026-01-02,DEBIT_ORDER,COMPLETED,PAYREFB09EA359D8,
PAY000473,C0397,A0204,POL0283,181.26,ZAR,2025-06-07,DEBIT_ORDER,COMPLETED,PAYREF91DE6A6958,
PAY000474,C0355,A0132,,1233.01,ZAR,2026-04-14,CARD,COMPLETED,PAYREFB9B5DF6601,
PAY000475,C0776,A0873,POL0636,1154.04,ZAR,2026-09-14,MOBILE,COMPLETED,PAYREFCC622142C6,
PAY000476,C0625,A1162,,4624.06,ZAR,2026-05-29,CARD,COMPLETED,PAYREF3035037C69,
PAY000477,C0321,A0102,,1734.93,ZAR,2024-04-01,MOBILE,COMPLETED,PAYREF4FB8B86874,
PAY000478,C0271,A0722,POL0794,4666.28,ZAR,2025-09-20,EFT,COMPLETED,PAYREFB0D357EFB9,
PAY000479,C0726,A0961,,1881.67,ZAR,2026-03-19,CARD,COMPLETED,PAYREFAD0CA1F61D,
PAY000480,C0948,A0392,POL0161,1018.24,ZAR,2025-08-11,EFT,REVERSED,PAYREF007003C24A,
PAY000481,C0189,A1196,POL0057,1331.23,ZAR,2026-05-03,CASH,COMPLETED,PAYREF199332BBA2,
PAY000482,C0174,A1197,POL0471,5032.12,ZAR,2025-07-20,MOBILE,COMPLETED,PAYREFDB83628485,
PAY000483,C0815,A1387,POL0751,299.79,ZAR,2026-04-12,CARD,COMPLETED,PAYREF302AAA1CE5,
PAY000484,C0690,A0615,POL0039,2713.39,ZAR,2025-02-19,MOBILE,COMPLETED,PAYREF7689C8723F,
PAY000485,C0355,A0747,POL0264,585.45,ZAR,2026-06-18,CASH,COMPLETED,PAYREF79794811DF,
PAY000486,C0036,A0393,,472.26,ZAR,2026-05-14,DEBIT_ORDER,COMPLETED,PAYREF6C7C17F7EA,
PAY000487,C0903,A0592,POL0695,3051.62,ZAR,2025-08-28,EFT,COMPLETED,PAYREF3A1B952DB7,
PAY000488,C0523,A0189,,453.46,ZAR,2025-07-02,MOBILE,COMPLETED,PAYREF18F895F9F0,
PAY000489,C0681,A0996,POL0008,1598.91,ZAR,2025-07-13,DEBIT_ORDER,COMPLETED,PAYREF175AFE2250,
PAY000490,C0315,A0759,,672.54,ZAR,2024-07-31,CASH,FAILED,PAYREF10D08EF4D6,Technical error
PAY000491,C0254,A0346,POL0457,103.86,ZAR,2024-06-03,MOBILE,COMPLETED,PAYREF6F4B9927F0,
PAY000492,C0795,A0423,POL0539,1768.2,ZAR,2024-07-01,DEBIT_ORDER,COMPLETED,PAYREF14572F3AB2,
PAY000493,C0481,A0241,,1244.29,ZAR,2025-11-03,DEBIT_ORDER,COMPLETED,PAYREF69FF0B7CC1,
PAY000494,C0765,A0750,POL0395,162.38,ZAR,2026-09-07,CASH,PENDING,PAYREFC2E755EB25,
PAY000495,C0177,A0503,POL0758,545.34,ZAR,2025-11-07,CARD,COMPLETED,PAYREF5EAC07F3AA,
PAY000496,C0190,A0463,POL0425,180.01,ZAR,2024-02-24,MOBILE,COMPLETED,PAYREFDD0B567D13,
PAY000497,C0838,A0643,POL0785,2279.45,ZAR,2025-11-19,EFT,COMPLETED,PAYREFC713F550C4,
PAY000498,C0864,A1033,POL0789,4393.99,ZAR,2024-08-01,CARD,COMPLETED,PAYREFBB25DF66CB,
PAY000499,C0620,A0505,,2564.43,ZAR,2024-03-14,DEBIT_ORDER,COMPLETED,PAYREFC662B72AC9,
PAY000500,C0920,A1385,POL0306,2948.73,ZAR,2026-06-14,EFT,COMPLETED,PAYREF7D1A557E83,
PAY000501,C0050,A1169,POL0463,653.39,ZAR,2025-05-20,EFT,REVERSED,PAYREF83AFAEFCD5,
PAY000502,C0070,A0498,POL0121,1894.91,ZAR,2025-11-21,DEBIT_ORDER,PENDING,PAYREFAAC210F77B,
PAY000503,C0317,A1303,,1086.73,ZAR,2025-04-12,EFT,COMPLETED,PAYREFEF121E5DBB,
PAY000504,C0393,A1262,POL0409,1319.9,ZAR,2025-01-10,EFT,COMPLETED,PAYREFAAC02D058B,
PAY000505,C0934,A0875,POL0191,2856.73,ZAR,2024-05-11,CARD,COMPLETED,PAYREF9C4A769AC1,
PAY000506,C0513,A0982,,3552.79,ZAR,2024-04-26,CASH,COMPLETED,PAYREF892E2C5F8A,
PAY000507,C0317,A1320,POL0342,742.66,ZAR,2024-07-01,EFT,COMPLETED,PAYREF7E2FBA8388,
PAY000508,C0951,A0130,,268.37,ZAR,2026-02-03,EFT,COMPLETED,PAYREFD5BCA24D5F,
PAY000509,C0094,A0541,,909.23,ZAR,2026-05-26,EFT,PENDING,PAYREF547B27CF18,
PAY000510,C0554,A0659,POL0381,880.71,ZAR,2025-03-04,CASH,COMPLETED,PAYREF4E334C054D,
PAY000511,C0537,A0019,,1457.67,ZAR,2025-03-30,DEBIT_ORDER,COMPLETED,PAYREF2FEE02214D,
PAY000512,C0778,A1377,POL0657,2522.48,ZAR,2026-08-18,CARD,COMPLETED,PAYREF526E2C1EBB,
PAY000513,C0813,A0363,POL0719,161.65,ZAR,2025-11-19,MOBILE,COMPLETED,PAYREF42F4F70BF6,
PAY000514,C0570,A1121,POL0248,560.64,ZAR,2026-01-27,EFT,PENDING,PAYREFBDC2B0859C,
PAY000515,C0857,A1025,POL0385,418.26,ZAR,2026-09-12,MOBILE,COMPLETED,PAYREF926A99B093,
PAY000516,C0825,A0500,,3831.05,ZAR,2024-07-03,CARD,COMPLETED,PAYREF6F51C38433,
PAY000517,C0137,A1325,,890.36,ZAR,2024-01-19,EFT,COMPLETED,PAYREFC8808DB091,
PAY000518,C0910,A0695,POL0174,656.63,ZAR,2025-01-17,DEBIT_ORDER,COMPLETED,PAYREF47DC073A56,
PAY000519,C0068,A0613,POL0642,1878.64,ZAR,2026-06-29,CARD,COMPLETED,PAYREFFBBECB45C2,
PAY000520,C0028,A0009,POL0728,606.07,ZAR,2024-08-23,MOBILE,COMPLETED,PAYREF5FAC5BF0DE,
PAY000521,C0298,A0622,,1080.1,ZAR,2026-01-30,MOBILE,COMPLETED,PAYREF2947B86889,
PAY000522,C0682,A0004,POL0704,6728.26,ZAR,2026-03-25,CASH,COMPLETED,PAYREF2A4387CF7B,
PAY000523,C0857,A1196,POL0366,6543.91,ZAR,2026-03-04,DEBIT_ORDER,REVERSED,PAYREFAA2AD4AF64,
PAY000524,C0878,A0338,POL0677,729.69,ZAR,2024-06-27,CASH,COMPLETED,PAYREF2A6C707266,
PAY000525,C0009,A1091,POL0031,913.82,ZAR,2024-10-12,MOBILE,FAILED,PAYREFA62B1D5481,Limit exceeded
PAY000526,C0956,A1108,,590.5,ZAR,2024-06-05,CARD,COMPLETED,PAYREF36599D70FD,
PAY000527,C0424,A0349,,159.83,ZAR,2025-07-31,EFT,PENDING,PAYREF77D7E82983,
PAY000528,C0008,A1273,POL0188,3090.81,ZAR,2026-07-22,EFT,COMPLETED,PAYREF6684DE49FF,
PAY000529,C0598,A0578,,12349.15,ZAR,2025-04-28,CARD,COMPLETED,PAYREFD60A6388B2,
PAY000530,C0658,A0851,POL0658,703.84,ZAR,2024-07-09,MOBILE,COMPLETED,PAYREFA039FED43E,
PAY000531,C0337,A1133,POL0221,484.54,ZAR,2025-01-26,EFT,COMPLETED,PAYREFDEBA1ABC13,
PAY000532,C0164,A0855,POL0073,834.77,ZAR,2026-08-20,CASH,COMPLETED,PAYREF03EB40D323,
PAY000533,C0001,A0228,POL0761,1193.98,ZAR,2025-07-31,MOBILE,COMPLETED,PAYREF93706C54C7,
PAY000534,C0039,A0188,,352.3,ZAR,2025-03-07,CARD,COMPLETED,PAYREFD09CAA197A,
PAY000535,C0031,A1079,,693.34,ZAR,2026-07-03,CASH,COMPLETED,PAYREF3C7E7418E0,
PAY000536,C0999,A0497,POL0408,3025.7,ZAR,2026-03-18,CASH,COMPLETED,PAYREF93975489C6,
PAY000537,C0793,A0790,,1245.61,ZAR,2025-11-27,MOBILE,PENDING,PAYREF7277DDF6E8,
PAY000538,C0201,A0127,,3906.46,ZAR,2026-03-27,CASH,COMPLETED,PAYREFCE9432C9D4,
PAY000539,C0160,A0015,POL0690,1579.35,ZAR,2024-02-22,CARD,COMPLETED,PAYREF6E5D8F2168,
PAY000540,C0529,A0105,POL0191,369.11,ZAR,2025-09-14,CARD,COMPLETED,PAYREF6716756EDE,
PAY000541,C0159,A1173,POL0205,616.46,ZAR,2024-08-30,EFT,COMPLETED,PAYREF3DF1874E9C,
PAY000542,C0581,A0658,,1405.87,ZAR,2024-08-29,DEBIT_ORDER,COMPLETED,PAYREF961CC3D05C,
PAY000543,C0577,A0246,POL0096,356.88,ZAR,2025-12-15,CASH,COMPLETED,PAYREFEC6D2056F7,
PAY000544,C0583,A0200,,313.46,ZAR,2024-05-28,CARD,COMPLETED,PAYREF286A3FC6C1,
PAY000545,C0586,A0998,POL0294,332.89,ZAR,2024-09-20,EFT,COMPLETED,PAYREFFB673F9C4D,
PAY000546,C0295,A0349,,1836.84,ZAR,2026-06-05,MOBILE,COMPLETED,PAYREF06173601BD,
PAY000547,C0608,A1490,,760.34,ZAR,2025-12-16,CARD,COMPLETED,PAYREF32D8392B6F,
PAY000548,C0120,A0840,POL0594,3577.58,ZAR,2025-05-19,EFT,COMPLETED,PAYREF7BA3D8B23B,
PAY000549,C0218,A1227,,447.46,ZAR,2024-08-10,DEBIT_ORDER,COMPLETED,PAYREF981B5622BF,
PAY000550,C0558,A1061,POL0008,93.93,ZAR,2024-06-07,DEBIT_ORDER,COMPLETED,PAYREF69B4F1CEF3,
PAY000551,C0223,A0070,POL0290,962.27,ZAR,2025-12-14,MOBILE,PENDING,PAYREF46B9737E07,
PAY000552,C0486,A1043,,5696.2,ZAR,2024-08-13,MOBILE,COMPLETED,PAYREFA5D6DC0CF6,
PAY000553,C0411,A0977,POL0068,1135.21,ZAR,2025-02-20,DEBIT_ORDER,COMPLETED,PAYREF17BEEDFEC9,
PAY000554,C0760,A1000,,278.08,ZAR,2026-05-02,DEBIT_ORDER,COMPLETED,PAYREFD9192309E8,
PAY000555,C0295,A1143,,216.1,ZAR,2024-01-06,MOBILE,COMPLETED,PAYREF59EB79C529,
PAY000556,C0739,A1083,POL0452,3633.32,ZAR,2025-03-30,DEBIT_ORDER,COMPLETED,PAYREF3E1733C687,
PAY000557,C0508,A1265,,489.1,ZAR,2024-08-17,CARD,COMPLETED,PAYREF8CD1C2470F,
PAY000558,C0443,A0932,,5124.54,ZAR,2026-06-29,CASH,COMPLETED,PAYREF566F753A28,
PAY000559,C0639,A0135,POL0423,2109.26,ZAR,2026-03-15,DEBIT_ORDER,FAILED,PAYREF912690F10A,Insufficient funds
PAY000560,C0637,A0346,POL0440,507.97,ZAR,2026-07-08,MOBILE,FAILED,PAYREF618BAC0BC0,Limit exceeded
PAY000561,C0730,A1167,,3523.24,ZAR,2025-03-21,EFT,COMPLETED,PAYREF4971C8F094,
PAY000562,C0225,A0336,POL0666,435.33,ZAR,2024-01-25,MOBILE,COMPLETED,PAYREF321E980787,
PAY000563,C0632,A0891,,257.92,ZAR,2026-05-11,CASH,COMPLETED,PAYREF8C5C3D9E3E,
PAY000564,C0684,A0425,POL0513,460.93,ZAR,2025-05-19,CASH,COMPLETED,PAYREF42AA767475,
PAY000565,C0835,A1412,POL0226,2365.48,ZAR,2025-01-29,EFT,COMPLETED,PAYREF024011400D,
PAY000566,C0662,A1272,,3421.95,ZAR,2026-01-20,CASH,COMPLETED,PAYREF58F2922CAD,
PAY000567,C0395,A0626,,738.02,ZAR,2026-07-22,EFT,FAILED,PAYREF6EB9B5E1FB,Account closed
PAY000568,C0814,A1425,,169.3,ZAR,2026-03-22,CASH,COMPLETED,PAYREFADC17A32E2,
PAY000569,C0459,A1234,POL0038,231.19,ZAR,2026-06-27,EFT,COMPLETED,PAYREFBD6E887D9B,
PAY000570,C0552,A0147,,377.04,ZAR,2026-09-13,CARD,COMPLETED,PAYREF17D84FFB18,
PAY000571,C0417,A0214,,300.67,ZAR,2024-03-12,MOBILE,COMPLETED,PAYREFF3595D9801,
PAY000572,C0214,A0354,,1430.0,ZAR,2026-06-30,CASH,COMPLETED,PAYREFA7E76582BD,
PAY000573,C0395,A1233,,7616.83,ZAR,2026-04-30,MOBILE,PENDING,PAYREFE19B8CB2D3,
PAY000574,C0453,A1458,POL0250,2430.32,ZAR,2024-03-14,CARD,FAILED,PAYREFD312C48F0B,Invalid account
PAY000575,C0360,A0820,POL0449,354.88,ZAR,2026-08-13,CARD,COMPLETED,PAYREFC609BF549D,
PAY000576,C0698,A0743,POL0487,547.64,ZAR,2024-09-28,DEBIT_ORDER,COMPLETED,PAYREFF6597E60F8,
PAY000577,C0041,A0539,,665.61,ZAR,2025-05-06,DEBIT_ORDER,COMPLETED,PAYREF13F251E19A,
PAY000578,C0227,A0535,POL0432,1618.43,ZAR,2026-05-12,EFT,COMPLETED,PAYREF77C2A821DA,
PAY000579,C0123,A0872,,5277.75,ZAR,2024-11-06,DEBIT_ORDER,COMPLETED,PAYREF05F31F1CA2,
PAY000580,C0120,A0581,POL0589,687.18,ZAR,2024-11-01,DEBIT_ORDER,COMPLETED,PAYREFD62C403ECC,
PAY000581,C0733,A0144,,5109.09,ZAR,2025-07-12,DEBIT_ORDER,COMPLETED,PAYREFA03EA7FB81,
PAY000582,C0498,A1142,POL0132,8990.39,ZAR,2025-01-11,EFT,COMPLETED,PAYREF12E10A3F4C,
PAY000583,C0090,A0189,,772.86,ZAR,2025-11-30,CARD,COMPLETED,PAYREF5C3FA783C4,
PAY000584,C0480,A0726,,753.22,ZAR,2026-05-23,DEBIT_ORDER,COMPLETED,PAYREFCD863D692D,
PAY000585,C0870,A0507,,764.62,ZAR,2024-02-27,CARD,COMPLETED,PAYREF33A1B817B0,
PAY000586,C0894,A0410,POL0729,1167.35,ZAR,2026-06-20,MOBILE,COMPLETED,PAYREF1778671F81,
PAY000587,C0377,A0757,POL0060,766.49,ZAR,2024-07-04,CARD,COMPLETED,PAYREFB410F4CE0B,
PAY000588,C0648,A1071,POL0440,2654.94,ZAR,2026-05-29,DEBIT_ORDER,COMPLETED,PAYREF33CED6487F,
PAY000589,C0981,A1054,POL0618,233.03,ZAR,2024-10-21,EFT,FAILED,PAYREF4C3E1FC7BA,Technical error
PAY000590,C0787,A0095,POL0350,642.51,ZAR,2026-05-07,EFT,COMPLETED,PAYREF2E651BD383,
PAY000591,C0085,A1175,POL0293,1524.12,ZAR,2025-05-04,CASH,COMPLETED,PAYREFD0C365D30F,
PAY000592,C0755,A0163,POL0481,2617.79,ZAR,2024-11-17,CASH,COMPLETED,PAYREF823B6F15B4,
PAY000593,C0093,A1195,,9850.57,ZAR,2025-04-12,CARD,COMPLETED,PAYREF49E4A4B6CA,
PAY000594,C0279,A1370,,302.17,ZAR,2025-10-06,DEBIT_ORDER,COMPLETED,PAYREFACC723B605,
PAY000595,C0905,A1448,POL0657,571.32,ZAR,2025-12-01,MOBILE,COMPLETED,PAYREF7CF81C52DF,
PAY000596,C0480,A1419,POL0522,113.7,ZAR,2025-04-16,CASH,FAILED,PAYREFE8652418C0,Account closed
PAY000597,C0407,A1011,POL0684,361.45,ZAR,2024-12-19,DEBIT_ORDER,COMPLETED,PAYREF60DE69034D,
PAY000598,C0796,A0698,,186.99,ZAR,2025-03-15,CASH,REVERSED,PAYREF5CFB3CF432,
PAY000599,C0172,A0476,POL0681,651.13,ZAR,2026-03-20,DEBIT_ORDER,COMPLETED,PAYREF324BFC5425,
PAY000600,C0984,A1145,POL0243,872.74,ZAR,2024-08-15,CARD,COMPLETED,PAYREF5C1805B2F1,
PAY000601,C0281,A1415,,1753.65,ZAR,2026-01-15,MOBILE,COMPLETED,PAYREFBAE769CA5D,
PAY000602,C0911,A1495,POL0641,813.54,ZAR,2024-02-26,CASH,COMPLETED,PAYREF52A70730E9,
PAY000603,C0657,A0702,,1754.5,ZAR,2024-03-12,CASH,FAILED,PAYREFE2B6580502,Technical error
PAY000604,C0171,A0289,POL0251,1229.15,ZAR,2025-06-28,CASH,COMPLETED,PAYREFC4E95A545C,
PAY000605,C0280,A0279,POL0309,390.21,ZAR,2026-05-09,DEBIT_ORDER,PENDING,PAYREFB277D2AFC8,
PAY000606,C0503,A0258,,203.11,ZAR,2024-08-14,MOBILE,COMPLETED,PAYREFE3C48275A3,
PAY000607,C0057,A0024,POL0219,1965.85,ZAR,2024-04-02,EFT,COMPLETED,PAYREF34302A61E1,
PAY000608,C0359,A1062,POL0060,5690.21,ZAR,2024-12-13,EFT,COMPLETED,PAYREF8B44873C83,
PAY000609,C0038,A0032,,13840.92,ZAR,2026-07-31,MOBILE,COMPLETED,PAYREFA951E128A6,
PAY000610,C0829,A1193,POL0070,2794.63,ZAR,2026-02-18,MOBILE,COMPLETED,PAYREF4F6979AE3B,
PAY000611,C0375,A1309,POL0504,4710.34,ZAR,2026-08-07,DEBIT_ORDER,PENDING,PAYREF4B8B5C2F7B,
PAY000612,C0433,A1139,,1739.69,ZAR,2026-07-14,EFT,COMPLETED,PAYREF0A517C11F8,
PAY000613,C0367,A1163,,1483.28,ZAR,2024-10-06,EFT,COMPLETED,PAYREF114D72B73F,
PAY000614,C0283,A0008,,1225.37,ZAR,2024-01-15,DEBIT_ORDER,COMPLETED,PAYREF757B00C33E,
PAY000615,C0066,A0494,POL0364,986.53,ZAR,2026-06-19,CARD,COMPLETED,PAYREFB66D8BC916,
PAY000616,C0575,A0015,POL0722,2012.39,ZAR,2026-06-17,EFT,COMPLETED,PAYREF42D3125A3C,
PAY000617,C0944,A0314,,651.58,ZAR,2026-02-18,MOBILE,COMPLETED,PAYREF80AADDB769,
PAY000618,C0368,A0054,POL0031,946.3,ZAR,2026-04-20,EFT,COMPLETED,PAYREF95CC994303,
PAY000619,C0824,A1072,,337.66,ZAR,2025-04-29,DEBIT_ORDER,COMPLETED,PAYREF1B71D5F46A,
PAY000620,C0770,A0514,,1763.27,ZAR,2024-04-26,MOBILE,FAILED,PAYREF49CDC723B5,Insufficient funds
PAY000621,C0135,A0295,POL0014,420.27,ZAR,2025-12-22,EFT,COMPLETED,PAYREF6C480B2BDF,
PAY000622,C0373,A0623,,1134.27,ZAR,2024-03-28,EFT,COMPLETED,PAYREFA13A7EF1E4,
PAY000623,C0287,A0748,POL0779,1808.93,ZAR,2024-01-03,MOBILE,PENDING,PAYREF48310C6FA6,
PAY000624,C0934,A0530,,1970.2,ZAR,2025-06-06,DEBIT_ORDER,COMPLETED,PAYREFC09766DCA1,
PAY000625,C0307,A0794,POL0654,2372.05,ZAR,2025-04-19,MOBILE,FAILED,PAYREFD34E2BE85D,Limit exceeded
PAY000626,C0424,A1072,,885.99,ZAR,2025-09-03,MOBILE,REVERSED,PAYREFD931063BFE,
PAY000627,C0871,A0075,POL0657,1783.02,ZAR,2024-02-04,EFT,COMPLETED,PAYREF36A5A05C8E,
PAY000628,C0097,A0329,POL0333,674.1,ZAR,2024-03-27,CARD,COMPLETED,PAYREF8F014000B1,
PAY000629,C0312,A1231,,152.8,ZAR,2026-09-10,DEBIT_ORDER,COMPLETED,PAYREFF3DF7E431B,
PAY000630,C0416,A1435,POL0308,1863.68,ZAR,2025-04-16,CARD,COMPLETED,PAYREFABC983B018,
PAY000631,C0225,A0116,POL0673,1478.06,ZAR,2026-07-01,DEBIT_ORDER,COMPLETED,PAYREF5D703C2FDA,
PAY000632,C0827,A0556,POL0728,3020.94,ZAR,2024-02-08,EFT,FAILED,PAYREF9BDA3F2FE8,Technical error
PAY000633,C0503,A1378,POL0558,1069.25,ZAR,2025-08-12,CARD,COMPLETED,PAYREF9189BB4660,
PAY000634,C0606,A1401,,220.71,ZAR,2024-04-15,EFT,COMPLETED,PAYREF10115E98E1,
PAY000635,C0074,A0380,,1000.61,ZAR,2024-03-10,CASH,COMPLETED,PAYREFEC2F77B14D,
PAY000636,C0102,A0171,,2661.33,ZAR,2026-04-23,CASH,FAILED,PAYREF66DF05FF0C,Invalid account
PAY000637,C0511,A0040,POL0158,1765.23,ZAR,2025-03-26,MOBILE,COMPLETED,PAYREFB54784BEE4,
PAY000638,C0726,A1027,,946.96,ZAR,2026-08-17,CASH,COMPLETED,PAYREF16EC551D6F,
PAY000639,C0835,A1457,,207.77,ZAR,2024-07-15,DEBIT_ORDER,FAILED,PAYREFCD0A193BFC,Insufficient funds
PAY000640,C0733,A0526,,393.07,ZAR,2025-06-06,DEBIT_ORDER,COMPLETED,PAYREFC2790AC45E,
PAY000641,C0379,A0501,POL0516,1767.35,ZAR,2026-03-10,EFT,COMPLETED,PAYREF7167508A72,
PAY000642,C0776,A0893,POL0476,207.44,ZAR,2026-03-25,EFT,COMPLETED,PAYREF32ADC64C5D,
PAY000643,C0674,A0644,POL0785,797.72,ZAR,2026-01-03,CARD,COMPLETED,PAYREFC114E41B66,
PAY000644,C0182,A1029,POL0592,1139.59,ZAR,2025-04-08,MOBILE,PENDING,PAYREF4444090247,
PAY000645,C0520,A0738,POL0707,3463.16,ZAR,2024-11-16,MOBILE,COMPLETED,PAYREF067E60041C,
PAY000646,C0105,A0341,POL0024,2027.36,ZAR,2024-12-27,DEBIT_ORDER,PENDING,PAYREF89B6F38542,
PAY000647,C0923,A0824,POL0138,2872.14,ZAR,2024-12-26,CARD,COMPLETED,PAYREFB65A13331F,
PAY000648,C0311,A0634,POL0406,1483.05,ZAR,2024-07-10,CASH,COMPLETED,PAYREF1DFDF19A63,
PAY000649,C0640,A1466,POL0250,470.87,ZAR,2026-05-11,MOBILE,COMPLETED,PAYREFFD5044FC2B,
PAY000650,C0116,A0782,POL0750,593.68,ZAR,2025-07-12,DEBIT_ORDER,COMPLETED,PAYREF3F24C3B9B9,
PAY000651,C0683,A0682,POL0029,431.53,ZAR,2025-01-12,MOBILE,COMPLETED,PAYREFC7C2FB5438,
PAY000652,C0624,A1342,,1979.86,ZAR,2026-02-17,MOBILE,COMPLETED,PAYREF223619D4E4,
PAY000653,C0284,A0102,POL0728,547.89,ZAR,2026-04-07,CASH,COMPLETED,PAYREF8F972529BC,
PAY000654,C0116,A0883,,739.52,ZAR,2024-07-27,CARD,COMPLETED,PAYREF5C9E01A96A,
PAY000655,C0028,A0526,POL0542,1121.58,ZAR,2024-11-21,MOBILE,COMPLETED,PAYREFF94FB6992A,
PAY000656,C0413,A1363,POL0750,5660.75,ZAR,2026-04-02,DEBIT_ORDER,COMPLETED,PAYREF303A2DE76A,
PAY000657,C0289,A0268,POL0485,2115.68,ZAR,2025-05-06,CARD,REVERSED,PAYREF7C63F54F20,
PAY000658,C0279,A1210,POL0279,506.31,ZAR,2025-01-21,EFT,COMPLETED,PAYREF1BAD3F90F5,
PAY000659,C0514,A0036,POL0027,1276.46,ZAR,2026-08-15,CASH,COMPLETED,PAYREF3F5373558D,
PAY000660,C0329,A1120,POL0390,5717.64,ZAR,2026-05-17,EFT,COMPLETED,PAYREF4EF8A052B1,
PAY000661,C0124,A1044,POL0498,2028.76,ZAR,2025-01-30,CASH,COMPLETED,PAYREFC2B9D7D2B1,
PAY000662,C0296,A1347,POL0015,221.79,ZAR,2024-02-13,DEBIT_ORDER,COMPLETED,PAYREF92A0862E03,
PAY000663,C0748,A0065,POL0733,439.11,ZAR,2024-09-24,DEBIT_ORDER,COMPLETED,PAYREFFD278B5167,
PAY000664,C0106,A0957,POL0125,406.7,ZAR,2025-03-25,CASH,COMPLETED,PAYREFDDFE172A7E,
PAY000665,C0086,A0722,POL0091,4631.93,ZAR,2026-02-21,MOBILE,COMPLETED,PAYREFCA6A93BE41,
PAY000666,C0106,A0099,,3851.74,ZAR,2024-07-26,DEBIT_ORDER,COMPLETED,PAYREF67F49353DA,
PAY000667,C0350,A1187,POL0475,586.96,ZAR,2026-08-01,CARD,COMPLETED,PAYREF1744CC2056,
PAY000668,C0164,A0203,POL0339,574.45,ZAR,2024-01-14,EFT,COMPLETED,PAYREF5E3F254F89,
PAY000669,C0294,A0810,POL0760,1146.76,ZAR,2025-02-22,CASH,COMPLETED,PAYREFDD167C1AEB,
PAY000670,C0153,A0751,,1181.65,ZAR,2024-09-17,MOBILE,COMPLETED,PAYREF24176D7301,
PAY000671,C0626,A0572,POL0481,418.92,ZAR,2024-01-05,EFT,COMPLETED,PAYREFA87657991C,
PAY000672,C0427,A0744,POL0664,854.8,ZAR,2024-07-19,DEBIT_ORDER,COMPLETED,PAYREFFC04796E66,
PAY000673,C0322,A1368,POL0479,256.31,ZAR,2024-09-09,MOBILE,COMPLETED,PAYREFDA617A92C5,
PAY000674,C0804,A0938,POL0175,3914.02,ZAR,2025-04-01,DEBIT_ORDER,COMPLETED,PAYREF2D62F6C3CB,
PAY000675,C0558,A1127,POL0348,188.61,ZAR,2025-09-16,DEBIT_ORDER,COMPLETED,PAYREF5795B33F27,
PAY000676,C0762,A0995,POL0475,186.52,ZAR,2025-04-12,MOBILE,PENDING,PAYREF71CF2F56BE,
PAY000677,C0504,A0422,,1694.32,ZAR,2025-12-08,CARD,COMPLETED,PAYREF99B05435CD,
PAY000678,C0245,A0561,POL0263,318.34,ZAR,2026-04-21,CARD,COMPLETED,PAYREFD27533A367,
PAY000679,C0542,A1042,POL0692,664.5,ZAR,2025-05-07,CARD,COMPLETED,PAYREF0CC6EBAE8E,
PAY000680,C0232,A0579,,1168.15,ZAR,2026-05-11,CASH,COMPLETED,PAYREFAB8EACC05C,
PAY000681,C0544,A1235,POL0385,2154.47,ZAR,2026-08-11,CASH,COMPLETED,PAYREF85C3F97E58,
PAY000682,C0645,A0368,POL0468,879.12,ZAR,2024-10-11,CASH,COMPLETED,PAYREF3068C40EDD,
PAY000683,C0487,A0150,,6497.49,ZAR,2026-06-24,EFT,COMPLETED,PAYREFF72B84C8D1,
PAY000684,C0249,A0984,POL0174,1096.15,ZAR,2024-11-03,EFT,COMPLETED,PAYREF3CB0B53B92,
PAY000685,C0336,A0068,POL0427,3607.59,ZAR,2024-03-17,EFT,PENDING,PAYREFE5B7BB75FF,
PAY000686,C0322,A0531,POL0283,1448.89,ZAR,2024-03-31,CASH,COMPLETED,PAYREF2569AA5700,
PAY000687,C0522,A1372,POL0154,9239.19,ZAR,2025-04-10,EFT,COMPLETED,PAYREF6462AEB223,
PAY000688,C0798,A0603,POL0186,3160.11,ZAR,2025-10-29,MOBILE,COMPLETED,PAYREF6C85B43156,
PAY000689,C0244,A1099,POL0103,1145.35,ZAR,2024-08-25,EFT,COMPLETED,PAYREF1C24C13AA7,
PAY000690,C0282,A1347,POL0011,2056.64,ZAR,2024-06-01,DEBIT_ORDER,COMPLETED,PAYREFD7B9AB5515,
PAY000691,C0016,A1345,POL0743,844.87,ZAR,2026-06-18,DEBIT_ORDER,PENDING,PAYREF73425E75B7,
PAY000692,C0487,A0256,POL0295,836.39,ZAR,2025-10-30,EFT,COMPLETED,PAYREFB645EC5492,
PAY000693,C0972,A0751,POL0346,297.85,ZAR,2026-08-27,MOBILE,COMPLETED,PAYREFCC5D4E07F9,
PAY000694,C0463,A0983,POL0544,488.69,ZAR,2024-06-26,CASH,COMPLETED,PAYREF7FCA90A43F,
PAY000695,C0015,A0367,POL0773,8612.51,ZAR,2025-05-16,EFT,COMPLETED,PAYREFD152F48BBA,
PAY000696,C0925,A0805,,328.97,ZAR,2026-06-22,CARD,COMPLETED,PAYREFE180DD950A,
PAY000697,C0591,A0643,POL0514,569.36,ZAR,2024-10-19,EFT,COMPLETED,PAYREF41778591B3,
PAY000698,C0693,A0808,POL0263,998.53,ZAR,2026-04-13,CASH,COMPLETED,PAYREF09109E2530,
PAY000699,C0619,A0224,POL0390,1032.35,ZAR,2026-05-11,MOBILE,COMPLETED,PAYREF0659436972,
PAY000700,C0899,A0259,POL0583,1609.58,ZAR,2024-05-01,MOBILE,COMPLETED,PAYREFC8C15299A6,
PAY000701,C0013,A1413,,686.0,ZAR,2024-07-24,EFT,COMPLETED,PAYREFD9A80AF520,
PAY000702,C0353,A0318,POL0418,1711.93,ZAR,2024-10-22,CASH,COMPLETED,PAYREFDA22CA8708,
PAY000703,C0926,A0663,POL0347,3437.11,ZAR,2024-12-06,EFT,COMPLETED,PAYREF24F296F329,
PAY000704,C0283,A1333,POL0553,3891.82,ZAR,2025-05-23,CASH,COMPLETED,PAYREF074A1E89C4,
PAY000705,C0798,A0523,POL0672,839.23,ZAR,2025-09-28,MOBILE,COMPLETED,PAYREF09DF20E808,
PAY000706,C0461,A0088,,2020.99,ZAR,2024-01-01,CASH,COMPLETED,PAYREF6409D47DC3,
PAY000707,C0128,A0601,,348.58,ZAR,2026-03-12,DEBIT_ORDER,COMPLETED,PAYREF8ABA1FD82C,
PAY000708,C0990,A0522,,532.87,ZAR,2026-06-30,DEBIT_ORDER,COMPLETED,PAYREFBD6FC852EA,
PAY000709,C0527,A0295,POL0091,339.09,ZAR,2025-06-02,EFT,COMPLETED,PAYREFF09DF3BD8B,
PAY000710,C0373,A1453,POL0023,1047.6,ZAR,2026-06-07,MOBILE,COMPLETED,PAYREF57985C9307,
PAY000711,C0602,A1250,POL0692,464.42,ZAR,2026-04-12,DEBIT_ORDER,COMPLETED,PAYREF49C2343B07,
PAY000712,C0421,A0106,POL0103,239.68,ZAR,2026-03-10,EFT,COMPLETED,PAYREF89168F5976,
PAY000713,C0861,A0082,,745.46,ZAR,2025-01-08,CASH,COMPLETED,PAYREF4BB96F06D6,
PAY000714,C0922,A0967,,194.69,ZAR,2024-11-30,CASH,COMPLETED,PAYREF3FE1DAEF3E,
PAY000715,C0824,A0999,,4134.8,ZAR,2025-01-28,CASH,COMPLETED,PAYREF109B6BC773,
PAY000716,C0418,A0216,POL0112,627.96,ZAR,2026-06-04,EFT,COMPLETED,PAYREFC8AA7E9471,
PAY000717,C0157,A1031,POL0244,2937.51,ZAR,2025-09-20,CARD,PENDING,PAYREF96E9135972,
PAY000718,C0302,A0047,POL0665,670.44,ZAR,2026-04-24,DEBIT_ORDER,COMPLETED,PAYREF9D93562787,
PAY000719,C0821,A0869,POL0427,331.98,ZAR,2024-10-10,MOBILE,COMPLETED,PAYREF9F8F2DBDCE,
PAY000720,C0465,A0010,POL0139,3552.92,ZAR,2026-08-06,CASH,COMPLETED,PAYREF99E0890D44,
PAY000721,C0033,A0528,POL0224,1198.35,ZAR,2026-05-11,DEBIT_ORDER,COMPLETED,PAYREF3B2F9948C4,
PAY000722,C0248,A1488,POL0550,7236.62,ZAR,2024-05-29,CARD,COMPLETED,PAYREFEFCAF3E36A,
PAY000723,C0197,A1306,POL0496,687.79,ZAR,2024-06-12,MOBILE,COMPLETED,PAYREF6AC59D4E3B,
PAY000724,C0236,A0333,POL0481,702.8,ZAR,2024-10-01,CASH,COMPLETED,PAYREFF87A9692CB,
PAY000725,C0594,A1298,,2995.27,ZAR,2025-09-21,MOBILE,COMPLETED,PAYREF3CE35EA65D,
PAY000726,C0544,A0748,POL0046,3016.2,ZAR,2025-04-29,EFT,COMPLETED,PAYREFA62068F6EA,
PAY000727,C0302,A0134,POL0458,1278.48,ZAR,2024-05-14,CARD,COMPLETED,PAYREF2A5D5C18D7,
PAY000728,C0941,A1254,,30799.95,ZAR,2024-11-07,CARD,COMPLETED,PAYREF14E95F39CB,
PAY000729,C0082,A1496,POL0023,828.35,ZAR,2026-02-11,MOBILE,COMPLETED,PAYREFD75EC31F5C,
PAY000730,C0221,A1221,POL0152,308.13,ZAR,2024-06-14,MOBILE,COMPLETED,PAYREF9FD5FCBED5,
PAY000731,C0542,A0233,,402.4,ZAR,2024-08-01,MOBILE,COMPLETED,PAYREFB189D4D2B3,
PAY000732,C0874,A1266,,833.19,ZAR,2025-06-27,DEBIT_ORDER,COMPLETED,PAYREF3452624A41,
PAY000733,C0249,A1161,,5007.92,ZAR,2026-03-23,CARD,COMPLETED,PAYREF9EAD9A4203,
PAY000734,C0621,A1452,POL0644,910.19,ZAR,2024-06-18,DEBIT_ORDER,COMPLETED,PAYREFAD61455FD3,
PAY000735,C0106,A0138,,5250.36,ZAR,2024-12-30,CARD,COMPLETED,PAYREF659FB7BDDD,
PAY000736,C0669,A0166,,1693.28,ZAR,2025-06-09,CARD,COMPLETED,PAYREF15F5F4D820,
PAY000737,C0734,A0832,POL0668,3240.13,ZAR,2025-10-15,MOBILE,COMPLETED,PAYREFCD0B66BE22,
PAY000738,C0470,A0258,,1615.13,ZAR,2025-06-11,CARD,FAILED,PAYREF8147820060,Account closed
PAY000739,C0728,A0234,POL0544,1602.38,ZAR,2025-09-10,EFT,COMPLETED,PAYREFC9D5738F3B,
PAY000740,C0146,A0987,POL0167,2327.87,ZAR,2025-05-25,CARD,COMPLETED,PAYREF73F7247B04,
PAY000741,C0256,A0194,,622.22,ZAR,2024-10-18,MOBILE,PENDING,PAYREF863BDD9D37,
PAY000742,C0616,A1427,,629.1,ZAR,2026-08-24,MOBILE,COMPLETED,PAYREFDD6ECBBFE2,
PAY000743,C0125,A0110,,1555.49,ZAR,2024-03-18,DEBIT_ORDER,COMPLETED,PAYREFB10172446B,
PAY000744,C0050,A0570,POL0789,7639.68,ZAR,2026-04-15,CASH,FAILED,PAYREFF6107B5E84,Account closed
PAY000745,C0911,A0739,POL0569,234.92,ZAR,2026-04-08,CASH,COMPLETED,PAYREFF84A35D5D0,
PAY000746,C0217,A0961,POL0093,144.14,ZAR,2026-02-06,MOBILE,COMPLETED,PAYREFE584E10D6B,
PAY000747,C0130,A1280,,842.4,ZAR,2025-05-29,CASH,COMPLETED,PAYREF842ADA9EAF,
PAY000748,C0104,A1430,POL0258,3074.34,ZAR,2025-04-20,EFT,COMPLETED,PAYREF661C0E3A76,
PAY000749,C0925,A0730,POL0135,1154.45,ZAR,2025-06-27,CASH,COMPLETED,PAYREFDFA9CAD5DA,
PAY000750,C0270,A0273,POL0576,340.59,ZAR,2026-05-07,CASH,COMPLETED,PAYREF91D6C4A1B0,
PAY000751,C0669,A1448,POL0264,1186.89,ZAR,2026-02-02,EFT,COMPLETED,PAYREF3A41DB195F,
PAY000752,C0891,A0784,,193.84,ZAR,2025-06-05,MOBILE,COMPLETED,PAYREF792E26A999,
PAY000753,C0546,A0216,POL0480,2056.82,ZAR,2026-01-14,MOBILE,COMPLETED,PAYREF70C6E8167C,
PAY000754,C0684,A1216,,805.04,ZAR,2024-03-13,CARD,PENDING,PAYREF5D7F85A5CE,
PAY000755,C0861,A0684,POL0636,1010.26,ZAR,2026-06-20,CARD,COMPLETED,PAYREFA4F901031B,
PAY000756,C0674,A0524,,1681.07,ZAR,2025-07-10,EFT,COMPLETED,PAYREF9D126F2016,
PAY000757,C0399,A0569,POL0638,1347.07,ZAR,2026-03-12,CASH,COMPLETED,PAYREF848CB85572,
PAY000758,C0467,A1314,POL0785,638.26,ZAR,2026-07-03,EFT,COMPLETED,PAYREFD95519AD41,
PAY000759,C0554,A1388,POL0279,3082.86,ZAR,2026-06-20,EFT,COMPLETED,PAYREFA3A6AF28C1,
PAY000760,C0994,A1470,,2433.13,ZAR,2026-07-15,EFT,COMPLETED,PAYREF5FC651DA91,
PAY000761,C0475,A1224,,185.99,ZAR,2024-12-15,MOBILE,COMPLETED,PAYREFE001330CE7,
PAY000762,C0576,A0013,POL0728,871.1,ZAR,2025-02-11,CASH,COMPLETED,PAYREF8A72810F59,
PAY000763,C0463,A0389,POL0638,372.3,ZAR,2025-09-27,MOBILE,COMPLETED,PAYREFC5A693EFF4,
PAY000764,C0184,A0671,,308.57,ZAR,2024-10-25,DEBIT_ORDER,COMPLETED,PAYREF8D1B8C9DAC,
PAY000765,C0503,A0914,POL0444,1872.69,ZAR,2025-11-17,DEBIT_ORDER,COMPLETED,PAYREF992C9FA2B7,
PAY000766,C0696,A0777,,721.07,ZAR,2026-02-07,MOBILE,COMPLETED,PAYREF09E6FE29CD,
PAY000767,C0189,A0362,POL0767,950.73,ZAR,2026-03-25,CASH,COMPLETED,PAYREFB395B0A1B0,
PAY000768,C0209,A0802,POL0349,561.33,ZAR,2026-01-12,MOBILE,COMPLETED,PAYREF925CC43499,
PAY000769,C0054,A0723,,1587.91,ZAR,2025-02-22,EFT,COMPLETED,PAYREFED104ADA0F,
PAY000770,C0337,A1146,,2161.04,ZAR,2025-01-05,EFT,COMPLETED,PAYREF8D5525B418,
PAY000771,C0328,A0585,POL0545,9607.07,ZAR,2025-01-10,MOBILE,COMPLETED,PAYREF2CFB2C5E2C,
PAY000772,C0598,A1208,POL0628,915.09,ZAR,2025-03-23,CASH,COMPLETED,PAYREF58572D90AB,
PAY000773,C0516,A1302,,257.64,ZAR,2025-12-22,MOBILE,COMPLETED,PAYREF8CB0702017,
PAY000774,C0289,A0558,POL0165,662.56,ZAR,2025-04-29,CASH,COMPLETED,PAYREF30B909A035,
PAY000775,C0542,A0447,POL0311,2558.2,ZAR,2026-06-15,MOBILE,COMPLETED,PAYREFCD211825FE,
PAY000776,C0558,A0359,POL0448,506.41,ZAR,2024-06-15,CASH,COMPLETED,PAYREF99B20B360F,
PAY000777,C0054,A0367,,249.1,ZAR,2025-07-31,CARD,COMPLETED,PAYREFC22B9CA398,
PAY000778,C0909,A1012,,517.07,ZAR,2026-08-26,CARD,COMPLETED,PAYREFF94A2F0A56,
PAY000779,C0135,A0783,POL0518,643.31,ZAR,2025-05-12,DEBIT_ORDER,COMPLETED,PAYREFC8E9E4DBA8,
PAY000780,C0880,A0835,,371.42,ZAR,2026-01-13,CARD,COMPLETED,PAYREFC667F49610,
PAY000781,C0218,A0535,,1363.05,ZAR,2025-11-13,CARD,COMPLETED,PAYREFC289147C70,
PAY000782,C0182,A0909,,1013.31,ZAR,2025-12-21,CARD,COMPLETED,PAYREF040071F183,
PAY000783,C0166,A0294,POL0356,2415.61,ZAR,2025-04-22,EFT,COMPLETED,PAYREF3575502AEB,
PAY000784,C0969,A1384,,702.15,ZAR,2026-01-10,EFT,COMPLETED,PAYREF4FDBF4A593,
PAY000785,C0998,A0607,,1916.13,ZAR,2024-12-25,DEBIT_ORDER,COMPLETED,PAYREF228D9CB48E,
PAY000786,C0394,A0856,POL0565,670.3,ZAR,2025-02-10,MOBILE,COMPLETED,PAYREF59C75A348A,
PAY000787,C0308,A1429,POL0467,354.39,ZAR,2025-10-28,CARD,COMPLETED,PAYREF16F0A8C34C,
PAY000788,C0775,A1119,,637.13,ZAR,2025-04-09,CASH,COMPLETED,PAYREFE07E0D6D0A,
PAY000789,C0868,A1434,POL0384,217.4,ZAR,2025-07-17,EFT,FAILED,PAYREF16780DF2AE,Account closed
PAY000790,C0486,A0016,POL0367,6556.52,ZAR,2024-12-04,CASH,COMPLETED,PAYREF1936C531F7,
PAY000791,C0416,A0103,POL0775,1264.59,ZAR,2025-01-08,CARD,PENDING,PAYREF78AB541E88,
PAY000792,C0950,A0657,,495.02,ZAR,2025-02-14,CARD,COMPLETED,PAYREF45D59129BE,
PAY000793,C0297,A0100,POL0148,751.71,ZAR,2024-03-03,MOBILE,COMPLETED,PAYREFE94E36011E,
PAY000794,C0357,A0910,,94.59,ZAR,2025-02-27,EFT,FAILED,PAYREF7C2D30E3A5,Account closed
PAY000795,C0882,A0116,,4602.49,ZAR,2024-05-11,DEBIT_ORDER,PENDING,PAYREFF05B2CDC45,
PAY000796,C0178,A1470,,4173.66,ZAR,2025-09-30,DEBIT_ORDER,PENDING,PAYREFA7B380FCFD,
PAY000797,C0831,A0111,POL0331,1221.14,ZAR,2025-10-02,CASH,COMPLETED,PAYREF6CC76007A3,
PAY000798,C0137,A0541,,1509.39,ZAR,2024-12-30,MOBILE,FAILED,PAYREFDD6B9393DE,Account closed
PAY000799,C0817,A0540,POL0517,308.69,ZAR,2026-04-05,MOBILE,COMPLETED,PAYREFA3A9859837,
PAY000800,C0594,A1216,POL0647,331.97,ZAR,2026-06-02,DEBIT_ORDER,COMPLETED,PAYREF32D88D969F,
PAY000801,C0279,A1322,,200.88,ZAR,2026-04-11,EFT,REVERSED,PAYREFA28A276F0E,
PAY000802,C0987,A0221,POL0490,933.49,ZAR,2026-04-22,MOBILE,PENDING,PAYREFDC47C8D0C2,
PAY000803,C0237,A0820,POL0205,3168.57,ZAR,2026-09-15,DEBIT_ORDER,COMPLETED,PAYREFB457712ECD,
PAY000804,C0891,A1329,POL0475,747.54,ZAR,2024-11-17,EFT,COMPLETED,PAYREF6073108200,
PAY000805,C0944,A1276,POL0500,1552.61,ZAR,2024-12-20,CARD,COMPLETED,PAYREFA0DD3EAD5B,
PAY000806,C0232,A0394,POL0215,2918.53,ZAR,2025-09-21,MOBILE,COMPLETED,PAYREF6547ADCBC0,
PAY000807,C0276,A0162,POL0330,216.13,ZAR,2024-01-03,DEBIT_ORDER,COMPLETED,PAYREF13B24ACB55,
PAY000808,C0888,A0379,POL0783,6943.53,ZAR,2025-07-02,CASH,COMPLETED,PAYREF3DB4D7F05F,
PAY000809,C0064,A0170,,3488.83,ZAR,2024-01-11,EFT,COMPLETED,PAYREFE78AF762D9,
PAY000810,C0592,A0269,POL0198,1833.34,ZAR,2026-08-24,CASH,COMPLETED,PAYREF9BFB615AF7,
PAY000811,C0761,A0365,,2763.06,ZAR,2026-06-02,CASH,COMPLETED,PAYREFFB46B5EC03,
PAY000812,C0301,A0143,,2895.97,ZAR,2024-11-06,CASH,COMPLETED,PAYREF1C889F2B78,
PAY000813,C0033,A0249,,1469.44,ZAR,2026-08-07,MOBILE,COMPLETED,PAYREFA0E648607B,
PAY000814,C0340,A0953,,4574.62,ZAR,2026-04-09,DEBIT_ORDER,COMPLETED,PAYREF895DDB033A,
PAY000815,C0450,A1004,POL0789,697.39,ZAR,2026-08-17,DEBIT_ORDER,REVERSED,PAYREFBEB19A3A6C,
PAY000816,C0718,A0843,,1740.3,ZAR,2024-08-14,MOBILE,FAILED,PAYREFBBE7849432,Technical error
PAY000817,C0667,A0574,POL0654,4111.91,ZAR,2026-01-27,DEBIT_ORDER,COMPLETED,PAYREF0E6F6957BE,
PAY000818,C0851,A0265,POL0730,74.35,ZAR,2025-06-04,DEBIT_ORDER,COMPLETED,PAYREF051BB55AF8,
PAY000819,C0662,A0775,,1699.29,ZAR,2025-09-21,CASH,PENDING,PAYREF708D088F92,
PAY000820,C0235,A0834,,2263.36,ZAR,2025-06-23,CASH,COMPLETED,PAYREF5F7157D6F3,
PAY000821,C0115,A0788,POL0744,198.65,ZAR,2024-03-03,DEBIT_ORDER,COMPLETED,PAYREF2A723F870C,
PAY000822,C0442,A1317,,1453.63,ZAR,2026-06-10,EFT,COMPLETED,PAYREF16DEF55AB7,
PAY000823,C0411,A0040,POL0019,495.86,ZAR,2025-01-19,DEBIT_ORDER,COMPLETED,PAYREF13A7697EB7,
PAY000824,C0558,A1303,,1630.77,ZAR,2025-07-03,EFT,PENDING,PAYREF5F1CAD3C49,
PAY000825,C0135,A0970,,997.25,ZAR,2026-05-03,CARD,COMPLETED,PAYREF4196999AB6,
PAY000826,C0993,A0751,POL0535,425.67,ZAR,2025-11-27,CASH,COMPLETED,PAYREFE6ACCE9068,
PAY000827,C0577,A0330,,3326.46,ZAR,2024-02-09,MOBILE,COMPLETED,PAYREFC2F7B7DC39,
PAY000828,C0734,A0442,,721.72,ZAR,2026-06-01,DEBIT_ORDER,COMPLETED,PAYREFD532875262,
PAY000829,C0128,A0931,,1436.5,ZAR,2026-05-01,CASH,FAILED,PAYREF113A016570,Insufficient funds
PAY000830,C0871,A0949,,4080.8,ZAR,2024-04-09,DEBIT_ORDER,PENDING,PAYREF7A19F519BD,
PAY000831,C0628,A0496,POL0563,438.48,ZAR,2025-03-15,CASH,PENDING,PAYREF01B9600E4D,
PAY000832,C0328,A1013,POL0709,1105.5,ZAR,2024-08-17,EFT,COMPLETED,PAYREF25C58BF469,
PAY000833,C0637,A0464,,668.26,ZAR,2025-06-03,CASH,FAILED,PAYREF57AC6ECAC5,Technical error
PAY000834,C0009,A0994,POL0119,835.32,ZAR,2025-08-03,MOBILE,PENDING,PAYREF7CD002804E,
PAY000835,C0047,A0158,,9471.9,ZAR,2025-03-09,CASH,COMPLETED,PAYREF9054719A2A,
PAY000836,C0527,A0046,,1731.56,ZAR,2024-09-19,CARD,COMPLETED,PAYREFBA981FCDBF,
PAY000837,C0109,A0736,,1500.56,ZAR,2025-07-17,EFT,COMPLETED,PAYREF0C56891EB4,
PAY000838,C0743,A0376,,1852.12,ZAR,2026-04-14,MOBILE,COMPLETED,PAYREFFF58FFF85F,
PAY000839,C0420,A0534,,1686.25,ZAR,2025-08-17,EFT,COMPLETED,PAYREF303E227BFE,
PAY000840,C0434,A1291,POL0516,176.65,ZAR,2025-11-08,DEBIT_ORDER,COMPLETED,PAYREFB8D0510A91,
PAY000841,C0128,A0322,,10902.65,ZAR,2025-03-12,DEBIT_ORDER,COMPLETED,PAYREFA9BCECA848,
PAY000842,C0945,A1363,,253.57,ZAR,2026-01-06,MOBILE,COMPLETED,PAYREF7DC03EABF5,
PAY000843,C0789,A0950,POL0074,6201.8,ZAR,2025-09-25,EFT,COMPLETED,PAYREF7EADB75899,
PAY000844,C0772,A0434,,2034.52,ZAR,2025-09-02,DEBIT_ORDER,COMPLETED,PAYREFD64ED4B1B3,
PAY000845,C0468,A1404,,1313.93,ZAR,2026-04-14,DEBIT_ORDER,COMPLETED,PAYREF5092B7EC3F,
PAY000846,C0323,A0137,POL0771,807.96,ZAR,2024-09-15,EFT,PENDING,PAYREF4D1D57F33C,
PAY000847,C0949,A0238,,14841.17,ZAR,2024-02-15,DEBIT_ORDER,COMPLETED,PAYREFE752E95BBF,
PAY000848,C0308,A0414,,2007.19,ZAR,2026-05-04,CASH,COMPLETED,PAYREF2874095E99,
PAY000849,C0993,A0679,,1116.2,ZAR,2024-03-23,MOBILE,FAILED,PAYREFBB51C39452,Account closed
PAY000850,C0368,A0236,POL0357,642.1,ZAR,2026-07-04,MOBILE,COMPLETED,PAYREF323031BAC6,
PAY000851,C0800,A1058,POL0225,569.55,ZAR,2026-03-12,DEBIT_ORDER,COMPLETED,PAYREFECF9544D4E,
PAY000852,C0870,A0954,POL0121,1153.56,ZAR,2025-09-12,EFT,COMPLETED,PAYREF28AB69E6F0,
PAY000853,C0434,A0292,,432.42,ZAR,2026-03-09,DEBIT_ORDER,COMPLETED,PAYREF41B8FBBE67,
PAY000854,C0727,A0766,POL0339,2163.86,ZAR,2026-08-19,CASH,COMPLETED,PAYREF2D322B73D0,
PAY000855,C0294,A0395,,574.99,ZAR,2024-05-22,CARD,PENDING,PAYREFFB3625D8DC,
PAY000856,C0394,A0194,,2995.77,ZAR,2025-01-20,DEBIT_ORDER,COMPLETED,PAYREFAC4AEEF64C,
PAY000857,C0634,A0154,POL0227,2929.5,ZAR,2026-06-28,MOBILE,COMPLETED,PAYREF25520327A3,
PAY000858,C0390,A0990,POL0313,1037.49,ZAR,2025-11-29,EFT,COMPLETED,PAYREFD5184D7830,
PAY000859,C0593,A0304,POL0736,1959.22,ZAR,2026-06-11,CARD,COMPLETED,PAYREF1C4D079F07,
PAY000860,C0651,A0409,POL0048,2059.8,ZAR,2026-08-01,EFT,COMPLETED,PAYREFE668F12322,
PAY000861,C0354,A0210,POL0264,254.08,ZAR,2024-05-17,EFT,COMPLETED,PAYREF4773D5FBA3,
PAY000862,C0453,A0859,,6196.21,ZAR,2025-06-15,MOBILE,COMPLETED,PAYREF8CE2412FB5,
PAY000863,C0552,A1413,POL0629,849.17,ZAR,2025-07-11,CASH,COMPLETED,PAYREFFFAA3472D5,
PAY000864,C0978,A0968,,2198.59,ZAR,2025-06-18,MOBILE,COMPLETED,PAYREF2A63AFC284,
PAY000865,C0817,A1309,POL0785,2261.14,ZAR,2024-02-24,EFT,COMPLETED,PAYREFC392ABA57D,
PAY000866,C0464,A1253,POL0409,90.96,ZAR,2026-02-07,CARD,COMPLETED,PAYREF338A4DDFDB,
PAY000867,C0123,A1035,POL0426,568.54,ZAR,2024-03-15,CARD,COMPLETED,PAYREF6E5373F676,
PAY000868,C0361,A1059,POL0625,2541.14,ZAR,2025-08-02,MOBILE,COMPLETED,PAYREF708679A6DF,
PAY000869,C0014,A0121,POL0703,1167.07,ZAR,2025-10-23,CARD,COMPLETED,PAYREFF6821592B5,
PAY000870,C0954,A1052,,2184.12,ZAR,2025-03-19,MOBILE,COMPLETED,PAYREF09F798F9C9,
PAY000871,C0182,A0543,POL0025,1202.75,ZAR,2025-06-15,CASH,COMPLETED,PAYREFEA20567204,
PAY000872,C0175,A1224,,3749.52,ZAR,2026-07-04,MOBILE,PENDING,PAYREFCD7AE3FA4A,
PAY000873,C0470,A0864,POL0717,1229.1,ZAR,2026-01-21,CARD,PENDING,PAYREF70F7862568,
PAY000874,C0497,A0537,POL0652,4555.49,ZAR,2025-07-23,CASH,COMPLETED,PAYREF16E6320468,
PAY000875,C0877,A0653,POL0714,411.57,ZAR,2024-11-13,CARD,COMPLETED,PAYREF26644D13F5,
PAY000876,C0522,A0594,POL0264,965.22,ZAR,2025-07-02,EFT,COMPLETED,PAYREF34A6FEFB1B,
PAY000877,C0480,A0800,POL0775,605.83,ZAR,2024-11-29,DEBIT_ORDER,COMPLETED,PAYREF28A732E0C8,
PAY000878,C0123,A1192,POL0157,1617.5,ZAR,2026-07-13,CASH,COMPLETED,PAYREFFB45B9A610,
PAY000879,C0875,A0162,,829.92,ZAR,2025-09-16,EFT,COMPLETED,PAYREF404A68464F,
PAY000880,C0607,A0352,,871.74,ZAR,2024-12-14,CASH,COMPLETED,PAYREF359B21246C,
PAY000881,C0817,A0191,,541.98,ZAR,2025-09-15,CASH,COMPLETED,PAYREF6311DBFF24,
PAY000882,C0602,A0651,,691.78,ZAR,2024-06-23,CASH,COMPLETED,PAYREFB8EE75F066,
PAY000883,C0504,A1306,POL0109,1085.42,ZAR,2024-03-06,EFT,COMPLETED,PAYREF93C355D00B,
PAY000884,C0816,A0998,POL0493,145.28,ZAR,2025-04-03,MOBILE,COMPLETED,PAYREFFE030A5A09,
PAY000885,C0585,A1075,POL0301,109.75,ZAR,2026-07-27,CARD,REVERSED,PAYREF5370CE23E3,
PAY000886,C0230,A0739,,1163.45,ZAR,2024-01-23,EFT,COMPLETED,PAYREF952EC6AC23,
PAY000887,C0171,A0967,POL0111,68.77,ZAR,2025-01-05,CARD,COMPLETED,PAYREF841583FD15,
PAY000888,C0303,A1063,POL0084,904.03,ZAR,2026-04-11,CASH,COMPLETED,PAYREFC9208DF5AB,
PAY000889,C0179,A0423,,752.08,ZAR,2024-10-27,EFT,COMPLETED,PAYREF2C0FFB19B1,
PAY000890,C0135,A0250,,1885.67,ZAR,2025-09-30,MOBILE,COMPLETED,PAYREFB6DAF7A558,
PAY000891,C0381,A1149,,560.03,ZAR,2025-04-09,CARD,COMPLETED,PAYREF1FAEC535C4,
PAY000892,C0240,A1499,POL0769,5268.57,ZAR,2024-08-01,CARD,COMPLETED,PAYREF8181DAE728,
PAY000893,C0402,A1187,,2561.03,ZAR,2025-10-27,EFT,COMPLETED,PAYREF96939E87C4,
PAY000894,C0223,A0984,POL0400,241.7,ZAR,2025-07-01,CASH,COMPLETED,PAYREFF5FCAB4AFB,
PAY000895,C0647,A0388,,825.22,ZAR,2026-02-28,DEBIT_ORDER,COMPLETED,PAYREFB2A14A55EA,
PAY000896,C0554,A0179,POL0521,5050.21,ZAR,2026-03-11,DEBIT_ORDER,FAILED,PAYREF98DD1848C5,Limit exceeded
PAY000897,C0031,A0645,POL0255,545.86,ZAR,2024-05-27,CASH,COMPLETED,PAYREF90DA32DA60,
PAY000898,C0895,A1141,POL0616,1040.14,ZAR,2025-12-19,CARD,COMPLETED,PAYREFF735D74543,
PAY000899,C0434,A0260,,4465.46,ZAR,2024-10-19,CARD,COMPLETED,PAYREFD43BFD5F0E,
PAY000900,C0486,A1403,,638.68,ZAR,2026-02-28,EFT,COMPLETED,PAYREFBE034A00B7,
PAY000901,C0383,A0488,,3371.05,ZAR,2026-07-09,EFT,COMPLETED,PAYREF59C6462702,
PAY000902,C0990,A0499,POL0184,441.42,ZAR,2024-02-27,CARD,COMPLETED,PAYREFBAF6369772,
PAY000903,C0385,A0390,POL0311,61.09,ZAR,2026-06-21,EFT,COMPLETED,PAYREFE5A26303DF,
PAY000904,C0228,A0899,POL0014,3746.32,ZAR,2025-12-16,EFT,COMPLETED,PAYREFE996DA8006,
PAY000905,C0979,A1053,POL0635,1700.6,ZAR,2024-07-16,EFT,COMPLETED,PAYREF040D7CC6FF,
PAY000906,C0127,A1226,POL0618,1816.31,ZAR,2026-03-26,CARD,COMPLETED,PAYREF376ED849C2,
PAY000907,C0999,A0003,POL0294,367.62,ZAR,2024-03-17,CARD,FAILED,PAYREF59177F5624,Account closed
PAY000908,C0248,A0036,POL0402,398.08,ZAR,2025-07-19,CARD,COMPLETED,PAYREF5017FA7841,
PAY000909,C0631,A0334,POL0750,3464.89,ZAR,2024-10-26,EFT,COMPLETED,PAYREF0A47F3FFD7,
PAY000910,C0681,A0953,POL0793,1398.57,ZAR,2026-06-17,CARD,COMPLETED,PAYREFE9647C9755,
PAY000911,C0258,A1347,POL0526,975.1,ZAR,2024-04-25,EFT,COMPLETED,PAYREF5483A69222,
PAY000912,C0974,A1348,,1367.76,ZAR,2024-01-26,DEBIT_ORDER,COMPLETED,PAYREF91AAD15E2C,
PAY000913,C0421,A0094,POL0512,4956.75,ZAR,2026-07-15,EFT,COMPLETED,PAYREFB8856EF733,
PAY000914,C0064,A1417,POL0642,2261.28,ZAR,2025-12-03,CASH,COMPLETED,PAYREF93BBF826EE,
PAY000915,C0103,A1357,POL0007,682.22,ZAR,2024-11-05,DEBIT_ORDER,COMPLETED,PAYREF41D9C4D360,
PAY000916,C0017,A0811,POL0683,269.48,ZAR,2025-04-25,DEBIT_ORDER,COMPLETED,PAYREFD427E6233F,
PAY000917,C0126,A0023,,1974.47,ZAR,2026-05-19,DEBIT_ORDER,COMPLETED,PAYREF5EEDA2F211,
PAY000918,C0554,A1300,POL0140,435.3,ZAR,2025-01-27,CARD,COMPLETED,PAYREFD71A943E6E,
PAY000919,C0584,A1026,POL0710,336.17,ZAR,2025-10-17,MOBILE,FAILED,PAYREF996B823565,Technical error
PAY000920,C0716,A0978,,4087.75,ZAR,2025-07-26,CASH,COMPLETED,PAYREF9595748719,
PAY000921,C0666,A0607,POL0136,2623.87,ZAR,2025-09-27,CARD,COMPLETED,PAYREF4DA435400B,
PAY000922,C0612,A0139,POL0267,1612.73,ZAR,2024-03-23,CARD,COMPLETED,PAYREFF2D2026932,
PAY000923,C0612,A0214,,317.86,ZAR,2025-02-21,DEBIT_ORDER,COMPLETED,PAYREF2C530A7840,
PAY000924,C0986,A1335,,6563.41,ZAR,2026-03-16,DEBIT_ORDER,FAILED,PAYREFBAD607B451,Insufficient funds
PAY000925,C0281,A0787,,3068.27,ZAR,2026-04-25,CARD,COMPLETED,PAYREF7D3370668F,
PAY000926,C0174,A1377,POL0353,809.34,ZAR,2025-05-15,CASH,COMPLETED,PAYREFA36FD8B9CE,
PAY000927,C0856,A0338,,655.06,ZAR,2025-02-16,MOBILE,COMPLETED,PAYREF8CA845499B,
PAY000928,C0669,A1023,,1186.18,ZAR,2025-10-31,MOBILE,COMPLETED,PAYREF640304A318,
PAY000929,C0134,A1272,POL0285,679.65,ZAR,2024-08-21,DEBIT_ORDER,COMPLETED,PAYREFA1372DD505,
PAY000930,C0612,A1038,POL0430,10015.15,ZAR,2024-01-31,EFT,COMPLETED,PAYREF78B4E86BA0,
PAY000931,C0915,A0541,,745.81,ZAR,2025-07-24,CARD,COMPLETED,PAYREF16C9F4C1B2,
PAY000932,C0743,A0120,POL0328,376.95,ZAR,2026-03-15,EFT,COMPLETED,PAYREF305FF05862,
PAY000933,C0498,A1329,POL0740,5369.1,ZAR,2025-09-02,DEBIT_ORDER,COMPLETED,PAYREFA07D92A5E4,
PAY000934,C0352,A0565,POL0184,620.76,ZAR,2024-03-14,CARD,COMPLETED,PAYREF15240DA780,
PAY000935,C0461,A1367,,2407.71,ZAR,2024-07-06,CARD,COMPLETED,PAYREFFD1FAD6F2A,
PAY000936,C0650,A0202,,2154.66,ZAR,2026-05-11,CARD,COMPLETED,PAYREF04A04AEE90,
PAY000937,C0534,A0272,POL0348,1034.26,ZAR,2025-09-04,CARD,COMPLETED,PAYREFF0B1966652,
PAY000938,C0565,A0694,POL0436,414.47,ZAR,2026-04-04,CARD,COMPLETED,PAYREFC45E189B5E,
PAY000939,C0407,A0888,POL0424,1045.05,ZAR,2026-05-08,CASH,COMPLETED,PAYREF0AD27B02F2,
PAY000940,C0900,A1415,POL0686,340.41,ZAR,2024-05-05,DEBIT_ORDER,COMPLETED,PAYREF120ED6F6A1,
PAY000941,C0956,A1060,,1070.93,ZAR,2025-09-08,EFT,COMPLETED,PAYREF055CA5067F,
PAY000942,C0895,A0939,POL0527,2375.07,ZAR,2025-04-27,MOBILE,COMPLETED,PAYREF74562C43DA,
PAY000943,C0027,A0022,,6110.6,ZAR,2024-06-17,MOBILE,COMPLETED,PAYREF7FD5CFFC96,
PAY000944,C0785,A0587,POL0414,369.5,ZAR,2025-07-31,CARD,REVERSED,PAYREF06269D8C6E,
PAY000945,C0126,A0025,,853.67,ZAR,2026-08-05,CARD,COMPLETED,PAYREFBAED6E9325,
PAY000946,C0456,A1261,,648.84,ZAR,2026-05-01,CASH,COMPLETED,PAYREFD61EEBD16D,
PAY000947,C0335,A0370,POL0784,1441.93,ZAR,2024-08-21,DEBIT_ORDER,COMPLETED,PAYREFEF4A4B2048,
PAY000948,C0419,A1332,,239.41,ZAR,2024-11-25,MOBILE,COMPLETED,PAYREF9C6CA67BCF,
PAY000949,C0213,A0435,POL0759,433.26,ZAR,2025-06-19,CASH,COMPLETED,PAYREF002B6196D6,
PAY000950,C0212,A0666,,201.94,ZAR,2025-09-15,MOBILE,FAILED,PAYREF130FE98BC3,Limit exceeded
PAY000951,C0394,A0724,,260.26,ZAR,2025-07-24,MOBILE,COMPLETED,PAYREFAB16C6475D,
PAY000952,C0989,A0232,,566.55,ZAR,2024-03-30,DEBIT_ORDER,COMPLETED,PAYREF08746A05F6,
PAY000953,C0332,A0979,POL0095,5830.64,ZAR,2025-10-19,DEBIT_ORDER,PENDING,PAYREFD0872AF3B7,
PAY000954,C0458,A0217,POL0077,1552.47,ZAR,2024-09-30,CARD,COMPLETED,PAYREFD627731480,
PAY000955,C0969,A0240,,1170.28,ZAR,2025-09-30,DEBIT_ORDER,COMPLETED,PAYREF85C5A3773E,
PAY000956,C0167,A0782,,4217.03,ZAR,2026-07-22,EFT,COMPLETED,PAYREF96B427E557,
PAY000957,C0187,A1233,,1609.37,ZAR,2024-10-11,DEBIT_ORDER,COMPLETED,PAYREFB46C13178C,
PAY000958,C0832,A1399,,1767.95,ZAR,2024-05-31,CASH,COMPLETED,PAYREF7C3ABE167B,
PAY000959,C0762,A0960,POL0196,683.33,ZAR,2024-04-06,EFT,REVERSED,PAYREF4FCFFEF8BF,
PAY000960,C0086,A1146,POL0635,579.79,ZAR,2026-02-22,EFT,COMPLETED,PAYREF92C935958F,
PAY000961,C0357,A0899,POL0315,295.56,ZAR,2024-05-19,EFT,COMPLETED,PAYREF73B3BCD96D,
PAY000962,C0987,A1208,POL0019,601.19,ZAR,2026-06-28,EFT,COMPLETED,PAYREF44FB67CA1B,
PAY000963,C0630,A0198,POL0030,828.38,ZAR,2024-11-19,MOBILE,COMPLETED,PAYREF026790710B,
PAY000964,C0473,A1040,POL0615,1548.0,ZAR,2024-09-02,DEBIT_ORDER,COMPLETED,PAYREF3FDF6B0F99,
PAY000965,C0786,A0361,POL0523,1057.05,ZAR,2025-06-11,DEBIT_ORDER,COMPLETED,PAYREF5DDBD6FD4B,
PAY000966,C0381,A1391,,761.23,ZAR,2025-03-25,MOBILE,COMPLETED,PAYREFDA746E5592,
PAY000967,C0258,A0464,POL0353,440.68,ZAR,2025-04-09,EFT,COMPLETED,PAYREF97199D1C46,
PAY000968,C0012,A0650,POL0247,1634.56,ZAR,2025-08-27,DEBIT_ORDER,COMPLETED,PAYREF4457DC0F58,
PAY000969,C0299,A0134,,666.63,ZAR,2024-01-26,CARD,COMPLETED,PAYREF72F401A51A,
PAY000970,C0852,A0035,,1562.12,ZAR,2025-05-26,MOBILE,COMPLETED,PAYREF323E6CED1D,
PAY000971,C0020,A0730,POL0206,161.86,ZAR,2026-01-13,CASH,COMPLETED,PAYREF7E970156C6,
PAY000972,C0585,A1385,POL0408,1535.21,ZAR,2026-07-14,CASH,FAILED,PAYREFDBAFCCFA18,Invalid account
PAY000973,C0803,A0980,,2314.4,ZAR,2026-05-19,MOBILE,COMPLETED,PAYREFCFC01EC172,
PAY000974,C0160,A0822,POL0424,2037.61,ZAR,2025-01-11,DEBIT_ORDER,PENDING,PAYREFB5D0BD7E82,
PAY000975,C0285,A0886,POL0532,900.8,ZAR,2025-03-31,EFT,COMPLETED,PAYREF724C2BA1A4,
PAY000976,C0992,A0251,,2738.92,ZAR,2024-01-10,EFT,COMPLETED,PAYREF88308A8295,
PAY000977,C0485,A0209,POL0458,307.06,ZAR,2026-07-29,CASH,COMPLETED,PAYREFBA69EA8B32,
PAY000978,C0671,A1125,POL0656,1003.04,ZAR,2024-02-16,CASH,COMPLETED,PAYREF2E4EE87D49,
PAY000979,C0701,A0236,POL0176,903.8,ZAR,2024-09-24,MOBILE,COMPLETED,PAYREF87F6D125CB,
PAY000980,C0533,A0209,POL0054,3091.46,ZAR,2026-03-08,CARD,FAILED,PAYREF433D9FA2C8,Invalid account
PAY000981,C0842,A0462,POL0033,145.4,ZAR,2024-06-03,CARD,COMPLETED,PAYREFE1D0E80244,
PAY000982,C0654,A0391,POL0512,380.65,ZAR,2026-06-26,CARD,PENDING,PAYREF654D83B40F,
PAY000983,C0358,A0610,,6293.36,ZAR,2024-01-12,MOBILE,COMPLETED,PAYREF21C4646753,
PAY000984,C0476,A0072,POL0199,96.49,ZAR,2025-09-17,DEBIT_ORDER,FAILED,PAYREFD93F11DECA,Limit exceeded
PAY000985,C0495,A0969,POL0488,2476.06,ZAR,2025-09-27,DEBIT_ORDER,COMPLETED,PAYREF606AA65F3B,
PAY000986,C0507,A0476,,544.39,ZAR,2024-01-25,EFT,COMPLETED,PAYREF295D2A741A,
PAY000987,C0791,A0804,POL0546,1414.74,ZAR,2025-05-25,MOBILE,COMPLETED,PAYREFA3445F7382,
PAY000988,C0909,A0473,POL0599,4508.78,ZAR,2025-09-24,DEBIT_ORDER,COMPLETED,PAYREFE4049BCDFA,
PAY000989,C0235,A1418,,1470.28,ZAR,2024-03-22,DEBIT_ORDER,COMPLETED,PAYREFD081F02A8A,
PAY000990,C0748,A0461,POL0516,4603.32,ZAR,2026-02-24,CARD,COMPLETED,PAYREF852D756DED,
PAY000991,C0212,A0333,POL0276,670.25,ZAR,2024-04-10,DEBIT_ORDER,COMPLETED,PAYREFF283A0AC4F,
PAY000992,C0805,A1152,POL0452,764.96,ZAR,2026-04-15,MOBILE,COMPLETED,PAYREFE7DFACC4B6,
PAY000993,C0950,A1327,POL0160,2408.7,ZAR,2025-11-10,MOBILE,COMPLETED,PAYREF2DA84BD817,
PAY000994,C0260,A1248,POL0699,706.67,ZAR,2026-01-08,DEBIT_ORDER,FAILED,PAYREFA11A16C9F8,Invalid account
PAY000995,C0218,A0423,,1992.9,ZAR,2024-02-13,EFT,COMPLETED,PAYREFE6A8A878B8,
PAY000996,C0766,A0961,,3582.46,ZAR,2026-04-30,MOBILE,COMPLETED,PAYREF678D0ADF4B,
PAY000997,C0322,A0858,POL0005,2613.22,ZAR,2024-07-29,CARD,COMPLETED,PAYREFE500C6EAE8,
PAY000998,C0617,A1389,,226.13,ZAR,2026-05-04,CARD,COMPLETED,PAYREF6FC02E45D0,
PAY000999,C0435,A0774,POL0075,779.47,ZAR,2024-04-30,EFT,FAILED,PAYREFC1DA64AAFC,Account closed
PAY001000,C0726,A1266,POL0689,1453.65,ZAR,2026-01-08,DEBIT_ORDER,COMPLETED,PAYREFBA500A69E2,
PAY001001,C0151,A0145,POL0464,859.29,ZAR,2025-09-12,EFT,FAILED,PAYREFEEAB11CCCE,Insufficient funds
PAY001002,C0108,A0686,,1187.22,ZAR,2025-03-07,DEBIT_ORDER,COMPLETED,PAYREF652B40E911,
PAY001003,C0901,A0256,,1473.02,ZAR,2025-04-26,CARD,FAILED,PAYREF2B1BAA7BF0,Technical error
PAY001004,C0988,A0769,,647.7,ZAR,2024-07-04,EFT,COMPLETED,PAYREFBB2776B66E,
PAY001005,C0463,A0381,POL0188,903.76,ZAR,2024-07-12,MOBILE,COMPLETED,PAYREF6432CED98A,
PAY001006,C0635,A0897,,336.62,ZAR,2026-04-29,DEBIT_ORDER,COMPLETED,PAYREF0105841A52,
PAY001007,C0039,A1293,,680.04,ZAR,2024-08-19,EFT,COMPLETED,PAYREFB473A1F0E4,
PAY001008,C0008,A0983,POL0464,238.25,ZAR,2026-01-11,CARD,COMPLETED,PAYREF68CBEBD419,
PAY001009,C0565,A0466,,1232.13,ZAR,2024-04-29,EFT,FAILED,PAYREFB3B21A6613,Limit exceeded
PAY001010,C0696,A1107,POL0666,903.95,ZAR,2025-07-08,CARD,COMPLETED,PAYREF965EBB29E7,
PAY001011,C0645,A1091,,438.87,ZAR,2024-09-22,DEBIT_ORDER,COMPLETED,PAYREF9339AFCAB5,
PAY001012,C0303,A1105,POL0177,6537.17,ZAR,2024-04-16,MOBILE,COMPLETED,PAYREFC3B883B338,
PAY001013,C0756,A1250,POL0099,857.99,ZAR,2024-09-23,MOBILE,PENDING,PAYREF073E6AD565,
PAY001014,C0684,A0761,POL0182,1460.53,ZAR,2025-08-25,DEBIT_ORDER,COMPLETED,PAYREFC37AC6D5A5,
PAY001015,C0254,A0926,,579.04,ZAR,2025-01-05,EFT,COMPLETED,PAYREFA49FB84128,
PAY001016,C0391,A0285,,724.62,ZAR,2025-11-18,CASH,COMPLETED,PAYREF9E4C678CF2,
PAY001017,C0345,A0269,POL0476,1516.88,ZAR,2024-11-29,CARD,COMPLETED,PAYREF27C553EB59,
PAY001018,C0868,A0196,POL0617,786.62,ZAR,2026-03-12,CARD,COMPLETED,PAYREF7C3E40DEF2,
PAY001019,C0214,A0672,,1100.26,ZAR,2025-05-01,CASH,COMPLETED,PAYREF4708114C1C,
PAY001020,C0642,A1143,POL0363,2457.32,ZAR,2024-10-28,CASH,COMPLETED,PAYREFAAF069EB2D,
PAY001021,C0497,A0027,POL0509,653.26,ZAR,2024-07-24,EFT,COMPLETED,PAYREF319B37AD22,
PAY001022,C0449,A0613,POL0708,289.41,ZAR,2025-06-27,EFT,COMPLETED,PAYREFE55D0DB5E2,
PAY001023,C0504,A0048,,238.35,ZAR,2024-09-06,CASH,COMPLETED,PAYREF232E1EB760,
PAY001024,C0384,A0662,POL0118,4621.34,ZAR,2025-09-18,CARD,FAILED,PAYREF8DC6B78F6C,Limit exceeded
PAY001025,C0020,A0678,POL0345,2782.62,ZAR,2024-04-07,EFT,COMPLETED,PAYREF68C27B4795,
PAY001026,C0167,A0702,,2112.86,ZAR,2025-10-28,DEBIT_ORDER,COMPLETED,PAYREFABF0422723,
PAY001027,C0464,A0544,POL0011,709.06,ZAR,2026-08-02,CARD,COMPLETED,PAYREF775451EDEE,
PAY001028,C0910,A1409,POL0195,289.14,ZAR,2025-03-26,DEBIT_ORDER,PENDING,PAYREF213EF351C0,
PAY001029,C0068,A0766,,826.91,ZAR,2025-03-12,MOBILE,COMPLETED,PAYREF26D74ADD3F,
PAY001030,C0631,A1438,POL0024,998.89,ZAR,2026-01-19,MOBILE,COMPLETED,PAYREF8DE4F16210,
PAY001031,C0497,A1065,,353.7,ZAR,2024-03-21,DEBIT_ORDER,COMPLETED,PAYREFA073B1E29D,
PAY001032,C0810,A1257,POL0558,252.23,ZAR,2025-09-23,CARD,COMPLETED,PAYREF69ED241E84,
PAY001033,C0704,A1178,,194.36,ZAR,2025-02-18,MOBILE,COMPLETED,PAYREF9B3D1DB468,
PAY001034,C0609,A0707,POL0470,2116.23,ZAR,2026-06-26,EFT,COMPLETED,PAYREFAAF1CD810C,
PAY001035,C0391,A0091,,328.53,ZAR,2026-07-15,CASH,COMPLETED,PAYREF05E77E171E,
PAY001036,C0763,A1311,POL0513,1494.3,ZAR,2026-04-24,CARD,COMPLETED,PAYREF12FC3934BD,
PAY001037,C0514,A0327,POL0346,736.71,ZAR,2024-09-05,MOBILE,COMPLETED,PAYREF55C6B07232,
PAY001038,C0901,A0940,POL0193,1977.6,ZAR,2025-01-13,CARD,COMPLETED,PAYREF5F2DD29537,
PAY001039,C0839,A1369,POL0138,1534.29,ZAR,2024-02-20,CASH,COMPLETED,PAYREFD65C152E3D,
PAY001040,C0779,A1402,,869.63,ZAR,2025-05-30,DEBIT_ORDER,PENDING,PAYREF13A8E8022D,
PAY001041,C0287,A0187,POL0707,1249.44,ZAR,2024-09-15,EFT,FAILED,PAYREF64D243A61B,Insufficient funds
PAY001042,C0500,A0920,,982.07,ZAR,2025-09-06,CASH,PENDING,PAYREF677C3F4A97,
PAY001043,C0364,A1150,,592.68,ZAR,2025-01-02,CASH,COMPLETED,PAYREFB89111C5EA,
PAY001044,C0734,A1322,,2922.17,ZAR,2024-10-05,EFT,PENDING,PAYREF8B5B09A096,
PAY001045,C0172,A0107,,718.33,ZAR,2026-05-01,CARD,COMPLETED,PAYREF1DF58AC807,
PAY001046,C0853,A0708,,1005.41,ZAR,2024-06-27,DEBIT_ORDER,COMPLETED,PAYREF54E8F67165,
PAY001047,C0702,A0872,POL0269,266.37,ZAR,2025-11-12,MOBILE,COMPLETED,PAYREFFEBDA1C3D7,
PAY001048,C0546,A0358,POL0147,1442.37,ZAR,2024-08-17,EFT,COMPLETED,PAYREFFC12668062,
PAY001049,C0584,A0536,,595.51,ZAR,2024-01-21,CARD,COMPLETED,PAYREFBCE480E9EA,
PAY001050,C0017,A0223,,680.72,ZAR,2025-10-01,DEBIT_ORDER,COMPLETED,PAYREFD5A5733E41,
PAY001051,C0503,A0856,POL0467,473.64,ZAR,2025-11-20,EFT,COMPLETED,PAYREF5E570A5864,
PAY001052,C0213,A0361,POL0471,968.75,ZAR,2025-10-07,DEBIT_ORDER,COMPLETED,PAYREFED1779EE45,
PAY001053,C0605,A0529,,147.46,ZAR,2024-12-26,EFT,COMPLETED,PAYREF37FC6CE8E9,
PAY001054,C0839,A1325,,2169.73,ZAR,2025-06-08,MOBILE,COMPLETED,PAYREFF9AC6C8EE7,
PAY001055,C0539,A1368,POL0180,1055.04,ZAR,2026-06-25,DEBIT_ORDER,COMPLETED,PAYREF51ED352AC7,
PAY001056,C0054,A0505,,687.26,ZAR,2025-08-24,MOBILE,COMPLETED,PAYREF36D2D50485,
PAY001057,C0592,A0707,POL0322,233.17,ZAR,2025-10-22,EFT,COMPLETED,PAYREF1661B9894F,
PAY001058,C0482,A0896,,1690.99,ZAR,2024-05-24,CASH,COMPLETED,PAYREF5FEEA2C484,
PAY001059,C0433,A0038,POL0710,581.54,ZAR,2025-02-24,CARD,COMPLETED,PAYREF5BE8952D16,
PAY001060,C0179,A0861,,4048.44,ZAR,2025-10-09,CASH,COMPLETED,PAYREF402843944A,
PAY001061,C0803,A0508,POL0193,1783.47,ZAR,2026-03-23,MOBILE,COMPLETED,PAYREF7189731403,
PAY001062,C0959,A0990,,5088.08,ZAR,2026-08-16,EFT,COMPLETED,PAYREF1D5A4D844D,
PAY001063,C0304,A1460,,1257.61,ZAR,2024-03-12,MOBILE,COMPLETED,PAYREF7E5D019732,
PAY001064,C0831,A1204,POL0649,3222.21,ZAR,2024-08-13,EFT,COMPLETED,PAYREFF48F82133B,
PAY001065,C0342,A1330,POL0364,1741.97,ZAR,2026-05-27,MOBILE,COMPLETED,PAYREF621A5A217B,
PAY001066,C0607,A0519,POL0674,698.56,ZAR,2025-08-02,CASH,FAILED,PAYREFE083A4AF91,Limit exceeded
PAY001067,C0671,A0765,POL0775,1322.41,ZAR,2025-06-24,DEBIT_ORDER,FAILED,PAYREF73E8697C92,Insufficient funds
PAY001068,C0424,A0080,,476.28,ZAR,2025-04-03,MOBILE,COMPLETED,PAYREF6E73E2B587,
PAY001069,C0744,A0623,POL0665,8680.02,ZAR,2024-01-28,CARD,PENDING,PAYREF51E75403F9,
PAY001070,C0718,A1359,,991.42,ZAR,2025-11-11,MOBILE,FAILED,PAYREF85C983B66B,Limit exceeded
PAY001071,C0714,A0199,,1125.76,ZAR,2025-01-05,CARD,PENDING,PAYREF0F8C835754,
PAY001072,C0858,A1378,POL0318,1619.68,ZAR,2024-01-17,CARD,COMPLETED,PAYREF844004CEED,
PAY001073,C0386,A0997,POL0403,369.83,ZAR,2026-06-14,CARD,COMPLETED,PAYREF1AE000F1AC,
PAY001074,C0108,A0594,POL0139,4110.79,ZAR,2024-04-06,MOBILE,FAILED,PAYREFC60AEC8021,Technical error
PAY001075,C0189,A0164,,393.34,ZAR,2024-03-18,DEBIT_ORDER,PENDING,PAYREF12EC63FE5F,
PAY001076,C0582,A0448,POL0097,313.73,ZAR,2025-11-20,DEBIT_ORDER,COMPLETED,PAYREF10A88DAC17,
PAY001077,C0633,A1160,POL0064,928.41,ZAR,2025-06-15,MOBILE,COMPLETED,PAYREF52B8A2465B,
PAY001078,C0962,A0626,POL0719,305.12,ZAR,2025-10-22,EFT,COMPLETED,PAYREF47C4797CEF,
PAY001079,C0254,A1139,,5228.82,ZAR,2026-06-08,MOBILE,COMPLETED,PAYREF70C0EE22B9,
PAY001080,C0949,A0266,POL0469,870.7,ZAR,2024-12-08,EFT,COMPLETED,PAYREF06575DA9D8,
PAY001081,C0138,A0931,,43.76,ZAR,2024-03-13,MOBILE,COMPLETED,PAYREFD15CE8AF9D,
PAY001082,C0704,A1050,POL0220,1339.36,ZAR,2025-02-21,EFT,COMPLETED,PAYREFAF22ACBAF8,
PAY001083,C0978,A0073,POL0767,1907.42,ZAR,2026-07-12,CASH,COMPLETED,PAYREF2045758618,
PAY001084,C0586,A1271,POL0107,719.51,ZAR,2025-02-22,CARD,REVERSED,PAYREFA66B7960F2,
PAY001085,C0194,A1296,POL0363,282.62,ZAR,2026-03-20,CARD,COMPLETED,PAYREF7B2A853AC3,
PAY001086,C0377,A1161,POL0113,989.0,ZAR,2026-07-14,EFT,REVERSED,PAYREF37AF88D1BA,
PAY001087,C0249,A0122,,677.42,ZAR,2026-05-06,EFT,COMPLETED,PAYREF0CAFC01004,
PAY001088,C0598,A1133,POL0346,413.41,ZAR,2025-02-08,EFT,COMPLETED,PAYREFA2C30FD23F,
PAY001089,C0421,A0177,POL0503,378.48,ZAR,2025-07-31,CARD,COMPLETED,PAYREF88B4DF8BB1,
PAY001090,C0302,A1108,POL0776,1282.08,ZAR,2025-04-14,MOBILE,COMPLETED,PAYREFE50525F41A,
PAY001091,C0680,A0616,,2705.45,ZAR,2025-06-04,CASH,COMPLETED,PAYREF85C8E7B444,
PAY001092,C0851,A1408,POL0010,1739.83,ZAR,2024-02-26,EFT,COMPLETED,PAYREFE4163E3B08,
PAY001093,C0744,A0559,POL0257,194.81,ZAR,2026-05-15,DEBIT_ORDER,COMPLETED,PAYREF7FF12DC0F2,
PAY001094,C0598,A0035,POL0471,2029.36,ZAR,2025-01-14,CASH,COMPLETED,PAYREFE2B8966EDC,
PAY001095,C0614,A1441,POL0548,2374.34,ZAR,2025-02-20,MOBILE,COMPLETED,PAYREFBA62240A29,
PAY001096,C0985,A1127,POL0407,4419.12,ZAR,2025-02-04,CASH,COMPLETED,PAYREF681D7B1C9B,
PAY001097,C0461,A0942,,424.16,ZAR,2026-08-19,CARD,COMPLETED,PAYREF6844BF04D7,
PAY001098,C0385,A0418,,1036.28,ZAR,2024-01-12,DEBIT_ORDER,PENDING,PAYREFB323A41771,
PAY001099,C0299,A0419,POL0474,1934.35,ZAR,2025-05-17,EFT,COMPLETED,PAYREFEEC4528D2C,
PAY001100,C0156,A0894,,647.06,ZAR,2026-05-24,MOBILE,FAILED,PAYREFE9AFB7A804,Account closed
PAY001101,C0382,A0208,POL0242,1904.38,ZAR,2026-03-08,CARD,COMPLETED,PAYREF8544F6F55F,
PAY001102,C0247,A1259,POL0654,1070.6,ZAR,2024-08-10,DEBIT_ORDER,COMPLETED,PAYREFCEA831533E,
PAY001103,C0518,A0714,,470.38,ZAR,2026-01-14,DEBIT_ORDER,COMPLETED,PAYREF2BDAF3B5FF,
PAY001104,C0905,A0670,,512.22,ZAR,2026-01-25,CARD,COMPLETED,PAYREF3679618144,
PAY001105,C0194,A0147,,3824.91,ZAR,2025-06-03,CARD,COMPLETED,PAYREF6D85B5CFBE,
PAY001106,C0840,A0634,,404.88,ZAR,2025-11-13,MOBILE,COMPLETED,PAYREFBC09EFFBAF,
PAY001107,C0805,A0412,POL0117,341.04,ZAR,2024-07-05,CASH,COMPLETED,PAYREF2B131B9BF7,
PAY001108,C0951,A1137,POL0531,1547.47,ZAR,2024-05-02,DEBIT_ORDER,COMPLETED,PAYREF1D35223966,
PAY001109,C0442,A0814,,1063.61,ZAR,2025-02-18,MOBILE,COMPLETED,PAYREF7188E51F11,
PAY001110,C0714,A1281,POL0543,295.41,ZAR,2026-03-14,CARD,FAILED,PAYREFA5E8B7A2AF,Limit exceeded
PAY001111,C0274,A1316,,652.35,ZAR,2024-06-05,CASH,COMPLETED,PAYREF05F90B9CA6,
PAY001112,C0901,A0354,POL0556,484.55,ZAR,2025-07-22,CASH,COMPLETED,PAYREF1764619732,
PAY001113,C0257,A0970,POL0429,577.28,ZAR,2025-08-19,CARD,COMPLETED,PAYREF6827E52E3E,
PAY001114,C0178,A0452,POL0085,13697.52,ZAR,2024-07-25,MOBILE,COMPLETED,PAYREF3DA277F340,
PAY001115,C0230,A0941,,810.31,ZAR,2025-10-30,CARD,COMPLETED,PAYREF57DAAB0600,
PAY001116,C0796,A0159,POL0402,454.3,ZAR,2026-06-24,EFT,COMPLETED,PAYREF6A071E00B2,
PAY001117,C0182,A1216,,8281.57,ZAR,2026-01-23,MOBILE,COMPLETED,PAYREF888DFF4AE6,
PAY001118,C0021,A0759,POL0133,2665.79,ZAR,2025-07-14,DEBIT_ORDER,COMPLETED,PAYREF716F538EE8,
PAY001119,C0716,A0687,POL0705,2263.86,ZAR,2024-01-16,MOBILE,COMPLETED,PAYREF668981CE9C,
PAY001120,C0754,A1462,POL0477,476.71,ZAR,2026-03-28,CARD,PENDING,PAYREF947C226C71,
PAY001121,C0247,A0530,POL0674,3610.07,ZAR,2024-07-12,CASH,COMPLETED,PAYREFDE249F0722,
PAY001122,C0674,A0761,,2480.65,ZAR,2024-06-02,MOBILE,COMPLETED,PAYREFFA7A6005B1,
PAY001123,C0290,A1338,,1270.4,ZAR,2024-11-29,DEBIT_ORDER,COMPLETED,PAYREF8DF3DD70D9,
PAY001124,C0652,A1421,POL0059,197.1,ZAR,2024-04-28,EFT,COMPLETED,PAYREF472BE8432D,
PAY001125,C0307,A1440,POL0590,1075.0,ZAR,2025-07-25,CASH,COMPLETED,PAYREF1A2A59820C,
PAY001126,C0666,A0541,,6185.3,ZAR,2024-08-24,CARD,COMPLETED,PAYREF678C4C6FE3,
PAY001127,C0237,A0316,,1367.01,ZAR,2025-06-23,MOBILE,PENDING,PAYREF6EC75D2D28,
PAY001128,C0902,A0385,,752.6,ZAR,2026-03-11,CARD,COMPLETED,PAYREFAF933DA709,
PAY001129,C0754,A0837,POL0262,872.66,ZAR,2025-02-28,DEBIT_ORDER,COMPLETED,PAYREF4441397A29,
PAY001130,C0365,A0371,,935.19,ZAR,2024-03-11,CASH,COMPLETED,PAYREFD6CE26F8FD,
PAY001131,C0240,A0512,POL0279,492.94,ZAR,2024-07-02,EFT,COMPLETED,PAYREFBF42DFE40A,
PAY001132,C0733,A1270,POL0281,1052.32,ZAR,2024-05-02,MOBILE,COMPLETED,PAYREF1BE04552D3,
PAY001133,C0315,A0771,POL0307,4641.23,ZAR,2025-08-16,EFT,COMPLETED,PAYREF57561207D8,
PAY001134,C0523,A0395,,4144.16,ZAR,2025-05-30,EFT,COMPLETED,PAYREF068EB6F9D7,
PAY001135,C0226,A0642,,515.77,ZAR,2026-08-09,EFT,FAILED,PAYREFC7ABB971CD,Technical error
PAY001136,C0802,A0970,,3928.05,ZAR,2025-10-03,EFT,COMPLETED,PAYREFB4E41EF57B,
PAY001137,C0804,A0270,,2347.58,ZAR,2025-12-20,DEBIT_ORDER,COMPLETED,PAYREF239BEDEABB,
PAY001138,C0345,A1342,,2065.94,ZAR,2025-01-23,CASH,COMPLETED,PAYREF65A47D5273,
PAY001139,C0444,A1046,,1689.03,ZAR,2025-02-16,DEBIT_ORDER,REVERSED,PAYREF580FCE78E4,
PAY001140,C0670,A0316,POL0753,432.52,ZAR,2024-11-23,MOBILE,COMPLETED,PAYREFE838966C98,
PAY001141,C0323,A0664,POL0510,731.01,ZAR,2026-08-02,EFT,COMPLETED,PAYREF856737133D,
PAY001142,C0395,A1320,,2522.28,ZAR,2025-10-15,CASH,COMPLETED,PAYREF1BEFB669B8,
PAY001143,C0802,A0052,POL0533,328.04,ZAR,2025-12-15,MOBILE,FAILED,PAYREF64918CA2A6,Account closed
PAY001144,C0895,A0730,POL0208,387.31,ZAR,2024-03-22,CARD,COMPLETED,PAYREFC62412F2D2,
PAY001145,C0539,A1399,POL0373,1489.5,ZAR,2026-03-28,CARD,COMPLETED,PAYREF73906D3096,
PAY001146,C0184,A0482,POL0581,497.93,ZAR,2024-02-26,MOBILE,COMPLETED,PAYREF6430C94024,
PAY001147,C0931,A0299,POL0097,2499.62,ZAR,2025-03-16,MOBILE,COMPLETED,PAYREF8BF59F6C5C,
PAY001148,C0880,A0717,POL0221,515.83,ZAR,2024-04-23,EFT,COMPLETED,PAYREFFE2AC3BF50,
PAY001149,C0151,A1391,POL0570,1400.21,ZAR,2026-03-22,DEBIT_ORDER,COMPLETED,PAYREF3E3F7D5231,
PAY001150,C0365,A0765,POL0314,1522.44,ZAR,2026-07-24,CARD,COMPLETED,PAYREF6F9508F820,
PAY001151,C0587,A0718,POL0577,677.16,ZAR,2024-05-31,CARD,COMPLETED,PAYREF519CB91DBC,
PAY001152,C0637,A1452,POL0262,862.95,ZAR,2025-03-27,EFT,COMPLETED,PAYREFE9A1AEB8B3,
PAY001153,C0749,A1432,,555.57,ZAR,2024-09-14,CASH,COMPLETED,PAYREFB9FD7B6185,
PAY001154,C0452,A1184,POL0190,1076.42,ZAR,2026-05-17,DEBIT_ORDER,COMPLETED,PAYREF3B6099528C,
PAY001155,C0479,A1169,,419.19,ZAR,2025-11-01,CASH,COMPLETED,PAYREF28E4AC7CBC,
PAY001156,C0867,A1103,,876.99,ZAR,2025-01-23,EFT,COMPLETED,PAYREF8940B23932,
PAY001157,C0465,A1365,,2318.07,ZAR,2025-02-06,EFT,PENDING,PAYREF8EA6935545,
PAY001158,C0012,A0176,,351.87,ZAR,2025-11-26,EFT,PENDING,PAYREF837E422FDF,
PAY001159,C0290,A1281,,673.8,ZAR,2025-08-16,EFT,FAILED,PAYREFC45C81B6DE,Insufficient funds
PAY001160,C0920,A0740,POL0689,1841.36,ZAR,2024-09-12,CASH,COMPLETED,PAYREFBB6EFE6D10,
PAY001161,C0332,A0039,,137.33,ZAR,2025-02-06,CASH,COMPLETED,PAYREF3565A06B28,
PAY001162,C0023,A1399,POL0204,7013.44,ZAR,2024-01-12,EFT,COMPLETED,PAYREF4B8F27FFC2,
PAY001163,C0690,A1070,POL0693,3118.97,ZAR,2024-12-05,CASH,COMPLETED,PAYREFD3CA5B01CF,
PAY001164,C0241,A0111,POL0601,235.49,ZAR,2026-07-25,DEBIT_ORDER,COMPLETED,PAYREF3D2C1BE031,
PAY001165,C0116,A0809,POL0371,133.73,ZAR,2026-08-11,EFT,COMPLETED,PAYREF78433C31C9,
PAY001166,C0966,A0926,POL0531,1129.6,ZAR,2024-03-29,CASH,COMPLETED,PAYREF2DAA87D6D7,
PAY001167,C0039,A0315,,357.72,ZAR,2024-07-31,DEBIT_ORDER,COMPLETED,PAYREF2A9495600A,
PAY001168,C0849,A0438,POL0289,2868.35,ZAR,2024-03-17,CARD,FAILED,PAYREF5C2C165B3E,Insufficient funds
PAY001169,C0088,A1019,,1626.2,ZAR,2024-08-27,MOBILE,COMPLETED,PAYREFD0E400B993,
PAY001170,C0419,A1337,POL0483,1240.64,ZAR,2026-04-08,DEBIT_ORDER,COMPLETED,PAYREFC83249BBD7,
PAY001171,C0021,A0518,POL0541,620.01,ZAR,2024-03-26,CARD,COMPLETED,PAYREFB125AAF0CE,
PAY001172,C0394,A1059,,5431.7,ZAR,2026-04-02,CARD,COMPLETED,PAYREF031B19834F,
PAY001173,C0658,A0885,POL0459,2329.6,ZAR,2024-02-02,MOBILE,COMPLETED,PAYREFB99E3D163D,
PAY001174,C0508,A0534,POL0765,2004.53,ZAR,2026-07-18,CASH,FAILED,PAYREFEFE4BB2CE6,Invalid account
PAY001175,C0871,A0900,,3641.15,ZAR,2025-10-31,MOBILE,COMPLETED,PAYREF12DF37FFE3,
PAY001176,C0387,A1012,POL0326,395.89,ZAR,2025-01-01,DEBIT_ORDER,PENDING,PAYREF57D3419937,
PAY001177,C0130,A0106,POL0119,3962.93,ZAR,2024-04-02,CARD,COMPLETED,PAYREFE8D0AA7FC9,
PAY001178,C0473,A0128,POL0072,841.67,ZAR,2024-03-17,DEBIT_ORDER,COMPLETED,PAYREF2FA92305D3,
PAY001179,C0455,A1186,POL0708,1532.61,ZAR,2024-07-27,CARD,COMPLETED,PAYREF5266428CE7,
PAY001180,C0685,A0491,POL0215,937.8,ZAR,2026-04-11,CARD,COMPLETED,PAYREF20F4EC8B5B,
PAY001181,C0755,A1494,,167.69,ZAR,2025-04-22,DEBIT_ORDER,COMPLETED,PAYREF115A933F2C,
PAY001182,C0431,A0236,POL0209,2856.49,ZAR,2024-02-02,EFT,COMPLETED,PAYREF998BD6909C,
PAY001183,C0497,A0175,,176.89,ZAR,2024-05-26,EFT,COMPLETED,PAYREFA3FB1DD1AB,
PAY001184,C0829,A0168,,417.16,ZAR,2024-09-25,EFT,FAILED,PAYREF6BF792B11A,Invalid account
PAY001185,C0470,A1085,POL0788,697.27,ZAR,2025-12-12,EFT,COMPLETED,PAYREFFEA918E61B,
PAY001186,C0986,A1487,POL0322,155.46,ZAR,2025-12-22,EFT,COMPLETED,PAYREF995F5696EB,
PAY001187,C0805,A0503,,364.81,ZAR,2026-02-19,CASH,COMPLETED,PAYREF7A8704E8FE,
PAY001188,C0332,A0289,POL0547,1400.83,ZAR,2025-05-10,MOBILE,COMPLETED,PAYREFC02D2C7FDA,
PAY001189,C0715,A0606,POL0357,775.38,ZAR,2025-04-23,CASH,COMPLETED,PAYREFF6DC5C072D,
PAY001190,C0667,A1265,,842.06,ZAR,2024-08-09,EFT,COMPLETED,PAYREFED9D0EB00D,
PAY001191,C0693,A0709,,439.22,ZAR,2024-10-31,CARD,PENDING,PAYREFBB6E1D36D5,
PAY001192,C0002,A0405,,1148.46,ZAR,2025-01-09,DEBIT_ORDER,COMPLETED,PAYREFCDDCFBDC05,
PAY001193,C0835,A1340,,792.15,ZAR,2024-02-13,DEBIT_ORDER,COMPLETED,PAYREF9F219D5146,
PAY001194,C0456,A0287,,212.52,ZAR,2025-10-14,MOBILE,COMPLETED,PAYREF9A90CBB48F,
PAY001195,C0647,A0848,POL0166,897.02,ZAR,2024-02-01,CARD,COMPLETED,PAYREF58D148388C,
PAY001196,C0300,A0064,POL0785,316.74,ZAR,2026-06-27,EFT,COMPLETED,PAYREF95C9CCF5AF,
PAY001197,C0386,A0809,,2691.08,ZAR,2026-01-22,CARD,COMPLETED,PAYREF4E0D1D4CAF,
PAY001198,C0353,A0406,POL0123,741.37,ZAR,2025-09-18,CARD,COMPLETED,PAYREF897D0958A5,
PAY001199,C0290,A0807,POL0002,13650.4,ZAR,2024-12-05,DEBIT_ORDER,COMPLETED,PAYREF8D543607B8,
PAY001200,C0970,A0928,POL0352,2883.91,ZAR,2026-04-24,CASH,COMPLETED,PAYREF4622599D0E,
PAY001201,C0444,A0293,POL0353,962.69,ZAR,2024-02-15,CARD,FAILED,PAYREFEE47DB80CA,Technical error
PAY001202,C0755,A1150,POL0401,1957.61,ZAR,2025-07-26,CASH,COMPLETED,PAYREFC22DE91DD6,
PAY001203,C0978,A0459,,135.67,ZAR,2024-07-19,MOBILE,COMPLETED,PAYREFBEEBADDA34,
PAY001204,C0506,A0841,POL0032,2870.9,ZAR,2024-07-02,MOBILE,PENDING,PAYREF751BDC88D4,
PAY001205,C0636,A0436,,482.85,ZAR,2024-04-18,EFT,COMPLETED,PAYREF46DFED5773,
PAY001206,C0186,A1184,POL0513,1199.59,ZAR,2025-09-25,EFT,COMPLETED,PAYREFD91EFDF2DA,
PAY001207,C0174,A0056,,529.74,ZAR,2024-06-17,EFT,COMPLETED,PAYREF69ACE8CC93,
PAY001208,C0302,A0880,POL0790,589.15,ZAR,2026-01-08,CARD,COMPLETED,PAYREF4775BB7351,
PAY001209,C0365,A0431,POL0105,914.95,ZAR,2025-12-05,MOBILE,COMPLETED,PAYREF00DFD5292B,
PAY001210,C0559,A1007,,1184.21,ZAR,2026-05-01,EFT,FAILED,PAYREF7084C735DB,Invalid account
PAY001211,C0302,A0214,POL0202,1067.51,ZAR,2025-10-14,CASH,COMPLETED,PAYREF971896BFC0,
PAY001212,C0128,A0810,,1094.46,ZAR,2024-12-08,DEBIT_ORDER,COMPLETED,PAYREF14E5D6B1CC,
PAY001213,C0079,A0839,POL0423,215.79,ZAR,2025-11-19,DEBIT_ORDER,PENDING,PAYREF3E3A92F08F,
PAY001214,C0462,A0418,,11294.26,ZAR,2026-07-02,CASH,COMPLETED,PAYREF2360A08317,
PAY001215,C0081,A0861,POL0601,1382.96,ZAR,2024-12-19,EFT,COMPLETED,PAYREF7D903D8F77,
PAY001216,C0945,A1125,,1698.61,ZAR,2025-09-28,MOBILE,PENDING,PAYREFA4534932E8,
PAY001217,C0103,A1303,POL0685,780.56,ZAR,2026-02-20,CASH,COMPLETED,PAYREFBCE13DDB23,
PAY001218,C0146,A0840,,457.53,ZAR,2025-06-25,EFT,COMPLETED,PAYREF2C45919D8D,
PAY001219,C0653,A1027,POL0747,1275.43,ZAR,2025-04-09,MOBILE,COMPLETED,PAYREFC36C8FCAAA,
PAY001220,C0272,A0590,,1464.51,ZAR,2026-07-13,EFT,COMPLETED,PAYREF698A8CC6F9,
PAY001221,C0863,A0117,POL0633,4031.16,ZAR,2024-11-26,EFT,COMPLETED,PAYREF24C5B00785,
PAY001222,C0866,A1277,,8757.08,ZAR,2024-10-24,MOBILE,COMPLETED,PAYREF83377DB6C5,
PAY001223,C0778,A0065,POL0504,4803.13,ZAR,2026-03-07,EFT,COMPLETED,PAYREFDAF203713D,
PAY001224,C0781,A1445,POL0038,187.44,ZAR,2026-05-05,MOBILE,COMPLETED,PAYREFE109353209,
PAY001225,C0005,A1128,,692.0,ZAR,2024-12-07,DEBIT_ORDER,COMPLETED,PAYREFBAA191D194,
PAY001226,C0881,A0111,,1534.28,ZAR,2024-04-28,MOBILE,COMPLETED,PAYREF2E93B6E47B,
PAY001227,C0604,A1342,POL0612,734.89,ZAR,2024-12-09,MOBILE,COMPLETED,PAYREF4924DE9DEA,
PAY001228,C0342,A0295,POL0501,1049.61,ZAR,2025-11-12,DEBIT_ORDER,COMPLETED,PAYREF96CEFCE61D,
PAY001229,C0218,A1293,,128.36,ZAR,2025-02-01,DEBIT_ORDER,COMPLETED,PAYREF8A531CFC7A,
PAY001230,C0777,A0357,POL0397,2735.89,ZAR,2024-05-24,EFT,FAILED,PAYREFA18F3F1D6A,Technical error
PAY001231,C0772,A0741,POL0783,168.1,ZAR,2025-02-15,EFT,COMPLETED,PAYREF5522E4A71A,
PAY001232,C0024,A0830,POL0275,227.58,ZAR,2026-01-19,MOBILE,FAILED,PAYREF87EB73A828,Account closed
PAY001233,C0446,A0314,,397.55,ZAR,2024-09-21,DEBIT_ORDER,COMPLETED,PAYREF2325D55DD2,
PAY001234,C0521,A0135,,994.72,ZAR,2024-08-29,CARD,COMPLETED,PAYREF7E438B3C7F,
PAY001235,C0655,A0857,POL0081,216.43,ZAR,2025-12-13,DEBIT_ORDER,COMPLETED,PAYREF3C0B9CD552,
PAY001236,C0668,A0459,POL0495,379.79,ZAR,2026-08-12,CARD,COMPLETED,PAYREFB84C8F6CF2,
PAY001237,C0257,A0625,POL0170,3459.73,ZAR,2024-06-20,CARD,COMPLETED,PAYREFF306003066,
PAY001238,C0810,A1204,,980.09,ZAR,2024-01-22,DEBIT_ORDER,COMPLETED,PAYREF0A8A7DDCEA,
PAY001239,C0780,A1294,POL0029,1691.8,ZAR,2024-04-24,EFT,PENDING,PAYREF90693A5C15,
PAY001240,C0958,A1412,,318.54,ZAR,2025-02-16,MOBILE,COMPLETED,PAYREFE04B2A49F8,
PAY001241,C0594,A1101,,1039.16,ZAR,2024-01-18,DEBIT_ORDER,COMPLETED,PAYREF40CBF93B97,
PAY001242,C0986,A0405,,957.32,ZAR,2024-10-06,EFT,COMPLETED,PAYREFC5D7E51D28,
PAY001243,C0489,A0839,POL0123,495.09,ZAR,2024-12-25,EFT,COMPLETED,PAYREF4D4C7B110C,
PAY001244,C0738,A0126,POL0064,1042.03,ZAR,2026-05-28,EFT,COMPLETED,PAYREF7D8DA860D5,
PAY001245,C0191,A0475,,165.32,ZAR,2024-04-14,CARD,COMPLETED,PAYREFCEBCE169E3,
PAY001246,C0380,A0567,POL0548,1700.38,ZAR,2024-03-04,CARD,COMPLETED,PAYREFCE0F10CC9B,
PAY001247,C0553,A0250,POL0258,735.47,ZAR,2025-01-01,CARD,COMPLETED,PAYREFE95974522B,
PAY001248,C0907,A0135,POL0795,847.92,ZAR,2025-03-05,CARD,COMPLETED,PAYREF739804F242,
PAY001249,C0629,A0894,,2570.27,ZAR,2024-02-01,DEBIT_ORDER,COMPLETED,PAYREFFC42C25312,
PAY001250,C0871,A0761,POL0534,1689.24,ZAR,2026-04-30,CARD,COMPLETED,PAYREF2E5ACAB548,
PAY001251,C0503,A0246,,797.64,ZAR,2024-09-30,DEBIT_ORDER,COMPLETED,PAYREFE05C61E04C,
PAY001252,C0954,A0634,,359.03,ZAR,2024-04-08,CARD,COMPLETED,PAYREF196DE7D056,
PAY001253,C0932,A1447,POL0713,4140.87,ZAR,2024-01-25,EFT,COMPLETED,PAYREF2927DF9E18,
PAY001254,C0662,A0604,,287.11,ZAR,2026-08-23,MOBILE,FAILED,PAYREF01A25F3382,Insufficient funds
PAY001255,C0071,A0543,,2057.75,ZAR,2025-01-13,DEBIT_ORDER,COMPLETED,PAYREFF14E5A574C,
PAY001256,C0975,A0471,,221.98,ZAR,2026-06-18,MOBILE,COMPLETED,PAYREF118E148FC6,
PAY001257,C0786,A0880,,2745.93,ZAR,2025-12-14,CASH,COMPLETED,PAYREFFC484F1369,
PAY001258,C0909,A0034,POL0320,3012.73,ZAR,2025-01-20,CASH,COMPLETED,PAYREF79F23AAE98,
PAY001259,C0875,A0933,POL0444,161.97,ZAR,2025-10-04,EFT,COMPLETED,PAYREFC5FFDACBDA,
PAY001260,C0144,A0621,POL0547,1718.72,ZAR,2026-05-30,MOBILE,COMPLETED,PAYREF55DFFADEF0,
PAY001261,C0193,A0633,,1582.09,ZAR,2024-09-08,CARD,COMPLETED,PAYREF6D546399F2,
PAY001262,C0519,A1060,POL0520,2215.09,ZAR,2025-07-05,DEBIT_ORDER,COMPLETED,PAYREF97F1510BBA,
PAY001263,C0766,A0023,POL0182,1580.1,ZAR,2025-05-26,CASH,FAILED,PAYREF078102CFCE,Limit exceeded
PAY001264,C0562,A0881,,418.92,ZAR,2025-05-01,MOBILE,COMPLETED,PAYREF4BE8868550,
PAY001265,C0565,A1327,,882.51,ZAR,2025-06-23,CARD,REVERSED,PAYREF5BBD8B7D3D,
PAY001266,C0091,A1171,,5794.4,ZAR,2024-08-25,DEBIT_ORDER,PENDING,PAYREF195A2B9F73,
PAY001267,C0747,A0941,POL0330,362.2,ZAR,2026-05-25,MOBILE,COMPLETED,PAYREFFD78BD30F9,
PAY001268,C0656,A0986,POL0364,1514.53,ZAR,2025-02-19,MOBILE,COMPLETED,PAYREF21129E22F8,
PAY001269,C0202,A0369,POL0722,3467.72,ZAR,2024-05-13,EFT,COMPLETED,PAYREFCBBDF71022,
PAY001270,C0998,A1115,POL0632,407.18,ZAR,2025-02-09,EFT,COMPLETED,PAYREF7B34ECAD81,
PAY001271,C0956,A0620,POL0317,265.92,ZAR,2025-06-15,EFT,COMPLETED,PAYREF2760014AD2,
PAY001272,C0881,A0948,POL0228,309.17,ZAR,2024-06-07,DEBIT_ORDER,COMPLETED,PAYREF35B3D00C37,
PAY001273,C0329,A0898,,1627.78,ZAR,2026-05-02,CASH,COMPLETED,PAYREF77B3CE05B2,
PAY001274,C0985,A0935,POL0571,306.55,ZAR,2024-06-10,CARD,COMPLETED,PAYREFAAA04F3147,
PAY001275,C0922,A1097,,957.8,ZAR,2024-05-05,DEBIT_ORDER,REVERSED,PAYREF59D0B43AA2,
PAY001276,C0397,A0699,POL0758,4321.13,ZAR,2025-04-13,EFT,COMPLETED,PAYREFF75E06264E,
PAY001277,C0276,A0846,,1041.79,ZAR,2026-03-15,EFT,COMPLETED,PAYREFC93D7620C6,
PAY001278,C0858,A1343,POL0431,503.8,ZAR,2024-01-07,CARD,COMPLETED,PAYREFBE33E223B4,
PAY001279,C0189,A0598,POL0712,1243.16,ZAR,2025-03-05,EFT,COMPLETED,PAYREF10FEE88AB7,
PAY001280,C0827,A0893,POL0683,1023.85,ZAR,2026-09-13,CASH,FAILED,PAYREF575216DD9E,Technical error
PAY001281,C0006,A1478,,1724.44,ZAR,2024-03-08,CARD,COMPLETED,PAYREFC3A391BBA2,
PAY001282,C0392,A0135,POL0100,5536.65,ZAR,2024-11-28,CASH,COMPLETED,PAYREF263CB31359,
PAY001283,C0007,A1184,POL0588,1630.71,ZAR,2024-03-25,DEBIT_ORDER,COMPLETED,PAYREF3C64EFC561,
PAY001284,C0512,A1093,,8381.5,ZAR,2026-07-15,CASH,COMPLETED,PAYREF4BB46B255B,
PAY001285,C0081,A0718,POL0775,1729.01,ZAR,2025-11-04,DEBIT_ORDER,COMPLETED,PAYREFD06162CA0D,
PAY001286,C0743,A1468,POL0091,509.11,ZAR,2024-02-06,CARD,COMPLETED,PAYREF8AF38EC29C,
PAY001287,C0074,A0193,POL0532,10810.82,ZAR,2025-02-20,EFT,COMPLETED,PAYREF5F35C8755C,
PAY001288,C0421,A0873,POL0456,967.95,ZAR,2025-05-25,EFT,COMPLETED,PAYREFA526E5620A,
PAY001289,C0592,A1260,POL0694,381.88,ZAR,2024-05-16,CARD,COMPLETED,PAYREF43CAA2D024,
PAY001290,C0652,A0495,POL0148,11200.67,ZAR,2024-04-01,CASH,COMPLETED,PAYREFDDB39F3849,
PAY001291,C0225,A0943,,526.83,ZAR,2024-01-26,CARD,FAILED,PAYREF95B39AE979,Invalid account
PAY001292,C0513,A0412,,506.54,ZAR,2026-01-14,EFT,COMPLETED,PAYREF607ED743B8,
PAY001293,C0530,A0412,POL0514,631.77,ZAR,2026-05-19,CARD,COMPLETED,PAYREFECA0CBF6EA,
PAY001294,C0353,A0766,,1292.88,ZAR,2024-10-05,DEBIT_ORDER,COMPLETED,PAYREF0207C6E2DB,
PAY001295,C0023,A0351,POL0741,2781.82,ZAR,2024-06-26,DEBIT_ORDER,FAILED,PAYREFCDF72F93E9,Technical error
PAY001296,C0312,A1329,POL0041,77.57,ZAR,2026-05-18,CARD,COMPLETED,PAYREFF0C28977D8,
PAY001297,C0998,A0970,POL0669,2769.72,ZAR,2024-01-29,CARD,COMPLETED,PAYREFB81F99417F,
PAY001298,C0178,A1229,POL0430,629.84,ZAR,2024-11-08,EFT,REVERSED,PAYREFAF174BCAA1,
PAY001299,C0721,A0735,POL0382,725.68,ZAR,2024-05-09,DEBIT_ORDER,COMPLETED,PAYREF847656452C,
PAY001300,C0144,A0286,,6094.8,ZAR,2025-02-12,CASH,COMPLETED,PAYREF8EAF5B7DE8,
PAY001301,C0017,A1299,,1357.38,ZAR,2024-12-29,EFT,COMPLETED,PAYREFB0A9C37705,
PAY001302,C0721,A0358,POL0465,1715.91,ZAR,2024-04-25,DEBIT_ORDER,COMPLETED,PAYREFA6BA22E07E,
PAY001303,C0240,A1186,POL0253,1044.65,ZAR,2024-03-08,CARD,COMPLETED,PAYREFBB774A58A5,
PAY001304,C0813,A0816,POL0713,2353.46,ZAR,2025-08-07,DEBIT_ORDER,COMPLETED,PAYREF0A48DFC7E6,
PAY001305,C0209,A0937,POL0067,5530.37,ZAR,2024-08-14,EFT,COMPLETED,PAYREF2458132472,
PAY001306,C0447,A0960,,92.29,ZAR,2026-07-26,MOBILE,COMPLETED,PAYREF53D1337391,
PAY001307,C0104,A0224,POL0086,3244.18,ZAR,2024-04-25,DEBIT_ORDER,PENDING,PAYREF6E762C1BAB,
PAY001308,C0706,A0321,,5151.45,ZAR,2025-02-06,EFT,COMPLETED,PAYREF233962B734,
PAY001309,C0729,A1152,,1809.97,ZAR,2025-11-30,CARD,COMPLETED,PAYREFBA4BA80613,
PAY001310,C0576,A1461,,557.04,ZAR,2025-01-28,CARD,PENDING,PAYREF5B4FCED294,
PAY001311,C0064,A0454,,346.45,ZAR,2026-06-22,CARD,COMPLETED,PAYREF8B930640C8,
PAY001312,C0271,A1189,,11635.84,ZAR,2024-11-01,CASH,COMPLETED,PAYREFF0630CAE41,
PAY001313,C0789,A1000,POL0595,443.64,ZAR,2024-08-22,MOBILE,COMPLETED,PAYREF9D0289EFAE,
PAY001314,C0408,A0672,POL0688,5002.24,ZAR,2024-02-01,MOBILE,PENDING,PAYREF7FF6195FFD,
PAY001315,C0671,A0405,POL0552,1620.53,ZAR,2025-03-30,CASH,COMPLETED,PAYREF376E8DE61D,
PAY001316,C0634,A0937,,8483.1,ZAR,2024-08-11,MOBILE,COMPLETED,PAYREF81D7EF6C43,
PAY001317,C0763,A1201,,797.71,ZAR,2025-07-24,CARD,FAILED,PAYREF95250A0E3B,Invalid account
PAY001318,C0534,A0323,POL0171,219.73,ZAR,2024-09-18,CASH,COMPLETED,PAYREFC3B73014F7,
PAY001319,C0609,A0123,POL0009,1099.02,ZAR,2026-06-24,DEBIT_ORDER,COMPLETED,PAYREF595A7D815B,
PAY001320,C0814,A0707,POL0287,248.03,ZAR,2024-07-12,CASH,PENDING,PAYREFFC1A79F10C,
PAY001321,C0905,A0648,POL0521,15947.55,ZAR,2024-07-13,EFT,FAILED,PAYREFED204A35D7,Account closed
PAY001322,C0011,A1344,,2058.02,ZAR,2026-07-05,CASH,COMPLETED,PAYREF7BC65B590F,
PAY001323,C0277,A0498,,2387.81,ZAR,2025-10-05,MOBILE,COMPLETED,PAYREF64D9C6E189,
PAY001324,C0244,A0257,POL0544,2389.33,ZAR,2024-11-15,CARD,COMPLETED,PAYREF3F9DC4C3F9,
PAY001325,C0939,A0166,POL0756,548.07,ZAR,2024-11-18,CASH,COMPLETED,PAYREFEDEE6DA967,
PAY001326,C0770,A0737,,961.0,ZAR,2024-06-02,EFT,PENDING,PAYREFF650DC8C24,
PAY001327,C0168,A0961,POL0030,1224.59,ZAR,2025-12-22,EFT,COMPLETED,PAYREF511368C3EA,
PAY001328,C0557,A1417,POL0200,7660.93,ZAR,2024-08-16,MOBILE,COMPLETED,PAYREF648A4E5549,
PAY001329,C0941,A1198,POL0327,344.78,ZAR,2026-05-07,MOBILE,COMPLETED,PAYREF980BF128A1,
PAY001330,C0887,A0012,,529.23,ZAR,2026-07-29,EFT,COMPLETED,PAYREFC44E3840ED,
PAY001331,C0271,A1445,POL0247,762.86,ZAR,2024-06-28,EFT,COMPLETED,PAYREFD1D476456B,
PAY001332,C0002,A0952,POL0397,559.11,ZAR,2025-08-30,EFT,COMPLETED,PAYREF490EC479E9,
PAY001333,C0932,A0955,,254.95,ZAR,2025-07-26,CASH,REVERSED,PAYREFE2F241B8F7,
PAY001334,C0492,A0689,POL0460,73.35,ZAR,2026-05-24,CARD,COMPLETED,PAYREFC82FCF1CE4,
PAY001335,C0438,A0333,,176.47,ZAR,2026-02-19,CASH,COMPLETED,PAYREFC7CDBBFD97,
PAY001336,C0606,A0654,POL0123,3291.27,ZAR,2024-08-26,CARD,COMPLETED,PAYREFD1C27B515F,
PAY001337,C0320,A0995,POL0228,1087.66,ZAR,2024-10-04,EFT,COMPLETED,PAYREFD2D42F146C,
PAY001338,C0199,A1392,,2528.9,ZAR,2025-08-04,CASH,PENDING,PAYREFE5929EB717,
PAY001339,C0888,A1207,,612.46,ZAR,2024-01-27,DEBIT_ORDER,FAILED,PAYREF913C50819A,Insufficient funds
PAY001340,C0005,A0966,POL0542,993.93,ZAR,2025-10-24,MOBILE,COMPLETED,PAYREF13BE65AEFF,
PAY001341,C0326,A0812,POL0283,5503.6,ZAR,2026-08-06,MOBILE,COMPLETED,PAYREFCD806BF195,
PAY001342,C0444,A1292,POL0229,5180.84,ZAR,2024-07-26,EFT,PENDING,PAYREFDEA5FF1669,
PAY001343,C0739,A0572,,2812.9,ZAR,2024-07-02,DEBIT_ORDER,COMPLETED,PAYREF670683C09E,
PAY001344,C0089,A1104,POL0161,1342.67,ZAR,2026-07-04,CASH,COMPLETED,PAYREF17FF4AC18B,
PAY001345,C0010,A0992,POL0416,1840.83,ZAR,2024-10-09,EFT,COMPLETED,PAYREFC5BF2D7D9E,
PAY001346,C0498,A1269,POL0033,1588.65,ZAR,2025-12-03,CASH,COMPLETED,PAYREF4F2B64262C,
PAY001347,C0398,A1389,,928.04,ZAR,2025-11-13,CASH,COMPLETED,PAYREFDD8A340EDB,
PAY001348,C0371,A0819,POL0212,731.89,ZAR,2024-01-24,MOBILE,FAILED,PAYREF61D1253A5F,Invalid account
PAY001349,C0714,A0342,,3368.99,ZAR,2025-07-03,DEBIT_ORDER,COMPLETED,PAYREF0C87B240D6,
PAY001350,C0604,A1227,POL0790,300.18,ZAR,2024-03-07,EFT,COMPLETED,PAYREFE6FA7748B3,
PAY001351,C0415,A0296,,4853.03,ZAR,2025-04-08,DEBIT_ORDER,COMPLETED,PAYREF893006B7F5,
PAY001352,C0857,A1438,POL0321,832.6,ZAR,2024-01-12,CASH,COMPLETED,PAYREFA0F11CA57C,
PAY001353,C0582,A0423,,294.7,ZAR,2026-07-04,CASH,COMPLETED,PAYREF995CDFAF76,
PAY001354,C0124,A0883,POL0740,635.55,ZAR,2025-03-16,MOBILE,REVERSED,PAYREFE539554CEC,
PAY001355,C0594,A0597,POL0155,457.42,ZAR,2024-08-04,MOBILE,COMPLETED,PAYREF2D10FCBBA9,
PAY001356,C0598,A0850,,616.66,ZAR,2025-08-07,EFT,COMPLETED,PAYREF022E35197B,
PAY001357,C0853,A1283,,605.5,ZAR,2024-07-15,CARD,COMPLETED,PAYREF2D07C2E460,
PAY001358,C0122,A0848,,581.9,ZAR,2024-10-01,DEBIT_ORDER,COMPLETED,PAYREF46A4368576,
PAY001359,C0230,A1119,POL0081,805.97,ZAR,2024-02-25,MOBILE,PENDING,PAYREF890669035A,
PAY001360,C0435,A1310,,1027.85,ZAR,2024-03-29,CARD,COMPLETED,PAYREFCCB789B592,
PAY001361,C0983,A0596,POL0126,2353.97,ZAR,2024-09-17,DEBIT_ORDER,COMPLETED,PAYREF745F1B6EFE,
PAY001362,C0804,A0432,,858.38,ZAR,2024-08-15,CASH,COMPLETED,PAYREF872C4A86E9,
PAY001363,C0013,A0482,POL0220,1519.32,ZAR,2025-03-20,CASH,COMPLETED,PAYREFE9F3100865,
PAY001364,C0180,A1080,,1104.92,ZAR,2024-10-16,DEBIT_ORDER,COMPLETED,PAYREF49690E183A,
PAY001365,C0647,A1289,POL0116,1882.92,ZAR,2025-01-29,MOBILE,COMPLETED,PAYREFD93306F1FD,
PAY001366,C0431,A1381,POL0783,1149.03,ZAR,2024-01-06,CASH,COMPLETED,PAYREFD98DC345AC,
PAY001367,C0731,A0591,,574.32,ZAR,2024-04-18,CASH,PENDING,PAYREF1AE8502B1F,
PAY001368,C0503,A1147,POL0726,437.82,ZAR,2024-08-15,EFT,COMPLETED,PAYREF7C6CB47FA1,
PAY001369,C0818,A0767,,1353.2,ZAR,2024-09-23,CARD,COMPLETED,PAYREF80C35DE95C,
PAY001370,C0074,A0026,POL0551,3918.16,ZAR,2025-09-10,DEBIT_ORDER,COMPLETED,PAYREF326323F3C2,
PAY001371,C0940,A0908,POL0671,872.07,ZAR,2026-06-14,CASH,COMPLETED,PAYREFE7A7EE51AB,
PAY001372,C0673,A0038,POL0661,544.1,ZAR,2025-09-30,MOBILE,COMPLETED,PAYREF5D90BE48DB,
PAY001373,C0036,A0305,POL0415,848.8,ZAR,2026-07-22,CARD,COMPLETED,PAYREF7A6E19E8F3,
PAY001374,C0212,A1208,,625.53,ZAR,2024-01-19,MOBILE,COMPLETED,PAYREF55EF9F5EC8,
PAY001375,C0588,A1044,POL0143,562.85,ZAR,2024-05-20,MOBILE,COMPLETED,PAYREF8936DABBF3,
PAY001376,C0567,A0080,,258.89,ZAR,2024-09-18,CASH,COMPLETED,PAYREFC9AA179E86,
PAY001377,C0363,A1202,POL0575,858.85,ZAR,2026-05-14,DEBIT_ORDER,COMPLETED,PAYREFEFAA62461C,
PAY001378,C0444,A0562,POL0606,1388.22,ZAR,2025-01-11,EFT,COMPLETED,PAYREF530FB873CB,
PAY001379,C0079,A0285,,371.7,ZAR,2024-01-15,EFT,COMPLETED,PAYREFF2628D4D00,
PAY001380,C0976,A0153,,455.62,ZAR,2025-06-22,MOBILE,FAILED,PAYREFEFAB042C7F,Account closed
PAY001381,C0151,A0692,POL0039,424.94,ZAR,2025-02-03,CARD,COMPLETED,PAYREFA4D7FFA002,
PAY001382,C0029,A0183,POL0750,274.05,ZAR,2024-07-12,MOBILE,COMPLETED,PAYREF8E43C48210,
PAY001383,C0487,A0433,POL0527,421.75,ZAR,2026-05-08,MOBILE,FAILED,PAYREFE3F1052E5F,Invalid account
PAY001384,C0187,A0336,POL0418,899.77,ZAR,2026-08-10,CASH,COMPLETED,PAYREF4410547240,
PAY001385,C0427,A0698,POL0561,286.56,ZAR,2024-04-30,CASH,COMPLETED,PAYREF304A69D116,
PAY001386,C0001,A0709,POL0173,955.71,ZAR,2024-07-31,CARD,COMPLETED,PAYREF3FC1AD6840,
PAY001387,C0503,A0038,POL0290,542.69,ZAR,2025-11-19,CASH,COMPLETED,PAYREFC7545BB489,
PAY001388,C0014,A1041,POL0709,433.12,ZAR,2026-03-12,DEBIT_ORDER,COMPLETED,PAYREFF6843C4D34,
PAY001389,C0887,A0946,,1599.12,ZAR,2025-02-01,EFT,COMPLETED,PAYREF065F1A4324,
PAY001390,C0303,A1228,POL0325,578.17,ZAR,2025-04-26,EFT,FAILED,PAYREF85E0E7122D,Insufficient funds
PAY001391,C0784,A0063,POL0276,685.39,ZAR,2025-10-16,EFT,FAILED,PAYREFC657050DC1,Invalid account
PAY001392,C0123,A1393,POL0347,4015.86,ZAR,2026-08-06,CASH,COMPLETED,PAYREF08BB6FCED7,
PAY001393,C0050,A0856,POL0166,437.0,ZAR,2025-07-04,CASH,COMPLETED,PAYREFD20EF10482,
PAY001394,C0707,A0586,POL0288,5249.43,ZAR,2026-07-30,EFT,COMPLETED,PAYREF84ADAFF0F5,
PAY001395,C0484,A1083,POL0649,774.49,ZAR,2025-05-13,CARD,COMPLETED,PAYREFE5013249F5,
PAY001396,C0040,A0500,,352.08,ZAR,2025-06-26,MOBILE,COMPLETED,PAYREF6241B901AD,
PAY001397,C0673,A0756,POL0302,630.21,ZAR,2024-07-25,EFT,COMPLETED,PAYREF8B351E1F53,
PAY001398,C0491,A0476,,1174.71,ZAR,2025-04-06,DEBIT_ORDER,COMPLETED,PAYREF8423CA0BF0,
PAY001399,C0542,A0224,POL0345,3844.9,ZAR,2025-02-20,MOBILE,COMPLETED,PAYREF679DE6337E,
PAY001400,C0258,A0131,,2437.74,ZAR,2024-04-27,CARD,COMPLETED,PAYREFF97925F591,
PAY001401,C0199,A0747,POL0445,1169.0,ZAR,2024-05-06,EFT,COMPLETED,PAYREF7657256163,
PAY001402,C0608,A0072,,3865.92,ZAR,2026-06-02,EFT,COMPLETED,PAYREF4B069C2A31,
PAY001403,C0217,A0462,POL0167,167.16,ZAR,2025-12-22,MOBILE,COMPLETED,PAYREFEF8A50FAF4,
PAY001404,C0649,A0962,POL0705,1407.32,ZAR,2024-07-13,MOBILE,COMPLETED,PAYREFDAEB9D2D19,
PAY001405,C0049,A0638,,1495.09,ZAR,2024-01-11,EFT,COMPLETED,PAYREF82059C8F23,
PAY001406,C0395,A0999,,1513.44,ZAR,2024-01-24,EFT,COMPLETED,PAYREF5D25696FC8,
PAY001407,C0233,A0601,,219.17,ZAR,2025-12-19,CASH,COMPLETED,PAYREF8328F9F6A4,
PAY001408,C0483,A0299,POL0278,396.66,ZAR,2024-09-18,MOBILE,COMPLETED,PAYREFC9F5DB551A,
PAY001409,C0655,A0662,,928.46,ZAR,2024-03-17,CASH,COMPLETED,PAYREF5FCBFB145A,
PAY001410,C0802,A0509,,3343.56,ZAR,2024-01-04,CARD,COMPLETED,PAYREF83C5958E8D,
PAY001411,C0911,A0052,,7444.75,ZAR,2025-03-19,EFT,FAILED,PAYREF93C2DB518C,Limit exceeded
PAY001412,C0959,A0033,POL0651,564.29,ZAR,2024-05-23,CARD,COMPLETED,PAYREFC5A2FB8CDF,
PAY001413,C0089,A0226,,295.94,ZAR,2025-05-30,EFT,COMPLETED,PAYREF62B42E46DF,
PAY001414,C0716,A0851,POL0480,2479.37,ZAR,2024-08-14,CARD,COMPLETED,PAYREFE139DAB4CE,
PAY001415,C0352,A0812,POL0438,14978.48,ZAR,2025-04-02,MOBILE,COMPLETED,PAYREFAF325DE418,
PAY001416,C0060,A0482,POL0389,3317.41,ZAR,2024-02-03,MOBILE,PENDING,PAYREFFCB51A71B9,
PAY001417,C0366,A1163,,518.72,ZAR,2024-11-10,DEBIT_ORDER,COMPLETED,PAYREF8607CBCDAC,
PAY001418,C0781,A0958,POL0231,19170.72,ZAR,2026-08-01,EFT,COMPLETED,PAYREF292C578649,
PAY001419,C0240,A1279,,2179.39,ZAR,2025-11-08,DEBIT_ORDER,COMPLETED,PAYREFD0C8EDF415,
PAY001420,C0842,A0541,,497.2,ZAR,2026-08-19,DEBIT_ORDER,COMPLETED,PAYREF670B48EC79,
PAY001421,C0298,A1488,POL0060,7587.84,ZAR,2025-03-19,DEBIT_ORDER,COMPLETED,PAYREF26A71B8EDE,
PAY001422,C0651,A0907,POL0114,459.44,ZAR,2025-06-05,EFT,FAILED,PAYREFECEEABCF39,Account closed
PAY001423,C0734,A0744,POL0658,589.29,ZAR,2025-05-03,EFT,COMPLETED,PAYREFFB7796665C,
PAY001424,C0035,A0254,POL0644,2267.93,ZAR,2025-08-15,CARD,PENDING,PAYREF1E9F84A0EB,
PAY001425,C0709,A0629,POL0572,1069.66,ZAR,2025-08-09,EFT,COMPLETED,PAYREFA56979362D,
PAY001426,C0483,A1214,POL0526,1137.98,ZAR,2024-12-06,CARD,COMPLETED,PAYREF1AB7618871,
PAY001427,C0182,A1226,,1139.9,ZAR,2026-07-04,EFT,PENDING,PAYREFAC8C6D135F,
PAY001428,C0866,A1064,POL0033,3342.52,ZAR,2024-11-10,DEBIT_ORDER,COMPLETED,PAYREF7664CCD38E,
PAY001429,C0800,A0963,POL0233,107.3,ZAR,2024-08-04,CARD,FAILED,PAYREF23C4A1B9C1,Limit exceeded
PAY001430,C0556,A0789,POL0590,1457.55,ZAR,2025-01-16,DEBIT_ORDER,COMPLETED,PAYREF426BF39223,
PAY001431,C0242,A0562,,820.4,ZAR,2025-08-10,EFT,COMPLETED,PAYREF7E5082315E,
PAY001432,C0161,A1121,POL0640,516.72,ZAR,2024-09-25,CARD,COMPLETED,PAYREF0FB3C873FD,
PAY001433,C0678,A0579,POL0746,515.36,ZAR,2026-08-30,CASH,COMPLETED,PAYREFC470E8451B,
PAY001434,C0195,A1284,POL0312,78.48,ZAR,2026-02-26,EFT,PENDING,PAYREFFF9D30A684,
PAY001435,C0050,A0692,POL0767,493.53,ZAR,2024-05-18,EFT,COMPLETED,PAYREF6DCA345D8B,
PAY001436,C0413,A0520,POL0374,3985.68,ZAR,2024-11-25,CASH,COMPLETED,PAYREFBE6A8DFE6D,
PAY001437,C0113,A1222,POL0426,2520.1,ZAR,2024-06-13,DEBIT_ORDER,COMPLETED,PAYREF282F026ADE,
PAY001438,C0563,A0455,POL0265,905.62,ZAR,2024-11-28,MOBILE,COMPLETED,PAYREF761A5D043D,
PAY001439,C0774,A0566,POL0475,267.4,ZAR,2025-02-13,CARD,PENDING,PAYREF79341FD4D4,
PAY001440,C0191,A0008,POL0454,2494.57,ZAR,2026-01-20,MOBILE,COMPLETED,PAYREF9781D59F89,
PAY001441,C0915,A0400,POL0516,4063.7,ZAR,2025-10-03,EFT,COMPLETED,PAYREFE8BDB460E2,
PAY001442,C0774,A1083,,3084.65,ZAR,2024-10-10,MOBILE,COMPLETED,PAYREF8DE6B27926,
PAY001443,C0458,A0834,POL0628,416.25,ZAR,2024-12-28,EFT,COMPLETED,PAYREFAD0D2185C8,
PAY001444,C0221,A0604,POL0693,461.8,ZAR,2024-03-28,CASH,REVERSED,PAYREF54EC26B426,
PAY001445,C0484,A0267,POL0147,5744.0,ZAR,2024-06-19,MOBILE,COMPLETED,PAYREFA869DB90B5,
PAY001446,C0814,A1341,,327.25,ZAR,2025-03-13,EFT,COMPLETED,PAYREF6E60A2678A,
PAY001447,C0308,A1335,POL0088,1769.08,ZAR,2025-07-21,DEBIT_ORDER,COMPLETED,PAYREFC4A0824DEA,
PAY001448,C0624,A1427,POL0068,185.35,ZAR,2024-11-03,CASH,COMPLETED,PAYREFDB0E31D5F9,
PAY001449,C0014,A1024,POL0338,812.15,ZAR,2025-10-30,CARD,COMPLETED,PAYREFEA53BB3E61,
PAY001450,C0430,A0975,POL0165,1968.74,ZAR,2024-02-06,EFT,COMPLETED,PAYREFE17331660A,
PAY001451,C0714,A0948,POL0656,1064.26,ZAR,2024-08-21,MOBILE,COMPLETED,PAYREFB3C10183A1,
PAY001452,C0192,A0882,,1851.8,ZAR,2025-12-13,DEBIT_ORDER,COMPLETED,PAYREFEED2E68ED2,
PAY001453,C0209,A0139,,321.76,ZAR,2025-07-28,EFT,COMPLETED,PAYREF7F78188DD8,
PAY001454,C0401,A1304,POL0679,482.99,ZAR,2024-08-15,CASH,COMPLETED,PAYREF5F8D072BCD,
PAY001455,C0982,A0645,,1775.47,ZAR,2024-10-13,CARD,COMPLETED,PAYREFFF299374A2,
PAY001456,C0427,A0069,,2201.49,ZAR,2025-12-21,CARD,FAILED,PAYREFBAB3A7BDED,Technical error
PAY001457,C0127,A0494,POL0617,1366.23,ZAR,2025-01-16,MOBILE,FAILED,PAYREF34E06FAC63,Invalid account
PAY001458,C0622,A0596,POL0574,2827.24,ZAR,2025-10-15,CARD,FAILED,PAYREF43839E2ACF,Invalid account
PAY001459,C0360,A0947,,209.1,ZAR,2025-04-26,EFT,COMPLETED,PAYREF32CC6B032E,
PAY001460,C0617,A0378,POL0331,688.01,ZAR,2025-02-28,CARD,FAILED,PAYREF7818E72EEA,Invalid account
PAY001461,C0868,A0743,,6786.45,ZAR,2024-06-22,CASH,COMPLETED,PAYREFD54F68861E,
PAY001462,C0332,A0269,,3957.9,ZAR,2026-06-05,DEBIT_ORDER,REVERSED,PAYREF9542F2EFCE,
PAY001463,C0057,A0501,POL0024,2066.55,ZAR,2025-06-03,EFT,COMPLETED,PAYREF586419748A,
PAY001464,C0973,A0204,,938.83,ZAR,2025-12-15,CASH,COMPLETED,PAYREF1F8266F634,
PAY001465,C0651,A0136,POL0306,3086.57,ZAR,2026-02-08,EFT,COMPLETED,PAYREF328A15F326,
PAY001466,C0863,A1055,,1684.36,ZAR,2025-07-14,EFT,COMPLETED,PAYREF9A20772036,
PAY001467,C0767,A1431,POL0296,240.46,ZAR,2024-12-07,CARD,COMPLETED,PAYREFC2B1AECE32,
PAY001468,C0245,A0450,POL0422,2968.35,ZAR,2025-04-29,CASH,COMPLETED,PAYREF2A41EB85C2,
PAY001469,C0297,A1178,POL0539,461.26,ZAR,2024-10-24,MOBILE,REVERSED,PAYREFD3AF58283E,
PAY001470,C0686,A1077,POL0138,2344.17,ZAR,2024-11-18,MOBILE,COMPLETED,PAYREF86EBC5573F,
PAY001471,C0939,A1114,POL0356,217.9,ZAR,2026-03-05,CASH,COMPLETED,PAYREF8648E9AF8A,
PAY001472,C0125,A0886,POL0243,5426.34,ZAR,2026-05-22,EFT,COMPLETED,PAYREFEA3467D531,
PAY001473,C0720,A1029,POL0431,833.06,ZAR,2026-02-21,DEBIT_ORDER,COMPLETED,PAYREF385CC66341,
PAY001474,C0808,A1088,,361.65,ZAR,2024-05-06,CARD,PENDING,PAYREF079EFADF79,
PAY001475,C0280,A1427,POL0736,550.87,ZAR,2026-04-14,MOBILE,COMPLETED,PAYREF10DC7F8010,
PAY001476,C0395,A0074,POL0518,783.01,ZAR,2026-09-08,DEBIT_ORDER,COMPLETED,PAYREF6DED0F8325,
PAY001477,C0032,A1009,POL0423,1090.32,ZAR,2024-02-25,CARD,COMPLETED,PAYREF93D87B28D9,
PAY001478,C0867,A1466,POL0344,4097.55,ZAR,2026-02-16,CARD,COMPLETED,PAYREF20C1C8C742,
PAY001479,C0316,A1420,POL0545,1176.32,ZAR,2024-06-11,DEBIT_ORDER,COMPLETED,PAYREFA9E060F3BE,
PAY001480,C0803,A1296,POL0010,125.1,ZAR,2024-05-28,CARD,COMPLETED,PAYREF9726C385FF,
PAY001481,C0289,A0308,POL0650,320.62,ZAR,2025-08-31,CARD,COMPLETED,PAYREF830CC1864B,
PAY001482,C0019,A1344,,17283.97,ZAR,2026-08-15,EFT,COMPLETED,PAYREFFAA0BA5959,
PAY001483,C0428,A0383,,1255.63,ZAR,2024-11-29,CASH,COMPLETED,PAYREF57301E6B18,
PAY001484,C0257,A0132,POL0187,2837.82,ZAR,2026-09-08,CASH,FAILED,PAYREF7F6915DCB5,Invalid account
PAY001485,C0326,A0507,POL0292,805.65,ZAR,2024-11-20,CARD,COMPLETED,PAYREF43D8B12994,
PAY001486,C0413,A1253,POL0599,401.57,ZAR,2026-04-14,CASH,FAILED,PAYREFC055FC780E,Technical error
PAY001487,C0667,A0138,POL0052,677.71,ZAR,2024-03-16,EFT,PENDING,PAYREF89A212EE8C,
PAY001488,C0668,A0087,POL0430,1246.79,ZAR,2024-07-19,MOBILE,COMPLETED,PAYREF2B58742DD7,
PAY001489,C0350,A0623,POL0660,692.12,ZAR,2024-08-09,DEBIT_ORDER,COMPLETED,PAYREF11947843C3,
PAY001490,C0382,A0942,POL0216,7468.64,ZAR,2025-10-07,CARD,COMPLETED,PAYREF56D2DABD89,
PAY001491,C0766,A0936,POL0652,592.14,ZAR,2024-11-12,DEBIT_ORDER,PENDING,PAYREFE83D43C1EA,
PAY001492,C0236,A0131,POL0064,381.9,ZAR,2024-02-07,DEBIT_ORDER,REVERSED,PAYREFB09FBECC46,
PAY001493,C0874,A1030,,2462.18,ZAR,2025-08-22,DEBIT_ORDER,COMPLETED,PAYREFAD9A47E581,
PAY001494,C0395,A1095,POL0336,2785.0,ZAR,2024-02-23,CASH,COMPLETED,PAYREFD785A5FFA1,
PAY001495,C0874,A0443,,1130.0,ZAR,2025-02-13,CASH,COMPLETED,PAYREF306F097CA3,
PAY001496,C0817,A0330,POL0473,600.56,ZAR,2024-01-27,CARD,COMPLETED,PAYREF1D58958681,
PAY001497,C0994,A1224,,163.91,ZAR,2024-11-16,EFT,FAILED,PAYREF246E5EAF1C,Invalid account
PAY001498,C0552,A0291,POL0456,3717.18,ZAR,2024-07-27,MOBILE,COMPLETED,PAYREFCE3241759C,
PAY001499,C0068,A0238,,2613.8,ZAR,2025-09-01,CARD,COMPLETED,PAYREF9E01D8762D,
PAY001500,C0394,A0221,POL0104,706.35,ZAR,2025-10-05,DEBIT_ORDER,COMPLETED,PAYREF69D6FF0BC2,
PAY001501,C0467,A0965,POL0615,1163.95,ZAR,2024-09-15,CASH,COMPLETED,PAYREF4D613D58B7,
PAY001502,C0260,A1421,POL0017,874.21,ZAR,2026-06-16,DEBIT_ORDER,COMPLETED,PAYREF61536A6E09,
PAY001503,C0675,A0990,,5589.98,ZAR,2026-07-04,EFT,COMPLETED,PAYREF4FCC769A13,
PAY001504,C0399,A0719,POL0093,388.42,ZAR,2024-10-07,MOBILE,COMPLETED,PAYREF6BFAF4C6B4,
PAY001505,C0822,A0654,POL0257,589.89,ZAR,2024-11-11,MOBILE,COMPLETED,PAYREFCEB8EF8313,
PAY001506,C0358,A0123,,535.54,ZAR,2026-05-29,EFT,PENDING,PAYREF0EFDE6A283,
PAY001507,C0602,A0206,POL0298,1495.42,ZAR,2024-03-01,EFT,COMPLETED,PAYREFFDB58CF818,
PAY001508,C0463,A1444,POL0082,1159.95,ZAR,2025-04-30,EFT,COMPLETED,PAYREFB0A6965163,
PAY001509,C0813,A1308,POL0652,1339.52,ZAR,2026-08-23,MOBILE,COMPLETED,PAYREF78024DDCD6,
PAY001510,C0300,A0114,,454.59,ZAR,2025-03-30,CASH,COMPLETED,PAYREF79C733E0F6,
PAY001511,C0086,A0007,,4841.1,ZAR,2024-08-21,MOBILE,COMPLETED,PAYREF4D0E00F5D5,
PAY001512,C0842,A0447,,696.42,ZAR,2024-03-20,EFT,FAILED,PAYREF55D95C5DEA,Invalid account
PAY001513,C0256,A1106,,3596.05,ZAR,2025-12-12,DEBIT_ORDER,COMPLETED,PAYREF120C42C346,
PAY001514,C0401,A0540,POL0684,25314.03,ZAR,2024-08-17,MOBILE,COMPLETED,PAYREFFB556FC3A8,
PAY001515,C0520,A0446,,457.91,ZAR,2024-07-04,DEBIT_ORDER,COMPLETED,PAYREFBDBBCB8A9C,
PAY001516,C0878,A1160,POL0775,1544.39,ZAR,2025-11-07,CARD,PENDING,PAYREF58F0C95255,
PAY001517,C0981,A0698,POL0485,961.41,ZAR,2026-09-15,CARD,FAILED,PAYREF1C0B345314,Insufficient funds
PAY001518,C0113,A1235,POL0772,8357.22,ZAR,2025-06-11,EFT,COMPLETED,PAYREFF2294EB196,
PAY001519,C0650,A1050,,828.28,ZAR,2024-02-28,EFT,COMPLETED,PAYREFC55BBE1B2A,
PAY001520,C0707,A1229,,1406.26,ZAR,2024-09-11,CARD,COMPLETED,PAYREFE25ADBD157,
PAY001521,C0202,A0874,,1375.91,ZAR,2026-01-29,MOBILE,FAILED,PAYREF65C6956F0D,Limit exceeded
PAY001522,C0157,A1143,POL0607,991.88,ZAR,2025-01-04,CARD,COMPLETED,PAYREFECE0E38AA3,
PAY001523,C0669,A1370,,2334.32,ZAR,2024-07-08,MOBILE,FAILED,PAYREF12D68E69DD,Technical error
PAY001524,C0609,A0201,POL0126,1203.99,ZAR,2026-01-09,CARD,COMPLETED,PAYREFB55F268394,
PAY001525,C0236,A0331,POL0202,1775.53,ZAR,2026-04-18,EFT,COMPLETED,PAYREFD6C11DF475,
PAY001526,C0015,A1193,POL0442,1357.78,ZAR,2025-06-04,DEBIT_ORDER,COMPLETED,PAYREF9AE027802E,
PAY001527,C0994,A1316,POL0761,599.12,ZAR,2025-12-15,CASH,COMPLETED,PAYREF5C0444A315,
PAY001528,C0607,A1189,POL0020,838.02,ZAR,2025-06-07,CARD,COMPLETED,PAYREFAEFF9105F9,
PAY001529,C0401,A1080,POL0069,1911.08,ZAR,2024-05-03,CARD,COMPLETED,PAYREF25BAE896EB,
PAY001530,C0387,A0180,POL0387,1903.33,ZAR,2025-03-28,MOBILE,COMPLETED,PAYREF828233EAF3,
PAY001531,C0829,A0811,POL0696,3808.57,ZAR,2026-05-24,DEBIT_ORDER,COMPLETED,PAYREFF64E6DB9C8,
PAY001532,C0551,A0766,POL0638,7039.16,ZAR,2024-03-02,EFT,COMPLETED,PAYREFD8D9676243,
PAY001533,C0417,A1451,POL0583,651.27,ZAR,2026-02-28,DEBIT_ORDER,COMPLETED,PAYREF5B59C4151B,
PAY001534,C0832,A1095,POL0148,1254.98,ZAR,2025-07-31,MOBILE,FAILED,PAYREF69FC74203A,Technical error
PAY001535,C0218,A0398,POL0781,903.79,ZAR,2024-12-30,EFT,COMPLETED,PAYREF3E1BB3774D,
PAY001536,C0489,A0458,,362.38,ZAR,2024-12-26,EFT,FAILED,PAYREF1113478093,Invalid account
PAY001537,C0375,A1102,,1928.61,ZAR,2024-08-10,CASH,COMPLETED,PAYREF451161996C,
PAY001538,C0877,A0801,,2387.11,ZAR,2026-08-23,MOBILE,COMPLETED,PAYREF771B425B18,
PAY001539,C0006,A0892,POL0683,373.53,ZAR,2024-03-21,MOBILE,COMPLETED,PAYREF3F5D2F3EB8,
PAY001540,C0889,A1314,,754.08,ZAR,2026-08-06,DEBIT_ORDER,COMPLETED,PAYREF6EDDB8A83A,
PAY001541,C0807,A1010,POL0372,683.97,ZAR,2026-06-17,EFT,COMPLETED,PAYREFE5BF222025,
PAY001542,C0614,A1069,POL0740,242.64,ZAR,2025-05-07,EFT,COMPLETED,PAYREF97FBF5B7BD,
PAY001543,C0802,A0618,POL0767,1057.46,ZAR,2025-10-25,CARD,FAILED,PAYREF382D3F56E9,Limit exceeded
PAY001544,C0550,A1171,,348.89,ZAR,2025-02-14,MOBILE,COMPLETED,PAYREF81E0D61320,
PAY001545,C0175,A1430,POL0668,1285.62,ZAR,2024-08-16,CARD,REVERSED,PAYREF9BC6D73866,
PAY001546,C0755,A1302,POL0036,1435.29,ZAR,2024-05-16,DEBIT_ORDER,COMPLETED,PAYREF4481E69BA9,
PAY001547,C0307,A1027,,1624.61,ZAR,2025-04-17,CARD,COMPLETED,PAYREFDFB42B730A,
PAY001548,C0793,A0761,POL0119,1705.0,ZAR,2025-09-10,CASH,COMPLETED,PAYREF547E75BECD,
PAY001549,C0193,A0601,POL0465,5069.21,ZAR,2024-08-20,MOBILE,COMPLETED,PAYREFDF27A66143,
PAY001550,C0509,A0779,,488.51,ZAR,2024-08-29,MOBILE,COMPLETED,PAYREF8AC9F24DB9,
PAY001551,C0835,A0899,POL0418,513.64,ZAR,2024-09-13,CASH,COMPLETED,PAYREF540BFA143F,
PAY001552,C0451,A1275,POL0097,2111.52,ZAR,2024-04-12,MOBILE,COMPLETED,PAYREF14EE8175C4,
PAY001553,C0901,A0488,,961.04,ZAR,2024-12-30,DEBIT_ORDER,COMPLETED,PAYREFF3AD8461E5,
PAY001554,C0657,A0129,,3378.97,ZAR,2024-10-23,DEBIT_ORDER,COMPLETED,PAYREF120746D49C,
PAY001555,C0283,A1450,POL0646,1923.09,ZAR,2025-06-11,EFT,COMPLETED,PAYREFF1EAD8FD76,
PAY001556,C0701,A0743,,7465.98,ZAR,2025-08-13,MOBILE,FAILED,PAYREF5481C154BE,Invalid account
PAY001557,C0439,A0160,,1000.92,ZAR,2025-03-15,CARD,COMPLETED,PAYREFAD6702C29A,
PAY001558,C0454,A1433,POL0680,249.13,ZAR,2026-04-06,DEBIT_ORDER,COMPLETED,PAYREF86BE306A82,
PAY001559,C0856,A0478,POL0043,1541.73,ZAR,2026-01-25,CASH,COMPLETED,PAYREFBCDFB8CC03,
PAY001560,C0038,A0787,POL0568,1020.78,ZAR,2025-05-25,MOBILE,COMPLETED,PAYREFFC2DAB5B08,
PAY001561,C0361,A0257,,1871.48,ZAR,2025-10-02,CARD,COMPLETED,PAYREF12399CCB71,
PAY001562,C0640,A1405,POL0368,2127.3,ZAR,2025-07-07,EFT,COMPLETED,PAYREFA984F2E7CA,
PAY001563,C0194,A0883,POL0223,642.55,ZAR,2025-08-25,DEBIT_ORDER,COMPLETED,PAYREFCA3430A365,
PAY001564,C0189,A0898,POL0059,399.81,ZAR,2025-06-30,CARD,COMPLETED,PAYREFEE55E55704,
PAY001565,C0265,A0215,,947.72,ZAR,2025-09-14,EFT,COMPLETED,PAYREFEB8931AAFD,
PAY001566,C0621,A0422,,101.37,ZAR,2025-04-17,MOBILE,PENDING,PAYREF6F37E81F08,
PAY001567,C0648,A1039,POL0649,1188.76,ZAR,2024-07-27,CASH,PENDING,PAYREFC84DF5DDE8,
PAY001568,C0084,A0980,POL0494,729.65,ZAR,2024-03-29,MOBILE,FAILED,PAYREF7D409361F3,Insufficient funds
PAY001569,C0370,A0656,,2595.86,ZAR,2026-03-25,CARD,COMPLETED,PAYREF8D58764EFB,
PAY001570,C0287,A1430,,150.53,ZAR,2024-03-07,EFT,FAILED,PAYREF7523A1CAD6,Limit exceeded
PAY001571,C0902,A1435,,1103.61,ZAR,2024-12-22,CARD,COMPLETED,PAYREFEB69810CFD,
PAY001572,C0726,A0934,POL0696,5304.04,ZAR,2025-02-16,MOBILE,COMPLETED,PAYREF1BC6E925B6,
PAY001573,C0680,A0511,POL0148,2154.69,ZAR,2024-01-14,CASH,FAILED,PAYREF6B867E39C1,Invalid account
PAY001574,C0868,A0785,POL0782,2923.9,ZAR,2024-09-26,CASH,COMPLETED,PAYREF48342D3DED,
PAY001575,C0512,A1424,,1540.3,ZAR,2025-08-30,CARD,COMPLETED,PAYREFEE0E579831,
PAY001576,C0855,A1411,POL0254,208.19,ZAR,2026-04-26,DEBIT_ORDER,COMPLETED,PAYREF785D899434,
PAY001577,C0131,A1043,POL0280,1295.34,ZAR,2026-03-31,EFT,COMPLETED,PAYREF96AAC236CA,
PAY001578,C0778,A1049,POL0462,1649.93,ZAR,2025-10-07,MOBILE,COMPLETED,PAYREF2DB05F0ED1,
PAY001579,C0327,A0675,POL0191,373.07,ZAR,2024-11-23,CASH,COMPLETED,PAYREF604A7A3746,
PAY001580,C0769,A0321,POL0643,966.27,ZAR,2026-01-11,CARD,COMPLETED,PAYREFCC40DB2C59,
PAY001581,C0743,A0039,,60.28,ZAR,2026-06-21,DEBIT_ORDER,COMPLETED,PAYREF9951D068DA,
PAY001582,C0715,A1152,,785.17,ZAR,2025-03-01,CASH,COMPLETED,PAYREFDAB20282D3,
PAY001583,C0038,A0198,POL0221,708.84,ZAR,2024-12-24,MOBILE,COMPLETED,PAYREF8939337AD1,
PAY001584,C0012,A1038,,4457.04,ZAR,2025-12-17,MOBILE,COMPLETED,PAYREFCE031613B9,
PAY001585,C0699,A1297,,599.91,ZAR,2026-08-14,CARD,COMPLETED,PAYREFF63A4BD122,
PAY001586,C0209,A1268,,840.2,ZAR,2026-04-15,MOBILE,COMPLETED,PAYREF1D83F386D1,
PAY001587,C0280,A0888,POL0625,1013.1,ZAR,2025-10-27,MOBILE,COMPLETED,PAYREF9964805E80,
PAY001588,C0063,A0266,POL0043,607.7,ZAR,2026-01-10,DEBIT_ORDER,COMPLETED,PAYREF118ACC2B0B,
PAY001589,C0187,A1094,,2252.49,ZAR,2026-06-16,EFT,COMPLETED,PAYREF527260D84E,
PAY001590,C0992,A1020,,149.55,ZAR,2026-04-24,CASH,COMPLETED,PAYREF22D794A792,
PAY001591,C0587,A0431,,3417.2,ZAR,2025-09-04,MOBILE,COMPLETED,PAYREFE3B79B75B8,
PAY001592,C0785,A0163,POL0360,1083.68,ZAR,2025-11-09,MOBILE,COMPLETED,PAYREFB3F850AB7E,
PAY001593,C0089,A0647,POL0261,4030.51,ZAR,2025-07-12,CASH,COMPLETED,PAYREFA6D6781C42,
PAY001594,C0738,A0944,POL0075,70.3,ZAR,2025-05-31,EFT,COMPLETED,PAYREFD2FAE2EA4C,
PAY001595,C0118,A0729,POL0321,95.94,ZAR,2025-10-31,CASH,COMPLETED,PAYREF891368912C,
PAY001596,C0122,A0859,POL0509,818.95,ZAR,2026-08-10,EFT,COMPLETED,PAYREF424B18A9AF,
PAY001597,C0655,A1380,,1818.77,ZAR,2024-07-13,MOBILE,COMPLETED,PAYREF7B5D326F0E,
PAY001598,C0612,A1458,POL0766,629.59,ZAR,2025-01-01,CARD,PENDING,PAYREFF28C04544C,
PAY001599,C0212,A1002,POL0092,1966.18,ZAR,2025-04-01,CASH,COMPLETED,PAYREF8A0171BDE6,
PAY001600,C0857,A1249,,2925.76,ZAR,2026-03-07,DEBIT_ORDER,COMPLETED,PAYREF4CF6CD28CF,
PAY001601,C0838,A0597,,2134.53,ZAR,2026-09-10,CARD,COMPLETED,PAYREFE3D7215417,
PAY001602,C0979,A0488,POL0588,1215.93,ZAR,2024-08-01,CARD,PENDING,PAYREF7A601A4984,
PAY001603,C0414,A0473,,1206.65,ZAR,2024-12-24,DEBIT_ORDER,COMPLETED,PAYREF82482EA80F,
PAY001604,C0548,A0943,POL0367,593.01,ZAR,2024-12-22,CARD,COMPLETED,PAYREF21FA0093E6,
PAY001605,C0261,A0973,,1037.56,ZAR,2026-01-14,DEBIT_ORDER,COMPLETED,PAYREFC04E9CB063,
PAY001606,C0526,A1095,,393.77,ZAR,2024-02-24,CARD,COMPLETED,PAYREFA60F475634,
PAY001607,C0967,A1341,POL0248,500.33,ZAR,2025-07-14,DEBIT_ORDER,COMPLETED,PAYREFAB0F88A686,
PAY001608,C0210,A0922,,1834.2,ZAR,2026-09-15,CASH,COMPLETED,PAYREF0FD92FECC6,
PAY001609,C0781,A0864,,690.29,ZAR,2026-02-27,MOBILE,PENDING,PAYREF6A0BBBAEF7,
PAY001610,C0938,A1149,POL0172,524.5,ZAR,2025-11-10,MOBILE,COMPLETED,PAYREF5353C7DA7F,
PAY001611,C0279,A1068,POL0774,1718.54,ZAR,2024-11-11,CARD,COMPLETED,PAYREF1158216D1D,
PAY001612,C0761,A1360,POL0413,1603.43,ZAR,2026-02-22,EFT,COMPLETED,PAYREFAAF97D0484,
PAY001613,C0443,A0334,POL0162,884.22,ZAR,2026-08-21,CARD,COMPLETED,PAYREF29D86DF8DC,
PAY001614,C0452,A0794,,944.89,ZAR,2025-02-01,CARD,FAILED,PAYREF7E9A4CA58B,Technical error
PAY001615,C0462,A0982,POL0484,1662.28,ZAR,2025-04-14,CARD,COMPLETED,PAYREF6ED21DE097,
PAY001616,C0898,A0695,,2889.84,ZAR,2026-04-23,MOBILE,COMPLETED,PAYREF1E3DA92C83,
PAY001617,C0175,A0081,POL0474,1340.89,ZAR,2026-07-18,EFT,COMPLETED,PAYREF481FBE1A78,
PAY001618,C0049,A0745,POL0614,332.94,ZAR,2025-01-29,EFT,COMPLETED,PAYREFA58BADDDAD,
PAY001619,C0621,A0620,,878.81,ZAR,2024-12-15,DEBIT_ORDER,COMPLETED,PAYREF986FBA9EDE,
PAY001620,C0105,A0405,POL0303,729.86,ZAR,2025-02-24,CASH,PENDING,PAYREF8CCF91A631,
PAY001621,C0305,A1078,,382.61,ZAR,2026-01-20,CASH,COMPLETED,PAYREF46A6E1E2DD,
PAY001622,C0899,A0271,POL0384,1804.31,ZAR,2024-05-16,CARD,COMPLETED,PAYREFB7E136FC35,
PAY001623,C0470,A1024,,1948.57,ZAR,2025-06-13,CASH,COMPLETED,PAYREF3D5D97023D,
PAY001624,C0462,A0208,,2266.99,ZAR,2024-12-16,DEBIT_ORDER,PENDING,PAYREF9BFFC898C3,
PAY001625,C0556,A0363,POL0135,407.11,ZAR,2024-07-22,DEBIT_ORDER,COMPLETED,PAYREFCEA60E13E4,
PAY001626,C0548,A1490,POL0626,1283.63,ZAR,2026-01-24,CARD,COMPLETED,PAYREFF1B3E6D7BD,
PAY001627,C0430,A1108,POL0692,1089.77,ZAR,2025-04-02,EFT,COMPLETED,PAYREF7E049EF197,
PAY001628,C0368,A1244,POL0531,1491.3,ZAR,2026-09-14,CARD,COMPLETED,PAYREF336E3E2E8A,
PAY001629,C0928,A0814,POL0680,1248.54,ZAR,2025-09-12,CARD,PENDING,PAYREFD6C07AEA9B,
PAY001630,C0625,A0395,POL0209,1082.96,ZAR,2025-05-20,EFT,COMPLETED,PAYREFA9BCECB265,
PAY001631,C0935,A1217,,960.33,ZAR,2026-09-05,CASH,COMPLETED,PAYREF864BBDDA70,
PAY001632,C0611,A1133,,3317.08,ZAR,2026-07-04,EFT,COMPLETED,PAYREFB3B9846400,
PAY001633,C0299,A0159,,463.21,ZAR,2026-02-28,CARD,COMPLETED,PAYREFDC570E98D3,
PAY001634,C0352,A1453,POL0535,922.26,ZAR,2024-05-20,EFT,COMPLETED,PAYREFB3AA407225,
PAY001635,C0735,A1211,,3233.66,ZAR,2024-03-26,DEBIT_ORDER,COMPLETED,PAYREF8AB2B95594,
PAY001636,C0031,A0830,POL0233,487.33,ZAR,2025-12-09,CARD,COMPLETED,PAYREFFC8FC0539B,
PAY001637,C0884,A0882,POL0230,512.81,ZAR,2024-11-02,DEBIT_ORDER,FAILED,PAYREF7D069B1429,Limit exceeded
PAY001638,C0113,A0528,,2284.59,ZAR,2026-06-06,MOBILE,PENDING,PAYREF32AC2E4FF0,
PAY001639,C0659,A0737,POL0728,264.04,ZAR,2024-11-27,CARD,COMPLETED,PAYREF37979D70E2,
PAY001640,C0392,A0203,,2123.1,ZAR,2024-05-22,CARD,COMPLETED,PAYREF28D400B887,
PAY001641,C0710,A0279,,672.07,ZAR,2025-01-27,CASH,REVERSED,PAYREFE67F2F790C,
PAY001642,C0257,A0565,,1652.43,ZAR,2025-12-26,MOBILE,COMPLETED,PAYREF0832A80A9A,
PAY001643,C0983,A0368,,323.52,ZAR,2025-04-30,MOBILE,REVERSED,PAYREFE11EF89304,
PAY001644,C0694,A0572,,3587.02,ZAR,2026-08-24,CASH,COMPLETED,PAYREF26F4E48260,
PAY001645,C0720,A0488,POL0315,324.65,ZAR,2024-04-19,CASH,COMPLETED,PAYREFC7A5C3E91C,
PAY001646,C0217,A0715,POL0115,2264.14,ZAR,2025-12-09,DEBIT_ORDER,FAILED,PAYREF4FC61E9DE8,Invalid account
PAY001647,C0730,A0775,,338.5,ZAR,2024-02-12,MOBILE,COMPLETED,PAYREF12253AABB8,
PAY001648,C0280,A0597,POL0653,6689.54,ZAR,2026-06-09,EFT,COMPLETED,PAYREFE36D028E85,
PAY001649,C0105,A0258,POL0072,1021.08,ZAR,2025-05-25,DEBIT_ORDER,FAILED,PAYREFF12D1E71CC,Insufficient funds
PAY001650,C0135,A0413,,7714.5,ZAR,2026-03-08,DEBIT_ORDER,COMPLETED,PAYREF212CD13387,
PAY001651,C0703,A1036,,483.53,ZAR,2026-01-30,DEBIT_ORDER,COMPLETED,PAYREFE57DF8DFA6,
PAY001652,C0984,A1441,POL0566,704.4,ZAR,2024-04-10,CASH,COMPLETED,PAYREF8B502571B2,
PAY001653,C0340,A0485,POL0335,3680.19,ZAR,2026-03-21,CASH,COMPLETED,PAYREF269EA6F4F7,
PAY001654,C0748,A1119,POL0618,263.43,ZAR,2025-11-27,MOBILE,COMPLETED,PAYREF5A6F3A9353,
PAY001655,C0962,A1352,,544.97,ZAR,2026-01-14,MOBILE,COMPLETED,PAYREF6F56E782B5,
PAY001656,C0361,A0263,POL0353,1799.15,ZAR,2024-05-11,CASH,COMPLETED,PAYREFC2AEC3AACA,
PAY001657,C0134,A1247,,395.92,ZAR,2024-11-30,MOBILE,COMPLETED,PAYREF7C63E41542,
PAY001658,C0934,A1400,POL0144,1847.92,ZAR,2025-04-25,DEBIT_ORDER,COMPLETED,PAYREF81EBE6B9B9,
PAY001659,C0292,A0745,,1300.37,ZAR,2025-05-02,CARD,COMPLETED,PAYREF0F85DA4BC8,
PAY001660,C0905,A0670,POL0656,241.38,ZAR,2026-01-01,EFT,PENDING,PAYREFA7A4A16D9A,
PAY001661,C0223,A0227,POL0094,2886.41,ZAR,2026-04-04,DEBIT_ORDER,PENDING,PAYREF9816B20DF0,
PAY001662,C0039,A0940,POL0383,310.31,ZAR,2024-03-26,DEBIT_ORDER,COMPLETED,PAYREFF1ABB9C962,
PAY001663,C0655,A0299,,2371.5,ZAR,2025-02-20,CARD,FAILED,PAYREF8ED8BF70BF,Invalid account
PAY001664,C0825,A0037,,1246.97,ZAR,2025-02-23,DEBIT_ORDER,COMPLETED,PAYREF6EDE17521B,
PAY001665,C0544,A0488,POL0470,695.75,ZAR,2025-11-08,CASH,COMPLETED,PAYREF6FDA638E7D,
PAY001666,C0141,A1174,POL0065,363.07,ZAR,2024-09-29,EFT,PENDING,PAYREF205BB533DC,
PAY001667,C0588,A0994,,1524.27,ZAR,2026-02-11,EFT,COMPLETED,PAYREF2BA9B70CB1,
PAY001668,C0174,A1438,,458.28,ZAR,2026-03-20,MOBILE,COMPLETED,PAYREFE16A657DC6,
PAY001669,C0115,A0280,POL0107,3670.02,ZAR,2025-03-23,MOBILE,PENDING,PAYREF9DBA980524,
PAY001670,C0395,A1328,POL0774,3806.44,ZAR,2024-03-04,CARD,COMPLETED,PAYREFA7D4D088FC,
PAY001671,C0660,A1488,,5664.84,ZAR,2024-09-26,DEBIT_ORDER,REVERSED,PAYREF038312C8FF,
PAY001672,C0103,A1273,POL0570,1452.29,ZAR,2024-09-19,CARD,COMPLETED,PAYREF755BBC5528,
PAY001673,C0495,A1242,POL0020,731.93,ZAR,2026-09-11,MOBILE,COMPLETED,PAYREF337A5F2738,
PAY001674,C0901,A0908,POL0457,814.93,ZAR,2025-02-20,CARD,COMPLETED,PAYREF3000B654F1,
PAY001675,C0489,A0906,,757.42,ZAR,2024-06-07,CARD,PENDING,PAYREF99F8F80622,
PAY001676,C0805,A0676,POL0794,1405.3,ZAR,2024-06-30,CARD,COMPLETED,PAYREFC1098066AE,
PAY001677,C0719,A1001,POL0096,1696.98,ZAR,2025-07-12,CASH,REVERSED,PAYREF23628BB63A,
PAY001678,C0389,A0809,POL0175,3757.71,ZAR,2024-06-30,MOBILE,COMPLETED,PAYREF61D98CAB09,
PAY001679,C0305,A0834,POL0414,1118.92,ZAR,2024-10-27,EFT,COMPLETED,PAYREFE0F6D8539A,
PAY001680,C0871,A0887,POL0093,269.56,ZAR,2025-04-20,DEBIT_ORDER,COMPLETED,PAYREF6AE4F5A071,
PAY001681,C0433,A1192,POL0454,729.66,ZAR,2024-11-26,DEBIT_ORDER,COMPLETED,PAYREF22C07BC9DB,
PAY001682,C0582,A0514,POL0537,5197.08,ZAR,2025-04-09,CASH,COMPLETED,PAYREF27AD63AA2E,
PAY001683,C0350,A0365,POL0786,231.23,ZAR,2024-11-30,EFT,COMPLETED,PAYREF0DAEC8FCCF,
PAY001684,C0781,A0186,POL0650,2296.52,ZAR,2025-12-07,CASH,COMPLETED,PAYREF787363F235,
PAY001685,C0158,A1213,POL0390,742.06,ZAR,2025-07-14,EFT,COMPLETED,PAYREF0C55D35A88,
PAY001686,C0626,A0002,POL0360,453.29,ZAR,2024-05-15,EFT,COMPLETED,PAYREFC13B10E515,
PAY001687,C0486,A0420,POL0620,1628.82,ZAR,2025-01-06,CASH,FAILED,PAYREFD5C21D4544,Invalid account
PAY001688,C0555,A0703,POL0147,5223.66,ZAR,2025-04-04,EFT,FAILED,PAYREFD05AA25F5C,Technical error
PAY001689,C0451,A0663,,1541.4,ZAR,2024-11-29,CARD,COMPLETED,PAYREF5802B697BD,
PAY001690,C0013,A1410,POL0256,843.41,ZAR,2025-01-30,DEBIT_ORDER,COMPLETED,PAYREF9B886D70FE,
PAY001691,C0179,A1278,POL0572,300.05,ZAR,2026-02-13,DEBIT_ORDER,COMPLETED,PAYREFB556306992,
PAY001692,C0453,A0084,POL0594,993.42,ZAR,2025-10-19,EFT,COMPLETED,PAYREFF069247BF3,
PAY001693,C0546,A1353,POL0094,289.41,ZAR,2024-10-07,CASH,COMPLETED,PAYREF513AC303E6,
PAY001694,C0019,A1055,,804.38,ZAR,2026-02-24,DEBIT_ORDER,COMPLETED,PAYREF5A9F151243,
PAY001695,C0413,A0238,POL0752,1029.62,ZAR,2026-03-22,DEBIT_ORDER,FAILED,PAYREFC40D78D27C,Account closed
PAY001696,C0593,A1005,,103.49,ZAR,2025-07-11,MOBILE,COMPLETED,PAYREF9ED3E6B404,
PAY001697,C0089,A0270,POL0720,4395.44,ZAR,2025-10-31,CASH,COMPLETED,PAYREFEDB8C8B558,
PAY001698,C0670,A0800,,317.82,ZAR,2026-06-27,DEBIT_ORDER,COMPLETED,PAYREF276021FDEF,
PAY001699,C0596,A1472,POL0223,910.54,ZAR,2025-05-24,DEBIT_ORDER,COMPLETED,PAYREFCCA8436AB3,
PAY001700,C0600,A0749,,1870.26,ZAR,2025-07-20,EFT,PENDING,PAYREF4DC1151954,
PAY001701,C0484,A0974,POL0556,4058.42,ZAR,2026-08-04,CASH,COMPLETED,PAYREF126970CF66,
PAY001702,C0981,A1049,POL0139,496.63,ZAR,2024-04-20,MOBILE,COMPLETED,PAYREFEBA7B2FF44,
PAY001703,C0442,A0836,,89.19,ZAR,2025-05-30,DEBIT_ORDER,COMPLETED,PAYREFF927C65E8B,
PAY001704,C0710,A0945,POL0474,3224.92,ZAR,2025-06-19,MOBILE,COMPLETED,PAYREFAF0EE66D48,
PAY001705,C0054,A1004,POL0411,314.35,ZAR,2025-12-28,DEBIT_ORDER,COMPLETED,PAYREF79D52C79B5,
PAY001706,C0055,A0368,,1570.96,ZAR,2025-03-27,CARD,COMPLETED,PAYREF16FD887699,
PAY001707,C0498,A1411,,1671.69,ZAR,2024-11-24,CARD,COMPLETED,PAYREFB85AA7BE3E,
PAY001708,C0358,A0773,POL0062,42.43,ZAR,2025-12-09,CASH,COMPLETED,PAYREFDCA1557648,
PAY001709,C0321,A1103,POL0771,218.15,ZAR,2025-03-16,EFT,COMPLETED,PAYREF087978C97E,
PAY001710,C0299,A0809,,691.73,ZAR,2025-08-04,CASH,COMPLETED,PAYREF0E26176C28,
PAY001711,C0585,A0494,POL0705,82.75,ZAR,2026-01-06,CARD,COMPLETED,PAYREF493D6B2734,
PAY001712,C0671,A1170,POL0052,287.71,ZAR,2025-03-14,CARD,COMPLETED,PAYREF8AFBF81955,
PAY001713,C0511,A0581,POL0068,1240.01,ZAR,2024-11-07,CASH,COMPLETED,PAYREF23DFB38210,
PAY001714,C0852,A0456,POL0241,1003.77,ZAR,2024-04-20,MOBILE,COMPLETED,PAYREF2DD7BB4312,
PAY001715,C0375,A1114,,1484.23,ZAR,2026-04-12,CARD,COMPLETED,PAYREF320BD91477,
PAY001716,C0451,A0409,POL0303,1718.52,ZAR,2025-04-03,CARD,PENDING,PAYREF19F5E082FA,
PAY001717,C0392,A0202,POL0298,204.01,ZAR,2026-03-04,MOBILE,COMPLETED,PAYREFA7B14474F2,
PAY001718,C0433,A1235,POL0642,303.43,ZAR,2025-10-17,CARD,FAILED,PAYREFA3B84A3A19,Limit exceeded
PAY001719,C0498,A0227,POL0154,2348.11,ZAR,2026-09-14,EFT,COMPLETED,PAYREF1918E04186,
PAY001720,C0494,A1247,POL0142,5035.81,ZAR,2024-07-23,MOBILE,COMPLETED,PAYREF53B820D364,
PAY001721,C0064,A0374,POL0472,416.79,ZAR,2025-06-02,CASH,COMPLETED,PAYREFEF31AB16F8,
PAY001722,C0104,A1424,POL0548,1420.7,ZAR,2026-06-25,MOBILE,COMPLETED,PAYREFF412D85FB6,
PAY001723,C0067,A0744,,2457.95,ZAR,2026-05-22,DEBIT_ORDER,COMPLETED,PAYREF75AB06CB07,
PAY001724,C0781,A0826,POL0267,1390.69,ZAR,2024-12-10,CARD,COMPLETED,PAYREF941FE8956A,
PAY001725,C0482,A0118,,855.11,ZAR,2026-07-23,EFT,COMPLETED,PAYREFAA2CA1BEE3,
PAY001726,C0653,A1131,POL0561,577.87,ZAR,2024-09-26,EFT,COMPLETED,PAYREF5C50613CC3,
PAY001727,C0373,A0520,,7984.59,ZAR,2024-07-16,DEBIT_ORDER,COMPLETED,PAYREFB873AC424D,
PAY001728,C0393,A0829,,1207.38,ZAR,2026-08-01,MOBILE,COMPLETED,PAYREFE80C7EA783,
PAY001729,C0944,A0408,POL0538,1617.99,ZAR,2026-03-04,MOBILE,REVERSED,PAYREF110B20D414,
PAY001730,C0407,A1301,POL0029,1516.74,ZAR,2024-07-24,CASH,FAILED,PAYREFCBD6763E7B,Account closed
PAY001731,C0621,A0641,POL0055,486.67,ZAR,2026-01-18,DEBIT_ORDER,COMPLETED,PAYREFAA0D845E84,
PAY001732,C0843,A0171,,1153.81,ZAR,2025-10-02,CASH,COMPLETED,PAYREF46F7675F96,
PAY001733,C0959,A1441,POL0220,794.54,ZAR,2024-09-06,CARD,COMPLETED,PAYREFA91E72FDD9,
PAY001734,C0184,A0668,,780.44,ZAR,2024-09-25,CARD,COMPLETED,PAYREF05B47D80D5,
PAY001735,C0411,A1384,,1505.62,ZAR,2026-02-25,CARD,REVERSED,PAYREF0D91E58C41,
PAY001736,C0650,A0887,POL0607,438.94,ZAR,2025-11-19,CASH,COMPLETED,PAYREFC0CEF966A8,
PAY001737,C0261,A0916,,328.72,ZAR,2025-01-30,EFT,COMPLETED,PAYREF632476C871,
PAY001738,C0933,A0420,POL0021,1812.98,ZAR,2025-02-16,DEBIT_ORDER,COMPLETED,PAYREF68923A0014,
PAY001739,C0201,A1235,POL0091,644.44,ZAR,2024-10-31,DEBIT_ORDER,COMPLETED,PAYREF2103E6A3A9,
PAY001740,C0907,A1407,,776.65,ZAR,2026-06-05,CARD,COMPLETED,PAYREF4039AFDB11,
PAY001741,C0985,A0098,,159.37,ZAR,2025-11-10,MOBILE,COMPLETED,PAYREFB47210961E,
PAY001742,C0379,A0623,,2872.92,ZAR,2025-07-28,EFT,COMPLETED,PAYREFE19601C1CE,
PAY001743,C0500,A1209,POL0414,1851.99,ZAR,2025-01-02,CASH,COMPLETED,PAYREF2E475292DB,
PAY001744,C0354,A0098,POL0115,2226.24,ZAR,2025-02-09,MOBILE,COMPLETED,PAYREF1E17160CEF,
PAY001745,C0086,A1019,POL0304,1615.38,ZAR,2025-07-04,EFT,COMPLETED,PAYREFCC02DA3FE4,
PAY001746,C0585,A1435,POL0148,240.82,ZAR,2024-09-22,CARD,COMPLETED,PAYREF0F7DC467F1,
PAY001747,C0734,A0612,POL0560,1378.84,ZAR,2024-07-24,MOBILE,PENDING,PAYREF00F0F83CD0,
PAY001748,C0013,A0324,POL0601,596.37,ZAR,2024-05-22,CARD,PENDING,PAYREFDF59B9454C,
PAY001749,C0015,A0290,POL0402,418.7,ZAR,2025-07-26,MOBILE,FAILED,PAYREFBB256542D9,Account closed
PAY001750,C0330,A0753,POL0063,1808.13,ZAR,2024-09-14,CASH,FAILED,PAYREF4C3723B359,Limit exceeded
PAY001751,C0475,A1209,POL0605,5758.94,ZAR,2024-05-28,CARD,FAILED,PAYREF0CCFADDA6E,Limit exceeded
PAY001752,C0187,A0931,,4882.14,ZAR,2026-05-28,DEBIT_ORDER,COMPLETED,PAYREF246B182E09,
PAY001753,C0094,A0278,POL0332,2042.94,ZAR,2024-10-16,CASH,COMPLETED,PAYREF659CF46D72,
PAY001754,C0648,A0072,POL0592,1063.98,ZAR,2025-01-24,DEBIT_ORDER,COMPLETED,PAYREFDCDEC1CAD0,
PAY001755,C0554,A1054,POL0699,884.0,ZAR,2024-12-27,EFT,COMPLETED,PAYREF1BFE192D7B,
PAY001756,C0108,A1412,POL0795,443.85,ZAR,2024-06-24,MOBILE,COMPLETED,PAYREF3348264D6B,
PAY001757,C0209,A1245,POL0421,837.37,ZAR,2026-04-29,CARD,COMPLETED,PAYREF3C09C45589,
PAY001758,C0353,A0559,POL0185,2720.37,ZAR,2024-08-26,DEBIT_ORDER,COMPLETED,PAYREFDED508A7F3,
PAY001759,C0632,A0056,POL0733,6789.54,ZAR,2024-03-14,MOBILE,COMPLETED,PAYREF54B9E1D142,
PAY001760,C0594,A1344,POL0228,484.69,ZAR,2024-06-14,DEBIT_ORDER,PENDING,PAYREFCEE073706C,
PAY001761,C0229,A0907,POL0724,149.16,ZAR,2025-01-18,DEBIT_ORDER,PENDING,PAYREF9444FDE385,
PAY001762,C0624,A0004,POL0141,644.92,ZAR,2024-10-15,DEBIT_ORDER,COMPLETED,PAYREF2ED7A5EB6B,
PAY001763,C0907,A1431,,2707.97,ZAR,2024-03-20,MOBILE,COMPLETED,PAYREFA54D9F3A12,
PAY001764,C0858,A0450,POL0774,8710.44,ZAR,2024-05-17,EFT,FAILED,PAYREF880D30C634,Technical error
PAY001765,C0546,A1156,POL0236,4064.48,ZAR,2025-06-30,MOBILE,FAILED,PAYREF8D5EAF2DFA,Invalid account
PAY001766,C0339,A0914,POL0214,3965.1,ZAR,2025-12-23,EFT,COMPLETED,PAYREF4553CAFD89,
PAY001767,C0050,A1447,POL0587,468.92,ZAR,2024-09-09,CASH,COMPLETED,PAYREFE76AD3C388,
PAY001768,C0608,A0205,,482.32,ZAR,2025-12-31,DEBIT_ORDER,COMPLETED,PAYREF5530AD47E7,
PAY001769,C0856,A0514,,291.84,ZAR,2024-04-15,CARD,COMPLETED,PAYREF058BE80880,
PAY001770,C0414,A1353,POL0644,563.7,ZAR,2025-01-06,CARD,FAILED,PAYREFFB5352DE6C,Limit exceeded
PAY001771,C0547,A0484,POL0056,2735.58,ZAR,2026-05-26,CARD,COMPLETED,PAYREFA2520AD257,
PAY001772,C0761,A0622,POL0548,5566.31,ZAR,2026-02-20,MOBILE,COMPLETED,PAYREFCDC0EDD715,
PAY001773,C0090,A0973,POL0646,1549.24,ZAR,2025-01-08,CARD,PENDING,PAYREFE01FA55150,
PAY001774,C0236,A0809,POL0091,849.7,ZAR,2024-06-12,MOBILE,COMPLETED,PAYREF651C1BDB21,
PAY001775,C0166,A1424,,377.39,ZAR,2026-02-13,MOBILE,COMPLETED,PAYREFBADC27CA0A,
PAY001776,C0738,A1170,POL0146,979.93,ZAR,2025-10-20,CARD,COMPLETED,PAYREF4A81419C57,
PAY001777,C0509,A0373,,1343.62,ZAR,2026-04-18,EFT,COMPLETED,PAYREF30C04F1071,
PAY001778,C0258,A1044,POL0377,253.9,ZAR,2025-03-16,CASH,COMPLETED,PAYREF56F1B1FCAE,
PAY001779,C0223,A0115,,2755.83,ZAR,2026-07-08,DEBIT_ORDER,COMPLETED,PAYREF86B58F2749,
PAY001780,C0322,A1275,POL0346,717.72,ZAR,2024-10-16,CARD,COMPLETED,PAYREF46A6EA0628,
PAY001781,C0365,A0828,,2595.19,ZAR,2024-06-10,CARD,COMPLETED,PAYREFB9E77B01D8,
PAY001782,C0585,A1325,POL0427,1084.72,ZAR,2026-07-05,MOBILE,COMPLETED,PAYREF962DD7C82F,
PAY001783,C0120,A1397,POL0158,1476.19,ZAR,2026-06-25,CARD,COMPLETED,PAYREF8DA10C0C11,
PAY001784,C0108,A1467,POL0729,543.51,ZAR,2024-01-14,MOBILE,COMPLETED,PAYREF54694EE672,
PAY001785,C0752,A0832,POL0114,776.96,ZAR,2026-08-24,EFT,PENDING,PAYREFE294D7303A,
PAY001786,C0130,A1382,,2084.0,ZAR,2024-10-23,CASH,COMPLETED,PAYREF9D05EFEA21,
PAY001787,C0507,A0126,POL0056,961.51,ZAR,2024-06-09,DEBIT_ORDER,COMPLETED,PAYREFF45F4CE604,
PAY001788,C0440,A0683,,363.23,ZAR,2024-05-03,CARD,COMPLETED,PAYREF40EAFBBA7B,
PAY001789,C0398,A1025,POL0051,1226.08,ZAR,2025-05-19,EFT,COMPLETED,PAYREF07C28392F1,
PAY001790,C0801,A1182,,1612.72,ZAR,2024-06-03,CASH,COMPLETED,PAYREF4CBF2FE908,
PAY001791,C0274,A0694,POL0793,4328.12,ZAR,2025-11-07,EFT,FAILED,PAYREF81D2570CB5,Account closed
PAY001792,C0005,A1266,,3472.23,ZAR,2026-05-10,CASH,COMPLETED,PAYREF56F9D21B92,
PAY001793,C0367,A0177,,1027.99,ZAR,2025-07-14,CASH,COMPLETED,PAYREF0A0B6C9DE2,
PAY001794,C0189,A0625,POL0232,634.39,ZAR,2024-05-03,MOBILE,COMPLETED,PAYREF9850410496,
PAY001795,C0702,A0645,POL0424,872.79,ZAR,2025-09-13,CARD,FAILED,PAYREFCEE9EFF15E,Insufficient funds
PAY001796,C0174,A1132,POL0442,649.54,ZAR,2025-04-23,MOBILE,COMPLETED,PAYREF782912FC77,
PAY001797,C0170,A0097,POL0011,1819.22,ZAR,2025-10-23,MOBILE,COMPLETED,PAYREF8362643900,
PAY001798,C0450,A0065,,3107.78,ZAR,2025-06-17,MOBILE,COMPLETED,PAYREFA003F73D00,
PAY001799,C0780,A0731,,3788.91,ZAR,2025-02-20,CARD,PENDING,PAYREFC93F8C7470,
PAY001800,C0418,A1348,POL0174,726.18,ZAR,2025-12-05,EFT,COMPLETED,PAYREF2E38F74B6C,
PAY001801,C0998,A1413,,657.19,ZAR,2026-01-06,MOBILE,COMPLETED,PAYREF36C4A45E80,
PAY001802,C0480,A1066,POL0236,720.26,ZAR,2025-03-19,MOBILE,COMPLETED,PAYREF3BE2E4E436,
PAY001803,C0761,A0734,,158.85,ZAR,2024-03-06,DEBIT_ORDER,COMPLETED,PAYREF3FCC5EFB8E,
PAY001804,C0738,A1326,,329.37,ZAR,2025-04-05,CARD,COMPLETED,PAYREF237A76740E,
PAY001805,C0622,A1095,POL0777,1059.39,ZAR,2025-06-06,CARD,FAILED,PAYREFF7C08472EC,Technical error
PAY001806,C0124,A0342,,1602.42,ZAR,2025-02-09,MOBILE,COMPLETED,PAYREFD7A534BAE0,
PAY001807,C0037,A1130,,1792.15,ZAR,2026-04-15,EFT,COMPLETED,PAYREF4AF3EBB31E,
PAY001808,C0911,A0308,POL0413,502.45,ZAR,2024-11-28,CASH,REVERSED,PAYREF27B0A1BD3E,
PAY001809,C0608,A1242,POL0237,671.08,ZAR,2025-09-21,DEBIT_ORDER,PENDING,PAYREF6C3A3FA284,
PAY001810,C0774,A1033,POL0690,837.56,ZAR,2026-07-10,EFT,COMPLETED,PAYREFE09BBED292,
PAY001811,C0584,A0171,POL0725,749.1,ZAR,2025-08-18,MOBILE,COMPLETED,PAYREF38A5A3BA46,
PAY001812,C0338,A1287,POL0690,2182.04,ZAR,2024-05-05,EFT,COMPLETED,PAYREF3288ADBAAF,
PAY001813,C0030,A0395,POL0716,296.43,ZAR,2026-06-13,DEBIT_ORDER,FAILED,PAYREF768AC65BA0,Technical error
PAY001814,C0666,A0868,POL0775,347.48,ZAR,2024-05-17,CARD,COMPLETED,PAYREF5863FC21AB,
PAY001815,C0903,A0484,,813.68,ZAR,2026-04-27,CASH,COMPLETED,PAYREF6D0056F395,
PAY001816,C0967,A0746,POL0358,279.89,ZAR,2026-07-28,DEBIT_ORDER,COMPLETED,PAYREFA209676AA6,
PAY001817,C0610,A0868,POL0282,163.94,ZAR,2025-05-16,CARD,COMPLETED,PAYREFF4AE8FBB57,
PAY001818,C0830,A0048,,246.29,ZAR,2024-09-23,DEBIT_ORDER,COMPLETED,PAYREF126887911E,
PAY001819,C0814,A0612,POL0459,860.3,ZAR,2025-12-09,CARD,COMPLETED,PAYREF244350CB79,
PAY001820,C0795,A0078,POL0327,2060.14,ZAR,2025-07-27,CASH,COMPLETED,PAYREFF14A97C517,
PAY001821,C0557,A0950,,2103.52,ZAR,2025-09-25,CARD,COMPLETED,PAYREFA6E81EA5F5,
PAY001822,C0776,A0834,POL0750,5366.42,ZAR,2026-06-29,DEBIT_ORDER,COMPLETED,PAYREFD5059238D4,
PAY001823,C0527,A1424,,1213.99,ZAR,2025-12-03,CARD,COMPLETED,PAYREFF49E1728D1,
PAY001824,C0715,A0680,POL0519,1388.81,ZAR,2025-12-10,CASH,COMPLETED,PAYREF19BC58F7D4,
PAY001825,C0975,A0630,,853.71,ZAR,2024-01-18,CARD,COMPLETED,PAYREFE8E0A93476,
PAY001826,C0909,A0459,POL0404,896.21,ZAR,2024-10-02,CARD,COMPLETED,PAYREF76AE20A7ED,
PAY001827,C0941,A0352,,8782.75,ZAR,2024-05-13,EFT,PENDING,PAYREF69DE924DB2,
PAY001828,C0747,A1133,,1424.18,ZAR,2024-06-06,CASH,COMPLETED,PAYREF2E7AC51B51,
PAY001829,C0945,A0220,POL0417,1553.51,ZAR,2024-11-15,MOBILE,COMPLETED,PAYREF635EB76780,
PAY001830,C0525,A0541,POL0331,348.94,ZAR,2025-01-13,EFT,REVERSED,PAYREFAF7A99263A,
PAY001831,C0720,A1098,POL0120,1653.12,ZAR,2025-08-31,DEBIT_ORDER,COMPLETED,PAYREF6FAA0B3EC5,
PAY001832,C0071,A1244,POL0548,2118.22,ZAR,2024-01-19,EFT,COMPLETED,PAYREFCB57A0929C,
PAY001833,C0778,A1252,POL0382,3328.61,ZAR,2025-10-21,CASH,PENDING,PAYREF3E3B9DA5B1,
PAY001834,C0235,A1169,POL0385,2059.22,ZAR,2025-10-13,CARD,COMPLETED,PAYREF0A4A896BBC,
PAY001835,C0504,A0357,POL0660,966.09,ZAR,2026-02-10,DEBIT_ORDER,FAILED,PAYREF97BEAF9AB6,Invalid account
PAY001836,C0716,A1131,POL0470,925.72,ZAR,2025-11-01,DEBIT_ORDER,COMPLETED,PAYREF02C727A9E3,
PAY001837,C0934,A1494,,1020.37,ZAR,2024-04-18,CARD,FAILED,PAYREF1B28F08C06,Account closed
PAY001838,C0039,A0034,,1220.71,ZAR,2024-12-12,DEBIT_ORDER,COMPLETED,PAYREF50F46D3043,
PAY001839,C0270,A1020,,3895.78,ZAR,2024-01-19,DEBIT_ORDER,COMPLETED,PAYREF71506D58A3,
PAY001840,C0747,A0978,,3205.55,ZAR,2024-02-18,CASH,COMPLETED,PAYREFAAA7B1AD1B,
PAY001841,C0978,A0344,POL0139,2328.34,ZAR,2024-08-28,EFT,COMPLETED,PAYREFDE56921FAB,
PAY001842,C0359,A1091,,8343.27,ZAR,2025-05-07,MOBILE,COMPLETED,PAYREF66D486BB98,
PAY001843,C0142,A0449,,77.0,ZAR,2025-12-23,DEBIT_ORDER,COMPLETED,PAYREF07DCFED809,
PAY001844,C0284,A1116,,692.25,ZAR,2026-03-03,EFT,COMPLETED,PAYREF6E48E9CED3,
PAY001845,C0734,A0845,,1084.34,ZAR,2025-08-31,CASH,FAILED,PAYREFF7FD338945,Insufficient funds
PAY001846,C0969,A0150,POL0152,559.91,ZAR,2025-01-12,EFT,COMPLETED,PAYREFCAE783E1C6,
PAY001847,C0266,A1327,POL0351,432.79,ZAR,2024-05-11,MOBILE,COMPLETED,PAYREF73074724A0,
PAY001848,C0150,A0374,,196.93,ZAR,2025-05-30,MOBILE,COMPLETED,PAYREFCA4596BD90,
PAY001849,C0668,A0740,POL0472,803.25,ZAR,2026-03-29,MOBILE,PENDING,PAYREF6021EA9AB4,
PAY001850,C0666,A0441,,2681.22,ZAR,2026-09-05,EFT,COMPLETED,PAYREFF12FFF3540,
PAY001851,C0733,A0423,POL0085,2377.81,ZAR,2026-01-13,CASH,COMPLETED,PAYREFB6746B4A24,
PAY001852,C0829,A1306,POL0253,516.91,ZAR,2025-03-27,MOBILE,FAILED,PAYREF6FBECE81ED,Technical error
PAY001853,C0965,A1182,POL0215,1366.82,ZAR,2024-03-18,EFT,FAILED,PAYREF7F17D5058D,Insufficient funds
PAY001854,C0129,A0988,POL0372,4262.45,ZAR,2026-07-06,CASH,COMPLETED,PAYREFB3B19C1473,
PAY001855,C0020,A0436,,239.83,ZAR,2025-11-28,EFT,COMPLETED,PAYREF65A7019077,
PAY001856,C0861,A0467,POL0370,935.58,ZAR,2026-08-27,EFT,PENDING,PAYREF49B92FCD1A,
PAY001857,C0248,A0103,POL0442,1460.44,ZAR,2026-01-05,MOBILE,PENDING,PAYREF52866B0B88,
PAY001858,C0624,A0903,,1107.67,ZAR,2025-03-04,MOBILE,COMPLETED,PAYREFAE3B6ABEF8,
PAY001859,C0859,A1117,POL0701,2567.36,ZAR,2026-07-16,CASH,COMPLETED,PAYREF907A08D2A1,
PAY001860,C0447,A0274,POL0349,245.22,ZAR,2025-02-26,EFT,PENDING,PAYREFC6620C77B3,
PAY001861,C0868,A0965,POL0677,401.09,ZAR,2026-06-08,DEBIT_ORDER,FAILED,PAYREFBD0CF93363,Account closed
PAY001862,C0796,A1045,POL0171,2169.04,ZAR,2026-05-17,CARD,COMPLETED,PAYREF4C363673F4,
PAY001863,C0481,A0923,,199.89,ZAR,2026-06-06,DEBIT_ORDER,PENDING,PAYREFA8A762191E,
PAY001864,C0236,A0025,POL0672,2469.49,ZAR,2024-06-28,CARD,REVERSED,PAYREF3C50C60031,
PAY001865,C0450,A1161,,1719.55,ZAR,2025-09-29,CARD,COMPLETED,PAYREFB08E41D6D7,
PAY001866,C0776,A1316,,2302.89,ZAR,2026-08-18,CASH,COMPLETED,PAYREF590B5C4A22,
PAY001867,C0381,A0099,,685.89,ZAR,2024-07-02,DEBIT_ORDER,FAILED,PAYREF87E26D76DF,Insufficient funds
PAY001868,C0907,A0212,POL0455,1825.92,ZAR,2025-12-16,MOBILE,PENDING,PAYREF2F3E130AFE,
PAY001869,C0467,A0299,POL0674,339.58,ZAR,2024-02-03,DEBIT_ORDER,PENDING,PAYREF94EF4D594A,
PAY001870,C0082,A0921,POL0567,724.51,ZAR,2025-11-17,CARD,COMPLETED,PAYREF911B69E2AD,
PAY001871,C0472,A1262,,1137.22,ZAR,2025-03-27,CARD,COMPLETED,PAYREF5A76F5BF20,
PAY001872,C0655,A1020,POL0191,446.42,ZAR,2025-06-16,EFT,FAILED,PAYREF0FA9ADCD15,Account closed
PAY001873,C0141,A0178,POL0301,1363.9,ZAR,2024-04-14,EFT,FAILED,PAYREF5A605B196C,Technical error
PAY001874,C0158,A0346,POL0128,349.25,ZAR,2025-08-03,MOBILE,COMPLETED,PAYREFC4619A1EFC,
PAY001875,C0503,A0578,POL0262,1434.61,ZAR,2024-11-10,EFT,COMPLETED,PAYREF3CC7CC528D,
PAY001876,C0779,A0574,,6259.47,ZAR,2024-12-07,CARD,COMPLETED,PAYREF200D0AFC2C,
PAY001877,C0816,A0517,,312.1,ZAR,2025-05-16,EFT,COMPLETED,PAYREF22724134BE,
PAY001878,C0005,A1082,POL0599,1072.17,ZAR,2024-11-23,MOBILE,COMPLETED,PAYREF47AE0B9F86,
PAY001879,C0447,A0240,,217.47,ZAR,2024-05-02,EFT,COMPLETED,PAYREF820D5EEFE3,
PAY001880,C0280,A1098,POL0361,476.78,ZAR,2024-03-16,MOBILE,COMPLETED,PAYREFC101914E76,
PAY001881,C0683,A0132,POL0425,2212.66,ZAR,2026-03-28,DEBIT_ORDER,COMPLETED,PAYREF0D50066937,
PAY001882,C0824,A0686,,712.92,ZAR,2024-05-18,CASH,COMPLETED,PAYREF7E72AFEC44,
PAY001883,C0787,A0282,POL0295,2304.02,ZAR,2026-05-10,MOBILE,COMPLETED,PAYREFC6055ACD80,
PAY001884,C0667,A1299,POL0361,1565.38,ZAR,2025-07-19,CARD,FAILED,PAYREF4898B65004,Technical error
PAY001885,C0126,A0824,POL0660,1028.11,ZAR,2025-09-21,CARD,COMPLETED,PAYREF868677993B,
PAY001886,C0543,A0725,POL0270,391.74,ZAR,2025-12-24,CASH,COMPLETED,PAYREF8871BB60E5,
PAY001887,C0030,A1441,POL0061,2176.53,ZAR,2024-08-04,EFT,COMPLETED,PAYREF3779A05CB2,
PAY001888,C0375,A0162,POL0153,1486.43,ZAR,2026-04-21,CARD,COMPLETED,PAYREF5504038853,
PAY001889,C0803,A0843,,237.93,ZAR,2025-03-25,MOBILE,PENDING,PAYREF5EA3FB1374,
PAY001890,C0518,A0818,POL0537,418.0,ZAR,2024-09-21,CASH,COMPLETED,PAYREF9DA0325D2D,
PAY001891,C0513,A1127,,68.78,ZAR,2025-03-27,CARD,COMPLETED,PAYREF0768555C3B,
PAY001892,C0186,A0435,,279.88,ZAR,2026-03-06,DEBIT_ORDER,COMPLETED,PAYREF6A7BF53330,
PAY001893,C0093,A1335,,801.61,ZAR,2024-03-25,CASH,COMPLETED,PAYREFE5D9E25810,
PAY001894,C0631,A0880,POL0235,381.51,ZAR,2025-01-24,DEBIT_ORDER,COMPLETED,PAYREF736A549EF6,
PAY001895,C0843,A1450,,477.39,ZAR,2024-05-21,EFT,COMPLETED,PAYREF05F755D36F,
PAY001896,C0999,A0157,POL0339,4405.33,ZAR,2026-04-18,CASH,COMPLETED,PAYREF2E9ED78E6B,
PAY001897,C0620,A1150,POL0706,3068.1,ZAR,2024-04-05,EFT,COMPLETED,PAYREF29B71F414D,
PAY001898,C0486,A1275,POL0545,547.48,ZAR,2026-08-08,CARD,COMPLETED,PAYREF06564A6F64,
PAY001899,C0060,A0405,,2424.88,ZAR,2026-02-27,DEBIT_ORDER,COMPLETED,PAYREFD698FB19AB,
PAY001900,C0557,A0207,POL0709,3695.51,ZAR,2026-02-22,CASH,COMPLETED,PAYREF2BE5EDFA52,
PAY001901,C0591,A0337,,2035.61,ZAR,2025-01-15,CASH,COMPLETED,PAYREF9B4354935A,
PAY001902,C0358,A1150,POL0697,1478.71,ZAR,2026-05-13,EFT,COMPLETED,PAYREFF005EFE782,
PAY001903,C0789,A0323,POL0640,3288.95,ZAR,2026-05-04,CARD,COMPLETED,PAYREFC4FF75EE05,
PAY001904,C0494,A0355,,2367.33,ZAR,2025-11-28,MOBILE,COMPLETED,PAYREF42795C61D4,
PAY001905,C0088,A1168,POL0244,326.0,ZAR,2024-01-05,CASH,COMPLETED,PAYREF49473DD2CF,
PAY001906,C0252,A0874,POL0580,907.84,ZAR,2024-01-12,DEBIT_ORDER,COMPLETED,PAYREF2FB2D77383,
PAY001907,C0420,A1002,POL0796,631.39,ZAR,2025-05-29,EFT,COMPLETED,PAYREF560943AFF8,
PAY001908,C0976,A1455,POL0270,3471.96,ZAR,2024-02-07,CASH,COMPLETED,PAYREF36F5B93581,
PAY001909,C0780,A0523,,613.74,ZAR,2026-06-16,DEBIT_ORDER,COMPLETED,PAYREF2E5CE24599,
PAY001910,C0250,A0989,POL0691,516.88,ZAR,2026-08-27,EFT,COMPLETED,PAYREFC4F547ED81,
PAY001911,C0470,A1073,,3061.57,ZAR,2024-09-13,DEBIT_ORDER,COMPLETED,PAYREFD1256DE1E0,
PAY001912,C0576,A1274,,1421.79,ZAR,2024-11-10,CASH,PENDING,PAYREFA03224AA55,
PAY001913,C0599,A0522,,9061.43,ZAR,2024-06-30,CASH,COMPLETED,PAYREF0D13B3DCFC,
PAY001914,C0999,A0518,,463.01,ZAR,2025-06-14,CARD,COMPLETED,PAYREF1025C2FA9F,
PAY001915,C0700,A0838,,652.73,ZAR,2025-10-29,DEBIT_ORDER,COMPLETED,PAYREF6CA924730F,
PAY001916,C0218,A0146,,3367.64,ZAR,2024-09-22,EFT,COMPLETED,PAYREF6A41DA574E,
PAY001917,C0982,A0930,POL0153,305.18,ZAR,2025-10-23,CASH,COMPLETED,PAYREF7352E2A648,
PAY001918,C0090,A0009,,4103.9,ZAR,2025-12-01,CASH,COMPLETED,PAYREFD0113D0D7D,
PAY001919,C0116,A0107,POL0087,327.85,ZAR,2026-05-20,CARD,COMPLETED,PAYREF4691B57C8F,
PAY001920,C0626,A0613,POL0564,2018.73,ZAR,2025-08-31,CARD,COMPLETED,PAYREFB7CD9552F7,
PAY001921,C0534,A0733,POL0530,173.63,ZAR,2024-07-13,MOBILE,COMPLETED,PAYREFB81E9FEFD6,
PAY001922,C0178,A1127,POL0016,1147.26,ZAR,2026-09-03,CARD,COMPLETED,PAYREFECA72587B4,
PAY001923,C0693,A0765,,278.79,ZAR,2024-10-04,DEBIT_ORDER,COMPLETED,PAYREF58084A1978,
PAY001924,C0291,A0083,POL0325,7527.18,ZAR,2025-05-04,DEBIT_ORDER,FAILED,PAYREF2AE407A9CB,Insufficient funds
PAY001925,C0850,A0020,,375.54,ZAR,2025-08-03,CARD,PENDING,PAYREF53ED4E30A9,
PAY001926,C0978,A0960,,478.73,ZAR,2024-02-11,DEBIT_ORDER,COMPLETED,PAYREFCC1667D767,
PAY001927,C0685,A1401,,1873.24,ZAR,2025-10-04,DEBIT_ORDER,COMPLETED,PAYREF4942DF18B2,
PAY001928,C0174,A0774,POL0675,601.27,ZAR,2025-06-13,MOBILE,PENDING,PAYREFAEDDBF1839,
PAY001929,C0757,A0275,POL0041,2208.24,ZAR,2024-05-02,CASH,COMPLETED,PAYREF59113762DB,
PAY001930,C0724,A0471,,538.67,ZAR,2026-03-07,CASH,COMPLETED,PAYREF4B28B60FB7,
PAY001931,C0699,A1418,POL0348,498.72,ZAR,2026-05-11,CASH,COMPLETED,PAYREF48473B1C3F,
PAY001932,C0591,A1320,POL0691,1066.82,ZAR,2024-09-26,DEBIT_ORDER,COMPLETED,PAYREF30E448D7A9,
PAY001933,C0870,A1322,POL0215,324.75,ZAR,2024-01-08,DEBIT_ORDER,COMPLETED,PAYREF447660816B,
PAY001934,C0985,A0735,POL0494,1630.05,ZAR,2024-08-02,EFT,COMPLETED,PAYREF7C0BD914D6,
PAY001935,C0749,A0313,POL0193,2636.74,ZAR,2024-06-11,EFT,COMPLETED,PAYREF83332736DC,
PAY001936,C0669,A1252,POL0796,1906.45,ZAR,2024-05-30,CASH,FAILED,PAYREFCDFAB540FA,Account closed
PAY001937,C0807,A1009,POL0150,2086.58,ZAR,2026-07-05,DEBIT_ORDER,PENDING,PAYREF302F849F19,
PAY001938,C0391,A0972,POL0510,160.0,ZAR,2025-12-23,MOBILE,COMPLETED,PAYREFB80AA442FF,
PAY001939,C0894,A1005,POL0679,691.15,ZAR,2024-11-02,CARD,COMPLETED,PAYREFF72E13945A,
PAY001940,C0163,A1156,POL0451,873.87,ZAR,2025-01-01,MOBILE,PENDING,PAYREF63CBEEF9E5,
PAY001941,C0242,A0362,POL0320,4695.94,ZAR,2025-05-08,CASH,FAILED,PAYREF6BF9287A3C,Limit exceeded
PAY001942,C0029,A1060,POL0316,613.2,ZAR,2024-07-29,EFT,COMPLETED,PAYREF3ABD9648A4,
PAY001943,C0630,A0211,,109.76,ZAR,2024-04-11,CASH,REVERSED,PAYREF2E054AEF00,
PAY001944,C0952,A0594,,401.83,ZAR,2024-06-18,EFT,COMPLETED,PAYREF43B62CBDB2,
PAY001945,C0202,A0875,POL0670,566.12,ZAR,2024-11-14,CARD,COMPLETED,PAYREF2AC7C8DC65,
PAY001946,C0032,A0106,POL0238,126.92,ZAR,2026-06-27,CASH,PENDING,PAYREFBB233EEF79,
PAY001947,C0567,A0175,,2889.11,ZAR,2025-04-09,CASH,FAILED,PAYREFCD27959A14,Technical error
PAY001948,C0082,A1295,POL0121,228.25,ZAR,2026-04-27,EFT,COMPLETED,PAYREF939CA837CD,
PAY001949,C0859,A1498,POL0528,1713.03,ZAR,2025-11-06,DEBIT_ORDER,COMPLETED,PAYREF09191DED8B,
PAY001950,C0776,A0046,,367.82,ZAR,2026-04-13,CARD,COMPLETED,PAYREFB7D4569DC7,
PAY001951,C0326,A0699,POL0449,4949.22,ZAR,2026-04-25,EFT,COMPLETED,PAYREFE2B25347E5,
PAY001952,C0041,A1123,POL0729,832.01,ZAR,2024-11-06,DEBIT_ORDER,COMPLETED,PAYREF8DE79DA8FB,
PAY001953,C0474,A1390,POL0249,679.18,ZAR,2026-03-26,CARD,COMPLETED,PAYREF79F900B161,
PAY001954,C0918,A0666,POL0319,1859.86,ZAR,2026-04-28,EFT,COMPLETED,PAYREF76A496342B,
PAY001955,C0615,A1160,POL0095,400.49,ZAR,2024-02-13,DEBIT_ORDER,COMPLETED,PAYREF387DBC5CC9,
PAY001956,C0377,A0148,POL0309,1949.93,ZAR,2025-09-30,CARD,COMPLETED,PAYREFB08BE2A698,
PAY001957,C0802,A1175,POL0572,677.45,ZAR,2026-07-16,MOBILE,COMPLETED,PAYREF3300ECFE60,
PAY001958,C0763,A0611,,605.1,ZAR,2025-08-22,DEBIT_ORDER,COMPLETED,PAYREFC67F8339D8,
PAY001959,C0586,A0711,POL0569,1004.69,ZAR,2024-05-01,EFT,PENDING,PAYREF49DEDDED31,
PAY001960,C0780,A1160,POL0769,368.83,ZAR,2024-06-25,DEBIT_ORDER,COMPLETED,PAYREF284BB42518,
PAY001961,C0804,A0929,,906.06,ZAR,2026-08-07,EFT,COMPLETED,PAYREF4E024F86F6,
PAY001962,C0081,A0220,,1539.92,ZAR,2026-06-21,DEBIT_ORDER,COMPLETED,PAYREF86580BCC5D,
PAY001963,C0153,A1182,POL0324,108.99,ZAR,2026-06-18,CARD,COMPLETED,PAYREF53C44EAD91,
PAY001964,C0778,A1476,POL0708,3265.96,ZAR,2026-07-20,MOBILE,COMPLETED,PAYREF84D92E8C32,
PAY001965,C0681,A0237,,2479.91,ZAR,2025-11-05,EFT,COMPLETED,PAYREF9CAD7C2B84,
PAY001966,C0337,A1431,,171.64,ZAR,2025-04-02,MOBILE,COMPLETED,PAYREFFC8C44CC3F,
PAY001967,C0659,A0851,,146.87,ZAR,2024-11-07,EFT,COMPLETED,PAYREF78170AEE79,
PAY001968,C0118,A1383,POL0350,2545.05,ZAR,2026-08-21,DEBIT_ORDER,COMPLETED,PAYREF2B03328D22,
PAY001969,C0401,A0504,,2355.52,ZAR,2024-12-08,DEBIT_ORDER,COMPLETED,PAYREF8ED093ED59,
PAY001970,C0836,A0068,,2044.76,ZAR,2024-01-15,CARD,COMPLETED,PAYREF02D9257415,
PAY001971,C0565,A0144,POL0637,263.24,ZAR,2026-06-19,CARD,COMPLETED,PAYREF70A9A85106,
PAY001972,C0737,A1072,,6827.01,ZAR,2025-10-13,MOBILE,COMPLETED,PAYREFB7E287CC3B,
PAY001973,C0297,A0755,POL0698,515.43,ZAR,2026-09-15,DEBIT_ORDER,COMPLETED,PAYREF8A9DA9A7FB,
PAY001974,C0560,A1111,POL0089,1393.36,ZAR,2024-08-11,EFT,COMPLETED,PAYREFB883781748,
PAY001975,C0338,A0762,POL0724,1410.61,ZAR,2026-05-28,CASH,COMPLETED,PAYREF33824A6665,
PAY001976,C0669,A0152,,5393.4,ZAR,2026-01-15,CARD,COMPLETED,PAYREFA4C805FCDC,
PAY001977,C0358,A1136,POL0441,1242.86,ZAR,2025-12-02,EFT,COMPLETED,PAYREFE6D6957481,
PAY001978,C0584,A0859,POL0173,1662.11,ZAR,2024-10-18,CARD,COMPLETED,PAYREF441A3DFA0A,
PAY001979,C0646,A1253,POL0061,1015.23,ZAR,2024-10-16,EFT,COMPLETED,PAYREF46CC6930A5,
PAY001980,C0068,A0479,POL0393,331.42,ZAR,2024-04-15,MOBILE,REVERSED,PAYREF469C266E0F,
PAY001981,C0214,A0443,,107.91,ZAR,2025-07-07,CASH,COMPLETED,PAYREFB393394642,
PAY001982,C0534,A1176,,1132.95,ZAR,2024-11-03,CARD,COMPLETED,PAYREF9AD4A51777,
PAY001983,C0997,A1108,,267.1,ZAR,2026-04-13,MOBILE,COMPLETED,PAYREFEA7734331A,
PAY001984,C0613,A0083,POL0784,1556.47,ZAR,2025-02-12,CARD,COMPLETED,PAYREF3A4322579B,
PAY001985,C0393,A0760,POL0636,1272.51,ZAR,2025-09-03,MOBILE,COMPLETED,PAYREFB701864205,
PAY001986,C0182,A0919,POL0078,1241.94,ZAR,2024-12-19,CASH,REVERSED,PAYREF942625403D,
PAY001987,C0730,A1000,POL0136,382.63,ZAR,2026-08-25,EFT,COMPLETED,PAYREFB1DD34ED21,
PAY001988,C0905,A0744,,3091.91,ZAR,2024-06-03,CARD,COMPLETED,PAYREFB3C3C922D6,
PAY001989,C0002,A1276,,1763.0,ZAR,2024-10-18,CARD,FAILED,PAYREFB98D70E158,Limit exceeded
PAY001990,C0362,A1015,POL0637,336.4,ZAR,2024-10-03,MOBILE,COMPLETED,PAYREF704C5FB37C,
PAY001991,C0888,A0936,POL0587,8678.01,ZAR,2026-01-11,CARD,COMPLETED,PAYREF2233379B2F,
PAY001992,C0064,A1387,,888.21,ZAR,2025-10-11,MOBILE,COMPLETED,PAYREF54FA7A4594,
PAY001993,C0925,A1485,POL0261,288.79,ZAR,2024-03-11,DEBIT_ORDER,COMPLETED,PAYREF4BF0380113,
PAY001994,C0899,A0102,,513.7,ZAR,2024-03-16,MOBILE,COMPLETED,PAYREF5969CBE1F4,
PAY001995,C0013,A0861,,242.53,ZAR,2025-04-01,CARD,COMPLETED,PAYREFD3C9058EE8,
PAY001996,C0082,A1330,POL0506,4270.25,ZAR,2025-03-02,MOBILE,COMPLETED,PAYREF1A719FD894,
PAY001997,C0184,A1101,POL0342,3230.68,ZAR,2026-02-26,DEBIT_ORDER,FAILED,PAYREFA45B48CC59,Account closed
PAY001998,C0122,A1112,POL0175,2297.28,ZAR,2024-08-16,CARD,COMPLETED,PAYREF8C4B442DB9,
PAY001999,C0467,A0805,,1902.91,ZAR,2026-08-16,CASH,FAILED,PAYREF02B4DB0E04,Limit exceeded
PAY002000,C0808,A1255,POL0375,3821.29,ZAR,2024-05-09,MOBILE,COMPLETED,PAYREFF711562FDD,
PAY002001,C0285,A1153,POL0568,860.92,ZAR,2025-04-27,EFT,COMPLETED,PAYREF8BED525733,
PAY002002,C0302,A0407,,1673.48,ZAR,2024-08-31,MOBILE,FAILED,PAYREFA0FFAB4B0E,Account closed
PAY002003,C0300,A1360,,486.92,ZAR,2025-08-22,EFT,COMPLETED,PAYREF8635978CE0,
PAY002004,C0796,A0940,POL0783,940.63,ZAR,2025-09-21,EFT,REVERSED,PAYREF2EB629A21D,
PAY002005,C0589,A0801,POL0367,1720.0,ZAR,2025-10-30,DEBIT_ORDER,REVERSED,PAYREF2E154320A1,
PAY002006,C0992,A0294,,50.34,ZAR,2025-03-10,EFT,COMPLETED,PAYREF6ADD86F3E2,
PAY002007,C0476,A0404,,590.1,ZAR,2026-05-03,EFT,COMPLETED,PAYREFAB39DAA304,
PAY002008,C0170,A1017,POL0396,1293.34,ZAR,2025-06-15,MOBILE,COMPLETED,PAYREF8659777236,
PAY002009,C0513,A1234,,1014.84,ZAR,2024-01-17,CARD,COMPLETED,PAYREF3312BF2E1B,
PAY002010,C0956,A0720,POL0743,697.57,ZAR,2025-05-18,MOBILE,COMPLETED,PAYREFA8210B613F,
PAY002011,C0060,A0979,POL0369,1976.64,ZAR,2024-09-09,DEBIT_ORDER,COMPLETED,PAYREF0B97C7166D,
PAY002012,C0055,A0462,POL0059,540.39,ZAR,2024-02-11,DEBIT_ORDER,COMPLETED,PAYREFA6B07DBD9A,
PAY002013,C0450,A0698,,323.14,ZAR,2025-09-24,EFT,FAILED,PAYREFB149146656,Account closed
PAY002014,C0866,A1323,,3582.32,ZAR,2025-10-23,MOBILE,PENDING,PAYREF90DB7BBFF9,
PAY002015,C0226,A0728,POL0723,3110.84,ZAR,2025-12-16,MOBILE,COMPLETED,PAYREFD9D94C7B1B,
PAY002016,C0482,A0140,POL0106,602.36,ZAR,2025-05-05,CARD,COMPLETED,PAYREFD36C65B0B6,
PAY002017,C0295,A0548,POL0268,1023.83,ZAR,2025-07-11,CARD,COMPLETED,PAYREF2C0F753A23,
PAY002018,C0731,A0965,,2555.47,ZAR,2025-04-20,CASH,COMPLETED,PAYREF014A74F944,
PAY002019,C0494,A1394,,1146.0,ZAR,2026-01-02,EFT,COMPLETED,PAYREF52D61CCCDF,
PAY002020,C0928,A1095,,1863.49,ZAR,2026-07-27,MOBILE,COMPLETED,PAYREFB13F99A0F9,
PAY002021,C0927,A0406,POL0232,1764.4,ZAR,2025-02-10,CARD,COMPLETED,PAYREF9822DA6CFE,
PAY002022,C0098,A0695,,796.98,ZAR,2025-12-20,CASH,COMPLETED,PAYREF7E81D4742D,
PAY002023,C0013,A1492,,1837.06,ZAR,2024-04-12,CARD,COMPLETED,PAYREF4E2E86607F,
PAY002024,C0945,A0811,,417.82,ZAR,2026-01-25,DEBIT_ORDER,COMPLETED,PAYREF4B0CAAF7B0,
PAY002025,C0729,A0553,,1626.64,ZAR,2025-12-23,MOBILE,COMPLETED,PAYREFCB126BEF63,
PAY002026,C0624,A0870,,1018.31,ZAR,2024-04-16,EFT,COMPLETED,PAYREF63673D30A1,
PAY002027,C0218,A1479,,764.54,ZAR,2024-03-24,CARD,COMPLETED,PAYREF11BDACC7B9,
PAY002028,C0114,A0571,,315.22,ZAR,2024-10-06,MOBILE,COMPLETED,PAYREF777B12B0B5,
PAY002029,C0479,A0898,POL0330,1250.95,ZAR,2024-01-22,EFT,COMPLETED,PAYREF4469D297CA,
PAY002030,C0611,A0327,,1139.71,ZAR,2024-02-07,DEBIT_ORDER,COMPLETED,PAYREF43321C17F8,
PAY002031,C0667,A1378,,473.6,ZAR,2026-07-08,DEBIT_ORDER,COMPLETED,PAYREFA6E263647D,
PAY002032,C0872,A0101,POL0693,222.1,ZAR,2024-12-02,DEBIT_ORDER,COMPLETED,PAYREFABC8A5EC1E,
PAY002033,C0850,A0452,POL0223,211.78,ZAR,2025-08-19,MOBILE,COMPLETED,PAYREFE8EE97D30D,
PAY002034,C0645,A1258,,850.59,ZAR,2024-03-10,MOBILE,COMPLETED,PAYREF307704921E,
PAY002035,C0450,A0683,,1489.95,ZAR,2024-02-02,CASH,COMPLETED,PAYREF2F8D3C2DD0,
PAY002036,C0383,A0817,POL0349,6974.19,ZAR,2026-05-05,CASH,COMPLETED,PAYREFA977885AA5,
PAY002037,C0552,A0293,POL0699,1048.22,ZAR,2026-01-25,EFT,COMPLETED,PAYREF1D76A5023D,
PAY002038,C0210,A0479,,215.86,ZAR,2024-03-30,MOBILE,COMPLETED,PAYREF3AF32CCA65,
PAY002039,C0896,A1214,,891.66,ZAR,2026-07-26,EFT,COMPLETED,PAYREF131E6678C2,
PAY002040,C0602,A1384,,3832.85,ZAR,2026-09-11,EFT,COMPLETED,PAYREF60F0869C61,
PAY002041,C0513,A1340,POL0568,554.02,ZAR,2026-05-03,CASH,COMPLETED,PAYREF566CF91459,
PAY002042,C0777,A0648,POL0023,3356.33,ZAR,2025-11-18,EFT,PENDING,PAYREF15D52C572C,
PAY002043,C0909,A1408,,1307.31,ZAR,2024-08-19,MOBILE,COMPLETED,PAYREFB62CE9522E,
PAY002044,C0599,A1396,POL0109,2094.11,ZAR,2026-04-17,MOBILE,COMPLETED,PAYREF71D59EA408,
PAY002045,C0435,A0175,POL0572,7036.43,ZAR,2026-08-13,MOBILE,PENDING,PAYREF2F33458858,
PAY002046,C0570,A1120,,174.64,ZAR,2024-09-30,DEBIT_ORDER,COMPLETED,PAYREF4DDDACD0D8,
PAY002047,C0258,A1199,,2687.87,ZAR,2024-06-02,DEBIT_ORDER,PENDING,PAYREF7CCCACB0BD,
PAY002048,C0844,A0359,,997.55,ZAR,2025-02-12,CASH,COMPLETED,PAYREFA1F8215C7E,
PAY002049,C0878,A0116,POL0176,424.46,ZAR,2026-06-02,MOBILE,COMPLETED,PAYREF74AA9F6A31,
PAY002050,C0731,A0811,,991.65,ZAR,2025-11-08,EFT,COMPLETED,PAYREF8413C16CA5,
PAY002051,C0763,A1371,POL0650,5948.96,ZAR,2024-09-30,CARD,FAILED,PAYREFF360AA27E9,Technical error
PAY002052,C0885,A0598,,4166.98,ZAR,2024-12-05,CARD,COMPLETED,PAYREFC8E7D23EC1,
PAY002053,C0195,A0700,,148.31,ZAR,2025-01-21,CASH,PENDING,PAYREF32A0DC2175,
PAY002054,C0796,A0397,POL0795,507.84,ZAR,2024-07-03,CARD,FAILED,PAYREFD76D146C25,Invalid account
PAY002055,C0744,A0121,,2815.5,ZAR,2024-06-03,CARD,COMPLETED,PAYREF9A5CCE88AD,
PAY002056,C0622,A0694,,1073.05,ZAR,2024-04-25,EFT,FAILED,PAYREFC9E0FD5547,Account closed
PAY002057,C0469,A1298,POL0711,1077.06,ZAR,2026-06-28,CARD,REVERSED,PAYREFF2311B015B,
PAY002058,C0696,A0662,POL0243,228.53,ZAR,2024-01-15,DEBIT_ORDER,COMPLETED,PAYREFD6CBFB8335,
PAY002059,C0249,A1489,,520.36,ZAR,2025-05-25,DEBIT_ORDER,PENDING,PAYREF9FC96ADEAC,
PAY002060,C0933,A0077,POL0130,281.97,ZAR,2026-08-25,CASH,COMPLETED,PAYREFF354BB7382,
PAY002061,C0213,A0040,POL0665,209.91,ZAR,2025-07-05,DEBIT_ORDER,FAILED,PAYREFA8266E544C,Limit exceeded
PAY002062,C0983,A0221,,311.77,ZAR,2026-03-10,CASH,COMPLETED,PAYREF66E87ED0B0,
PAY002063,C0187,A0237,POL0502,433.5,ZAR,2024-06-27,MOBILE,PENDING,PAYREF9C174F2A7F,
PAY002064,C0050,A0249,POL0732,512.29,ZAR,2024-08-25,CASH,COMPLETED,PAYREFF89B2ED76E,
PAY002065,C0878,A0837,POL0535,472.42,ZAR,2025-06-22,MOBILE,COMPLETED,PAYREF3C0A213025,
PAY002066,C0308,A0603,POL0422,3042.56,ZAR,2025-09-22,CARD,COMPLETED,PAYREF2CE81BFF4A,
PAY002067,C0108,A0931,POL0163,442.68,ZAR,2025-02-26,CASH,COMPLETED,PAYREFA5212345FA,
PAY002068,C0412,A0822,POL0040,4565.05,ZAR,2025-06-02,CARD,REVERSED,PAYREFDB4FD24591,
PAY002069,C0453,A0215,POL0273,675.89,ZAR,2024-07-08,CARD,COMPLETED,PAYREF4B64717F61,
PAY002070,C0092,A1397,POL0027,1701.39,ZAR,2024-07-21,CARD,COMPLETED,PAYREF7164FB7BA2,
PAY002071,C0804,A0290,,1756.61,ZAR,2026-03-03,EFT,COMPLETED,PAYREF81536142AD,
PAY002072,C0999,A1247,POL0481,446.82,ZAR,2024-05-03,DEBIT_ORDER,COMPLETED,PAYREF0D4A002AC4,
PAY002073,C0385,A0004,,789.9,ZAR,2024-10-19,CARD,COMPLETED,PAYREF8C9B40EE15,
PAY002074,C0651,A0437,POL0125,663.19,ZAR,2026-04-10,CASH,COMPLETED,PAYREF7BEDBF68BC,
PAY002075,C0131,A0213,POL0605,1591.51,ZAR,2026-01-27,CASH,COMPLETED,PAYREF5A248068C4,
PAY002076,C0476,A0909,,964.06,ZAR,2024-12-30,DEBIT_ORDER,COMPLETED,PAYREFA27F4CA2E5,
PAY002077,C0597,A1033,POL0204,518.84,ZAR,2024-03-23,EFT,COMPLETED,PAYREF033ACA1BA5,
PAY002078,C0217,A1447,,1235.29,ZAR,2025-08-24,CARD,COMPLETED,PAYREF2DB98FE002,
PAY002079,C0686,A0666,,1540.12,ZAR,2026-09-07,DEBIT_ORDER,COMPLETED,PAYREF0F3E47A3AC,
PAY002080,C0189,A0681,,6974.7,ZAR,2025-08-06,CARD,COMPLETED,PAYREF09F02D9068,
PAY002081,C0543,A1130,POL0201,1173.95,ZAR,2024-04-16,MOBILE,PENDING,PAYREF7104C1A66D,
PAY002082,C0377,A0074,POL0327,1107.66,ZAR,2024-08-06,DEBIT_ORDER,PENDING,PAYREFFC35F63F28,
PAY002083,C0362,A0417,POL0353,1683.11,ZAR,2025-05-24,DEBIT_ORDER,COMPLETED,PAYREFD1705E9A28,
PAY002084,C0416,A0793,POL0135,424.37,ZAR,2024-01-26,EFT,COMPLETED,PAYREF97C34AA418,
PAY002085,C0098,A1203,POL0783,195.29,ZAR,2024-05-13,DEBIT_ORDER,COMPLETED,PAYREF1831BE3319,
PAY002086,C0716,A0456,,802.63,ZAR,2024-04-10,CARD,COMPLETED,PAYREFEB286651BA,
PAY002087,C0094,A0937,,3203.82,ZAR,2024-05-17,MOBILE,PENDING,PAYREF1C3B903489,
PAY002088,C0122,A0586,POL0499,3765.18,ZAR,2025-03-15,CASH,COMPLETED,PAYREF5D72E5F097,
PAY002089,C0844,A0305,POL0386,167.44,ZAR,2026-08-24,CARD,COMPLETED,PAYREF888916727D,
PAY002090,C0308,A1495,POL0728,2134.7,ZAR,2026-03-11,CASH,COMPLETED,PAYREF575E20CAC2,
PAY002091,C0077,A0827,POL0093,123.37,ZAR,2024-10-25,CASH,REVERSED,PAYREF8B17A893E8,
PAY002092,C0150,A0208,,1735.73,ZAR,2026-02-20,CARD,COMPLETED,PAYREFC3F8B73700,
PAY002093,C0994,A0226,POL0141,1634.94,ZAR,2025-10-12,CARD,PENDING,PAYREFDA0D5A5FAE,
PAY002094,C0511,A0886,,195.59,ZAR,2024-07-12,MOBILE,COMPLETED,PAYREF2E5B85E702,
PAY002095,C0498,A0260,,2981.1,ZAR,2024-07-08,EFT,COMPLETED,PAYREF15ECD6628F,
PAY002096,C0054,A0027,,6271.91,ZAR,2024-01-03,CASH,COMPLETED,PAYREFEBBDD0B9FE,
PAY002097,C0295,A1111,,1030.21,ZAR,2024-05-23,EFT,COMPLETED,PAYREF3EE8B1FDA8,
PAY002098,C0978,A1096,POL0794,1262.69,ZAR,2025-02-22,EFT,FAILED,PAYREF6F43D5FFB7,Technical error
PAY002099,C0452,A1357,,4813.19,ZAR,2026-05-09,EFT,COMPLETED,PAYREF6982FEEADB,
PAY002100,C0640,A1123,POL0164,355.55,ZAR,2025-10-15,EFT,COMPLETED,PAYREF2F92DCE7FA,
PAY002101,C0889,A1019,POL0192,364.64,ZAR,2026-01-27,EFT,FAILED,PAYREFCEC0B290B4,Account closed
PAY002102,C0221,A1078,POL0535,473.72,ZAR,2024-11-30,MOBILE,COMPLETED,PAYREFFA190EE9FB,
PAY002103,C0703,A1279,,1138.06,ZAR,2024-06-09,CASH,COMPLETED,PAYREF6A719115C2,
PAY002104,C0504,A1036,POL0661,1135.03,ZAR,2026-05-02,CASH,COMPLETED,PAYREF1C4A0D1A21,
PAY002105,C0071,A0756,POL0749,630.62,ZAR,2026-03-27,MOBILE,COMPLETED,PAYREFB445A77B73,
PAY002106,C0796,A0287,POL0606,812.02,ZAR,2025-08-29,CASH,COMPLETED,PAYREF656C50BFD3,
PAY002107,C0093,A0181,POL0595,639.34,ZAR,2026-07-17,MOBILE,COMPLETED,PAYREF20BEC7F4F8,
PAY002108,C0361,A0654,,670.62,ZAR,2025-04-18,MOBILE,COMPLETED,PAYREF7775059415,
PAY002109,C0126,A0474,,508.51,ZAR,2025-03-18,EFT,COMPLETED,PAYREF7908E2598B,
PAY002110,C0125,A1305,,512.63,ZAR,2024-09-17,MOBILE,COMPLETED,PAYREF1D7CACDC35,
PAY002111,C0160,A1343,POL0459,148.27,ZAR,2025-05-16,MOBILE,COMPLETED,PAYREF43D7324DF0,
PAY002112,C0896,A0396,,876.84,ZAR,2025-08-30,CARD,COMPLETED,PAYREF983C30F600,
PAY002113,C0015,A0237,POL0797,155.15,ZAR,2024-04-04,MOBILE,COMPLETED,PAYREFF0FBF0EFEC,
PAY002114,C0340,A0882,,2322.87,ZAR,2024-08-03,EFT,COMPLETED,PAYREF13EA4318A1,
PAY002115,C0261,A0162,,626.46,ZAR,2024-03-13,MOBILE,COMPLETED,PAYREF5334A121B8,
PAY002116,C0412,A0313,POL0529,973.2,ZAR,2024-02-19,CASH,FAILED,PAYREF6D6C5B9564,Account closed
PAY002117,C0844,A0546,,755.05,ZAR,2026-03-29,MOBILE,COMPLETED,PAYREFA604C31DA6,
PAY002118,C0857,A1028,,859.1,ZAR,2026-08-19,CASH,COMPLETED,PAYREF4DC7CE95C1,
PAY002119,C0570,A0482,POL0548,3879.16,ZAR,2024-02-23,EFT,COMPLETED,PAYREF6DD441B00F,
PAY002120,C0683,A1209,POL0709,283.87,ZAR,2025-10-04,DEBIT_ORDER,FAILED,PAYREFFD24BF870C,Limit exceeded
PAY002121,C0280,A0847,,216.3,ZAR,2025-10-26,CARD,FAILED,PAYREFDB8EEA565F,Account closed
PAY002122,C0470,A1464,,1235.67,ZAR,2025-02-15,CASH,COMPLETED,PAYREF59F286390B,
PAY002123,C0924,A0700,,667.89,ZAR,2024-07-01,CASH,COMPLETED,PAYREFDDCCFA21B3,
PAY002124,C0184,A0668,POL0617,1571.25,ZAR,2026-06-30,DEBIT_ORDER,COMPLETED,PAYREF56D1E777A3,
PAY002125,C0109,A1154,,2245.26,ZAR,2025-01-15,CASH,COMPLETED,PAYREFA9714CD8EC,
PAY002126,C0179,A1097,,362.73,ZAR,2024-10-18,CASH,COMPLETED,PAYREFE97C817E2C,
PAY002127,C0194,A0958,POL0587,2004.98,ZAR,2024-04-02,MOBILE,COMPLETED,PAYREF629F4E78C0,
PAY002128,C0235,A0985,POL0271,394.67,ZAR,2024-06-17,DEBIT_ORDER,COMPLETED,PAYREF4581D4238D,
PAY002129,C0027,A1402,POL0015,1181.54,ZAR,2026-02-16,DEBIT_ORDER,COMPLETED,PAYREFFBBE9F9141,
PAY002130,C0859,A0886,,318.33,ZAR,2026-02-08,DEBIT_ORDER,COMPLETED,PAYREF0882ED87DB,
PAY002131,C0253,A1235,POL0538,1251.56,ZAR,2024-06-05,CASH,COMPLETED,PAYREF607AC06E67,
PAY002132,C0928,A1042,,1073.98,ZAR,2025-03-24,MOBILE,COMPLETED,PAYREFA7D962821A,
PAY002133,C0189,A0042,POL0660,363.97,ZAR,2024-08-07,EFT,COMPLETED,PAYREFBFD5941A02,
PAY002134,C0557,A0219,POL0006,281.91,ZAR,2024-10-19,EFT,PENDING,PAYREFB78B94BEAE,
PAY002135,C0157,A1152,,2323.06,ZAR,2025-12-04,CARD,COMPLETED,PAYREF96A8E1C98D,
PAY002136,C0371,A0846,POL0449,697.15,ZAR,2025-11-05,CASH,COMPLETED,PAYREF9B89789E5D,
PAY002137,C0500,A0678,,3017.04,ZAR,2026-03-19,EFT,COMPLETED,PAYREF5457977FF1,
PAY002138,C0086,A0829,,636.9,ZAR,2025-04-09,CASH,COMPLETED,PAYREFFAD34B66D9,
PAY002139,C0570,A1071,,4032.65,ZAR,2024-07-03,MOBILE,COMPLETED,PAYREF2B9B27CFAD,
PAY002140,C0559,A0444,,424.8,ZAR,2025-08-26,CARD,COMPLETED,PAYREF5C8FE68B4A,
PAY002141,C0896,A0199,,4782.63,ZAR,2025-05-05,CARD,COMPLETED,PAYREF1E159651F0,
PAY002142,C0167,A0816,POL0156,1305.54,ZAR,2024-06-12,MOBILE,COMPLETED,PAYREFD1F1E7ED63,
PAY002143,C0026,A0353,POL0166,1635.65,ZAR,2024-03-29,MOBILE,PENDING,PAYREFC803750341,
PAY002144,C0197,A1486,,401.81,ZAR,2025-12-17,DEBIT_ORDER,COMPLETED,PAYREF49F3E57B03,
PAY002145,C0437,A0946,,2273.82,ZAR,2024-05-24,EFT,COMPLETED,PAYREF24C20F8A2C,
PAY002146,C0283,A1206,POL0336,2354.13,ZAR,2025-06-19,DEBIT_ORDER,COMPLETED,PAYREF9871EF51D2,
PAY002147,C0831,A1203,,792.8,ZAR,2026-05-16,EFT,COMPLETED,PAYREF0445D25E74,
PAY002148,C0049,A0529,POL0094,129.8,ZAR,2026-09-11,DEBIT_ORDER,COMPLETED,PAYREF7C96B649BF,
PAY002149,C0874,A0633,POL0728,360.2,ZAR,2024-04-11,DEBIT_ORDER,COMPLETED,PAYREF87B99284B1,
PAY002150,C0364,A1496,,360.15,ZAR,2026-07-07,CASH,COMPLETED,PAYREF9532AE8EA9,
PAY002151,C0315,A0098,,1718.75,ZAR,2024-08-31,CASH,COMPLETED,PAYREFCD0C65667F,
PAY002152,C0839,A0657,POL0602,688.81,ZAR,2024-04-24,CASH,COMPLETED,PAYREFEF0BA12F9B,
PAY002153,C0793,A0284,,702.32,ZAR,2024-01-24,MOBILE,COMPLETED,PAYREF342714ACD5,
PAY002154,C0330,A0104,POL0601,622.47,ZAR,2024-08-13,CARD,COMPLETED,PAYREF040773A593,
PAY002155,C0130,A0356,POL0632,4766.13,ZAR,2024-09-30,DEBIT_ORDER,COMPLETED,PAYREF0D2FB34D48,
PAY002156,C0437,A0641,POL0312,1147.51,ZAR,2025-07-11,DEBIT_ORDER,COMPLETED,PAYREF42F266B318,
PAY002157,C0114,A0449,POL0350,1336.41,ZAR,2026-05-31,MOBILE,COMPLETED,PAYREFAE6E554235,
PAY002158,C0863,A0539,,590.29,ZAR,2025-06-03,EFT,COMPLETED,PAYREF4A3E56F6AF,
PAY002159,C0843,A0646,POL0455,1064.61,ZAR,2024-02-13,MOBILE,COMPLETED,PAYREF181EA8EBAC,
PAY002160,C0198,A1035,POL0098,413.36,ZAR,2025-10-12,DEBIT_ORDER,COMPLETED,PAYREF1BE1D51EAB,
PAY002161,C0553,A1204,POL0094,1546.46,ZAR,2024-05-28,MOBILE,COMPLETED,PAYREF24A48FC83F,
PAY002162,C0159,A0189,POL0131,348.43,ZAR,2025-10-23,CASH,COMPLETED,PAYREF608559EFE7,
PAY002163,C0237,A0082,POL0163,2308.19,ZAR,2026-09-11,EFT,COMPLETED,PAYREF53698A4FAB,
PAY002164,C0266,A1224,POL0025,525.87,ZAR,2025-06-01,MOBILE,COMPLETED,PAYREF2AF4F3168A,
PAY002165,C0678,A1143,,2831.02,ZAR,2026-03-20,DEBIT_ORDER,COMPLETED,PAYREF23AD9C692F,
PAY002166,C0694,A1309,,7385.65,ZAR,2024-01-17,CASH,REVERSED,PAYREF359C8C9F56,
PAY002167,C0270,A0547,,1097.84,ZAR,2024-06-05,EFT,COMPLETED,PAYREFB546226D42,
PAY002168,C0775,A0370,POL0617,4070.88,ZAR,2025-02-24,MOBILE,COMPLETED,PAYREF1519382104,
PAY002169,C0944,A0775,,2324.94,ZAR,2025-09-18,EFT,COMPLETED,PAYREF89E29A22F3,
PAY002170,C0377,A1399,,261.71,ZAR,2024-11-15,CARD,FAILED,PAYREF63AF10EBC7,Account closed
PAY002171,C0926,A0087,POL0287,1225.28,ZAR,2025-12-19,MOBILE,PENDING,PAYREF564C22D7B6,
PAY002172,C0728,A0699,,1810.21,ZAR,2025-09-24,MOBILE,COMPLETED,PAYREFF51692D5C6,
PAY002173,C0332,A1289,POL0425,1993.64,ZAR,2024-03-06,CASH,COMPLETED,PAYREF6BBC7B006A,
PAY002174,C0184,A0617,POL0416,1310.56,ZAR,2025-11-07,EFT,COMPLETED,PAYREF0FF0A7924A,
PAY002175,C0424,A0517,POL0205,1293.76,ZAR,2025-02-07,CASH,COMPLETED,PAYREF8D1E0D94DA,
PAY002176,C0639,A0329,POL0181,1102.23,ZAR,2026-07-10,CARD,COMPLETED,PAYREFBDBBE0316A,
PAY002177,C0437,A0850,,1252.85,ZAR,2024-10-13,MOBILE,COMPLETED,PAYREFA8E5FF4343,
PAY002178,C0889,A0896,,322.57,ZAR,2024-04-11,CASH,COMPLETED,PAYREFA1F91A4497,
PAY002179,C0686,A0061,,865.92,ZAR,2025-02-20,MOBILE,COMPLETED,PAYREF363845F0C3,
PAY002180,C0136,A0925,,256.47,ZAR,2026-08-06,DEBIT_ORDER,COMPLETED,PAYREF142C48C86F,
PAY002181,C0816,A0389,POL0796,666.72,ZAR,2024-09-28,DEBIT_ORDER,COMPLETED,PAYREFB6EC482E39,
PAY002182,C0516,A0188,POL0630,607.4,ZAR,2025-11-06,DEBIT_ORDER,COMPLETED,PAYREF44226E9675,
PAY002183,C0853,A1011,POL0497,569.83,ZAR,2026-01-24,CASH,COMPLETED,PAYREFDC4446C00F,
PAY002184,C0734,A0928,POL0647,382.98,ZAR,2024-07-04,EFT,COMPLETED,PAYREF062426873B,
PAY002185,C0352,A0552,POL0549,1435.51,ZAR,2025-06-16,CASH,COMPLETED,PAYREFE3E2482A1D,
PAY002186,C0617,A1297,,797.86,ZAR,2024-03-08,EFT,COMPLETED,PAYREFEFF747BF7B,
PAY002187,C0707,A0120,POL0573,720.23,ZAR,2024-01-21,MOBILE,PENDING,PAYREF38DC4EBF29,
PAY002188,C0164,A0793,POL0002,268.39,ZAR,2024-10-31,CARD,COMPLETED,PAYREFF55CF29F5F,
PAY002189,C0941,A0584,POL0140,814.15,ZAR,2024-01-22,MOBILE,PENDING,PAYREFFB8B4A9045,
PAY002190,C0232,A0004,,3447.94,ZAR,2025-07-02,MOBILE,COMPLETED,PAYREF7FF2EAD0B7,
PAY002191,C0014,A0195,,3501.01,ZAR,2024-06-25,DEBIT_ORDER,COMPLETED,PAYREF87215072AF,
PAY002192,C0268,A1048,POL0200,1593.22,ZAR,2026-01-25,EFT,COMPLETED,PAYREFA501F12064,
PAY002193,C0552,A0013,POL0800,816.35,ZAR,2024-03-01,DEBIT_ORDER,COMPLETED,PAYREFA6D2D760A2,
PAY002194,C0667,A0969,,1917.89,ZAR,2024-08-10,EFT,COMPLETED,PAYREF033FFA8478,
PAY002195,C0973,A0973,POL0233,562.64,ZAR,2025-06-20,CARD,COMPLETED,PAYREF9B46BAB940,
PAY002196,C0440,A0046,POL0227,813.01,ZAR,2024-06-11,EFT,COMPLETED,PAYREFB0DDC9B00E,
PAY002197,C0851,A0997,,521.9,ZAR,2024-11-30,EFT,COMPLETED,PAYREFF895BA82D4,
PAY002198,C0480,A1053,,2719.94,ZAR,2026-06-20,EFT,COMPLETED,PAYREFDFE22965E8,
PAY002199,C0284,A1429,POL0556,2392.29,ZAR,2025-10-17,DEBIT_ORDER,COMPLETED,PAYREF42F81F7A5F,
PAY002200,C0475,A0153,,1059.25,ZAR,2025-10-26,CARD,FAILED,PAYREF36E07C5465,Technical error
PAY002201,C0081,A0137,,6193.48,ZAR,2025-05-19,EFT,COMPLETED,PAYREF6610F8B4C0,
PAY002202,C0329,A0551,POL0065,1656.59,ZAR,2024-04-24,CARD,COMPLETED,PAYREF3E07073FEF,
PAY002203,C0190,A0490,,1565.92,ZAR,2026-03-16,DEBIT_ORDER,COMPLETED,PAYREFE473818FBB,
PAY002204,C0887,A0503,POL0107,1406.87,ZAR,2026-08-23,MOBILE,COMPLETED,PAYREF82F18D0892,
PAY002205,C0896,A0466,POL0106,310.35,ZAR,2026-08-05,DEBIT_ORDER,COMPLETED,PAYREF9EAAAF772D,
PAY002206,C0011,A1328,POL0532,448.42,ZAR,2024-01-07,CARD,COMPLETED,PAYREF5F858E91F7,
PAY002207,C0364,A1221,,1038.32,ZAR,2024-12-04,DEBIT_ORDER,COMPLETED,PAYREF1A3E85B383,
PAY002208,C0938,A0218,POL0474,1046.93,ZAR,2026-04-23,MOBILE,COMPLETED,PAYREF4C276E88A2,
PAY002209,C0632,A0875,,1977.84,ZAR,2025-05-15,CARD,COMPLETED,PAYREFF895A84A1E,
PAY002210,C0544,A1052,,562.35,ZAR,2026-05-19,MOBILE,COMPLETED,PAYREFFD53FC5DC4,
PAY002211,C0801,A0785,,1176.96,ZAR,2024-05-15,EFT,COMPLETED,PAYREFA06AE22675,
PAY002212,C0844,A0911,,1198.18,ZAR,2024-11-03,CASH,COMPLETED,PAYREF7177E4875C,
PAY002213,C0126,A0317,,1246.62,ZAR,2025-10-21,CARD,COMPLETED,PAYREF418A8516E3,
PAY002214,C0033,A0570,POL0108,1114.78,ZAR,2025-04-03,MOBILE,PENDING,PAYREF6D8AC9DCA7,
PAY002215,C0664,A1115,,269.39,ZAR,2025-09-08,DEBIT_ORDER,COMPLETED,PAYREF9508F288B4,
PAY002216,C0530,A0707,POL0570,114.29,ZAR,2025-04-01,EFT,COMPLETED,PAYREF970C610773,
PAY002217,C0033,A0447,POL0474,427.62,ZAR,2025-03-08,DEBIT_ORDER,COMPLETED,PAYREF6906F539A3,
PAY002218,C0951,A0629,,644.76,ZAR,2024-04-21,EFT,COMPLETED,PAYREF41F25F78C0,
PAY002219,C0474,A0724,,337.49,ZAR,2026-05-29,CASH,FAILED,PAYREF95C38C6296,Account closed
PAY002220,C0184,A0182,POL0704,1037.25,ZAR,2024-07-25,DEBIT_ORDER,COMPLETED,PAYREF06E488A25A,
PAY002221,C0089,A0162,,3262.04,ZAR,2026-02-25,CARD,PENDING,PAYREF9F5F7C80AF,
PAY002222,C0120,A1073,POL0778,2266.59,ZAR,2024-03-26,DEBIT_ORDER,PENDING,PAYREF71D999AB15,
PAY002223,C0168,A1299,,1748.18,ZAR,2025-11-30,MOBILE,COMPLETED,PAYREFA5267AA3D4,
PAY002224,C0091,A1299,POL0146,2937.49,ZAR,2026-06-19,CARD,COMPLETED,PAYREF90C6D5F2DA,
PAY002225,C0401,A0512,POL0300,435.01,ZAR,2025-12-10,CASH,PENDING,PAYREF5ABF1CF9D7,
PAY002226,C0415,A0550,POL0176,694.51,ZAR,2025-03-20,DEBIT_ORDER,COMPLETED,PAYREFA4C0EA7161,
PAY002227,C0137,A0078,POL0716,2028.08,ZAR,2024-04-13,MOBILE,COMPLETED,PAYREFFC2166F149,
PAY002228,C0778,A1499,,682.3,ZAR,2024-01-19,DEBIT_ORDER,COMPLETED,PAYREF39B173395E,
PAY002229,C0260,A0731,POL0574,720.66,ZAR,2025-10-04,CASH,COMPLETED,PAYREFE8853F256A,
PAY002230,C0481,A1080,,7061.54,ZAR,2024-07-10,MOBILE,COMPLETED,PAYREF081F03CB3E,
PAY002231,C0974,A0024,,1206.46,ZAR,2026-04-23,DEBIT_ORDER,COMPLETED,PAYREF0B06B0BEDF,
PAY002232,C0748,A0359,POL0058,6397.27,ZAR,2024-06-06,EFT,COMPLETED,PAYREF2A21CF06D8,
PAY002233,C0626,A0399,POL0349,177.1,ZAR,2025-07-14,CARD,COMPLETED,PAYREFE6F232C82E,
PAY002234,C0144,A1017,,583.55,ZAR,2025-05-10,EFT,COMPLETED,PAYREF46ACBBACFF,
PAY002235,C0853,A0731,POL0683,1650.47,ZAR,2025-11-26,DEBIT_ORDER,COMPLETED,PAYREFEA6F927CB6,
PAY002236,C0362,A1494,POL0358,1204.39,ZAR,2025-09-11,EFT,COMPLETED,PAYREF67738932CA,
PAY002237,C0620,A1029,,140.39,ZAR,2026-03-27,CASH,COMPLETED,PAYREFB2C3A37F90,
PAY002238,C0559,A0822,POL0180,871.68,ZAR,2025-12-25,CASH,COMPLETED,PAYREFD7CA868BD1,
PAY002239,C0543,A0487,,13004.07,ZAR,2024-11-08,CARD,COMPLETED,PAYREF490C5A7569,
PAY002240,C0710,A0829,POL0162,1403.76,ZAR,2024-01-12,CASH,COMPLETED,PAYREF076A5D671A,
PAY002241,C0801,A1058,,2007.08,ZAR,2026-04-19,CARD,COMPLETED,PAYREF1E8C57338C,
PAY002242,C0332,A0328,POL0166,575.97,ZAR,2025-02-22,EFT,PENDING,PAYREFB20233605D,
PAY002243,C0380,A1068,POL0360,1398.68,ZAR,2026-04-26,DEBIT_ORDER,COMPLETED,PAYREFDCC7598E76,
PAY002244,C0523,A0909,POL0734,1083.2,ZAR,2025-11-06,EFT,COMPLETED,PAYREF8F6922EAEA,
PAY002245,C0551,A0090,POL0762,3357.04,ZAR,2026-04-26,MOBILE,PENDING,PAYREF9982B3DED4,
PAY002246,C0555,A0399,POL0074,3251.92,ZAR,2026-01-07,CASH,COMPLETED,PAYREF861112E198,
PAY002247,C0031,A0469,POL0604,1648.33,ZAR,2026-07-24,CASH,COMPLETED,PAYREF1F2639A232,
PAY002248,C0611,A1369,POL0313,1177.28,ZAR,2024-12-01,MOBILE,COMPLETED,PAYREF172D833860,
PAY002249,C0283,A1171,POL0749,204.57,ZAR,2025-03-01,MOBILE,COMPLETED,PAYREFE4EE750A46,
PAY002250,C0682,A0933,,197.56,ZAR,2026-02-10,DEBIT_ORDER,COMPLETED,PAYREFA29214A4A5,
PAY002251,C0542,A0434,POL0438,1190.24,ZAR,2025-04-04,CASH,COMPLETED,PAYREF63DEF9A450,
PAY002252,C0824,A0608,POL0695,2629.72,ZAR,2026-05-23,DEBIT_ORDER,COMPLETED,PAYREF97C732FFB0,
PAY002253,C0933,A1275,POL0013,4153.66,ZAR,2025-04-06,CARD,COMPLETED,PAYREFB9DF94EEBC,
PAY002254,C0254,A1422,,450.46,ZAR,2025-11-06,CASH,COMPLETED,PAYREF41B7A3A3DE,
PAY002255,C0223,A1109,POL0054,242.44,ZAR,2024-09-13,MOBILE,COMPLETED,PAYREF426251687A,
PAY002256,C0775,A1223,,2787.66,ZAR,2026-07-27,EFT,COMPLETED,PAYREFB15CD3BDC3,
PAY002257,C0497,A1139,POL0551,485.56,ZAR,2025-11-23,DEBIT_ORDER,COMPLETED,PAYREF2D4DD5F6EF,
PAY002258,C0139,A1310,POL0489,226.54,ZAR,2025-02-18,EFT,COMPLETED,PAYREFE3123468DA,
PAY002259,C0483,A0311,POL0315,669.36,ZAR,2025-10-08,CASH,COMPLETED,PAYREF8E0A888F04,
PAY002260,C0583,A0075,POL0692,657.8,ZAR,2024-11-05,DEBIT_ORDER,COMPLETED,PAYREFBB63C6B3CC,
PAY002261,C0684,A1400,POL0429,4105.86,ZAR,2025-10-04,CARD,COMPLETED,PAYREFE8308DEB7C,
PAY002262,C0546,A0589,POL0518,2606.16,ZAR,2026-01-14,CARD,REVERSED,PAYREF9710D3D066,
PAY002263,C0098,A1389,POL0185,524.59,ZAR,2026-03-24,CARD,COMPLETED,PAYREFBED5015538,
PAY002264,C0344,A0734,POL0584,4437.98,ZAR,2026-02-13,EFT,COMPLETED,PAYREF52B6114CC5,
PAY002265,C0381,A0896,,1242.68,ZAR,2025-12-11,CARD,COMPLETED,PAYREF95B357D6E4,
PAY002266,C0224,A0486,,3167.94,ZAR,2024-04-20,CARD,PENDING,PAYREF9887E1ABC5,
PAY002267,C0619,A0821,POL0199,4134.73,ZAR,2025-12-28,DEBIT_ORDER,COMPLETED,PAYREF77F0FB15B0,
PAY002268,C0212,A0195,POL0668,843.37,ZAR,2024-06-17,DEBIT_ORDER,FAILED,PAYREF8E86706B4B,Insufficient funds
PAY002269,C0456,A1181,,1941.7,ZAR,2024-07-11,CASH,COMPLETED,PAYREF9DC41859B4,
PAY002270,C0297,A0506,,730.14,ZAR,2025-03-01,CARD,COMPLETED,PAYREF018FFB3020,
PAY002271,C0041,A0253,,2779.71,ZAR,2024-07-21,CASH,PENDING,PAYREF5DE649BE40,
PAY002272,C0690,A1418,,1200.24,ZAR,2025-01-22,EFT,PENDING,PAYREF348581A408,
PAY002273,C0548,A0894,POL0138,2865.0,ZAR,2025-03-24,DEBIT_ORDER,COMPLETED,PAYREF087DF52C6A,
PAY002274,C0778,A0469,POL0679,5037.96,ZAR,2025-02-12,CARD,COMPLETED,PAYREF03D8CF42F8,
PAY002275,C0106,A0921,POL0579,1895.49,ZAR,2026-02-21,DEBIT_ORDER,COMPLETED,PAYREF12BBBE4B3F,
PAY002276,C0469,A0611,POL0293,998.79,ZAR,2026-07-13,EFT,COMPLETED,PAYREF50544F6E05,
PAY002277,C0849,A1470,,1015.54,ZAR,2025-03-03,MOBILE,COMPLETED,PAYREFC72F23AA6D,
PAY002278,C0593,A0989,POL0207,57.0,ZAR,2025-08-30,MOBILE,COMPLETED,PAYREFF25158ED8F,
PAY002279,C0832,A1486,POL0798,537.65,ZAR,2025-04-13,MOBILE,COMPLETED,PAYREF059436EA7B,
PAY002280,C0368,A0600,,2786.59,ZAR,2025-08-23,EFT,COMPLETED,PAYREFCA6A21B5C4,
PAY002281,C0055,A1441,POL0734,2892.51,ZAR,2024-12-18,CASH,FAILED,PAYREF48B907CBD7,Insufficient funds
PAY002282,C0898,A0748,POL0764,526.07,ZAR,2025-08-18,DEBIT_ORDER,COMPLETED,PAYREF82501B243F,
PAY002283,C0156,A1293,POL0434,1292.81,ZAR,2024-06-01,CASH,COMPLETED,PAYREFDD85FBC1E7,
PAY002284,C0295,A0925,POL0003,907.54,ZAR,2024-01-12,CASH,COMPLETED,PAYREF35DEFE11EE,
PAY002285,C0813,A0010,,2185.51,ZAR,2024-10-19,DEBIT_ORDER,COMPLETED,PAYREF8E17FEFF92,
PAY002286,C0168,A0845,POL0640,9982.76,ZAR,2025-01-23,EFT,COMPLETED,PAYREF111ECA9CF1,
PAY002287,C0973,A0304,POL0710,2227.13,ZAR,2026-02-10,DEBIT_ORDER,COMPLETED,PAYREFBC01692BBD,
PAY002288,C0051,A1235,,561.06,ZAR,2026-09-08,DEBIT_ORDER,COMPLETED,PAYREF94B24B774C,
PAY002289,C0495,A1082,,1013.92,ZAR,2024-04-14,EFT,COMPLETED,PAYREFA812D20C16,
PAY002290,C0974,A0032,,4455.65,ZAR,2024-08-12,CARD,COMPLETED,PAYREFA6E8D99B35,
PAY002291,C0015,A0824,POL0135,268.09,ZAR,2026-05-26,CARD,COMPLETED,PAYREFFCD29CF9FD,
PAY002292,C0600,A1353,POL0645,592.85,ZAR,2026-06-20,CARD,PENDING,PAYREF2740AD093F,
PAY002293,C0479,A0987,POL0312,2230.46,ZAR,2025-10-10,EFT,COMPLETED,PAYREFA2188E7571,
PAY002294,C0585,A0563,POL0116,4001.13,ZAR,2026-09-12,MOBILE,COMPLETED,PAYREFA019CDCD3D,
PAY002295,C0417,A0044,,2016.2,ZAR,2024-11-09,CASH,COMPLETED,PAYREF9231E44831,
PAY002296,C0461,A0240,POL0100,597.83,ZAR,2024-07-04,DEBIT_ORDER,COMPLETED,PAYREF52B3B37849,
PAY002297,C0616,A1162,POL0388,1875.32,ZAR,2026-05-01,DEBIT_ORDER,FAILED,PAYREF3778A28A37,Insufficient funds
PAY002298,C0229,A0933,POL0684,1659.54,ZAR,2026-01-12,CARD,PENDING,PAYREF64B0CD66C0,
PAY002299,C0332,A0903,POL0721,1557.48,ZAR,2025-04-22,CASH,PENDING,PAYREFBDD437C9CC,
PAY002300,C0393,A0243,,995.18,ZAR,2026-01-03,CARD,COMPLETED,PAYREFD0F1E7855F,
PAY002301,C0699,A0329,POL0107,1156.32,ZAR,2025-07-01,CASH,COMPLETED,PAYREFE17E376B10,
PAY002302,C0863,A0380,POL0370,442.53,ZAR,2024-07-27,EFT,COMPLETED,PAYREF6718487113,
PAY002303,C0747,A1278,POL0276,13097.86,ZAR,2024-12-20,MOBILE,FAILED,PAYREF85D7428A80,Limit exceeded
PAY002304,C0442,A1316,POL0776,1283.06,ZAR,2026-07-02,DEBIT_ORDER,COMPLETED,PAYREFC34B9BB20D,
PAY002305,C0736,A0911,,1897.92,ZAR,2024-06-20,CASH,COMPLETED,PAYREFA37A662553,
PAY002306,C0621,A0025,POL0087,881.91,ZAR,2025-02-07,CASH,COMPLETED,PAYREFC4808BC19C,
PAY002307,C0302,A0238,POL0301,2553.73,ZAR,2024-11-21,MOBILE,COMPLETED,PAYREF659AB85E2A,
PAY002308,C0413,A0723,,299.34,ZAR,2026-05-04,EFT,FAILED,PAYREFD78CD424E2,Limit exceeded
PAY002309,C0903,A0966,,191.41,ZAR,2026-03-30,CASH,COMPLETED,PAYREF588F074FBF,
PAY002310,C0294,A1060,POL0797,1063.72,ZAR,2025-05-05,CASH,FAILED,PAYREFCA8F75B891,Technical error
PAY002311,C0608,A0419,POL0268,8553.15,ZAR,2024-08-22,CARD,COMPLETED,PAYREF42B8EB2079,
PAY002312,C0704,A0939,,3671.37,ZAR,2026-03-30,DEBIT_ORDER,COMPLETED,PAYREF41641B8D49,
PAY002313,C0411,A0532,POL0326,488.6,ZAR,2026-02-24,MOBILE,COMPLETED,PAYREF51D8ECE48B,
PAY002314,C0505,A0631,,1837.36,ZAR,2024-11-29,CASH,COMPLETED,PAYREFB370B5277F,
PAY002315,C0998,A0497,POL0261,580.57,ZAR,2026-01-04,MOBILE,COMPLETED,PAYREFD630453332,
PAY002316,C0180,A0152,POL0786,1679.78,ZAR,2024-06-30,CASH,COMPLETED,PAYREFC3D9388292,
PAY002317,C0233,A0303,,1816.0,ZAR,2026-07-22,MOBILE,COMPLETED,PAYREFE75391DA83,
PAY002318,C0321,A0757,,2769.66,ZAR,2025-01-18,CARD,COMPLETED,PAYREF1BE9E4AD5D,
PAY002319,C0613,A1278,POL0574,229.14,ZAR,2024-03-23,MOBILE,COMPLETED,PAYREFCCB87F3F20,
PAY002320,C0026,A1414,,309.33,ZAR,2025-02-12,EFT,COMPLETED,PAYREFA85823BAE5,
PAY002321,C0070,A1283,POL0631,1016.81,ZAR,2026-03-09,MOBILE,PENDING,PAYREF515DDFC258,
PAY002322,C0079,A0522,,390.56,ZAR,2024-04-29,CARD,COMPLETED,PAYREF3E5A1B0E78,
PAY002323,C0123,A1121,,361.51,ZAR,2026-08-29,CARD,COMPLETED,PAYREF8AF3E6FE5D,
PAY002324,C0829,A0463,POL0431,1439.22,ZAR,2024-11-22,MOBILE,COMPLETED,PAYREF2206B67AFD,
PAY002325,C0110,A0143,POL0688,438.77,ZAR,2025-06-07,MOBILE,COMPLETED,PAYREF9F1F2F279D,
PAY002326,C0175,A0911,,10484.54,ZAR,2025-03-30,EFT,COMPLETED,PAYREFA026276445,
PAY002327,C0785,A0415,,643.44,ZAR,2025-02-09,CARD,COMPLETED,PAYREFCCB8488279,
PAY002328,C0343,A0099,POL0128,836.95,ZAR,2026-05-22,EFT,FAILED,PAYREF1C14C9AF35,Invalid account
PAY002329,C0459,A1051,POL0031,1476.66,ZAR,2024-07-13,EFT,COMPLETED,PAYREF96F3B5FDB5,
PAY002330,C0752,A0546,POL0385,242.75,ZAR,2025-01-29,MOBILE,REVERSED,PAYREF64CA642700,
PAY002331,C0171,A0758,POL0576,1823.48,ZAR,2025-03-01,DEBIT_ORDER,COMPLETED,PAYREFDD1D79C6F7,
PAY002332,C0198,A1155,,1542.97,ZAR,2024-11-30,MOBILE,COMPLETED,PAYREFAC11DAACF5,
PAY002333,C0199,A1356,,773.32,ZAR,2024-10-30,DEBIT_ORDER,COMPLETED,PAYREFA94AAEEA38,
PAY002334,C0309,A1047,POL0471,1442.2,ZAR,2025-06-10,CARD,COMPLETED,PAYREF2EC3AFA457,
PAY002335,C0102,A0640,,1682.91,ZAR,2025-09-01,EFT,COMPLETED,PAYREF5B3CC37A77,
PAY002336,C0504,A0631,,4606.35,ZAR,2025-03-07,DEBIT_ORDER,COMPLETED,PAYREF044BF703FC,
PAY002337,C0418,A0130,,13363.22,ZAR,2024-06-23,CARD,PENDING,PAYREF94B3FC9AC9,
PAY002338,C0994,A0366,,379.37,ZAR,2024-03-28,CASH,COMPLETED,PAYREF1DD11B6BBB,
PAY002339,C0628,A0502,POL0627,299.66,ZAR,2024-04-15,DEBIT_ORDER,COMPLETED,PAYREFD35858B07A,
PAY002340,C0461,A0790,POL0382,1215.3,ZAR,2024-07-21,EFT,FAILED,PAYREF755C409DA8,Insufficient funds
PAY002341,C0958,A1323,,137.15,ZAR,2024-03-15,MOBILE,COMPLETED,PAYREFDC4642D7FB,
PAY002342,C0143,A0751,,2099.42,ZAR,2024-06-09,DEBIT_ORDER,COMPLETED,PAYREFA4524FB63E,
PAY002343,C0737,A0499,POL0184,1227.92,ZAR,2025-01-23,CARD,COMPLETED,PAYREF0F7313EFDC,
PAY002344,C0994,A0470,,1583.33,ZAR,2026-01-08,CASH,COMPLETED,PAYREF5A99015A12,
PAY002345,C0309,A0959,POL0164,809.51,ZAR,2025-09-07,DEBIT_ORDER,COMPLETED,PAYREF1FE5AC9AC8,
PAY002346,C0562,A1049,POL0762,1415.19,ZAR,2024-06-12,DEBIT_ORDER,COMPLETED,PAYREF3216B7BC06,
PAY002347,C0622,A1159,POL0368,1758.54,ZAR,2026-03-24,MOBILE,FAILED,PAYREF94AD0F0593,Technical error
PAY002348,C0922,A0207,POL0583,1339.46,ZAR,2025-12-09,CASH,COMPLETED,PAYREFA4950DC20F,
PAY002349,C0312,A1139,,285.69,ZAR,2024-08-08,CASH,COMPLETED,PAYREFF02286E482,
PAY002350,C0870,A0812,,1302.45,ZAR,2025-09-15,CASH,COMPLETED,PAYREFE841BC066C,
PAY002351,C0006,A0005,POL0108,7002.1,ZAR,2024-06-16,EFT,COMPLETED,PAYREF58DD2C1757,
PAY002352,C0500,A0034,POL0764,1395.34,ZAR,2024-05-08,CARD,COMPLETED,PAYREF2D1EECF2BE,
PAY002353,C0262,A0311,POL0757,1257.72,ZAR,2024-08-14,DEBIT_ORDER,COMPLETED,PAYREF1324FA528E,
PAY002354,C0621,A0485,POL0114,5218.88,ZAR,2024-06-22,MOBILE,PENDING,PAYREF7F9FCEFB23,
PAY002355,C0159,A0788,POL0724,520.29,ZAR,2025-07-22,EFT,FAILED,PAYREFBCAB679860,Technical error
PAY002356,C0569,A1256,,2669.58,ZAR,2024-08-02,DEBIT_ORDER,PENDING,PAYREFE4D9D05566,
PAY002357,C0104,A0695,,645.38,ZAR,2026-05-25,MOBILE,COMPLETED,PAYREF522C46EF19,
PAY002358,C0731,A1014,,3250.56,ZAR,2025-05-14,CASH,COMPLETED,PAYREF728E2EC750,
PAY002359,C0281,A1158,POL0532,2435.84,ZAR,2024-09-20,MOBILE,REVERSED,PAYREFA5C09D9EE0,
PAY002360,C0646,A0086,POL0138,726.12,ZAR,2024-04-25,EFT,COMPLETED,PAYREFC6D22B55D6,
PAY002361,C0462,A0775,POL0218,840.54,ZAR,2024-01-02,MOBILE,COMPLETED,PAYREFE8F7D3D04C,
PAY002362,C0802,A0349,,2915.54,ZAR,2024-05-30,CARD,COMPLETED,PAYREFE8DAC740C0,
PAY002363,C0859,A1422,POL0768,171.49,ZAR,2024-05-29,EFT,COMPLETED,PAYREF6022240B05,
PAY002364,C0616,A1344,POL0270,704.91,ZAR,2025-03-02,MOBILE,COMPLETED,PAYREFA0409D0396,
PAY002365,C0500,A1037,,2039.41,ZAR,2026-03-09,DEBIT_ORDER,COMPLETED,PAYREF453893EEFC,
PAY002366,C0289,A1355,POL0791,805.85,ZAR,2026-01-22,DEBIT_ORDER,COMPLETED,PAYREFAB09DCB620,
PAY002367,C0417,A0871,POL0676,1254.97,ZAR,2024-01-22,MOBILE,COMPLETED,PAYREF167194256D,
PAY002368,C0335,A0998,POL0322,142.43,ZAR,2025-09-29,EFT,PENDING,PAYREF2FBC0C14CC,
PAY002369,C0254,A1139,POL0654,466.62,ZAR,2024-05-10,MOBILE,COMPLETED,PAYREFE05421F436,
PAY002370,C0484,A1283,,2163.44,ZAR,2026-02-20,MOBILE,COMPLETED,PAYREF2EDC73B4F8,
PAY002371,C0933,A1239,POL0630,517.49,ZAR,2024-04-09,EFT,PENDING,PAYREF56A3755ACB,
PAY002372,C0583,A1451,POL0188,298.13,ZAR,2026-05-10,DEBIT_ORDER,PENDING,PAYREF324CF159F7,
PAY002373,C0217,A0902,POL0447,3170.39,ZAR,2025-05-17,CASH,COMPLETED,PAYREF78340A29AD,
PAY002374,C0360,A0477,POL0089,1836.62,ZAR,2025-02-13,CARD,COMPLETED,PAYREF34D8081DEB,
PAY002375,C0628,A1133,,369.25,ZAR,2024-01-20,MOBILE,COMPLETED,PAYREF3E82D80A9D,
PAY002376,C0252,A0306,POL0562,1259.54,ZAR,2025-12-07,CARD,COMPLETED,PAYREF303D497C51,
PAY002377,C0680,A1212,POL0168,381.48,ZAR,2024-07-10,CARD,COMPLETED,PAYREF841198F5A7,
PAY002378,C0341,A0944,POL0623,941.56,ZAR,2024-06-03,DEBIT_ORDER,COMPLETED,PAYREFA7F79A0461,
PAY002379,C0224,A0711,,1307.65,ZAR,2024-03-13,EFT,COMPLETED,PAYREFAB774A1BF5,
PAY002380,C0920,A0088,,488.58,ZAR,2024-03-19,MOBILE,COMPLETED,PAYREF61FA817948,
PAY002381,C0051,A0518,POL0570,2303.84,ZAR,2025-09-05,CARD,PENDING,PAYREF84C21561A8,
PAY002382,C0622,A1474,POL0770,2690.15,ZAR,2024-02-21,MOBILE,FAILED,PAYREF7CC17E8A76,Insufficient funds
PAY002383,C0573,A0118,POL0268,1427.34,ZAR,2024-08-25,CASH,COMPLETED,PAYREFD01FAE044C,
PAY002384,C0446,A0613,,1659.02,ZAR,2024-09-07,DEBIT_ORDER,COMPLETED,PAYREF9427AFE15C,
PAY002385,C0710,A0628,POL0127,256.51,ZAR,2024-11-23,CASH,COMPLETED,PAYREF7629366502,
PAY002386,C0355,A0164,,4282.05,ZAR,2024-02-04,CARD,COMPLETED,PAYREF9E33BFEFB6,
PAY002387,C0229,A0404,POL0273,1000.92,ZAR,2024-02-29,CARD,COMPLETED,PAYREF44DE52A7F8,
PAY002388,C0383,A0155,POL0332,430.41,ZAR,2026-06-03,DEBIT_ORDER,COMPLETED,PAYREF7843C168A1,
PAY002389,C0685,A0858,POL0283,1268.81,ZAR,2026-03-15,CARD,COMPLETED,PAYREFAEBC0D1F05,
PAY002390,C0444,A0283,POL0518,2311.08,ZAR,2025-04-14,EFT,PENDING,PAYREF2B00F85BD2,
PAY002391,C0967,A1387,POL0712,1830.51,ZAR,2024-05-23,MOBILE,FAILED,PAYREF7FD1C8D2F2,Limit exceeded
PAY002392,C0272,A1409,POL0093,370.67,ZAR,2025-09-15,MOBILE,FAILED,PAYREF7039A48406,Invalid account
PAY002393,C0952,A0651,,2339.37,ZAR,2026-03-20,CASH,COMPLETED,PAYREFDE09DE0495,
PAY002394,C0849,A1053,POL0089,1032.09,ZAR,2025-10-29,DEBIT_ORDER,COMPLETED,PAYREFA168562A37,
PAY002395,C0685,A0104,POL0241,1810.22,ZAR,2026-06-01,MOBILE,COMPLETED,PAYREFA24C39E6A8,
PAY002396,C0219,A0905,,491.99,ZAR,2026-07-23,EFT,COMPLETED,PAYREF305EE7F392,
PAY002397,C0530,A0055,,3121.01,ZAR,2026-07-26,CASH,COMPLETED,PAYREFF9338FF56B,
PAY002398,C0312,A0065,,1316.48,ZAR,2025-10-24,CARD,COMPLETED,PAYREFAF5586213B,
PAY002399,C0042,A0904,,3600.48,ZAR,2026-05-12,EFT,FAILED,PAYREF5066B4C46A,Technical error
PAY002400,C0019,A0588,POL0604,236.31,ZAR,2026-02-18,EFT,COMPLETED,PAYREF1AE83D1DF0,
PAY002401,C0491,A0765,,270.04,ZAR,2024-05-29,DEBIT_ORDER,COMPLETED,PAYREFDEB7FD4966,
PAY002402,C0928,A1102,POL0780,862.62,ZAR,2025-06-23,CASH,COMPLETED,PAYREF5CB08319E7,
PAY002403,C0445,A0251,POL0167,4758.2,ZAR,2025-09-16,MOBILE,COMPLETED,PAYREF63D00924CB,
PAY002404,C0798,A0939,POL0624,7807.27,ZAR,2025-07-24,MOBILE,COMPLETED,PAYREFDFB4DEEDE8,
PAY002405,C0067,A0700,POL0400,451.05,ZAR,2025-03-01,CASH,COMPLETED,PAYREF58EBB20B9B,
PAY002406,C0322,A0301,POL0331,1156.38,ZAR,2024-11-30,DEBIT_ORDER,COMPLETED,PAYREF95EADDA8B3,
PAY002407,C0958,A1003,POL0559,1280.69,ZAR,2026-08-08,MOBILE,COMPLETED,PAYREFE76B9D0386,
PAY002408,C0084,A0739,POL0312,2248.81,ZAR,2025-07-18,CARD,COMPLETED,PAYREF3F5B0C2A51,
PAY002409,C0128,A1385,,2657.03,ZAR,2024-07-10,DEBIT_ORDER,COMPLETED,PAYREFD0AE32F6BF,
PAY002410,C0279,A0329,,359.82,ZAR,2025-05-09,EFT,COMPLETED,PAYREF49982CFA9E,
PAY002411,C0710,A1066,POL0429,1169.81,ZAR,2024-12-08,DEBIT_ORDER,COMPLETED,PAYREF28041BEEFF,
PAY002412,C0452,A1080,,147.15,ZAR,2026-07-10,DEBIT_ORDER,COMPLETED,PAYREF41E8C78F65,
PAY002413,C0217,A1182,,2467.08,ZAR,2024-03-24,CARD,COMPLETED,PAYREF9EA3462947,
PAY002414,C0039,A0692,POL0666,781.63,ZAR,2024-08-28,MOBILE,COMPLETED,PAYREF06D028DFCB,
PAY002415,C0902,A0469,POL0641,328.53,ZAR,2026-06-13,MOBILE,COMPLETED,PAYREFD402D74807,
PAY002416,C0605,A1028,,1529.27,ZAR,2026-08-11,DEBIT_ORDER,COMPLETED,PAYREF98EA5E8B41,
PAY002417,C0552,A0908,POL0579,757.58,ZAR,2024-10-04,CASH,FAILED,PAYREF6AE14BEEB6,Account closed
PAY002418,C0353,A0029,,3871.75,ZAR,2025-03-05,CASH,PENDING,PAYREFF0E8FB4698,
PAY002419,C0381,A0224,POL0312,449.18,ZAR,2025-03-02,EFT,PENDING,PAYREF55F545CC1B,
PAY002420,C0073,A1035,,10126.95,ZAR,2025-08-27,CASH,COMPLETED,PAYREF359E715FBF,
PAY002421,C0548,A1288,POL0165,2577.45,ZAR,2024-05-23,EFT,COMPLETED,PAYREF0C952E730C,
PAY002422,C0167,A0834,,3974.66,ZAR,2025-02-04,DEBIT_ORDER,COMPLETED,PAYREFD12533AB90,
PAY002423,C0084,A0778,POL0342,391.96,ZAR,2024-04-16,DEBIT_ORDER,COMPLETED,PAYREF823140DB6A,
PAY002424,C0562,A0309,,6558.12,ZAR,2025-06-27,CARD,COMPLETED,PAYREF3C9E4DD75D,
PAY002425,C0487,A0457,POL0514,326.18,ZAR,2026-06-01,EFT,PENDING,PAYREFE98545CB25,
PAY002426,C0354,A0302,,889.08,ZAR,2025-08-03,CASH,FAILED,PAYREF3E40535B9C,Insufficient funds
PAY002427,C0304,A0614,POL0635,4042.65,ZAR,2024-12-08,MOBILE,COMPLETED,PAYREF5C8087D9B6,
PAY002428,C0184,A1362,POL0379,1820.32,ZAR,2025-09-30,EFT,COMPLETED,PAYREF2A573D60ED,
PAY002429,C0444,A0815,POL0590,317.61,ZAR,2025-11-13,CARD,FAILED,PAYREFADB4BFC083,Invalid account
PAY002430,C0606,A0121,POL0774,3413.22,ZAR,2025-05-27,MOBILE,COMPLETED,PAYREF3BB6D3C3E3,
PAY002431,C0817,A0725,POL0622,1540.64,ZAR,2025-11-20,CASH,COMPLETED,PAYREF712FA7DAB8,
PAY002432,C0108,A1219,,723.28,ZAR,2024-06-19,CARD,COMPLETED,PAYREF05718FEC3A,
PAY002433,C0739,A0443,POL0753,234.63,ZAR,2024-05-17,EFT,COMPLETED,PAYREF56C0C3E1B1,
PAY002434,C0161,A0753,POL0368,1693.84,ZAR,2024-07-02,CASH,COMPLETED,PAYREF929ACE0B8E,
PAY002435,C0607,A0169,POL0447,931.29,ZAR,2026-01-28,CARD,COMPLETED,PAYREFA5FC236EEF,
PAY002436,C0175,A1003,POL0266,1282.17,ZAR,2026-07-24,CASH,COMPLETED,PAYREF7140D058D0,
PAY002437,C0350,A0488,,224.71,ZAR,2024-02-22,CASH,PENDING,PAYREFF725952890,
PAY002438,C0379,A1323,,721.51,ZAR,2025-02-09,MOBILE,COMPLETED,PAYREF7DA9E98EB3,
PAY002439,C0760,A1494,POL0060,1772.78,ZAR,2025-12-07,EFT,COMPLETED,PAYREF438052659E,
PAY002440,C0365,A1282,POL0775,7161.43,ZAR,2025-05-28,CASH,COMPLETED,PAYREF376190FBF2,
PAY002441,C0412,A1259,,893.12,ZAR,2026-01-15,EFT,COMPLETED,PAYREF41E2D2D51B,
PAY002442,C0139,A0714,,4643.85,ZAR,2025-07-30,MOBILE,PENDING,PAYREF9F4E38ECC3,
PAY002443,C0554,A0259,,2409.92,ZAR,2024-10-24,DEBIT_ORDER,COMPLETED,PAYREF159E9890F8,
PAY002444,C0110,A0035,POL0041,1385.46,ZAR,2024-03-09,MOBILE,COMPLETED,PAYREF176B474E73,
PAY002445,C0159,A0388,POL0720,398.48,ZAR,2024-11-15,DEBIT_ORDER,PENDING,PAYREF756361C81D,
PAY002446,C0063,A0610,,415.52,ZAR,2024-03-06,DEBIT_ORDER,COMPLETED,PAYREF4B7D743416,
PAY002447,C0449,A0416,POL0264,2033.56,ZAR,2024-12-12,CARD,COMPLETED,PAYREF2B5104BC2B,
PAY002448,C0266,A1474,POL0205,647.75,ZAR,2025-11-18,CASH,FAILED,PAYREF6998B1103E,Limit exceeded
PAY002449,C0017,A1368,POL0274,592.67,ZAR,2024-01-14,DEBIT_ORDER,COMPLETED,PAYREFEE337B9849,
PAY002450,C0951,A0923,,915.43,ZAR,2024-12-30,EFT,COMPLETED,PAYREFD040ED8B3D,
PAY002451,C0807,A1249,POL0673,930.92,ZAR,2025-02-24,MOBILE,COMPLETED,PAYREFE7B4138A99,
PAY002452,C0283,A0084,,2699.35,ZAR,2025-07-23,EFT,COMPLETED,PAYREF9F8D13987B,
PAY002453,C0709,A0261,,661.49,ZAR,2025-12-19,CASH,COMPLETED,PAYREFC277F67A74,
PAY002454,C0933,A1167,POL0716,2443.63,ZAR,2025-01-21,MOBILE,COMPLETED,PAYREF83FE8AED08,
PAY002455,C0537,A1423,POL0597,1702.25,ZAR,2024-06-16,MOBILE,PENDING,PAYREF6F79292D25,
PAY002456,C0791,A0199,,205.61,ZAR,2024-03-17,CASH,COMPLETED,PAYREFF499CE7F2E,
PAY002457,C0011,A0382,,1472.19,ZAR,2026-03-03,EFT,COMPLETED,PAYREFD5D10F06F7,
PAY002458,C0812,A1356,POL0037,76.11,ZAR,2025-08-16,MOBILE,COMPLETED,PAYREF0A777EB348,
PAY002459,C0332,A0086,POL0112,447.99,ZAR,2024-05-26,CASH,COMPLETED,PAYREF14DDD49E0E,
PAY002460,C0551,A0537,POL0717,1742.5,ZAR,2024-10-11,MOBILE,COMPLETED,PAYREF280E1F0917,
PAY002461,C0311,A1397,POL0415,1085.02,ZAR,2024-08-27,DEBIT_ORDER,COMPLETED,PAYREF0F0F353704,
PAY002462,C0628,A0733,,187.19,ZAR,2024-05-09,MOBILE,COMPLETED,PAYREFFF473BB453,
PAY002463,C0184,A1150,,358.11,ZAR,2024-12-02,CASH,COMPLETED,PAYREF85AFC8B819,
PAY002464,C0092,A0799,POL0357,80.73,ZAR,2025-11-06,CASH,PENDING,PAYREF89AE5D1B4E,
PAY002465,C0068,A1245,,286.41,ZAR,2026-04-13,CASH,COMPLETED,PAYREF50E1EFB7AD,
PAY002466,C0701,A0835,POL0086,1956.8,ZAR,2025-01-23,CARD,COMPLETED,PAYREF765CC3C573,
PAY002467,C0798,A0288,POL0359,628.02,ZAR,2025-10-25,CARD,COMPLETED,PAYREF0592949C09,
PAY002468,C0807,A0675,,1299.77,ZAR,2024-12-08,CASH,COMPLETED,PAYREF9AA449E593,
PAY002469,C0530,A0993,POL0009,1111.7,ZAR,2025-11-03,DEBIT_ORDER,COMPLETED,PAYREF9E88084C97,
PAY002470,C0500,A1342,POL0037,1132.95,ZAR,2024-11-01,EFT,COMPLETED,PAYREF3D896545E5,
PAY002471,C0576,A0047,POL0565,3050.72,ZAR,2025-05-18,CARD,COMPLETED,PAYREF2D96032A05,
PAY002472,C0814,A0456,,895.24,ZAR,2025-06-09,DEBIT_ORDER,COMPLETED,PAYREF6B2D192648,
PAY002473,C0567,A1289,POL0191,2726.21,ZAR,2024-09-10,CASH,COMPLETED,PAYREFF49C3C71CF,
PAY002474,C0777,A0844,POL0262,92.08,ZAR,2025-01-16,MOBILE,COMPLETED,PAYREFC0A0C72122,
PAY002475,C0093,A0662,POL0118,3332.33,ZAR,2025-09-14,MOBILE,PENDING,PAYREFE70EB90CDC,
PAY002476,C0940,A0815,POL0571,301.85,ZAR,2025-03-02,MOBILE,COMPLETED,PAYREFA0073BC0E9,
PAY002477,C0600,A1415,,375.05,ZAR,2025-02-16,EFT,COMPLETED,PAYREF5AE3C4E309,
PAY002478,C0720,A0181,,542.06,ZAR,2025-07-27,EFT,COMPLETED,PAYREF9055341D1E,
PAY002479,C0154,A1206,,3241.71,ZAR,2024-08-31,MOBILE,COMPLETED,PAYREF3FBF0BA2A0,
PAY002480,C0161,A0557,,450.65,ZAR,2025-04-14,DEBIT_ORDER,COMPLETED,PAYREFDB1E47EC9E,
PAY002481,C0067,A0747,POL0128,569.13,ZAR,2024-01-27,DEBIT_ORDER,COMPLETED,PAYREFC48988FEC6,
PAY002482,C0513,A1480,,419.18,ZAR,2026-05-18,MOBILE,COMPLETED,PAYREF15EC36B467,
PAY002483,C0307,A1480,POL0356,1415.72,ZAR,2024-01-07,DEBIT_ORDER,COMPLETED,PAYREF24B6ABB0C6,
PAY002484,C0543,A0714,,2306.78,ZAR,2024-07-06,CASH,FAILED,PAYREF4D0027E509,Limit exceeded
PAY002485,C0659,A1095,POL0575,6028.93,ZAR,2026-02-24,CASH,COMPLETED,PAYREF2EFABA8E38,
PAY002486,C0741,A1001,,12086.17,ZAR,2024-09-16,DEBIT_ORDER,COMPLETED,PAYREFDD024F7863,
PAY002487,C0491,A0123,POL0366,2101.03,ZAR,2025-10-15,CARD,FAILED,PAYREF075E230856,Invalid account
PAY002488,C0408,A0895,POL0667,1580.75,ZAR,2024-02-07,EFT,COMPLETED,PAYREFC7F8BB5FE6,
PAY002489,C0721,A0885,POL0085,324.62,ZAR,2026-07-23,CARD,COMPLETED,PAYREF2E40E38DCF,
PAY002490,C0335,A0991,POL0766,7400.5,ZAR,2025-05-31,CARD,COMPLETED,PAYREF5DEFC69F53,
PAY002491,C0222,A1126,POL0169,1360.22,ZAR,2024-08-24,CARD,PENDING,PAYREF6B42071075,
PAY002492,C0282,A0256,POL0112,821.34,ZAR,2024-09-04,CASH,COMPLETED,PAYREF71B4346941,
PAY002493,C0154,A0342,POL0638,1615.71,ZAR,2024-04-07,DEBIT_ORDER,COMPLETED,PAYREF9ECB662458,
PAY002494,C0513,A1411,POL0730,580.36,ZAR,2024-07-10,DEBIT_ORDER,COMPLETED,PAYREF94AEFD535D,
PAY002495,C0671,A0817,POL0001,105.88,ZAR,2025-08-26,EFT,COMPLETED,PAYREF68EE45B903,
PAY002496,C0284,A0675,POL0205,1942.64,ZAR,2026-03-19,CASH,PENDING,PAYREF832773951E,
PAY002497,C0223,A0983,,4198.46,ZAR,2024-06-21,CASH,COMPLETED,PAYREF0B8B275963,
PAY002498,C0829,A0458,POL0768,1913.95,ZAR,2026-05-18,CARD,COMPLETED,PAYREF992D0F2665,
PAY002499,C0860,A0001,POL0447,1088.9,ZAR,2025-10-25,CARD,COMPLETED,PAYREF70FD147D9B,
PAY002500,C0487,A0313,POL0764,1111.28,ZAR,2026-04-24,CARD,COMPLETED,PAYREFC0046D554D,
PAY002501,C0266,A1051,POL0080,1302.81,ZAR,2026-06-23,EFT,COMPLETED,PAYREF4791DFA42F,
PAY002502,C0298,A0593,,1263.52,ZAR,2025-01-25,CASH,COMPLETED,PAYREF402FEA74A6,
PAY002503,C0600,A0735,POL0364,1032.05,ZAR,2025-09-12,MOBILE,COMPLETED,PAYREFCFAA3A47A7,
PAY002504,C0692,A0082,,1124.78,ZAR,2025-12-21,MOBILE,FAILED,PAYREFEDECDF30DC,Account closed
PAY002505,C0330,A1303,POL0146,5192.72,ZAR,2024-05-14,EFT,PENDING,PAYREF61A1D6A0E5,
PAY002506,C0509,A1283,,1758.6,ZAR,2025-06-24,CASH,COMPLETED,PAYREF2B817A6FAD,
PAY002507,C0383,A0318,POL0727,1218.22,ZAR,2025-11-23,CARD,COMPLETED,PAYREFB6E3C1C7C1,
PAY002508,C0280,A0735,POL0329,2120.12,ZAR,2026-07-11,DEBIT_ORDER,COMPLETED,PAYREFC0BD82ACCA,
PAY002509,C0985,A1103,POL0120,2120.27,ZAR,2025-10-05,EFT,COMPLETED,PAYREFB5168478A8,
PAY002510,C0863,A0929,,2824.25,ZAR,2024-09-30,MOBILE,COMPLETED,PAYREF702F03493A,
PAY002511,C0761,A0288,POL0452,514.44,ZAR,2024-03-13,EFT,COMPLETED,PAYREF7D31DAB32C,
PAY002512,C0279,A0781,POL0489,678.22,ZAR,2025-06-13,CASH,COMPLETED,PAYREF6DC05FB42C,
PAY002513,C0242,A1219,,486.11,ZAR,2026-05-18,EFT,COMPLETED,PAYREF3FC066B626,
PAY002514,C0589,A0435,POL0186,2360.72,ZAR,2024-03-04,EFT,COMPLETED,PAYREF1B58001EA4,
PAY002515,C0109,A0242,POL0322,2248.17,ZAR,2026-07-05,CASH,FAILED,PAYREF323222CD93,Invalid account
PAY002516,C0560,A0808,POL0562,306.97,ZAR,2024-05-16,MOBILE,COMPLETED,PAYREF7CD96E6731,
PAY002517,C0550,A0206,POL0503,1621.06,ZAR,2024-06-24,CASH,COMPLETED,PAYREF185B5DD536,
PAY002518,C0114,A1434,,4325.29,ZAR,2026-03-27,DEBIT_ORDER,COMPLETED,PAYREFB007E77C17,
PAY002519,C0411,A1418,,866.68,ZAR,2024-05-11,CASH,COMPLETED,PAYREF409A53C9DD,
PAY002520,C0352,A0465,POL0772,1501.13,ZAR,2024-05-28,CARD,PENDING,PAYREF905B1EDCDC,
PAY002521,C0391,A1237,,2276.71,ZAR,2026-05-12,EFT,COMPLETED,PAYREFAF42ADB56B,
PAY002522,C0399,A0581,,292.79,ZAR,2024-02-29,DEBIT_ORDER,COMPLETED,PAYREFC9D963A244,
PAY002523,C0714,A0529,POL0085,1276.64,ZAR,2024-01-18,MOBILE,COMPLETED,PAYREF00E1E62F20,
PAY002524,C0390,A0857,,3913.22,ZAR,2026-07-18,DEBIT_ORDER,COMPLETED,PAYREF163ECADF32,
PAY002525,C0105,A1332,POL0185,605.95,ZAR,2024-09-05,CARD,COMPLETED,PAYREF0C11FB34A0,
PAY002526,C0486,A0179,,2521.14,ZAR,2024-01-24,MOBILE,COMPLETED,PAYREFC1EF963773,
PAY002527,C0442,A0015,POL0018,1126.83,ZAR,2025-08-11,EFT,COMPLETED,PAYREFE7F82817E4,
PAY002528,C0252,A0968,POL0028,558.63,ZAR,2026-07-17,MOBILE,COMPLETED,PAYREF761C8D0DB7,
PAY002529,C0601,A1160,POL0120,995.75,ZAR,2024-08-26,CASH,FAILED,PAYREFDEB8857A8A,Technical error
PAY002530,C0864,A0486,,647.99,ZAR,2024-08-24,EFT,COMPLETED,PAYREF4E8E2EF8DC,
PAY002531,C0825,A1215,POL0145,451.1,ZAR,2026-07-30,EFT,COMPLETED,PAYREFB1A12772EC,
PAY002532,C0688,A0336,POL0140,850.36,ZAR,2024-03-27,CARD,COMPLETED,PAYREFEF417C160E,
PAY002533,C0720,A0073,POL0162,1174.3,ZAR,2024-02-05,EFT,FAILED,PAYREFB14FE8229D,Invalid account
PAY002534,C0802,A1150,POL0241,928.85,ZAR,2026-07-08,CASH,COMPLETED,PAYREF4C3EF4D6FC,
PAY002535,C0692,A1145,,841.03,ZAR,2025-02-17,DEBIT_ORDER,PENDING,PAYREFB842C28D0F,
PAY002536,C0581,A1313,,1374.71,ZAR,2024-09-02,MOBILE,COMPLETED,PAYREF337E34A99A,
PAY002537,C0898,A0805,,1865.73,ZAR,2024-01-16,EFT,COMPLETED,PAYREF222F1EFDE9,
PAY002538,C0086,A0885,,349.29,ZAR,2024-11-28,CARD,COMPLETED,PAYREFD7061BCCF1,
PAY002539,C0610,A0205,POL0218,852.01,ZAR,2024-12-04,MOBILE,COMPLETED,PAYREFEDE54C209E,
PAY002540,C0254,A1147,POL0631,152.39,ZAR,2024-10-29,DEBIT_ORDER,COMPLETED,PAYREF82A12E2406,
PAY002541,C0030,A0801,POL0135,932.45,ZAR,2024-05-19,DEBIT_ORDER,COMPLETED,PAYREF884A80C95B,
PAY002542,C0692,A0119,,1274.78,ZAR,2025-02-13,DEBIT_ORDER,COMPLETED,PAYREF9F543AEC1F,
PAY002543,C0063,A1076,,1938.71,ZAR,2024-11-02,DEBIT_ORDER,COMPLETED,PAYREFC237C5C355,
PAY002544,C0576,A0104,POL0054,1279.35,ZAR,2025-01-22,EFT,COMPLETED,PAYREF766C8F16B7,
PAY002545,C0704,A0204,POL0049,1897.28,ZAR,2024-03-09,EFT,COMPLETED,PAYREF8FE16F6D87,
PAY002546,C0002,A0713,POL0335,1170.55,ZAR,2025-05-05,MOBILE,COMPLETED,PAYREF9C9EBAA1DA,
PAY002547,C0931,A0567,POL0501,558.07,ZAR,2024-01-12,EFT,COMPLETED,PAYREFB6AC6742F4,
PAY002548,C0217,A1173,,359.27,ZAR,2026-08-17,CARD,COMPLETED,PAYREFFEB4572F1A,
PAY002549,C0219,A1427,POL0143,843.03,ZAR,2025-02-27,DEBIT_ORDER,COMPLETED,PAYREFAC9F3BADEF,
PAY002550,C0103,A1005,,509.65,ZAR,2024-07-11,CASH,COMPLETED,PAYREFB4FCE2706C,
PAY002551,C0921,A0094,POL0205,972.9,ZAR,2024-01-28,CARD,COMPLETED,PAYREFAA3E84533D,
PAY002552,C0013,A0290,,670.57,ZAR,2024-11-24,CASH,COMPLETED,PAYREF71D9874D73,
PAY002553,C0545,A0261,POL0047,1667.5,ZAR,2026-03-30,CASH,COMPLETED,PAYREF2D274CF6F6,
PAY002554,C0639,A0377,POL0321,1151.65,ZAR,2025-10-24,MOBILE,COMPLETED,PAYREFBC15ED8FAC,
PAY002555,C0824,A0271,,1715.56,ZAR,2026-06-26,CASH,COMPLETED,PAYREFD9438F796D,
PAY002556,C0967,A0943,POL0618,1706.82,ZAR,2026-04-14,DEBIT_ORDER,COMPLETED,PAYREFD9713C01B2,
PAY002557,C0549,A0097,,916.28,ZAR,2024-08-27,CARD,COMPLETED,PAYREFAFBFE3ECAA,
PAY002558,C0704,A0977,,974.25,ZAR,2024-03-09,EFT,REVERSED,PAYREF75F47358DA,
PAY002559,C0867,A1052,,1810.95,ZAR,2026-08-13,MOBILE,COMPLETED,PAYREF2E86E28531,
PAY002560,C0901,A1191,POL0187,12656.66,ZAR,2024-07-11,EFT,COMPLETED,PAYREF708F55A7C4,
PAY002561,C0898,A0459,POL0136,407.84,ZAR,2025-12-02,DEBIT_ORDER,COMPLETED,PAYREF335425E78A,
PAY002562,C0714,A0838,POL0076,1143.39,ZAR,2025-03-21,EFT,FAILED,PAYREFAB90865174,Limit exceeded
PAY002563,C0133,A1388,POL0388,331.72,ZAR,2024-06-19,EFT,COMPLETED,PAYREF02E137B93B,
PAY002564,C0518,A1080,POL0717,1073.94,ZAR,2026-05-07,CARD,REVERSED,PAYREFDA2A19D611,
PAY002565,C0867,A1144,POL0126,558.88,ZAR,2026-07-29,DEBIT_ORDER,COMPLETED,PAYREFAD21BBBF06,
PAY002566,C0244,A1378,,972.72,ZAR,2026-08-04,EFT,COMPLETED,PAYREF9682B9B9FA,
PAY002567,C0734,A1165,POL0448,1280.89,ZAR,2024-03-11,DEBIT_ORDER,COMPLETED,PAYREF8CADFFD353,
PAY002568,C0124,A0856,,672.24,ZAR,2026-07-30,DEBIT_ORDER,COMPLETED,PAYREF45892A40C4,
PAY002569,C0373,A0414,,184.24,ZAR,2026-08-01,EFT,COMPLETED,PAYREF4BFB2F7559,
PAY002570,C0105,A1479,POL0652,4562.09,ZAR,2024-03-03,MOBILE,COMPLETED,PAYREF1BD1385A91,
PAY002571,C0899,A0774,POL0085,2538.37,ZAR,2024-05-16,EFT,COMPLETED,PAYREFB49B1353AE,
PAY002572,C0174,A0852,POL0614,962.41,ZAR,2026-08-08,EFT,COMPLETED,PAYREF802D16E2C2,
PAY002573,C0088,A0458,,448.21,ZAR,2024-01-22,CASH,COMPLETED,PAYREFC48B2EDED1,
PAY002574,C0635,A1201,POL0622,1193.95,ZAR,2025-10-31,DEBIT_ORDER,COMPLETED,PAYREF8A57C82191,
PAY002575,C0157,A1176,POL0257,1573.39,ZAR,2026-05-25,DEBIT_ORDER,COMPLETED,PAYREF802A2399D0,
PAY002576,C0576,A1352,,2368.5,ZAR,2026-01-20,CASH,COMPLETED,PAYREF79FA8AA950,
PAY002577,C0027,A0920,POL0188,2597.29,ZAR,2024-05-18,DEBIT_ORDER,COMPLETED,PAYREF07A6EF25D4,
PAY002578,C0923,A1127,POL0643,3135.92,ZAR,2024-01-17,CASH,REVERSED,PAYREF1049CB9CD9,
PAY002579,C0132,A1050,,192.32,ZAR,2025-04-07,MOBILE,COMPLETED,PAYREF106475D65E,
PAY002580,C0683,A0380,,808.64,ZAR,2024-01-31,MOBILE,COMPLETED,PAYREFA3FBDFFF4D,
PAY002581,C0918,A0456,POL0283,2960.46,ZAR,2026-02-26,CASH,COMPLETED,PAYREFE18F51BC9F,
PAY002582,C0598,A1402,,435.44,ZAR,2024-08-09,EFT,COMPLETED,PAYREFEAD9EBE81E,
PAY002583,C0786,A0724,POL0167,3711.78,ZAR,2025-05-22,MOBILE,COMPLETED,PAYREF4703362CE0,
PAY002584,C0795,A0510,,6703.45,ZAR,2026-01-02,EFT,COMPLETED,PAYREF47150A6541,
PAY002585,C0803,A0767,POL0245,3609.25,ZAR,2026-05-02,CARD,COMPLETED,PAYREF7277392285,
PAY002586,C0161,A1040,,2125.13,ZAR,2025-10-26,EFT,COMPLETED,PAYREF8289A2A2E9,
PAY002587,C0564,A0226,,700.99,ZAR,2024-08-16,EFT,PENDING,PAYREF833935A397,
PAY002588,C0382,A0368,POL0226,1453.36,ZAR,2024-08-29,CARD,COMPLETED,PAYREF34794E2332,
PAY002589,C0807,A0253,POL0092,285.4,ZAR,2025-01-01,CASH,COMPLETED,PAYREF48595FA59E,
PAY002590,C0741,A0520,POL0564,502.15,ZAR,2024-07-12,CASH,COMPLETED,PAYREFE5ADFC0B81,
PAY002591,C0607,A1055,POL0490,538.72,ZAR,2026-08-27,CASH,COMPLETED,PAYREF67A1D943A3,
PAY002592,C0199,A0241,,1166.74,ZAR,2024-10-09,EFT,COMPLETED,PAYREF718CAE94DC,
PAY002593,C0158,A1207,,740.87,ZAR,2024-10-01,MOBILE,COMPLETED,PAYREF1A897E1F1F,
PAY002594,C0122,A0102,,1424.53,ZAR,2026-05-15,MOBILE,COMPLETED,PAYREF25B653F841,
PAY002595,C0775,A0649,POL0412,2638.13,ZAR,2025-05-20,MOBILE,COMPLETED,PAYREF8988E053F5,
PAY002596,C0565,A0017,POL0545,539.3,ZAR,2024-01-31,CASH,COMPLETED,PAYREFFE4EE575EF,
PAY002597,C0546,A0142,,1272.32,ZAR,2025-10-20,DEBIT_ORDER,COMPLETED,PAYREF90A7F01D53,
PAY002598,C0202,A0815,POL0604,723.45,ZAR,2026-03-12,CARD,FAILED,PAYREF19FD935031,Account closed
PAY002599,C0153,A0354,POL0249,1326.32,ZAR,2026-02-07,CARD,COMPLETED,PAYREF7E1E587FFD,
PAY002600,C0032,A0562,,2178.02,ZAR,2026-08-05,EFT,COMPLETED,PAYREF5E81BFF79A,
PAY002601,C0734,A0280,POL0309,2755.17,ZAR,2024-03-26,MOBILE,FAILED,PAYREFA93EB4BCBA,Invalid account
PAY002602,C0562,A0726,,2143.73,ZAR,2024-02-28,EFT,COMPLETED,PAYREFA84CBD8113,
PAY002603,C0024,A0885,,1659.03,ZAR,2025-04-19,DEBIT_ORDER,COMPLETED,PAYREF8DA797554A,
PAY002604,C0508,A0878,,265.02,ZAR,2025-08-06,CASH,FAILED,PAYREFC1D2F9A940,Limit exceeded
PAY002605,C0909,A0696,,371.94,ZAR,2025-05-17,CASH,COMPLETED,PAYREF243981F3AC,
PAY002606,C0081,A0301,POL0380,480.98,ZAR,2025-06-15,CARD,COMPLETED,PAYREF83905F44E1,
PAY002607,C0020,A1046,POL0626,1569.67,ZAR,2025-11-20,CASH,COMPLETED,PAYREF9B7B39E3E8,
PAY002608,C0423,A1149,,301.57,ZAR,2024-10-14,EFT,COMPLETED,PAYREF21880AD103,
PAY002609,C0728,A0988,POL0782,1536.9,ZAR,2024-01-04,EFT,COMPLETED,PAYREF3B3632ECFC,
PAY002610,C0523,A0974,POL0160,1428.63,ZAR,2024-08-08,CARD,COMPLETED,PAYREFFF22AD4B3E,
PAY002611,C0526,A0306,POL0351,158.27,ZAR,2024-02-09,DEBIT_ORDER,COMPLETED,PAYREF0D1F19AF6D,
PAY002612,C0981,A0681,POL0658,369.59,ZAR,2026-05-09,MOBILE,COMPLETED,PAYREF94D01E8A51,
PAY002613,C0272,A0032,POL0106,3114.66,ZAR,2026-06-14,MOBILE,COMPLETED,PAYREF85089CD5E1,
PAY002614,C0190,A0836,POL0657,2202.63,ZAR,2024-11-26,DEBIT_ORDER,COMPLETED,PAYREF040567296C,
PAY002615,C0032,A1322,POL0460,468.53,ZAR,2025-02-19,CARD,PENDING,PAYREF273114ECFA,
PAY002616,C0088,A0994,,389.61,ZAR,2024-03-02,MOBILE,COMPLETED,PAYREF2AC219491B,
PAY002617,C0090,A1475,POL0228,94.6,ZAR,2025-03-05,CASH,COMPLETED,PAYREFB299B8770F,
PAY002618,C0807,A0911,POL0140,4775.71,ZAR,2026-01-17,EFT,PENDING,PAYREF36320E356E,
PAY002619,C0896,A1323,,1142.59,ZAR,2025-06-11,CASH,COMPLETED,PAYREF2FB3685C70,
PAY002620,C0880,A0637,POL0335,7213.6,ZAR,2025-10-14,CARD,COMPLETED,PAYREF817C29E8D2,
PAY002621,C0053,A0366,,905.36,ZAR,2025-12-17,DEBIT_ORDER,COMPLETED,PAYREFEC93A7B132,
PAY002622,C0381,A1084,,1454.75,ZAR,2024-06-14,CASH,COMPLETED,PAYREF62673CB36D,
PAY002623,C0986,A1345,POL0508,2673.91,ZAR,2025-07-10,CARD,COMPLETED,PAYREF6E2C2F7A5A,
PAY002624,C0265,A0402,,5646.79,ZAR,2024-05-31,CARD,COMPLETED,PAYREF821A991375,
PAY002625,C0900,A0755,,1809.89,ZAR,2025-06-15,MOBILE,FAILED,PAYREFBCE0A18C47,Account closed
PAY002626,C0474,A0378,,1099.28,ZAR,2025-08-19,MOBILE,COMPLETED,PAYREF90CF003796,
PAY002627,C0504,A0465,,1127.73,ZAR,2025-07-04,CASH,COMPLETED,PAYREFD5C97E9EF2,
PAY002628,C0648,A1221,POL0284,385.35,ZAR,2026-05-12,EFT,COMPLETED,PAYREFB696670C50,
PAY002629,C0358,A1483,POL0428,748.53,ZAR,2025-01-20,DEBIT_ORDER,PENDING,PAYREF14E7C74AF1,
PAY002630,C0965,A0339,,1154.27,ZAR,2026-05-20,EFT,COMPLETED,PAYREF53EAFB5182,
PAY002631,C0006,A0264,POL0165,4367.27,ZAR,2024-07-19,CASH,COMPLETED,PAYREFB3FE400306,
PAY002632,C0983,A0919,,713.34,ZAR,2024-12-25,EFT,COMPLETED,PAYREF57427F72DB,
PAY002633,C0014,A0810,,3173.7,ZAR,2024-07-24,EFT,COMPLETED,PAYREF0A63226CD1,
PAY002634,C0891,A0521,POL0662,1010.46,ZAR,2024-04-24,EFT,PENDING,PAYREF42F4080A7E,
PAY002635,C0250,A1036,,3803.05,ZAR,2025-04-20,EFT,COMPLETED,PAYREFEC69731077,
PAY002636,C0063,A1324,POL0213,2157.54,ZAR,2024-01-12,DEBIT_ORDER,COMPLETED,PAYREFE14620C0FB,
PAY002637,C0233,A0157,POL0288,2016.65,ZAR,2025-05-03,EFT,COMPLETED,PAYREFA839F49495,
PAY002638,C0301,A0653,POL0741,2918.5,ZAR,2026-05-15,EFT,COMPLETED,PAYREF194CA0A092,
PAY002639,C0103,A0732,POL0156,2522.89,ZAR,2024-10-29,DEBIT_ORDER,COMPLETED,PAYREF6C7B3733F4,
PAY002640,C0969,A0526,,3177.38,ZAR,2024-09-17,DEBIT_ORDER,COMPLETED,PAYREF3100902A09,
PAY002641,C0298,A0852,POL0091,9244.31,ZAR,2026-08-14,CASH,COMPLETED,PAYREF67346C828A,
PAY002642,C0208,A0723,POL0435,5524.21,ZAR,2026-01-02,CARD,FAILED,PAYREF074E1B70D5,Invalid account
PAY002643,C0651,A0582,POL0629,1748.34,ZAR,2024-03-08,MOBILE,FAILED,PAYREFEEA6027C89,Insufficient funds
PAY002644,C0120,A1041,POL0255,705.04,ZAR,2024-12-20,CARD,COMPLETED,PAYREF76B78E7D1A,
PAY002645,C0655,A0815,POL0574,1581.96,ZAR,2025-02-08,DEBIT_ORDER,COMPLETED,PAYREFC244A16C48,
PAY002646,C0653,A0616,,159.78,ZAR,2025-03-25,EFT,COMPLETED,PAYREF6DFEDC7830,
PAY002647,C0359,A0837,,2512.38,ZAR,2024-09-21,MOBILE,COMPLETED,PAYREF7CEDDCD145,
PAY002648,C0225,A0155,POL0761,379.92,ZAR,2024-02-01,DEBIT_ORDER,COMPLETED,PAYREF0C41F73DCC,
PAY002649,C0109,A0680,POL0054,3369.37,ZAR,2025-03-03,CASH,COMPLETED,PAYREFBA1BD0688D,
PAY002650,C0982,A1087,,7944.93,ZAR,2024-05-06,EFT,COMPLETED,PAYREF7CD7A52CED,
PAY002651,C0779,A1198,POL0252,257.0,ZAR,2024-06-26,EFT,COMPLETED,PAYREF02E7A43267,
PAY002652,C0511,A1073,POL0075,1042.83,ZAR,2024-06-19,MOBILE,COMPLETED,PAYREFBB0DB81D48,
PAY002653,C0748,A0208,POL0449,378.26,ZAR,2025-05-29,CASH,PENDING,PAYREFFE0C51B444,
PAY002654,C0600,A0742,,194.74,ZAR,2025-06-19,CARD,COMPLETED,PAYREFD4E6B7AE14,
PAY002655,C0296,A0630,,986.02,ZAR,2024-01-29,CASH,COMPLETED,PAYREF90F9FDCFAB,
PAY002656,C0452,A0219,POL0238,2069.72,ZAR,2025-03-21,CARD,COMPLETED,PAYREF9025F0B137,
PAY002657,C0796,A1263,,2331.81,ZAR,2025-08-24,MOBILE,COMPLETED,PAYREF750A65C84A,
PAY002658,C0807,A0862,,1279.12,ZAR,2025-06-19,MOBILE,COMPLETED,PAYREF7C7986F058,
PAY002659,C0244,A0168,POL0237,207.63,ZAR,2024-03-07,CASH,COMPLETED,PAYREF255F99CE95,
PAY002660,C0981,A1072,POL0032,1240.64,ZAR,2024-12-29,EFT,COMPLETED,PAYREF64B912528D,
PAY002661,C0316,A1040,POL0281,246.52,ZAR,2026-07-23,EFT,COMPLETED,PAYREFA6F7F95122,
PAY002662,C0413,A1430,POL0224,263.23,ZAR,2024-06-01,DEBIT_ORDER,FAILED,PAYREF1642FB579D,Insufficient funds
PAY002663,C0987,A0389,POL0583,404.71,ZAR,2025-04-03,CASH,COMPLETED,PAYREFFB5EDB3A6F,
PAY002664,C0453,A0308,POL0056,3133.2,ZAR,2026-08-11,MOBILE,COMPLETED,PAYREFE1D0294B49,
PAY002665,C0635,A0102,POL0734,1891.75,ZAR,2025-08-19,MOBILE,COMPLETED,PAYREFC098F70CB8,
PAY002666,C0593,A0619,,1514.12,ZAR,2024-07-04,CARD,FAILED,PAYREFCFDE2FCBBD,Account closed
PAY002667,C0593,A0693,POL0035,462.84,ZAR,2026-02-20,CASH,REVERSED,PAYREFD8E8105D51,
PAY002668,C0544,A1472,,744.14,ZAR,2025-09-30,CASH,COMPLETED,PAYREFF8D5AA5935,
PAY002669,C0323,A1117,POL0141,278.63,ZAR,2026-02-16,DEBIT_ORDER,COMPLETED,PAYREF0D2B21CAC6,
PAY002670,C0621,A0636,,4291.11,ZAR,2026-06-29,CARD,COMPLETED,PAYREF953A0D0300,
PAY002671,C0954,A0119,POL0015,9870.03,ZAR,2025-05-27,CASH,COMPLETED,PAYREF3B53D9A7B1,
PAY002672,C0321,A0584,,1913.33,ZAR,2025-03-21,CASH,COMPLETED,PAYREFFD61628C4B,
PAY002673,C0969,A0699,POL0722,2279.6,ZAR,2025-06-24,MOBILE,COMPLETED,PAYREF00552DECA5,
PAY002674,C0237,A0536,,935.46,ZAR,2024-05-14,CASH,COMPLETED,PAYREF5FCC1E2105,
PAY002675,C0450,A1075,,217.14,ZAR,2025-07-14,EFT,COMPLETED,PAYREF2535C8877F,
PAY002676,C0642,A1460,,471.55,ZAR,2026-08-31,CASH,COMPLETED,PAYREF634941ECA5,
PAY002677,C0656,A0553,POL0787,688.57,ZAR,2025-05-30,CASH,COMPLETED,PAYREFBE0A6E00A8,
PAY002678,C0262,A0888,POL0466,746.01,ZAR,2024-06-14,MOBILE,COMPLETED,PAYREF7CA9B4081B,
PAY002679,C0939,A1013,,592.65,ZAR,2024-07-01,MOBILE,COMPLETED,PAYREF865A723B54,
PAY002680,C0989,A0756,POL0571,1150.27,ZAR,2026-05-09,CASH,COMPLETED,PAYREF78BF1AF5A5,
PAY002681,C0874,A1472,POL0720,468.64,ZAR,2024-04-20,CARD,COMPLETED,PAYREFC598356AD8,
PAY002682,C0596,A0714,POL0150,9582.79,ZAR,2025-05-06,DEBIT_ORDER,COMPLETED,PAYREF9AC201BD85,
PAY002683,C0498,A0205,POL0123,279.95,ZAR,2025-03-25,MOBILE,COMPLETED,PAYREF9F0C9181D4,
PAY002684,C0519,A1027,POL0602,2663.27,ZAR,2026-07-24,CASH,COMPLETED,PAYREFE593316207,
PAY002685,C0539,A1054,,843.99,ZAR,2026-05-28,CARD,PENDING,PAYREF08C1D5D2C8,
PAY002686,C0371,A0082,,1742.02,ZAR,2026-08-17,DEBIT_ORDER,COMPLETED,PAYREFBE479E025A,
PAY002687,C0689,A0088,,1822.77,ZAR,2026-07-03,DEBIT_ORDER,COMPLETED,PAYREF1318B9EC24,
PAY002688,C0064,A0700,,1283.11,ZAR,2025-12-30,CARD,COMPLETED,PAYREF7AA0E34FE1,
PAY002689,C0903,A0661,,353.06,ZAR,2026-06-24,MOBILE,PENDING,PAYREFF75D52CE9B,
PAY002690,C0354,A0295,POL0608,786.79,ZAR,2025-12-20,MOBILE,COMPLETED,PAYREF0B9D3BB76E,
PAY002691,C0923,A1380,POL0208,1298.67,ZAR,2025-09-06,MOBILE,COMPLETED,PAYREFF5840E16D5,
PAY002692,C0233,A0510,POL0250,1219.79,ZAR,2026-09-06,MOBILE,COMPLETED,PAYREF09CB8B458E,
PAY002693,C0279,A0239,,394.2,ZAR,2026-03-10,EFT,COMPLETED,PAYREFB788E7A806,
PAY002694,C0533,A0018,,3988.67,ZAR,2024-12-20,DEBIT_ORDER,COMPLETED,PAYREF27FB57868B,
PAY002695,C0228,A0030,,90.6,ZAR,2025-01-07,CASH,COMPLETED,PAYREF83F88E2A35,
PAY002696,C0198,A1102,,853.95,ZAR,2026-03-02,MOBILE,COMPLETED,PAYREF222FFC8E2B,
PAY002697,C0598,A0467,,436.45,ZAR,2025-01-26,CARD,COMPLETED,PAYREFDAB38787EF,
PAY002698,C0906,A0869,POL0686,1315.75,ZAR,2026-01-06,CARD,COMPLETED,PAYREF908A0A1380,
PAY002699,C0729,A1486,POL0290,3031.24,ZAR,2024-07-07,DEBIT_ORDER,COMPLETED,PAYREF23E134BC83,
PAY002700,C0779,A0980,POL0115,268.55,ZAR,2026-01-28,CASH,COMPLETED,PAYREF57D3305103,
PAY002701,C0657,A0228,,11540.35,ZAR,2026-06-29,DEBIT_ORDER,COMPLETED,PAYREFE76E43051A,
PAY002702,C0997,A1278,POL0415,1341.91,ZAR,2024-08-25,MOBILE,COMPLETED,PAYREF255532B9C8,
PAY002703,C0465,A1028,,1606.36,ZAR,2024-12-19,DEBIT_ORDER,COMPLETED,PAYREF649CC2AC41,
PAY002704,C0559,A0561,POL0767,259.89,ZAR,2025-01-10,EFT,COMPLETED,PAYREF79D7F5BA7A,
PAY002705,C0252,A1330,,1046.74,ZAR,2026-07-08,MOBILE,FAILED,PAYREFB29EA00BDD,Technical error
PAY002706,C0160,A0459,,2897.71,ZAR,2024-05-26,MOBILE,COMPLETED,PAYREF0801848C69,
PAY002707,C0092,A1194,,1352.79,ZAR,2024-02-25,CASH,REVERSED,PAYREF8BB97D2B86,
PAY002708,C0699,A0963,,1261.68,ZAR,2026-03-07,CASH,FAILED,PAYREFE775DE65CE,Technical error
PAY002709,C0503,A1414,POL0525,1041.21,ZAR,2024-08-13,MOBILE,COMPLETED,PAYREF36793142D3,
PAY002710,C0326,A0797,POL0750,276.44,ZAR,2026-06-28,CARD,COMPLETED,PAYREFE55C8C6241,
PAY002711,C0361,A0748,POL0113,274.87,ZAR,2025-04-29,CASH,FAILED,PAYREF070BE71422,Limit exceeded
PAY002712,C0555,A0260,POL0537,3530.97,ZAR,2024-01-14,CASH,COMPLETED,PAYREFA776A75CCD,
PAY002713,C0891,A0093,POL0580,2649.93,ZAR,2025-09-30,CASH,COMPLETED,PAYREF42E75AE324,
PAY002714,C0321,A1312,POL0158,3072.57,ZAR,2024-11-24,CARD,COMPLETED,PAYREF4F351B6C40,
PAY002715,C0415,A0246,POL0481,481.63,ZAR,2026-02-13,MOBILE,FAILED,PAYREF558E960FC0,Limit exceeded
PAY002716,C0887,A0386,,936.76,ZAR,2025-06-17,CARD,COMPLETED,PAYREF457A6696F1,
PAY002717,C0940,A1255,POL0490,3758.59,ZAR,2025-05-29,EFT,COMPLETED,PAYREF3D8F4F54A1,
PAY002718,C0367,A0736,POL0090,320.97,ZAR,2024-03-15,DEBIT_ORDER,FAILED,PAYREF08BF11E940,Limit exceeded
PAY002719,C0167,A0436,,3394.4,ZAR,2026-04-12,CASH,COMPLETED,PAYREFEFF83C1CC1,
PAY002720,C0948,A0969,,610.01,ZAR,2024-08-26,MOBILE,COMPLETED,PAYREF46981AAB74,
PAY002721,C0867,A0887,POL0480,466.27,ZAR,2026-08-01,CASH,COMPLETED,PAYREFDECC3E4654,
PAY002722,C0824,A0181,POL0256,1062.19,ZAR,2024-09-06,MOBILE,COMPLETED,PAYREFDC0F5FCA9C,
PAY002723,C0233,A0290,,358.88,ZAR,2024-10-17,CASH,COMPLETED,PAYREFF2E48E1FA2,
PAY002724,C0925,A0364,,164.53,ZAR,2024-11-07,CASH,PENDING,PAYREFC8818CFDB9,
PAY002725,C0989,A0669,POL0593,1183.26,ZAR,2024-05-04,DEBIT_ORDER,COMPLETED,PAYREF7DAF7B1FAB,
PAY002726,C0031,A0297,POL0005,1871.07,ZAR,2026-05-08,CASH,COMPLETED,PAYREFA0C75BAF51,
PAY002727,C0123,A1117,,3697.05,ZAR,2024-06-06,MOBILE,COMPLETED,PAYREF3838D68289,
PAY002728,C0071,A0421,,2012.18,ZAR,2025-05-03,EFT,PENDING,PAYREF4A9A98B8B9,
PAY002729,C0362,A0235,POL0136,7827.49,ZAR,2025-11-18,CARD,COMPLETED,PAYREFC181A700A2,
PAY002730,C0167,A1342,POL0421,4277.29,ZAR,2024-08-21,CARD,COMPLETED,PAYREFBD2C5710A3,
PAY002731,C0585,A0522,POL0285,2294.06,ZAR,2025-10-27,MOBILE,COMPLETED,PAYREFAA08FC8490,
PAY002732,C0868,A0016,,1752.18,ZAR,2025-09-29,DEBIT_ORDER,COMPLETED,PAYREF4277ABD324,
PAY002733,C0397,A1353,,3752.22,ZAR,2024-08-02,CASH,COMPLETED,PAYREFEDE8E64450,
PAY002734,C0125,A0024,POL0689,119.94,ZAR,2024-10-17,DEBIT_ORDER,FAILED,PAYREFA8C7D5D4BD,Technical error
PAY002735,C0153,A1427,POL0733,678.54,ZAR,2025-09-13,MOBILE,FAILED,PAYREF418D02228C,Invalid account
PAY002736,C0011,A1210,,170.98,ZAR,2025-03-08,MOBILE,COMPLETED,PAYREF8FDF096F73,
PAY002737,C0776,A0483,POL0565,2128.34,ZAR,2026-04-03,MOBILE,COMPLETED,PAYREFCDF7B15C33,
PAY002738,C0624,A0049,POL0054,521.77,ZAR,2025-01-10,CASH,REVERSED,PAYREF35A13BC9A8,
PAY002739,C0963,A0618,POL0234,22463.64,ZAR,2025-04-23,CARD,COMPLETED,PAYREF310DF4B363,
PAY002740,C0645,A0390,POL0575,653.32,ZAR,2025-11-10,EFT,COMPLETED,PAYREFB38376C830,
PAY002741,C0779,A1473,POL0414,1219.7,ZAR,2026-07-18,MOBILE,COMPLETED,PAYREF91A4EECE8B,
PAY002742,C0875,A0627,POL0032,733.43,ZAR,2026-01-17,MOBILE,COMPLETED,PAYREF93BE133E12,
PAY002743,C0013,A0090,POL0655,672.61,ZAR,2026-01-28,CARD,COMPLETED,PAYREF1BB2A0E3E6,
PAY002744,C0139,A1074,POL0126,315.29,ZAR,2026-04-18,EFT,COMPLETED,PAYREF95236FA7B0,
PAY002745,C0765,A0365,POL0367,304.86,ZAR,2026-06-17,EFT,COMPLETED,PAYREFC902062526,
PAY002746,C0249,A0991,,124.03,ZAR,2024-08-28,MOBILE,FAILED,PAYREFDCD4D28D5C,Limit exceeded
PAY002747,C0367,A0579,POL0497,1892.14,ZAR,2025-09-29,CASH,COMPLETED,PAYREF5BA201691E,
PAY002748,C0320,A0197,,717.2,ZAR,2026-08-08,CASH,FAILED,PAYREF557B7E4AAA,Technical error
PAY002749,C0214,A1484,,7582.73,ZAR,2025-09-27,MOBILE,COMPLETED,PAYREF0D537D004D,
PAY002750,C0793,A0643,,316.04,ZAR,2024-02-14,DEBIT_ORDER,PENDING,PAYREF486D573550,
PAY002751,C0941,A0303,,4799.73,ZAR,2024-01-22,MOBILE,COMPLETED,PAYREF4C1EC2888F,
PAY002752,C0151,A1101,POL0438,5283.05,ZAR,2024-02-15,CASH,COMPLETED,PAYREFAE02DEB55A,
PAY002753,C0710,A0998,POL0663,3932.55,ZAR,2024-11-13,MOBILE,COMPLETED,PAYREF50F92894EE,
PAY002754,C0183,A1311,,1386.86,ZAR,2026-05-28,CASH,COMPLETED,PAYREF3749805675,
PAY002755,C0032,A1015,POL0026,781.95,ZAR,2026-07-28,EFT,COMPLETED,PAYREF6C3FEF6143,
PAY002756,C0285,A0395,,3928.72,ZAR,2024-11-15,CASH,FAILED,PAYREF665CE44854,Limit exceeded
PAY002757,C0467,A0216,POL0138,496.97,ZAR,2026-07-18,CASH,COMPLETED,PAYREFBF0F632922,
PAY002758,C0690,A1029,,1437.57,ZAR,2024-08-01,CARD,COMPLETED,PAYREF7B7B656550,
PAY002759,C0565,A1043,POL0038,1049.69,ZAR,2024-10-06,MOBILE,COMPLETED,PAYREFD0FF71769F,
PAY002760,C0359,A0539,POL0565,449.7,ZAR,2026-02-19,DEBIT_ORDER,COMPLETED,PAYREF530DA01A94,
PAY002761,C0219,A0216,,1448.16,ZAR,2025-08-28,MOBILE,FAILED,PAYREF59F423A2FA,Insufficient funds
PAY002762,C0128,A0131,,2302.7,ZAR,2026-06-24,MOBILE,REVERSED,PAYREF25A9BC6A68,
PAY002763,C0130,A0086,POL0012,432.32,ZAR,2026-06-26,EFT,COMPLETED,PAYREF8036920E5B,
PAY002764,C0682,A1218,,1737.36,ZAR,2024-04-28,CASH,COMPLETED,PAYREF34790DADC9,
PAY002765,C0190,A0508,,118.03,ZAR,2024-11-08,EFT,COMPLETED,PAYREFD715C1382E,
PAY002766,C0702,A0766,POL0337,384.08,ZAR,2024-05-28,EFT,PENDING,PAYREFD10796F933,
PAY002767,C0911,A0699,,694.13,ZAR,2026-07-19,CASH,COMPLETED,PAYREF00BB1159E8,
PAY002768,C0097,A0396,POL0082,1567.66,ZAR,2024-06-03,MOBILE,COMPLETED,PAYREFE27CBB3597,
PAY002769,C0738,A0072,,2615.77,ZAR,2026-02-22,CASH,COMPLETED,PAYREF9D3D36324D,
PAY002770,C0741,A1258,POL0796,1191.33,ZAR,2025-05-30,DEBIT_ORDER,COMPLETED,PAYREF6D39875790,
PAY002771,C0644,A0179,POL0459,1932.55,ZAR,2025-01-08,EFT,COMPLETED,PAYREF7D6AB2E91D,
PAY002772,C0327,A1347,POL0299,933.95,ZAR,2024-08-18,CARD,COMPLETED,PAYREF07E841C137,
PAY002773,C0505,A1024,POL0479,1643.77,ZAR,2024-04-12,DEBIT_ORDER,COMPLETED,PAYREFA97A12EA4E,
PAY002774,C0878,A0023,POL0796,1559.17,ZAR,2025-08-18,DEBIT_ORDER,PENDING,PAYREFDB3BDF2109,
PAY002775,C0622,A1125,POL0509,659.17,ZAR,2025-07-27,EFT,PENDING,PAYREF4A18A4411C,
PAY002776,C0489,A0673,,768.64,ZAR,2025-07-20,MOBILE,COMPLETED,PAYREF85EA8A82A3,
PAY002777,C0838,A0170,,1998.45,ZAR,2024-06-28,EFT,COMPLETED,PAYREF89144A976C,
PAY002778,C0284,A0522,POL0225,6714.92,ZAR,2025-08-05,CASH,COMPLETED,PAYREF4D2D14C0B1,
PAY002779,C0229,A0777,,3665.86,ZAR,2024-02-29,CASH,COMPLETED,PAYREF01A50EDBBC,
PAY002780,C0335,A0077,POL0267,354.56,ZAR,2024-02-28,CARD,COMPLETED,PAYREFEB78F7B0F7,
PAY002781,C0497,A0592,POL0051,355.82,ZAR,2025-03-03,DEBIT_ORDER,COMPLETED,PAYREF9C5DFF10AB,
PAY002782,C0377,A1390,,641.86,ZAR,2024-12-23,CARD,COMPLETED,PAYREF92A622AAEC,
PAY002783,C0321,A1485,,1210.66,ZAR,2025-12-04,MOBILE,PENDING,PAYREFB49D95D50E,
PAY002784,C0492,A0610,POL0399,1150.85,ZAR,2026-01-13,DEBIT_ORDER,PENDING,PAYREF83CE0AC8A2,
PAY002785,C0242,A1439,POL0136,3790.6,ZAR,2026-06-29,MOBILE,COMPLETED,PAYREF6BE5BF4DCD,
PAY002786,C0506,A0186,,4004.26,ZAR,2025-09-13,CASH,COMPLETED,PAYREF3698365C56,
PAY002787,C0136,A0946,,1102.86,ZAR,2026-04-14,MOBILE,FAILED,PAYREF09225CE069,Insufficient funds
PAY002788,C0586,A0218,POL0717,873.32,ZAR,2024-03-29,DEBIT_ORDER,COMPLETED,PAYREF558B60CF3B,
PAY002789,C0922,A0966,,1838.58,ZAR,2024-11-22,EFT,COMPLETED,PAYREF34FC71D45E,
PAY002790,C0489,A0614,,3175.44,ZAR,2026-08-18,DEBIT_ORDER,COMPLETED,PAYREF8BFBAA7E0A,
PAY002791,C0645,A1420,POL0432,1905.38,ZAR,2026-04-05,EFT,COMPLETED,PAYREF9F709A50BC,
PAY002792,C0130,A1106,,712.27,ZAR,2024-04-03,MOBILE,COMPLETED,PAYREF12BC26BFA3,
PAY002793,C0184,A0213,POL0137,594.52,ZAR,2025-05-08,EFT,COMPLETED,PAYREF99C305F6A2,
PAY002794,C0382,A1118,,361.19,ZAR,2024-05-14,EFT,COMPLETED,PAYREFE1969948D2,
PAY002795,C0055,A1264,POL0034,1330.74,ZAR,2025-04-21,CASH,COMPLETED,PAYREF6088DABAA6,
PAY002796,C0652,A0982,POL0327,2044.93,ZAR,2026-07-20,DEBIT_ORDER,COMPLETED,PAYREF3D8DBE9375,
PAY002797,C0766,A0096,,2286.65,ZAR,2026-03-01,MOBILE,COMPLETED,PAYREF83A5B20AAB,
PAY002798,C0469,A1386,POL0568,3469.48,ZAR,2025-12-28,CASH,COMPLETED,PAYREFBA1FC1365F,
PAY002799,C0922,A1235,,4818.94,ZAR,2024-06-19,CASH,COMPLETED,PAYREF821EB57B37,
PAY002800,C0710,A0039,POL0637,277.28,ZAR,2024-09-11,CASH,COMPLETED,PAYREF2A529DF47C,
PAY002801,C0002,A0931,,1643.79,ZAR,2024-04-19,CASH,PENDING,PAYREF158B572249,
PAY002802,C0842,A1492,,1701.49,ZAR,2025-04-06,MOBILE,COMPLETED,PAYREF1F85F452C6,
PAY002803,C0386,A0070,POL0032,1018.47,ZAR,2024-06-04,EFT,COMPLETED,PAYREF3D160BEB70,
PAY002804,C0470,A1405,,478.98,ZAR,2026-06-10,MOBILE,COMPLETED,PAYREFBC357B3214,
PAY002805,C0655,A1015,POL0650,4650.03,ZAR,2025-09-01,CASH,COMPLETED,PAYREF185D99D930,
PAY002806,C0881,A0894,,608.75,ZAR,2026-02-08,CASH,COMPLETED,PAYREFBDB57A2AE0,
PAY002807,C0726,A1052,,122.42,ZAR,2026-04-04,CARD,COMPLETED,PAYREF9E101B0E1E,
PAY002808,C0359,A1245,,1118.87,ZAR,2024-01-29,EFT,COMPLETED,PAYREF23750BEF0D,
PAY002809,C0653,A1140,POL0314,864.49,ZAR,2025-02-09,MOBILE,COMPLETED,PAYREFCA534F1073,
PAY002810,C0228,A1074,POL0578,7028.28,ZAR,2024-07-19,EFT,COMPLETED,PAYREFA253F5827A,
PAY002811,C0738,A0133,,1789.5,ZAR,2026-01-03,CARD,COMPLETED,PAYREF82C3268AB3,
PAY002812,C0023,A0540,,808.14,ZAR,2025-10-14,MOBILE,COMPLETED,PAYREF412700AAF5,
PAY002813,C0941,A0026,POL0466,900.68,ZAR,2026-07-06,CARD,COMPLETED,PAYREF679FD9959B,
PAY002814,C0412,A0181,POL0645,890.33,ZAR,2025-12-22,EFT,PENDING,PAYREFCD7EC84ACE,
PAY002815,C0459,A0907,,10068.16,ZAR,2024-07-14,CASH,COMPLETED,PAYREFD4EEB5CDA1,
PAY002816,C0793,A0365,POL0783,2154.87,ZAR,2024-09-18,EFT,COMPLETED,PAYREF8EC5F34D4F,
PAY002817,C0699,A1401,,268.5,ZAR,2026-08-20,CASH,COMPLETED,PAYREF57C5B5FF2F,
PAY002818,C0852,A0727,,858.82,ZAR,2025-11-21,DEBIT_ORDER,COMPLETED,PAYREF0EED21CA27,
PAY002819,C0788,A1096,POL0773,1071.02,ZAR,2025-12-19,EFT,COMPLETED,PAYREF3A64CCDC0B,
PAY002820,C0118,A0992,POL0323,362.29,ZAR,2024-07-27,EFT,COMPLETED,PAYREF83E0145EF4,
PAY002821,C0159,A0741,,184.39,ZAR,2025-04-02,MOBILE,COMPLETED,PAYREF0529C31CBC,
PAY002822,C0664,A0649,POL0702,1989.35,ZAR,2025-10-09,EFT,COMPLETED,PAYREF582F9FD347,
PAY002823,C0779,A0489,POL0327,490.47,ZAR,2025-07-05,EFT,REVERSED,PAYREF83D5BD84DE,
PAY002824,C0646,A0885,,3822.93,ZAR,2026-09-05,DEBIT_ORDER,COMPLETED,PAYREF2634956C26,
PAY002825,C0866,A0728,,1105.66,ZAR,2026-05-05,CARD,COMPLETED,PAYREF86DE5C4C29,
PAY002826,C0504,A0056,POL0549,682.48,ZAR,2024-10-21,DEBIT_ORDER,COMPLETED,PAYREFE528D12655,
PAY002827,C0801,A0129,POL0072,97.83,ZAR,2026-01-10,MOBILE,COMPLETED,PAYREF5481A97547,
PAY002828,C0350,A1044,POL0241,3723.12,ZAR,2024-11-27,MOBILE,COMPLETED,PAYREF1D9AE30AA5,
PAY002829,C0668,A1488,POL0549,1470.75,ZAR,2025-08-31,MOBILE,COMPLETED,PAYREF26616289BB,
PAY002830,C0013,A1057,,700.51,ZAR,2024-11-14,EFT,COMPLETED,PAYREF3D6C2AF09A,
PAY002831,C0508,A0154,,450.21,ZAR,2025-02-15,CARD,COMPLETED,PAYREF346C52F148,
PAY002832,C0895,A1132,POL0140,5426.73,ZAR,2025-11-20,CASH,COMPLETED,PAYREFB8CDEBD7A2,
PAY002833,C0024,A0433,,378.34,ZAR,2026-09-08,CARD,PENDING,PAYREF72DDF55E90,
PAY002834,C0268,A0887,POL0357,758.51,ZAR,2024-07-03,MOBILE,REVERSED,PAYREF36F88D5827,
PAY002835,C0329,A1086,POL0462,1938.65,ZAR,2024-11-07,MOBILE,COMPLETED,PAYREF3E254D3EAC,
PAY002836,C0901,A1077,POL0600,4678.66,ZAR,2024-11-30,CARD,COMPLETED,PAYREFDFB136565E,
PAY002837,C0521,A0845,POL0504,883.31,ZAR,2024-08-28,MOBILE,COMPLETED,PAYREF65B8FF44DB,
PAY002838,C0464,A0248,POL0134,525.94,ZAR,2024-10-30,MOBILE,COMPLETED,PAYREF55D362147B,
PAY002839,C0192,A0368,POL0203,985.61,ZAR,2026-01-15,CASH,COMPLETED,PAYREFD7C3A1726C,
PAY002840,C0951,A0662,POL0271,2709.37,ZAR,2024-10-25,EFT,COMPLETED,PAYREF73D16EFE7F,
PAY002841,C0692,A1377,POL0452,3392.75,ZAR,2024-05-12,CARD,COMPLETED,PAYREF72CACDFE6A,
PAY002842,C0842,A0682,POL0612,277.23,ZAR,2025-06-14,CARD,COMPLETED,PAYREFBC0E4A2A28,
PAY002843,C0905,A1427,POL0671,1230.21,ZAR,2026-03-28,CARD,COMPLETED,PAYREFEFEDCC642A,
PAY002844,C0115,A0530,,261.32,ZAR,2024-07-08,CASH,COMPLETED,PAYREF1BD72D3735,
PAY002845,C0730,A0769,,2655.05,ZAR,2026-07-03,CARD,PENDING,PAYREFB7FA897C51,
PAY002846,C0298,A0076,POL0492,1673.02,ZAR,2024-04-21,MOBILE,COMPLETED,PAYREFF825634EC7,
PAY002847,C0430,A0722,,436.51,ZAR,2026-09-06,MOBILE,COMPLETED,PAYREFCA0987C7B6,
PAY002848,C0677,A1417,,5085.48,ZAR,2025-07-30,EFT,COMPLETED,PAYREFCACFEB46B0,
PAY002849,C0330,A0608,,1533.05,ZAR,2025-10-28,MOBILE,COMPLETED,PAYREF324673CF6D,
PAY002850,C0830,A0156,POL0153,1373.6,ZAR,2025-03-28,CASH,COMPLETED,PAYREF281CA43383,
PAY002851,C0470,A0402,POL0642,916.8,ZAR,2024-09-17,MOBILE,COMPLETED,PAYREF5DE8734058,
PAY002852,C0455,A0104,POL0705,1087.85,ZAR,2025-06-17,MOBILE,PENDING,PAYREF4BD8E84802,
PAY002853,C0523,A0215,,748.83,ZAR,2025-09-08,DEBIT_ORDER,COMPLETED,PAYREF60401C0D95,
PAY002854,C0345,A1138,POL0769,522.59,ZAR,2025-04-13,DEBIT_ORDER,COMPLETED,PAYREF49682B38B7,
PAY002855,C0555,A0790,,3748.57,ZAR,2026-06-20,MOBILE,COMPLETED,PAYREFFB716F7BBA,
PAY002856,C0279,A1087,POL0649,669.99,ZAR,2025-06-28,CARD,COMPLETED,PAYREF9039D107B3,
PAY002857,C0567,A0933,,647.81,ZAR,2024-07-19,EFT,COMPLETED,PAYREF250461861C,
PAY002858,C0327,A1078,,963.63,ZAR,2026-08-19,EFT,COMPLETED,PAYREF339E10FC7B,
PAY002859,C0390,A1020,POL0145,4557.43,ZAR,2026-08-22,DEBIT_ORDER,FAILED,PAYREF06544A3DD8,Account closed
PAY002860,C0290,A0360,POL0119,3398.76,ZAR,2024-08-13,CARD,COMPLETED,PAYREFE1E863E504,
PAY002861,C0881,A0620,,738.89,ZAR,2025-04-25,CASH,COMPLETED,PAYREF3ED522E4B3,
PAY002862,C0843,A0323,,3739.79,ZAR,2024-04-24,DEBIT_ORDER,COMPLETED,PAYREFF981FD5B9B,
PAY002863,C0036,A0959,POL0421,1221.85,ZAR,2026-08-30,EFT,PENDING,PAYREF63EA2E4DC6,
PAY002864,C0507,A0941,,471.81,ZAR,2025-12-03,CASH,FAILED,PAYREF048EF8FBD2,Technical error
PAY002865,C0495,A1100,,681.21,ZAR,2025-01-02,CASH,COMPLETED,PAYREF1F9FA3F669,
PAY002866,C0787,A0804,POL0108,4329.7,ZAR,2026-07-25,DEBIT_ORDER,COMPLETED,PAYREFB48E955E38,
PAY002867,C0749,A0841,,8802.98,ZAR,2026-01-27,CASH,COMPLETED,PAYREFDF376AEA85,
PAY002868,C0123,A0418,,1509.93,ZAR,2024-05-15,CASH,COMPLETED,PAYREF8D9B7F496B,
PAY002869,C0035,A1182,POL0517,622.33,ZAR,2026-05-22,CASH,COMPLETED,PAYREF7009F984B7,
PAY002870,C0992,A0034,,967.86,ZAR,2026-05-23,MOBILE,COMPLETED,PAYREFC9742C6A77,
PAY002871,C0624,A0611,,511.61,ZAR,2025-11-07,EFT,COMPLETED,PAYREF8934E01FA0,
PAY002872,C0332,A1147,,591.84,ZAR,2025-04-01,CARD,COMPLETED,PAYREFF64704EB52,
PAY002873,C0370,A1105,POL0185,536.44,ZAR,2024-11-23,DEBIT_ORDER,COMPLETED,PAYREFA0C4781731,
PAY002874,C0844,A0165,POL0622,1012.98,ZAR,2024-04-20,EFT,COMPLETED,PAYREFDFE467BA9F,
PAY002875,C0028,A1292,POL0655,1237.29,ZAR,2026-08-18,MOBILE,PENDING,PAYREFCE488237BE,
PAY002876,C0619,A0549,POL0262,945.62,ZAR,2026-07-02,CASH,FAILED,PAYREF5C19E36173,Insufficient funds
PAY002877,C0714,A0928,,878.91,ZAR,2024-05-31,MOBILE,COMPLETED,PAYREF92FE29620E,
PAY002878,C0064,A1468,,2346.06,ZAR,2025-08-14,MOBILE,COMPLETED,PAYREF2E4E7FB6DE,
PAY002879,C0871,A0038,POL0013,872.0,ZAR,2026-07-22,MOBILE,COMPLETED,PAYREF1199C6B56B,
PAY002880,C0338,A0276,POL0368,929.81,ZAR,2026-03-24,MOBILE,REVERSED,PAYREF7E358C35F8,
PAY002881,C0683,A0481,,919.14,ZAR,2025-01-16,EFT,COMPLETED,PAYREFF8C5D337E6,
PAY002882,C0673,A0138,POL0373,5132.19,ZAR,2025-11-14,MOBILE,COMPLETED,PAYREF391D1E444B,
PAY002883,C0810,A1117,,671.01,ZAR,2026-08-05,DEBIT_ORDER,COMPLETED,PAYREFABBBD719B0,
PAY002884,C0339,A1304,POL0471,1990.81,ZAR,2026-03-30,MOBILE,COMPLETED,PAYREF5869F90A3A,
PAY002885,C0338,A1351,POL0277,518.85,ZAR,2025-10-01,DEBIT_ORDER,COMPLETED,PAYREF3A1DB61272,
PAY002886,C0926,A0914,POL0576,1556.11,ZAR,2024-07-18,DEBIT_ORDER,FAILED,PAYREF5356111450,Invalid account
PAY002887,C0602,A1018,,1893.6,ZAR,2024-07-13,MOBILE,COMPLETED,PAYREFC60906BC90,
PAY002888,C0103,A0282,,3243.02,ZAR,2024-02-03,DEBIT_ORDER,FAILED,PAYREF6A11982CB9,Invalid account
PAY002889,C0228,A0760,POL0376,746.75,ZAR,2025-11-01,CASH,COMPLETED,PAYREF33C2778AF6,
PAY002890,C0756,A0765,,359.98,ZAR,2024-01-05,CARD,COMPLETED,PAYREF9374DF494C,
PAY002891,C0642,A0745,POL0281,500.7,ZAR,2025-07-27,CASH,REVERSED,PAYREFE7F6F3E848,
PAY002892,C0520,A0226,POL0695,2877.11,ZAR,2025-07-17,DEBIT_ORDER,COMPLETED,PAYREF3E2986F5CB,
PAY002893,C0749,A0232,,8793.36,ZAR,2026-07-05,MOBILE,COMPLETED,PAYREF59140A3989,
PAY002894,C0772,A0608,POL0437,2526.15,ZAR,2025-08-20,DEBIT_ORDER,COMPLETED,PAYREF2F1017DDE7,
PAY002895,C0863,A0892,POL0325,310.4,ZAR,2025-05-01,DEBIT_ORDER,COMPLETED,PAYREFE512D72711,
PAY002896,C0704,A1468,,2442.2,ZAR,2026-07-29,CARD,FAILED,PAYREF04AFA95D12,Account closed
PAY002897,C0830,A0927,POL0529,426.75,ZAR,2026-06-03,MOBILE,COMPLETED,PAYREFA8C2972730,
PAY002898,C0118,A0891,POL0370,773.45,ZAR,2024-07-24,MOBILE,PENDING,PAYREF2B23490A50,
PAY002899,C0244,A0968,,1322.44,ZAR,2026-01-08,MOBILE,FAILED,PAYREFAE60224D69,Technical error
PAY002900,C0884,A0623,,1564.57,ZAR,2025-12-16,CASH,COMPLETED,PAYREF60926F1B50,
PAY002901,C0004,A0928,POL0311,1170.8,ZAR,2026-08-07,CASH,COMPLETED,PAYREF189D0175D5,
PAY002902,C0878,A0564,,601.18,ZAR,2024-07-15,CASH,COMPLETED,PAYREFC79B07AF3C,
PAY002903,C0970,A1078,POL0423,3165.16,ZAR,2024-06-10,CASH,COMPLETED,PAYREF9E436E78E9,
PAY002904,C0417,A0156,POL0056,647.06,ZAR,2026-03-18,CARD,FAILED,PAYREF5782887AC2,Technical error
PAY002905,C0276,A0065,POL0113,3844.94,ZAR,2024-07-25,CARD,COMPLETED,PAYREFA903B16F89,
PAY002906,C0968,A0737,,281.64,ZAR,2024-05-03,CASH,FAILED,PAYREFA9EB1A80B5,Limit exceeded
PAY002907,C0402,A1033,,1360.39,ZAR,2025-04-05,DEBIT_ORDER,COMPLETED,PAYREF6016E4589E,
PAY002908,C0706,A1126,,321.77,ZAR,2024-10-12,CARD,COMPLETED,PAYREF8308ADD072,
PAY002909,C0508,A1362,,476.24,ZAR,2025-09-14,CASH,COMPLETED,PAYREF8D1A8D7B18,
PAY002910,C0798,A1488,POL0448,656.54,ZAR,2024-10-24,CARD,COMPLETED,PAYREFF4CBBEE1DF,
PAY002911,C0146,A0034,,5017.09,ZAR,2024-11-03,EFT,FAILED,PAYREFE014817863,Insufficient funds
PAY002912,C0614,A0374,POL0698,4056.29,ZAR,2026-08-21,DEBIT_ORDER,COMPLETED,PAYREF9CE44F0D0B,
PAY002913,C0965,A0900,POL0161,2628.71,ZAR,2024-11-09,CASH,COMPLETED,PAYREF309E1670C3,
PAY002914,C0164,A1413,,1133.75,ZAR,2025-08-05,MOBILE,COMPLETED,PAYREF63752B567C,
PAY002915,C0201,A1394,POL0109,1323.53,ZAR,2025-02-01,MOBILE,COMPLETED,PAYREF5D03431FBA,
PAY002916,C0362,A0322,POL0425,3891.22,ZAR,2024-08-23,MOBILE,COMPLETED,PAYREF87C12CCF9F,
PAY002917,C0027,A0604,,2211.23,ZAR,2025-01-30,MOBILE,FAILED,PAYREF263591C422,Technical error
PAY002918,C0365,A1060,POL0539,1116.56,ZAR,2024-04-06,EFT,FAILED,PAYREF9190A99C5B,Invalid account
PAY002919,C0380,A1468,,4849.7,ZAR,2025-05-25,MOBILE,COMPLETED,PAYREF7745414C22,
PAY002920,C0131,A1161,,2476.32,ZAR,2025-01-09,DEBIT_ORDER,COMPLETED,PAYREF7D8A41DCB6,
PAY002921,C0591,A0322,POL0676,1397.47,ZAR,2026-09-05,CASH,COMPLETED,PAYREF1EDD430A4D,
PAY002922,C0384,A0694,,693.0,ZAR,2026-07-21,DEBIT_ORDER,COMPLETED,PAYREFF792D83DF9,
PAY002923,C0591,A0244,,633.18,ZAR,2024-05-11,CARD,COMPLETED,PAYREF6F9D240E0C,
PAY002924,C0322,A1268,,783.54,ZAR,2025-05-14,CARD,COMPLETED,PAYREF631AB5840D,
PAY002925,C0688,A1357,POL0187,1731.93,ZAR,2025-07-11,CASH,FAILED,PAYREF0C57E1F3C1,Limit exceeded
PAY002926,C0775,A1192,POL0017,2529.51,ZAR,2024-08-08,EFT,FAILED,PAYREF94C3222C58,Account closed
PAY002927,C0315,A0132,POL0585,258.71,ZAR,2024-04-29,DEBIT_ORDER,FAILED,PAYREF782E1125AA,Account closed
PAY002928,C0039,A0449,,156.55,ZAR,2024-04-24,CARD,COMPLETED,PAYREF868C75C0B9,
PAY002929,C0280,A0715,,423.48,ZAR,2025-04-29,CASH,COMPLETED,PAYREF5DE18A2AA3,
PAY002930,C0533,A1098,POL0064,729.47,ZAR,2026-02-28,CASH,COMPLETED,PAYREF0A03F76DE6,
PAY002931,C0787,A1223,POL0703,3626.22,ZAR,2025-05-06,EFT,FAILED,PAYREFE39FA24BE8,Technical error
PAY002932,C0492,A1423,,828.47,ZAR,2024-07-15,CARD,COMPLETED,PAYREFD8DD836805,
PAY002933,C0550,A0697,POL0190,1414.84,ZAR,2026-07-03,CARD,COMPLETED,PAYREFDBB924EC7C,
PAY002934,C0002,A0653,POL0145,1665.54,ZAR,2025-12-25,DEBIT_ORDER,COMPLETED,PAYREF3F9A4F29EF,
PAY002935,C0909,A0879,,394.03,ZAR,2026-07-14,MOBILE,COMPLETED,PAYREFCE85D0C194,
PAY002936,C0328,A0212,POL0054,4721.53,ZAR,2025-08-04,MOBILE,REVERSED,PAYREF05FC96E8D8,
PAY002937,C0525,A1022,,564.08,ZAR,2024-03-12,DEBIT_ORDER,COMPLETED,PAYREF34A41C5916,
PAY002938,C0989,A1280,POL0003,5217.59,ZAR,2026-08-12,EFT,FAILED,PAYREF8CD6458C0C,Insufficient funds
PAY002939,C0160,A0747,POL0626,966.64,ZAR,2026-07-26,EFT,COMPLETED,PAYREF818458B4AD,
PAY002940,C0398,A0745,,782.5,ZAR,2025-11-15,MOBILE,COMPLETED,PAYREFDAC15FAD9C,
PAY002941,C0342,A1226,,361.12,ZAR,2024-06-24,MOBILE,COMPLETED,PAYREFBFD9D8F5D5,
PAY002942,C0247,A1098,POL0495,1335.8,ZAR,2026-04-28,MOBILE,PENDING,PAYREF7740A07CE8,
PAY002943,C0659,A1458,POL0201,10450.26,ZAR,2025-09-14,EFT,COMPLETED,PAYREF9184FEA225,
PAY002944,C0673,A1204,,1658.37,ZAR,2025-01-04,DEBIT_ORDER,COMPLETED,PAYREF7381A7ED1C,
PAY002945,C0320,A0211,,1437.18,ZAR,2026-03-07,CASH,COMPLETED,PAYREFBCADCF153F,
PAY002946,C0071,A0244,POL0477,563.07,ZAR,2026-01-04,CASH,COMPLETED,PAYREF41714862C7,
PAY002947,C0532,A1478,,1982.24,ZAR,2025-10-25,CASH,COMPLETED,PAYREFBCDFF04EC8,
PAY002948,C0090,A1420,,1283.85,ZAR,2024-08-25,MOBILE,COMPLETED,PAYREF1E6ECC34A5,
PAY002949,C0805,A0885,,1029.85,ZAR,2025-01-05,CARD,COMPLETED,PAYREF5D934097A1,
PAY002950,C0475,A1382,POL0412,1798.66,ZAR,2024-05-08,EFT,COMPLETED,PAYREFDD99EDB82B,
PAY002951,C0698,A1397,,178.42,ZAR,2025-02-09,CASH,COMPLETED,PAYREFF536F3F2B7,
PAY002952,C0637,A1485,POL0118,991.75,ZAR,2024-09-25,EFT,REVERSED,PAYREFFC52A79564,
PAY002953,C0093,A0713,,331.28,ZAR,2024-03-12,EFT,COMPLETED,PAYREF06B51B1876,
PAY002954,C0383,A0985,POL0315,1128.79,ZAR,2025-12-31,MOBILE,COMPLETED,PAYREF0DA623E50F,
PAY002955,C0260,A0101,,531.55,ZAR,2024-12-03,CASH,COMPLETED,PAYREF7659D8CA26,
PAY002956,C0933,A0770,POL0202,569.16,ZAR,2025-03-06,DEBIT_ORDER,COMPLETED,PAYREF2C7EF54346,
PAY002957,C0830,A1166,POL0107,289.04,ZAR,2024-08-12,MOBILE,COMPLETED,PAYREFD51D2EC075,
PAY002958,C0253,A1093,POL0561,3346.48,ZAR,2024-10-28,MOBILE,COMPLETED,PAYREF33A8EA8CB8,
PAY002959,C0105,A1152,,556.83,ZAR,2024-10-19,EFT,COMPLETED,PAYREFD51BF6DDED,
PAY002960,C0060,A1014,POL0679,587.43,ZAR,2024-12-01,EFT,COMPLETED,PAYREF3B0A3E8157,
PAY002961,C0489,A1235,POL0725,5067.56,ZAR,2025-09-07,CARD,COMPLETED,PAYREF01433474E5,
PAY002962,C0884,A0854,POL0179,1935.18,ZAR,2025-08-28,MOBILE,COMPLETED,PAYREF2F4E0EB192,
PAY002963,C0828,A0449,,143.36,ZAR,2024-03-12,EFT,COMPLETED,PAYREF3249C1F28D,
PAY002964,C0225,A0196,POL0419,4382.44,ZAR,2025-01-15,DEBIT_ORDER,COMPLETED,PAYREF1BC8B4FF83,
PAY002965,C0398,A0028,,5698.11,ZAR,2025-12-19,CASH,COMPLETED,PAYREF6F4B63E892,
PAY002966,C0688,A0624,POL0461,5189.41,ZAR,2025-11-12,CASH,COMPLETED,PAYREFB37634E660,
PAY002967,C0281,A1434,POL0154,2139.2,ZAR,2024-04-02,CASH,COMPLETED,PAYREF138C177E10,
PAY002968,C0064,A0287,POL0188,364.41,ZAR,2025-12-26,EFT,COMPLETED,PAYREFEC248B0814,
PAY002969,C0530,A0833,POL0495,1043.96,ZAR,2025-07-24,CASH,REVERSED,PAYREF9FF7A8EF73,
PAY002970,C0069,A0908,,257.64,ZAR,2024-04-29,EFT,COMPLETED,PAYREF143DF11931,
PAY002971,C0681,A0022,,461.27,ZAR,2024-03-24,CARD,FAILED,PAYREF60AB0096EC,Invalid account
PAY002972,C0408,A0715,POL0536,361.08,ZAR,2024-08-29,CASH,COMPLETED,PAYREF18BD81ED8D,
PAY002973,C0804,A1425,POL0762,585.79,ZAR,2025-08-13,CASH,COMPLETED,PAYREF6C83A4147C,
PAY002974,C0724,A0021,,1292.01,ZAR,2026-03-13,CARD,COMPLETED,PAYREF2FBCE493EB,
PAY002975,C0229,A1277,POL0556,702.81,ZAR,2026-06-29,CARD,COMPLETED,PAYREF430DDC05C8,
PAY002976,C0617,A0673,POL0669,673.26,ZAR,2024-09-18,CASH,COMPLETED,PAYREFFB1C758708,
PAY002977,C0548,A1256,POL0097,819.84,ZAR,2026-04-21,MOBILE,COMPLETED,PAYREF234727A18A,
PAY002978,C0356,A1262,POL0036,4912.18,ZAR,2026-04-24,CASH,COMPLETED,PAYREF9315B6C867,
PAY002979,C0057,A0572,POL0660,9544.84,ZAR,2024-07-09,CARD,COMPLETED,PAYREFE2EAD7ED88,
PAY002980,C0252,A0864,POL0330,698.76,ZAR,2024-08-02,EFT,COMPLETED,PAYREFA3225BED23,
PAY002981,C0935,A0501,,1534.68,ZAR,2025-01-23,MOBILE,FAILED,PAYREF6A32B258DE,Limit exceeded
PAY002982,C0762,A1090,POL0601,472.82,ZAR,2026-08-11,CARD,COMPLETED,PAYREFD34348CB2F,
PAY002983,C0726,A1120,POL0666,2362.91,ZAR,2025-06-30,EFT,COMPLETED,PAYREFEDDFA16E1B,
PAY002984,C0950,A1361,,680.99,ZAR,2025-12-04,CARD,COMPLETED,PAYREFE7736DED46,
PAY002985,C0392,A1233,,538.56,ZAR,2026-02-16,CASH,COMPLETED,PAYREFBCB00A5661,
PAY002986,C0836,A0913,,8115.96,ZAR,2025-05-26,EFT,COMPLETED,PAYREF2326A443D7,
PAY002987,C0068,A1273,,282.57,ZAR,2026-08-26,MOBILE,REVERSED,PAYREF8F22DC6075,
PAY002988,C0403,A0274,POL0444,94.37,ZAR,2026-07-17,MOBILE,COMPLETED,PAYREF3ED8C2C5F9,
PAY002989,C0655,A1361,POL0492,2286.62,ZAR,2025-12-02,CASH,COMPLETED,PAYREF2895A48329,
PAY002990,C0653,A0646,POL0225,759.28,ZAR,2024-07-08,DEBIT_ORDER,FAILED,PAYREF1BAEF0D346,Technical error
PAY002991,C0208,A0957,POL0636,574.79,ZAR,2025-02-13,CARD,FAILED,PAYREF2629BD6788,Insufficient funds
PAY002992,C0556,A0976,POL0223,16842.47,ZAR,2025-06-23,CASH,COMPLETED,PAYREF8CB7BF3D98,
PAY002993,C0104,A0150,POL0113,2276.12,ZAR,2025-12-29,CASH,COMPLETED,PAYREFE16CA944CE,
PAY002994,C0498,A1215,POL0085,1034.31,ZAR,2025-09-25,CASH,COMPLETED,PAYREF7F036CA44B,
PAY002995,C0235,A1251,POL0713,540.27,ZAR,2025-08-18,CARD,COMPLETED,PAYREF0CF6E3FAB7,
PAY002996,C0587,A1171,POL0539,1712.63,ZAR,2025-11-21,DEBIT_ORDER,COMPLETED,PAYREF6560BC108E,
PAY002997,C0511,A0478,POL0676,193.86,ZAR,2024-03-28,CARD,COMPLETED,PAYREFC49C65068D,
PAY002998,C0481,A0270,POL0472,654.52,ZAR,2026-06-24,DEBIT_ORDER,COMPLETED,PAYREFD4CA8C0A11,
PAY002999,C0857,A1146,POL0312,1056.69,ZAR,2024-10-05,CARD,COMPLETED,PAYREF10A3B8492F,
PAY003000,C0950,A0374,POL0495,1357.62,ZAR,2026-08-15,CASH,COMPLETED,PAYREFFD251620FF,
PAY003001,C0935,A0788,POL0388,951.05,ZAR,2025-09-18,MOBILE,COMPLETED,PAYREF23B79E21D9,
PAY003002,C0620,A0792,POL0124,548.28,ZAR,2025-09-19,DEBIT_ORDER,COMPLETED,PAYREFDE1E6597DA,
PAY003003,C0214,A0574,,2753.59,ZAR,2026-05-01,DEBIT_ORDER,COMPLETED,PAYREF1EAE5DD327,
PAY003004,C0503,A1073,POL0189,210.26,ZAR,2025-10-26,CARD,COMPLETED,PAYREF2049A0B4A4,
PAY003005,C0365,A0664,,830.54,ZAR,2025-01-09,CARD,COMPLETED,PAYREFB652E11A84,
PAY003006,C0167,A0673,POL0038,653.32,ZAR,2025-10-11,CASH,COMPLETED,PAYREF52C5172B76,
PAY003007,C0724,A1329,POL0422,3016.47,ZAR,2024-06-25,DEBIT_ORDER,PENDING,PAYREF64A7626972,
PAY003008,C0239,A1265,,693.06,ZAR,2025-07-20,CARD,COMPLETED,PAYREFBFF37848EF,
PAY003009,C0628,A0637,POL0307,1698.78,ZAR,2025-08-08,EFT,PENDING,PAYREF7442453D33,
PAY003010,C0067,A1380,POL0355,1530.04,ZAR,2024-10-12,DEBIT_ORDER,COMPLETED,PAYREFD012387CDB,
PAY003011,C0036,A0332,POL0440,175.02,ZAR,2025-06-10,MOBILE,COMPLETED,PAYREF0D2504D9B2,
PAY003012,C0761,A0863,POL0199,1026.95,ZAR,2026-03-11,CARD,COMPLETED,PAYREFB91AC4352E,
PAY003013,C0135,A1283,POL0740,191.96,ZAR,2024-12-24,CASH,COMPLETED,PAYREF6E81C1859E,
PAY003014,C0805,A0927,,1558.2,ZAR,2025-08-23,CARD,REVERSED,PAYREF9F3D4C3FFA,
PAY003015,C0655,A0861,,528.31,ZAR,2025-11-17,EFT,COMPLETED,PAYREF19A55FA5C2,
PAY003016,C0444,A0059,POL0641,3592.74,ZAR,2024-11-23,CASH,COMPLETED,PAYREF380E163A7B,
PAY003017,C0607,A0597,POL0109,915.28,ZAR,2025-04-20,MOBILE,COMPLETED,PAYREFF9DAADC971,
PAY003018,C0808,A0321,POL0195,507.73,ZAR,2025-08-17,CARD,COMPLETED,PAYREF03337DBD53,
PAY003019,C0199,A0815,POL0788,3640.44,ZAR,2024-01-18,MOBILE,COMPLETED,PAYREF078BBC04F7,
PAY003020,C0047,A0507,POL0196,458.57,ZAR,2024-10-29,CASH,COMPLETED,PAYREF0A63E49D03,
PAY003021,C0795,A0347,,2683.01,ZAR,2024-11-05,CASH,COMPLETED,PAYREF5266C56204,
PAY003022,C0857,A1358,POL0706,1750.28,ZAR,2026-02-08,CARD,COMPLETED,PAYREF2C7C48B825,
PAY003023,C0727,A0378,POL0136,760.95,ZAR,2024-09-01,MOBILE,FAILED,PAYREFBE8AD079A8,Limit exceeded
PAY003024,C0110,A0383,,288.31,ZAR,2024-05-04,EFT,COMPLETED,PAYREFAA93F216A9,
PAY003025,C0428,A0128,POL0237,3795.85,ZAR,2025-09-20,MOBILE,COMPLETED,PAYREFCD87859F1E,
PAY003026,C0894,A0204,POL0624,1808.88,ZAR,2026-05-28,DEBIT_ORDER,COMPLETED,PAYREF52D0097BDF,
PAY003027,C0793,A0980,POL0724,506.77,ZAR,2024-02-18,DEBIT_ORDER,COMPLETED,PAYREF2D23C78D77,
PAY003028,C0114,A1258,,1400.53,ZAR,2024-08-22,EFT,COMPLETED,PAYREFF0D009D861,
PAY003029,C0237,A0682,POL0552,2999.38,ZAR,2026-02-03,CARD,COMPLETED,PAYREF23AFD5C1D5,
PAY003030,C0492,A1171,,1226.62,ZAR,2024-04-02,DEBIT_ORDER,FAILED,PAYREFF519B45E5C,Account closed
PAY003031,C0849,A1419,POL0611,1391.86,ZAR,2024-05-18,EFT,COMPLETED,PAYREF4F390BCE0B,
PAY003032,C0669,A1389,,3077.9,ZAR,2025-07-27,MOBILE,COMPLETED,PAYREFC05647957E,
PAY003033,C0247,A0442,POL0766,5101.36,ZAR,2026-09-11,CASH,COMPLETED,PAYREF8C62CBB5F2,
PAY003034,C0553,A0014,,973.02,ZAR,2024-08-30,EFT,COMPLETED,PAYREF405157B8E3,
PAY003035,C0315,A0149,POL0540,287.88,ZAR,2025-11-01,DEBIT_ORDER,COMPLETED,PAYREFCDCC7B5CE4,
PAY003036,C0283,A1281,POL0614,298.1,ZAR,2025-12-12,CASH,COMPLETED,PAYREF3F50DFFD19,
PAY003037,C0825,A0676,POL0731,549.5,ZAR,2024-12-14,EFT,COMPLETED,PAYREF261A52899B,
PAY003038,C0016,A1492,POL0490,430.57,ZAR,2025-04-05,CASH,COMPLETED,PAYREF1AD259DE9B,
PAY003039,C0292,A0204,,203.88,ZAR,2024-07-02,CARD,COMPLETED,PAYREFD0E2F9DE56,
PAY003040,C0682,A0296,,6959.24,ZAR,2026-03-22,DEBIT_ORDER,COMPLETED,PAYREF9E6C403A48,
PAY003041,C0940,A1269,,1859.57,ZAR,2025-11-17,MOBILE,COMPLETED,PAYREF168575D2EE,
PAY003042,C0136,A1081,POL0258,649.5,ZAR,2025-06-05,DEBIT_ORDER,FAILED,PAYREF8DD3388CCD,Technical error
PAY003043,C0559,A0892,POL0762,1061.55,ZAR,2024-09-03,CASH,COMPLETED,PAYREFF497F6244E,
PAY003044,C0009,A0273,POL0043,183.75,ZAR,2024-10-14,EFT,COMPLETED,PAYREF3DC95D1F3F,
PAY003045,C0415,A0497,,3488.83,ZAR,2026-01-25,CASH,COMPLETED,PAYREF1BE1E6E400,
PAY003046,C0950,A0243,,156.08,ZAR,2025-07-21,MOBILE,COMPLETED,PAYREF0E57B6C44A,
PAY003047,C0192,A1296,POL0276,1826.26,ZAR,2025-08-11,DEBIT_ORDER,PENDING,PAYREFD2E3E242FA,
PAY003048,C0107,A1315,POL0448,174.44,ZAR,2025-09-20,MOBILE,COMPLETED,PAYREFE5CB7D1597,
PAY003049,C0692,A0072,,724.87,ZAR,2026-04-25,CARD,COMPLETED,PAYREF81FDD0522E,
PAY003050,C0513,A0609,,3799.74,ZAR,2024-08-04,DEBIT_ORDER,COMPLETED,PAYREF54DF04A868,
PAY003051,C0377,A0298,POL0626,214.02,ZAR,2024-03-14,CASH,COMPLETED,PAYREFB11FF87A96,
PAY003052,C0429,A0246,,945.1,ZAR,2025-02-16,MOBILE,COMPLETED,PAYREFEBC60B5BE0,
PAY003053,C0116,A1056,POL0606,2054.46,ZAR,2024-08-10,EFT,PENDING,PAYREFFEAE230366,
PAY003054,C0605,A0086,POL0019,1744.41,ZAR,2026-01-18,DEBIT_ORDER,PENDING,PAYREFE0BA24E573,
PAY003055,C0060,A1012,,1176.37,ZAR,2026-02-07,MOBILE,COMPLETED,PAYREFEA0571CC4B,
PAY003056,C0282,A1053,,1800.4,ZAR,2024-09-17,MOBILE,COMPLETED,PAYREFE4BC88FC87,
PAY003057,C0240,A0487,,595.37,ZAR,2026-05-12,CARD,COMPLETED,PAYREFC6AA936453,
PAY003058,C0653,A1406,POL0364,7576.42,ZAR,2024-09-24,EFT,COMPLETED,PAYREFFDEC0A60A5,
PAY003059,C0454,A1287,POL0622,219.07,ZAR,2024-05-30,EFT,COMPLETED,PAYREF153B1CB2CA,
PAY003060,C0284,A1077,POL0706,3505.44,ZAR,2025-01-25,EFT,FAILED,PAYREFD9290CEFF6,Technical error
PAY003061,C0174,A1280,POL0656,1325.43,ZAR,2024-08-09,CARD,COMPLETED,PAYREFA991627D5C,
PAY003062,C0707,A0504,,2032.68,ZAR,2025-03-05,EFT,COMPLETED,PAYREF7177DEF6DD,
PAY003063,C0830,A0025,POL0678,2427.33,ZAR,2026-01-24,EFT,COMPLETED,PAYREFCBB5DD6674,
PAY003064,C0486,A0989,POL0433,1911.47,ZAR,2025-01-29,CASH,REVERSED,PAYREF3E92983236,
PAY003065,C0312,A0278,POL0362,487.35,ZAR,2025-08-27,CARD,COMPLETED,PAYREFC14AEF154D,
PAY003066,C0014,A0562,,823.64,ZAR,2025-08-10,MOBILE,COMPLETED,PAYREF876B834853,
PAY003067,C0433,A1472,POL0641,256.83,ZAR,2025-12-07,MOBILE,COMPLETED,PAYREF7342310FDF,
PAY003068,C0911,A0700,POL0108,813.63,ZAR,2024-08-20,DEBIT_ORDER,FAILED,PAYREF15841E6D2D,Technical error
PAY003069,C0199,A0149,POL0125,1514.01,ZAR,2026-08-05,MOBILE,COMPLETED,PAYREFB10F9758DC,
PAY003070,C0511,A1346,,2012.49,ZAR,2024-06-19,MOBILE,COMPLETED,PAYREF187F2CD5D0,
PAY003071,C0901,A0774,,1622.03,ZAR,2024-11-27,CARD,COMPLETED,PAYREFBEE4383D3E,
PAY003072,C0450,A1365,POL0476,189.6,ZAR,2024-04-30,CASH,COMPLETED,PAYREFBA0EFA5C38,
PAY003073,C0130,A0875,POL0163,625.05,ZAR,2026-08-11,CASH,COMPLETED,PAYREFCE6502325D,
PAY003074,C0925,A0178,,565.52,ZAR,2024-09-19,CARD,COMPLETED,PAYREFE5795F4BB9,
PAY003075,C0518,A0226,,295.84,ZAR,2025-07-15,CARD,COMPLETED,PAYREFA4FFDA6CED,
PAY003076,C0563,A0324,POL0040,475.36,ZAR,2026-05-16,MOBILE,FAILED,PAYREF41B1434789,Account closed
PAY003077,C0416,A0785,POL0612,1098.04,ZAR,2024-03-18,CASH,COMPLETED,PAYREFCE767761EA,
PAY003078,C0102,A1235,,4508.81,ZAR,2024-04-15,MOBILE,PENDING,PAYREF1381C16686,
PAY003079,C0512,A0478,POL0005,422.82,ZAR,2024-04-30,CARD,COMPLETED,PAYREF547AF5D9AC,
PAY003080,C0138,A1265,POL0536,354.65,ZAR,2024-03-13,EFT,FAILED,PAYREF4354F119DF,Technical error
PAY003081,C0878,A0051,,602.16,ZAR,2025-03-17,MOBILE,COMPLETED,PAYREF65CA236390,
PAY003082,C0653,A0601,POL0174,1536.81,ZAR,2025-04-23,MOBILE,COMPLETED,PAYREF14418AAA1A,
PAY003083,C0381,A0378,,3728.3,ZAR,2025-11-12,CARD,COMPLETED,PAYREF3A40BAAB16,
PAY003084,C0225,A0382,POL0364,1005.75,ZAR,2024-04-23,CASH,PENDING,PAYREF876610DF69,
PAY003085,C0099,A0500,POL0422,258.3,ZAR,2024-12-24,DEBIT_ORDER,COMPLETED,PAYREF59D6CFB868,
PAY003086,C0596,A1082,POL0745,319.55,ZAR,2026-02-21,MOBILE,COMPLETED,PAYREF5DBC384440,
PAY003087,C0727,A0359,POL0424,1323.83,ZAR,2026-05-14,MOBILE,COMPLETED,PAYREF662B437387,
PAY003088,C0818,A1409,POL0488,2966.85,ZAR,2026-07-26,DEBIT_ORDER,COMPLETED,PAYREF48E9B5796A,
PAY003089,C0096,A1225,,6739.51,ZAR,2026-03-31,DEBIT_ORDER,COMPLETED,PAYREFD762D4FF31,
PAY003090,C0888,A0142,POL0177,336.16,ZAR,2024-06-09,EFT,COMPLETED,PAYREFF0E11582FC,
PAY003091,C0584,A0903,POL0709,1261.14,ZAR,2024-12-13,DEBIT_ORDER,FAILED,PAYREF70A1088AF2,Technical error
PAY003092,C0414,A0437,POL0329,391.57,ZAR,2026-03-01,DEBIT_ORDER,COMPLETED,PAYREF5086069D9F,
PAY003093,C0086,A0393,POL0350,446.47,ZAR,2026-02-15,EFT,COMPLETED,PAYREFE0A63583E5,
PAY003094,C0666,A0934,,410.22,ZAR,2025-12-16,CASH,COMPLETED,PAYREF6C5A939AC1,
PAY003095,C0527,A1173,,785.04,ZAR,2026-06-19,EFT,COMPLETED,PAYREF680D78D6CC,
PAY003096,C0150,A1395,,453.83,ZAR,2024-06-08,EFT,PENDING,PAYREFBA283A7930,
PAY003097,C0073,A1115,POL0572,13080.08,ZAR,2024-09-28,MOBILE,COMPLETED,PAYREFD12A911175,
PAY003098,C0719,A1282,,692.51,ZAR,2025-04-29,MOBILE,COMPLETED,PAYREFD1A99EB7B9,
PAY003099,C0005,A0176,,2944.75,ZAR,2026-01-15,DEBIT_ORDER,COMPLETED,PAYREFE87F373717,
PAY003100,C0606,A0362,,567.06,ZAR,2026-02-10,DEBIT_ORDER,COMPLETED,PAYREF2F3BE47C30,
PAY003101,C0342,A0199,,10231.64,ZAR,2025-08-15,MOBILE,REVERSED,PAYREFBF54207469,
PAY003102,C0813,A1173,POL0421,1539.27,ZAR,2025-06-17,CASH,COMPLETED,PAYREF182DE0A27B,
PAY003103,C0508,A1455,,2532.42,ZAR,2025-08-13,CARD,COMPLETED,PAYREF762EB505A0,
PAY003104,C0032,A1376,,607.24,ZAR,2025-03-18,DEBIT_ORDER,COMPLETED,PAYREF13DE164740,
PAY003105,C0935,A0013,POL0211,2911.55,ZAR,2026-08-05,EFT,COMPLETED,PAYREF50C312055C,
PAY003106,C0922,A0381,POL0006,1532.86,ZAR,2026-01-17,CASH,PENDING,PAYREFB3DF1387BF,
PAY003107,C0125,A1058,POL0244,750.71,ZAR,2024-09-01,CARD,COMPLETED,PAYREFEB7FE5F57E,
PAY003108,C0910,A0075,POL0158,372.45,ZAR,2026-06-07,CASH,COMPLETED,PAYREFFF0EA564B9,
PAY003109,C0828,A0069,POL0376,864.76,ZAR,2025-02-02,CARD,COMPLETED,PAYREFB59B6E413B,
PAY003110,C0166,A0318,POL0521,793.82,ZAR,2025-02-11,DEBIT_ORDER,COMPLETED,PAYREFD6692FDB97,
PAY003111,C0741,A0872,POL0490,2615.02,ZAR,2025-08-01,EFT,COMPLETED,PAYREF52970C0E41,
PAY003112,C0801,A1472,POL0059,869.35,ZAR,2026-04-03,EFT,COMPLETED,PAYREF0C6A25A25C,
PAY003113,C0232,A0185,POL0230,160.53,ZAR,2026-02-09,CARD,COMPLETED,PAYREFC4131A126C,
PAY003114,C0271,A0560,,2092.64,ZAR,2024-02-02,MOBILE,COMPLETED,PAYREFAEBE91E205,
PAY003115,C0085,A1010,,3996.47,ZAR,2025-07-31,CASH,COMPLETED,PAYREFD176C2B8F9,
PAY003116,C0795,A0343,,207.25,ZAR,2025-03-29,EFT,COMPLETED,PAYREF407E715F90,
PAY003117,C0586,A0766,POL0664,6665.7,ZAR,2025-07-11,MOBILE,COMPLETED,PAYREF2812D1BA99,
PAY003118,C0993,A0895,POL0236,4432.2,ZAR,2025-08-07,CARD,COMPLETED,PAYREFE25092539C,
PAY003119,C0304,A0844,POL0524,583.54,ZAR,2024-02-24,MOBILE,COMPLETED,PAYREF07F3168334,
PAY003120,C0630,A1223,POL0137,358.83,ZAR,2024-08-12,DEBIT_ORDER,COMPLETED,PAYREF60659929E5,
PAY003121,C0158,A1476,POL0702,3143.14,ZAR,2024-03-07,DEBIT_ORDER,REVERSED,PAYREF247E72BBE7,
PAY003122,C0821,A0703,POL0165,278.76,ZAR,2024-07-18,CARD,COMPLETED,PAYREF64A4E1327F,
PAY003123,C0468,A0738,POL0533,562.09,ZAR,2026-05-20,CARD,COMPLETED,PAYREF6E6CC3B21C,
PAY003124,C0715,A0633,,294.38,ZAR,2026-06-19,DEBIT_ORDER,COMPLETED,PAYREF828CA06AC7,
PAY003125,C0355,A0499,POL0007,1103.13,ZAR,2025-04-01,CARD,COMPLETED,PAYREFB0AF044CDB,
PAY003126,C0639,A0230,,4746.61,ZAR,2025-07-04,EFT,COMPLETED,PAYREFB7E5F4D84A,
PAY003127,C0126,A1282,,1595.46,ZAR,2025-05-27,CASH,PENDING,PAYREFFAB93BB811,
PAY003128,C0006,A1283,POL0102,3035.33,ZAR,2024-01-06,CASH,COMPLETED,PAYREF089ED81028,
PAY003129,C0739,A0289,,771.39,ZAR,2024-03-06,CASH,COMPLETED,PAYREF91EC358506,
PAY003130,C0270,A0367,POL0437,1208.7,ZAR,2024-05-22,EFT,COMPLETED,PAYREFA97A63546F,
PAY003131,C0527,A0283,,321.68,ZAR,2025-06-18,CASH,COMPLETED,PAYREF8119E54BA3,
PAY003132,C0391,A1410,,995.37,ZAR,2024-03-10,DEBIT_ORDER,COMPLETED,PAYREFBAAB797162,
PAY003133,C0748,A1197,POL0787,520.1,ZAR,2024-06-07,CASH,COMPLETED,PAYREFBA33CD0F15,
PAY003134,C0408,A1370,POL0431,934.24,ZAR,2025-03-09,MOBILE,COMPLETED,PAYREF2E26441C22,
PAY003135,C0060,A0168,,872.17,ZAR,2024-12-26,MOBILE,PENDING,PAYREFD39131B2DA,
PAY003136,C0857,A0841,POL0080,800.76,ZAR,2024-01-22,DEBIT_ORDER,COMPLETED,PAYREFFE60248FD2,
PAY003137,C0805,A0124,,9023.22,ZAR,2026-04-29,EFT,COMPLETED,PAYREF5E52533EE8,
PAY003138,C0858,A0538,POL0053,6422.38,ZAR,2026-03-25,CARD,COMPLETED,PAYREF4C148EEF3A,
PAY003139,C0006,A1170,POL0648,4519.44,ZAR,2026-05-20,EFT,COMPLETED,PAYREFB03574E6AD,
PAY003140,C0192,A0849,POL0687,6601.54,ZAR,2024-01-12,MOBILE,FAILED,PAYREF2327EEA02D,Limit exceeded
PAY003141,C0648,A1091,POL0554,4533.74,ZAR,2024-05-03,MOBILE,COMPLETED,PAYREF092993F777,
PAY003142,C0550,A1311,POL0682,1072.37,ZAR,2025-02-11,MOBILE,COMPLETED,PAYREF12C4F97130,
PAY003143,C0373,A1163,POL0087,967.86,ZAR,2025-04-28,EFT,PENDING,PAYREFA3183633DA,
PAY003144,C0999,A1362,,1387.7,ZAR,2024-06-02,EFT,COMPLETED,PAYREF12020CAAB4,
PAY003145,C0952,A0730,POL0014,888.3,ZAR,2024-11-07,EFT,COMPLETED,PAYREF8AA5A5BFB3,
PAY003146,C0316,A0925,,387.59,ZAR,2025-02-22,MOBILE,COMPLETED,PAYREFC1EA790208,
PAY003147,C0688,A0327,POL0577,1475.28,ZAR,2024-02-06,EFT,COMPLETED,PAYREF51D9B61F3E,
PAY003148,C0016,A0803,POL0175,229.04,ZAR,2025-01-14,EFT,COMPLETED,PAYREF932BF2FF94,
PAY003149,C0895,A1160,,1258.46,ZAR,2024-10-23,EFT,COMPLETED,PAYREF45F1215FC1,
PAY003150,C0575,A0035,POL0556,405.54,ZAR,2024-04-25,DEBIT_ORDER,COMPLETED,PAYREFD8F9155E5B,
PAY003151,C0415,A1096,,1011.27,ZAR,2024-09-26,CASH,COMPLETED,PAYREFCFF08C7602,
PAY003152,C0245,A1358,POL0090,1327.7,ZAR,2026-07-06,EFT,FAILED,PAYREF48E66AADB1,Invalid account
PAY003153,C0508,A1090,,770.58,ZAR,2025-12-31,CARD,COMPLETED,PAYREF14DF52AF56,
PAY003154,C0867,A0851,,212.62,ZAR,2026-05-08,DEBIT_ORDER,COMPLETED,PAYREFA87EBCE116,
PAY003155,C0606,A1005,POL0295,334.28,ZAR,2025-12-22,MOBILE,COMPLETED,PAYREFB113EB2797,
PAY003156,C0850,A1359,POL0057,1734.1,ZAR,2024-07-22,EFT,COMPLETED,PAYREFBD0E7A18F8,
PAY003157,C0214,A0642,POL0410,628.01,ZAR,2026-02-21,EFT,COMPLETED,PAYREFC07400DDD3,
PAY003158,C0766,A1221,,1921.48,ZAR,2025-07-16,CARD,FAILED,PAYREFE08562B679,Account closed
PAY003159,C0906,A0419,POL0230,1107.32,ZAR,2025-03-26,CASH,COMPLETED,PAYREF785C74CF2D,
PAY003160,C0343,A0727,,899.8,ZAR,2026-03-25,CASH,COMPLETED,PAYREF5337FF5824,
PAY003161,C0655,A1149,,1552.53,ZAR,2026-02-23,EFT,COMPLETED,PAYREFCA2FCFD05F,
PAY003162,C0444,A1322,POL0051,558.42,ZAR,2026-09-03,DEBIT_ORDER,FAILED,PAYREF3CEE516812,Limit exceeded
PAY003163,C0673,A0221,POL0239,1636.63,ZAR,2024-03-15,CASH,REVERSED,PAYREF588378BFD6,
PAY003164,C0728,A1341,POL0169,720.89,ZAR,2026-07-04,MOBILE,PENDING,PAYREF681538ED5F,
PAY003165,C0041,A1404,POL0146,13853.39,ZAR,2025-04-29,CARD,REVERSED,PAYREFA47FBCA47E,
PAY003166,C0616,A0224,POL0446,352.86,ZAR,2025-09-21,CARD,COMPLETED,PAYREFD9C2F2D60D,
PAY003167,C0164,A1193,POL0526,767.2,ZAR,2024-06-10,EFT,COMPLETED,PAYREF2D3EB5BBA2,
PAY003168,C0468,A1417,POL0135,798.79,ZAR,2026-02-12,MOBILE,COMPLETED,PAYREF8409CD3886,
PAY003169,C0836,A0239,POL0626,283.76,ZAR,2024-10-08,EFT,PENDING,PAYREF90D2072DDD,
PAY003170,C0850,A0441,,2266.09,ZAR,2025-11-18,CARD,COMPLETED,PAYREF02C4D3680A,
PAY003171,C0043,A0526,,714.28,ZAR,2024-02-18,CASH,COMPLETED,PAYREF671B89B095,
PAY003172,C0020,A0867,,101.52,ZAR,2024-06-25,MOBILE,COMPLETED,PAYREFD6712851E6,
PAY003173,C0329,A1499,,2197.62,ZAR,2025-07-29,EFT,PENDING,PAYREF0D56B8A90C,
PAY003174,C0925,A0384,POL0362,580.47,ZAR,2025-12-26,EFT,COMPLETED,PAYREF675FE96638,
PAY003175,C0534,A0111,POL0515,987.42,ZAR,2026-03-07,CASH,COMPLETED,PAYREF8F324F03DE,
PAY003176,C0108,A1280,,2157.75,ZAR,2025-03-01,EFT,COMPLETED,PAYREF6802702D76,
PAY003177,C0413,A0438,,761.5,ZAR,2026-03-20,DEBIT_ORDER,COMPLETED,PAYREF3B1D5D8E24,
PAY003178,C0718,A0244,,755.29,ZAR,2025-09-04,MOBILE,COMPLETED,PAYREF543692429A,
PAY003179,C0350,A0063,,12896.38,ZAR,2025-07-29,DEBIT_ORDER,COMPLETED,PAYREF176CD852ED,
PAY003180,C0951,A0521,POL0784,127.26,ZAR,2026-01-29,MOBILE,COMPLETED,PAYREF149384AB72,
PAY003181,C0655,A0285,POL0499,303.09,ZAR,2024-11-08,CARD,FAILED,PAYREFBF750EC6C0,Technical error
PAY003182,C0724,A0946,POL0232,367.95,ZAR,2025-04-17,CARD,COMPLETED,PAYREFC0AF051432,
PAY003183,C0855,A1042,POL0643,6561.82,ZAR,2025-10-15,EFT,FAILED,PAYREF76915E6226,Insufficient funds
PAY003184,C0987,A0779,,575.58,ZAR,2025-09-02,CARD,COMPLETED,PAYREF22918688AA,
PAY003185,C0486,A1493,POL0487,1394.39,ZAR,2026-01-23,CASH,COMPLETED,PAYREF376EB38805,
PAY003186,C0640,A0245,POL0118,682.61,ZAR,2026-02-26,EFT,PENDING,PAYREF49E883ECBE,
PAY003187,C0564,A0786,POL0248,2004.6,ZAR,2024-03-27,DEBIT_ORDER,COMPLETED,PAYREFF8D8B8A87E,
PAY003188,C0813,A0829,,1082.78,ZAR,2024-12-26,CARD,REVERSED,PAYREFDC27DA6A4C,
PAY003189,C0089,A0180,,1412.48,ZAR,2024-01-23,MOBILE,COMPLETED,PAYREF2E53ACB348,
PAY003190,C0265,A1419,,3972.88,ZAR,2026-07-08,CASH,COMPLETED,PAYREFDC8C18C1DC,
PAY003191,C0896,A1086,,1703.21,ZAR,2024-11-02,EFT,COMPLETED,PAYREF9F3EB8A892,
PAY003192,C0626,A0948,POL0145,525.81,ZAR,2024-09-05,MOBILE,PENDING,PAYREFAF2E77C7BD,
PAY003193,C0709,A0086,,1498.27,ZAR,2025-06-27,CASH,COMPLETED,PAYREF4FD912737D,
PAY003194,C0317,A0950,,12315.98,ZAR,2024-02-08,CARD,COMPLETED,PAYREFD574C1F94B,
PAY003195,C0068,A0820,,1929.41,ZAR,2024-10-12,CASH,COMPLETED,PAYREFA565235AEF,
PAY003196,C0765,A0617,,1276.54,ZAR,2024-05-10,MOBILE,COMPLETED,PAYREFA72208100D,
PAY003197,C0830,A1111,,278.51,ZAR,2026-01-26,EFT,COMPLETED,PAYREF83C46F5E75,
PAY003198,C0355,A0269,POL0727,2262.94,ZAR,2025-01-04,EFT,COMPLETED,PAYREF2848BE0A8C,
PAY003199,C0172,A0846,,2623.4,ZAR,2025-03-05,CASH,COMPLETED,PAYREFE5D4588AD9,
PAY003200,C0201,A0432,POL0706,1499.25,ZAR,2025-06-15,CASH,FAILED,PAYREF1713B028C5,Technical error
PAY003201,C0822,A0974,,1229.17,ZAR,2026-01-26,CARD,COMPLETED,PAYREFCF3B8AC370,
PAY003202,C0199,A0343,POL0247,18630.21,ZAR,2025-10-15,DEBIT_ORDER,COMPLETED,PAYREF33F7170C52,
PAY003203,C0464,A0917,POL0787,2579.7,ZAR,2025-04-20,CARD,COMPLETED,PAYREF62E87B2B78,
PAY003204,C0250,A0716,,3789.65,ZAR,2024-02-15,MOBILE,COMPLETED,PAYREF9D62A434E0,
PAY003205,C0054,A0068,,1172.49,ZAR,2024-07-12,CASH,COMPLETED,PAYREFE19AE26CFC,
PAY003206,C0498,A1470,POL0133,961.41,ZAR,2024-07-24,EFT,PENDING,PAYREFC902718F38,
PAY003207,C0166,A0865,,2063.38,ZAR,2026-07-04,EFT,COMPLETED,PAYREFB623FC7E1E,
PAY003208,C0680,A0524,POL0071,960.5,ZAR,2024-11-11,CASH,COMPLETED,PAYREF5B831B9A1F,
PAY003209,C0305,A0654,POL0277,1042.7,ZAR,2024-12-27,MOBILE,FAILED,PAYREFB4F00818A1,Technical error
PAY003210,C0518,A0543,POL0453,1742.73,ZAR,2026-07-01,CARD,PENDING,PAYREFB3B95455C0,
PAY003211,C0204,A1250,,656.68,ZAR,2024-05-04,CARD,COMPLETED,PAYREFC54075D217,
PAY003212,C0065,A0664,POL0309,1367.05,ZAR,2024-04-27,DEBIT_ORDER,COMPLETED,PAYREF7A8B94CB3C,
PAY003213,C0398,A1007,,1188.07,ZAR,2024-12-31,CARD,COMPLETED,PAYREF3CF8AE7BC9,
PAY003214,C0861,A0589,POL0539,2884.27,ZAR,2026-05-01,EFT,COMPLETED,PAYREF7F6F86C083,
PAY003215,C0954,A0866,POL0587,595.07,ZAR,2024-04-11,MOBILE,COMPLETED,PAYREFCB93B84D02,
PAY003216,C0142,A1003,POL0293,148.42,ZAR,2025-06-30,CASH,COMPLETED,PAYREF2E94F54D7C,
PAY003217,C0744,A1425,,803.81,ZAR,2026-01-20,CASH,COMPLETED,PAYREF98F81B3AF5,
PAY003218,C0384,A0519,POL0058,1631.55,ZAR,2026-02-16,CARD,COMPLETED,PAYREF3BC347AB16,
PAY003219,C0339,A0946,POL0303,2875.86,ZAR,2024-12-29,MOBILE,PENDING,PAYREFFBEED1B708,
PAY003220,C0520,A0529,POL0106,548.48,ZAR,2026-08-25,EFT,COMPLETED,PAYREF7FEDD58A26,
PAY003221,C0433,A0983,,1885.79,ZAR,2026-09-07,CASH,COMPLETED,PAYREF499C1E0B64,
PAY003222,C0430,A0367,POL0574,3412.34,ZAR,2024-05-06,DEBIT_ORDER,COMPLETED,PAYREF52D6AADC77,
PAY003223,C0724,A0216,POL0458,2324.48,ZAR,2024-10-07,CASH,COMPLETED,PAYREFF7D6CB6AAE,
PAY003224,C0226,A1412,POL0257,497.39,ZAR,2025-01-27,MOBILE,COMPLETED,PAYREF8764956F89,
PAY003225,C0563,A1070,,553.78,ZAR,2024-04-21,MOBILE,COMPLETED,PAYREF4466A93F3E,
PAY003226,C0798,A1418,,1694.26,ZAR,2024-05-13,CARD,COMPLETED,PAYREFA3131B0338,
PAY003227,C0761,A0891,,5571.06,ZAR,2025-04-19,EFT,FAILED,PAYREF9D0338BC48,Technical error
PAY003228,C0276,A0632,POL0052,1112.28,ZAR,2024-05-16,CARD,COMPLETED,PAYREFE06B7D5248,
PAY003229,C0872,A0519,,929.52,ZAR,2026-05-12,CARD,COMPLETED,PAYREF6A066A9171,
PAY003230,C0581,A0982,,278.77,ZAR,2025-08-02,MOBILE,COMPLETED,PAYREF76C276E43A,
PAY003231,C0411,A1211,,761.82,ZAR,2026-06-03,CASH,COMPLETED,PAYREFBC35EBE51B,
PAY003232,C0764,A0493,POL0323,536.34,ZAR,2024-04-02,CASH,COMPLETED,PAYREF8A69D33C4A,
PAY003233,C0412,A1406,,1126.87,ZAR,2024-02-26,MOBILE,COMPLETED,PAYREF0D6A084DDB,
PAY003234,C0932,A0084,POL0299,241.57,ZAR,2024-02-04,MOBILE,COMPLETED,PAYREFB5570B11A4,
PAY003235,C0787,A0788,POL0700,789.51,ZAR,2026-07-12,DEBIT_ORDER,COMPLETED,PAYREFAC0D405976,
PAY003236,C0579,A0849,POL0521,399.84,ZAR,2026-09-05,CASH,COMPLETED,PAYREF2EB0F33E22,
PAY003237,C0843,A1026,POL0102,2808.0,ZAR,2024-05-16,CASH,COMPLETED,PAYREF0F4F735048,
PAY003238,C0315,A0611,POL0274,464.44,ZAR,2025-12-11,CARD,COMPLETED,PAYREF39A1D2A81C,
PAY003239,C0856,A0271,,618.72,ZAR,2024-10-31,DEBIT_ORDER,COMPLETED,PAYREF02CBD7D2C6,
PAY003240,C0731,A0735,,1454.08,ZAR,2024-03-09,CASH,COMPLETED,PAYREFE42746948B,
PAY003241,C0778,A0985,POL0312,696.65,ZAR,2025-01-13,MOBILE,COMPLETED,PAYREFC59670A418,
PAY003242,C0791,A1147,POL0212,11608.03,ZAR,2024-06-01,CARD,PENDING,PAYREF45785C4667,
PAY003243,C0973,A0675,POL0465,2780.86,ZAR,2025-07-21,DEBIT_ORDER,COMPLETED,PAYREF84850C27EC,
PAY003244,C0356,A0075,POL0757,1115.67,ZAR,2025-12-27,CARD,COMPLETED,PAYREF8F7AE364AD,
PAY003245,C0159,A0672,POL0737,1584.62,ZAR,2026-05-27,MOBILE,COMPLETED,PAYREF0A33DF5091,
PAY003246,C0098,A0889,POL0082,104.02,ZAR,2024-04-01,MOBILE,COMPLETED,PAYREF8634A0099F,
PAY003247,C0965,A1090,POL0459,3758.31,ZAR,2026-06-30,EFT,COMPLETED,PAYREF1E9C5E8EF3,
PAY003248,C0161,A0114,POL0665,1829.68,ZAR,2025-03-01,EFT,PENDING,PAYREF272D9B4F37,
PAY003249,C0469,A0802,POL0479,1019.27,ZAR,2025-05-09,DEBIT_ORDER,FAILED,PAYREFB756658192,Limit exceeded
PAY003250,C0006,A1312,POL0131,1931.11,ZAR,2024-07-31,CASH,PENDING,PAYREFEE0E8AF204,
PAY003251,C0187,A0228,,2181.68,ZAR,2024-07-06,CARD,COMPLETED,PAYREFDA72DE8FED,
PAY003252,C0175,A1179,,723.16,ZAR,2026-04-24,CASH,COMPLETED,PAYREFAB6C24E9E4,
PAY003253,C0537,A0082,POL0345,1603.85,ZAR,2024-05-06,CARD,COMPLETED,PAYREF6D7B6FF4D0,
PAY003254,C0116,A0501,,3129.8,ZAR,2024-03-21,CARD,FAILED,PAYREF2578287D4E,Account closed
PAY003255,C0849,A1476,POL0217,1728.31,ZAR,2024-03-31,MOBILE,COMPLETED,PAYREF80F268AFB1,
PAY003256,C0891,A0344,,851.84,ZAR,2024-01-15,CASH,COMPLETED,PAYREF3577F8822D,
PAY003257,C0159,A0084,,1475.35,ZAR,2024-12-10,EFT,COMPLETED,PAYREFE5853061A1,
PAY003258,C0859,A0497,POL0367,4368.78,ZAR,2025-12-24,DEBIT_ORDER,COMPLETED,PAYREFB485EB9EB1,
PAY003259,C0051,A1225,POL0336,2401.81,ZAR,2024-07-04,CARD,COMPLETED,PAYREF225EEE12DF,
PAY003260,C0479,A1265,POL0651,342.73,ZAR,2025-10-20,CASH,COMPLETED,PAYREFFA7B205CD5,
PAY003261,C0986,A0903,,1971.76,ZAR,2025-07-27,MOBILE,REVERSED,PAYREF9B10189488,
PAY003262,C0411,A1126,POL0059,1727.03,ZAR,2024-02-25,CARD,COMPLETED,PAYREFAC90A44B92,
PAY003263,C0166,A0915,POL0024,3512.61,ZAR,2025-03-29,DEBIT_ORDER,COMPLETED,PAYREF960784B6E9,
PAY003264,C0371,A0494,POL0344,1133.22,ZAR,2026-03-14,CASH,COMPLETED,PAYREF8877942686,
PAY003265,C0949,A1230,,757.98,ZAR,2025-02-20,CARD,FAILED,PAYREF6174896EF6,Technical error
PAY003266,C0858,A0608,POL0458,279.17,ZAR,2026-02-10,CASH,COMPLETED,PAYREFBD53C7A1B5,
PAY003267,C0043,A1165,POL0146,547.52,ZAR,2024-07-03,CARD,FAILED,PAYREF465BF94E7D,Technical error
PAY003268,C0951,A1070,POL0153,3669.99,ZAR,2025-02-01,DEBIT_ORDER,FAILED,PAYREF2FDEEA34C0,Limit exceeded
PAY003269,C0545,A0554,POL0752,1336.7,ZAR,2024-12-08,CASH,COMPLETED,PAYREFB45953BD96,
PAY003270,C0461,A0721,,992.49,ZAR,2024-06-23,CASH,PENDING,PAYREF5CA4D77281,
PAY003271,C0728,A0214,POL0111,4006.3,ZAR,2025-06-17,MOBILE,COMPLETED,PAYREFD068367530,
PAY003272,C0459,A1418,,3260.39,ZAR,2024-08-06,CARD,COMPLETED,PAYREF3470C280BD,
PAY003273,C0141,A0437,POL0766,525.45,ZAR,2024-03-17,EFT,COMPLETED,PAYREFEB9C8712C5,
PAY003274,C0292,A1190,POL0280,3644.58,ZAR,2024-05-16,CARD,COMPLETED,PAYREFEACC7BD242,
PAY003275,C0769,A0276,,208.81,ZAR,2026-04-09,DEBIT_ORDER,COMPLETED,PAYREF2EE87D964B,
PAY003276,C0172,A0742,POL0449,1736.36,ZAR,2026-06-12,DEBIT_ORDER,COMPLETED,PAYREF96EB2DD32B,
PAY003277,C0709,A1125,POL0636,1542.73,ZAR,2025-02-12,CASH,COMPLETED,PAYREF82246294AD,
PAY003278,C0602,A1356,,3462.62,ZAR,2025-03-09,CARD,COMPLETED,PAYREF856BAC6D0C,
PAY003279,C0125,A0101,POL0431,1605.21,ZAR,2025-04-02,DEBIT_ORDER,COMPLETED,PAYREFB6D18DA041,
PAY003280,C0926,A1444,POL0229,858.72,ZAR,2024-05-25,CARD,PENDING,PAYREF86F3FE4737,
PAY003281,C0427,A0014,POL0018,929.31,ZAR,2025-04-18,CARD,COMPLETED,PAYREF8FF91C7244,
PAY003282,C0082,A1062,POL0471,16207.82,ZAR,2025-10-27,CASH,COMPLETED,PAYREF95B185553F,
PAY003283,C0910,A0083,POL0727,1191.11,ZAR,2024-12-10,MOBILE,PENDING,PAYREFD5F6351BFE,
PAY003284,C0702,A0935,,1992.36,ZAR,2024-07-06,MOBILE,COMPLETED,PAYREFFDFC7FF79F,
PAY003285,C0518,A0619,,145.31,ZAR,2026-02-18,CASH,COMPLETED,PAYREFE9AF8627BD,
PAY003286,C0244,A1330,POL0604,479.45,ZAR,2024-07-24,CARD,PENDING,PAYREFEEF8A89CF5,
PAY003287,C0604,A0162,POL0411,1842.3,ZAR,2025-08-01,CASH,COMPLETED,PAYREFDD94B1CCB1,
PAY003288,C0938,A0539,POL0748,218.21,ZAR,2024-11-19,CARD,COMPLETED,PAYREFC1527DEA11,
PAY003289,C0408,A0345,POL0758,1899.6,ZAR,2026-02-05,EFT,FAILED,PAYREF989648F09D,Limit exceeded
PAY003290,C0474,A1297,POL0083,531.06,ZAR,2024-09-27,EFT,COMPLETED,PAYREFA0604A217E,
PAY003291,C0377,A1101,POL0731,390.0,ZAR,2025-03-01,MOBILE,COMPLETED,PAYREF98B0C2B74D,
PAY003292,C0021,A0226,POL0598,529.09,ZAR,2025-05-06,DEBIT_ORDER,PENDING,PAYREFB4E8F799D3,
PAY003293,C0475,A1256,POL0516,5052.0,ZAR,2026-03-12,DEBIT_ORDER,COMPLETED,PAYREFFDB6902D8C,
PAY003294,C0403,A0371,POL0242,1530.6,ZAR,2024-11-14,MOBILE,COMPLETED,PAYREF31F9A0A94D,
PAY003295,C0192,A1293,POL0450,441.23,ZAR,2025-10-04,MOBILE,COMPLETED,PAYREF890E12FAB4,
PAY003296,C0408,A0013,POL0460,2381.15,ZAR,2025-07-28,CASH,COMPLETED,PAYREFD0FCA845F8,
PAY003297,C0626,A0367,POL0752,2514.27,ZAR,2025-12-10,EFT,FAILED,PAYREF0829D61F79,Account closed
PAY003298,C0594,A1331,,748.96,ZAR,2026-03-22,MOBILE,COMPLETED,PAYREF008FF243FC,
PAY003299,C0354,A0200,,2861.71,ZAR,2024-06-08,CARD,COMPLETED,PAYREF94BCB66E31,
PAY003300,C0412,A1451,POL0454,3001.15,ZAR,2026-01-12,DEBIT_ORDER,COMPLETED,PAYREFA420BC1136,
PAY003301,C0667,A1285,POL0703,2569.15,ZAR,2026-02-11,CASH,COMPLETED,PAYREFF27E50947F,
PAY003302,C0154,A0313,POL0047,559.06,ZAR,2025-02-20,CASH,COMPLETED,PAYREF3C92A9E0E3,
PAY003303,C0143,A0837,POL0552,337.29,ZAR,2025-05-16,DEBIT_ORDER,COMPLETED,PAYREF24FB9E3793,
PAY003304,C0761,A0583,POL0405,201.77,ZAR,2024-06-06,CARD,COMPLETED,PAYREF5037CE2088,
PAY003305,C0341,A0763,,569.34,ZAR,2024-02-18,EFT,COMPLETED,PAYREFDF2638F303,
PAY003306,C0988,A0368,,759.14,ZAR,2025-01-03,CASH,COMPLETED,PAYREF4BB78F86AE,
PAY003307,C0257,A0709,,823.5,ZAR,2026-07-16,EFT,COMPLETED,PAYREFF51ECD1EFB,
PAY003308,C0068,A1456,POL0157,1046.07,ZAR,2024-08-07,EFT,COMPLETED,PAYREFE65AC03170,
PAY003309,C0309,A0474,,6204.24,ZAR,2025-08-23,DEBIT_ORDER,COMPLETED,PAYREF20B93EDE02,
PAY003310,C0010,A0506,POL0629,780.88,ZAR,2024-05-07,CASH,COMPLETED,PAYREF3400497730,
PAY003311,C0855,A0380,POL0581,1044.43,ZAR,2024-06-08,CASH,COMPLETED,PAYREFE9E7763568,
PAY003312,C0064,A0856,POL0389,178.11,ZAR,2025-02-25,MOBILE,COMPLETED,PAYREF6DD5B872DB,
PAY003313,C0297,A0562,,10177.87,ZAR,2024-10-30,DEBIT_ORDER,COMPLETED,PAYREF8C55BE051D,
PAY003314,C0236,A0539,POL0288,294.15,ZAR,2025-08-15,CARD,COMPLETED,PAYREFAC68D88C8B,
PAY003315,C0482,A1176,,540.85,ZAR,2024-01-21,DEBIT_ORDER,COMPLETED,PAYREF764199BA3A,
PAY003316,C0504,A0043,POL0487,2198.92,ZAR,2024-04-16,DEBIT_ORDER,FAILED,PAYREFBA124BAAC2,Insufficient funds
PAY003317,C0857,A0933,POL0618,1402.75,ZAR,2026-04-07,MOBILE,REVERSED,PAYREF0704A0853A,
PAY003318,C0864,A0774,POL0725,5671.37,ZAR,2025-12-28,CARD,COMPLETED,PAYREFFD63CEE63D,
PAY003319,C0053,A0853,POL0793,2252.99,ZAR,2025-08-20,CASH,COMPLETED,PAYREFD2B3659E6E,
PAY003320,C0634,A1349,,1011.02,ZAR,2024-02-03,MOBILE,COMPLETED,PAYREF68D5E510CD,
PAY003321,C0184,A0778,,3115.31,ZAR,2026-08-03,CASH,COMPLETED,PAYREF5CFEFB7151,
PAY003322,C0984,A1189,POL0796,3502.77,ZAR,2025-07-15,DEBIT_ORDER,COMPLETED,PAYREF40ACB547A8,
PAY003323,C0990,A0548,POL0299,566.71,ZAR,2025-10-23,DEBIT_ORDER,COMPLETED,PAYREF342C34FBA5,
PAY003324,C0587,A1427,POL0359,2872.76,ZAR,2026-01-07,MOBILE,COMPLETED,PAYREF6E5BCBC0F7,
PAY003325,C0902,A0254,,878.08,ZAR,2024-02-26,CARD,COMPLETED,PAYREF68AB77CBC9,
PAY003326,C0726,A1304,POL0480,988.83,ZAR,2024-10-14,MOBILE,COMPLETED,PAYREF89E4FFD2CE,
PAY003327,C0903,A0877,POL0712,1265.13,ZAR,2025-08-20,CARD,COMPLETED,PAYREFED113CC6B8,
PAY003328,C0857,A0978,POL0032,749.36,ZAR,2026-07-10,CARD,COMPLETED,PAYREF9C8E2F0B68,
PAY003329,C0175,A0154,POL0296,710.1,ZAR,2025-01-17,MOBILE,PENDING,PAYREFE910C8D593,
PAY003330,C0915,A0492,,2935.76,ZAR,2025-04-15,CARD,COMPLETED,PAYREFAFD8FD30E2,
PAY003331,C0505,A1280,POL0114,237.71,ZAR,2025-09-12,CASH,COMPLETED,PAYREF9CAC257CBE,
PAY003332,C0651,A0877,POL0202,379.32,ZAR,2024-08-04,DEBIT_ORDER,REVERSED,PAYREFD439A3FA1C,
PAY003333,C0462,A0196,POL0142,2153.25,ZAR,2024-10-26,DEBIT_ORDER,COMPLETED,PAYREF46BFEEE8D7,
PAY003334,C0288,A0969,,1019.53,ZAR,2024-08-09,CASH,COMPLETED,PAYREFAB7B9C0393,
PAY003335,C0368,A0254,POL0094,2955.76,ZAR,2024-11-07,EFT,COMPLETED,PAYREFD857505F98,
PAY003336,C0583,A0497,,1568.59,ZAR,2024-04-30,EFT,COMPLETED,PAYREFA35CDECFFE,
PAY003337,C0028,A1022,POL0614,288.96,ZAR,2024-12-18,DEBIT_ORDER,COMPLETED,PAYREFA6D60CBC28,
PAY003338,C0504,A0156,POL0187,1167.75,ZAR,2024-07-26,CARD,COMPLETED,PAYREF63BFD2D86E,
PAY003339,C0657,A0659,POL0008,1871.6,ZAR,2024-11-17,CARD,REVERSED,PAYREF7EC431A3A6,
PAY003340,C0718,A0882,POL0605,1385.81,ZAR,2026-06-06,MOBILE,COMPLETED,PAYREF9F1D78C371,
PAY003341,C0122,A0029,POL0245,686.58,ZAR,2025-12-13,CASH,FAILED,PAYREFCAF7C3E495,Insufficient funds
PAY003342,C0814,A1126,,833.86,ZAR,2025-02-05,EFT,COMPLETED,PAYREF335F07E991,
PAY003343,C0144,A0476,,626.35,ZAR,2024-07-28,EFT,PENDING,PAYREF2B37F83099,
PAY003344,C0299,A0772,,291.43,ZAR,2024-05-10,CASH,COMPLETED,PAYREF5B359DA66F,
PAY003345,C0765,A0891,,253.98,ZAR,2024-02-20,CARD,COMPLETED,PAYREFFA56DA90DA,
PAY003346,C0337,A1023,,1619.74,ZAR,2026-05-22,MOBILE,COMPLETED,PAYREF83460915F0,
PAY003347,C0770,A1126,POL0143,458.77,ZAR,2024-02-07,DEBIT_ORDER,COMPLETED,PAYREF0594D3AED2,
PAY003348,C0435,A0607,POL0218,1950.03,ZAR,2026-05-16,EFT,COMPLETED,PAYREF90ACD9DDF5,
PAY003349,C0844,A0939,,604.82,ZAR,2025-06-16,MOBILE,COMPLETED,PAYREF9FFF90CAF4,
PAY003350,C0321,A0814,,294.96,ZAR,2026-05-25,MOBILE,COMPLETED,PAYREFEDFD6CDBCE,
PAY003351,C0394,A1271,POL0216,729.28,ZAR,2024-06-04,MOBILE,COMPLETED,PAYREFF7B906E9E2,
PAY003352,C0534,A0306,POL0003,8905.06,ZAR,2024-06-23,CARD,COMPLETED,PAYREF0F2615425E,
PAY003353,C0744,A0207,POL0291,996.64,ZAR,2026-08-14,CARD,FAILED,PAYREF8CA8845564,Insufficient funds
PAY003354,C0429,A1278,POL0682,2091.98,ZAR,2026-02-13,MOBILE,COMPLETED,PAYREFC9E5124371,
PAY003355,C0381,A1382,,1298.29,ZAR,2024-11-02,EFT,COMPLETED,PAYREF71BCCFBA04,
PAY003356,C0994,A0524,POL0680,269.02,ZAR,2025-10-08,CASH,FAILED,PAYREF1DF6B77D77,Technical error
PAY003357,C0863,A1391,POL0437,4670.23,ZAR,2026-03-14,EFT,COMPLETED,PAYREF6C63C7E9C4,
PAY003358,C0461,A0722,POL0664,855.92,ZAR,2024-03-06,CARD,COMPLETED,PAYREFCA6876DFB6,
PAY003359,C0446,A1473,POL0651,295.74,ZAR,2024-09-23,CARD,COMPLETED,PAYREF7B2B9442ED,
PAY003360,C0237,A0601,POL0409,657.05,ZAR,2024-06-19,DEBIT_ORDER,COMPLETED,PAYREF3C196D227E,
PAY003361,C0944,A0398,POL0409,892.26,ZAR,2026-01-23,CASH,PENDING,PAYREF8F6A12040F,
PAY003362,C0377,A1342,,2320.36,ZAR,2024-10-27,CASH,PENDING,PAYREF1EFE51C3DD,
PAY003363,C0038,A0865,POL0474,555.15,ZAR,2026-04-03,MOBILE,COMPLETED,PAYREF6D2A5D7C51,
PAY003364,C0191,A0717,POL0527,15068.26,ZAR,2024-12-23,DEBIT_ORDER,COMPLETED,PAYREFE4206C7DE3,
PAY003365,C0068,A1198,POL0061,429.59,ZAR,2024-04-16,DEBIT_ORDER,COMPLETED,PAYREF48BAA26A6C,
PAY003366,C0068,A0242,,2022.31,ZAR,2025-02-28,CARD,COMPLETED,PAYREF89BA458C92,
PAY003367,C0096,A1173,,152.33,ZAR,2024-04-21,DEBIT_ORDER,COMPLETED,PAYREF286201BCAE,
PAY003368,C0861,A1073,POL0332,969.04,ZAR,2024-02-22,EFT,COMPLETED,PAYREFA6774CB5BB,
PAY003369,C0749,A0464,POL0047,1583.25,ZAR,2024-05-06,CASH,COMPLETED,PAYREFEC49EE9582,
PAY003370,C0280,A0975,POL0699,357.96,ZAR,2025-02-28,EFT,COMPLETED,PAYREF6CA80CC83A,
PAY003371,C0258,A1350,,4910.08,ZAR,2025-01-13,EFT,COMPLETED,PAYREFABB74DCC33,
PAY003372,C0698,A1125,,1693.37,ZAR,2025-04-01,MOBILE,COMPLETED,PAYREFF90CC5AC66,
PAY003373,C0272,A0091,POL0740,798.2,ZAR,2025-10-05,CASH,FAILED,PAYREF98C67AB16A,Insufficient funds
PAY003374,C0098,A0092,POL0110,1675.18,ZAR,2024-10-26,MOBILE,COMPLETED,PAYREF3767B3C81E,
PAY003375,C0343,A0133,,605.88,ZAR,2024-02-05,EFT,COMPLETED,PAYREF12B8D1F80D,
PAY003376,C0036,A0180,,3832.91,ZAR,2025-01-26,CASH,COMPLETED,PAYREF87A3F13ADD,
PAY003377,C0124,A0238,POL0049,3026.91,ZAR,2025-08-28,EFT,COMPLETED,PAYREF2B72FF207E,
PAY003378,C0085,A0389,POL0603,1593.03,ZAR,2026-05-02,CASH,COMPLETED,PAYREF656BD09435,
PAY003379,C0795,A0905,POL0033,2021.7,ZAR,2026-09-03,CARD,COMPLETED,PAYREF0F940BAC56,
PAY003380,C0186,A0932,POL0012,250.34,ZAR,2024-12-23,EFT,COMPLETED,PAYREF520933B8FE,
PAY003381,C0189,A1474,POL0577,4754.97,ZAR,2025-12-22,EFT,COMPLETED,PAYREF0E846526B9,
PAY003382,C0188,A1245,POL0538,992.91,ZAR,2026-02-23,MOBILE,COMPLETED,PAYREFC764A96A71,
PAY003383,C0785,A0538,,3056.56,ZAR,2025-04-25,CASH,COMPLETED,PAYREF310D125780,
PAY003384,C0377,A0561,POL0167,2321.21,ZAR,2026-01-05,CARD,COMPLETED,PAYREFE0C4ACD773,
PAY003385,C0985,A0799,,3010.06,ZAR,2024-10-15,EFT,PENDING,PAYREFB3DF79544B,
PAY003386,C0682,A0181,POL0631,384.61,ZAR,2025-03-08,CARD,REVERSED,PAYREF0E7C24772F,
PAY003387,C0592,A0321,POL0794,436.81,ZAR,2025-12-13,CASH,FAILED,PAYREF2E237F6690,Technical error
PAY003388,C0484,A0672,POL0353,10386.63,ZAR,2024-05-23,CASH,COMPLETED,PAYREFC5365D84C1,
PAY003389,C0012,A0689,POL0687,240.0,ZAR,2024-03-17,CARD,COMPLETED,PAYREF966D38F596,
PAY003390,C0128,A1023,,365.91,ZAR,2024-01-20,EFT,COMPLETED,PAYREF527A6C042C,
PAY003391,C0804,A0333,POL0586,1145.1,ZAR,2025-02-06,CASH,COMPLETED,PAYREF6E018A3E87,
PAY003392,C0864,A0206,,1147.09,ZAR,2026-04-19,CASH,COMPLETED,PAYREF94A3F87806,
PAY003393,C0730,A0723,POL0708,639.05,ZAR,2024-05-04,CASH,COMPLETED,PAYREF3E21323139,
PAY003394,C0004,A0913,POL0547,2030.58,ZAR,2026-08-22,CARD,COMPLETED,PAYREFD92793958D,
PAY003395,C0855,A1307,POL0578,2702.91,ZAR,2026-04-21,CARD,COMPLETED,PAYREF4CA1987A50,
PAY003396,C0126,A0563,,1076.89,ZAR,2026-08-10,DEBIT_ORDER,COMPLETED,PAYREF0FDF7E420D,
PAY003397,C0209,A0229,,838.41,ZAR,2026-08-21,EFT,COMPLETED,PAYREF8115CE95B3,
PAY003398,C0491,A1239,POL0050,1072.49,ZAR,2025-03-23,EFT,COMPLETED,PAYREF6F2469EB54,
PAY003399,C0872,A0647,,666.9,ZAR,2025-03-03,MOBILE,COMPLETED,PAYREF4D43EB9BF4,
PAY003400,C0986,A0452,POL0712,200.69,ZAR,2024-09-10,MOBILE,COMPLETED,PAYREF348E4E260A,
PAY003401,C0455,A1004,,1481.67,ZAR,2026-07-18,MOBILE,COMPLETED,PAYREF925589D917,
PAY003402,C0979,A0119,POL0158,2358.63,ZAR,2026-01-10,CARD,COMPLETED,PAYREF71BA089342,
PAY003403,C0849,A1169,POL0229,940.18,ZAR,2026-07-15,DEBIT_ORDER,COMPLETED,PAYREF62A2481326,
PAY003404,C0125,A0833,POL0132,113.85,ZAR,2025-05-05,CARD,COMPLETED,PAYREFC67C51EDD4,
PAY003405,C0525,A0148,,619.11,ZAR,2025-09-04,CASH,COMPLETED,PAYREF45505C9A04,
PAY003406,C0485,A0883,POL0447,2712.76,ZAR,2025-08-02,EFT,COMPLETED,PAYREF2AAA1CC905,
PAY003407,C0908,A0934,POL0782,260.28,ZAR,2025-05-01,CASH,COMPLETED,PAYREF9F8B63E73E,
PAY003408,C0297,A0099,POL0625,2199.28,ZAR,2025-01-26,EFT,COMPLETED,PAYREFF031AE200E,
PAY003409,C0669,A1475,,702.46,ZAR,2024-11-16,CARD,COMPLETED,PAYREF3973BCCFBC,
PAY003410,C0193,A1445,POL0338,1076.24,ZAR,2024-07-13,EFT,COMPLETED,PAYREFADC8A8CF7E,
PAY003411,C0338,A1265,POL0088,552.31,ZAR,2025-07-08,CASH,COMPLETED,PAYREFC2D6A752A6,
PAY003412,C0577,A0732,,352.28,ZAR,2025-11-28,CARD,COMPLETED,PAYREFAAC1D5EAEF,
PAY003413,C0168,A1336,POL0513,4602.0,ZAR,2026-02-03,MOBILE,COMPLETED,PAYREF90AB96A2C3,
PAY003414,C0069,A0122,POL0556,2479.57,ZAR,2025-04-24,MOBILE,COMPLETED,PAYREFBD0A6968C1,
PAY003415,C0907,A0621,POL0414,2089.59,ZAR,2024-05-09,CARD,COMPLETED,PAYREF5EC60B2B80,
PAY003416,C0803,A0533,,2720.46,ZAR,2024-06-16,MOBILE,REVERSED,PAYREFA802F97250,
PAY003417,C0071,A0492,POL0355,1812.96,ZAR,2025-01-07,MOBILE,COMPLETED,PAYREF2FA37B31C7,
PAY003418,C0359,A0606,,2818.98,ZAR,2024-04-04,DEBIT_ORDER,FAILED,PAYREFD198F3076D,Account closed
PAY003419,C0401,A1426,POL0761,564.59,ZAR,2026-03-22,CARD,COMPLETED,PAYREF27B8949787,
PAY003420,C0363,A1163,,4348.94,ZAR,2024-04-11,CARD,COMPLETED,PAYREF5D1BCB6AF5,
PAY003421,C0013,A0221,POL0537,3977.59,ZAR,2025-03-02,DEBIT_ORDER,COMPLETED,PAYREFBB07750AD0,
PAY003422,C0877,A1500,,1604.36,ZAR,2025-08-19,EFT,COMPLETED,PAYREF92874D6991,
PAY003423,C0247,A0268,POL0586,822.22,ZAR,2025-06-04,CARD,COMPLETED,PAYREFF9B561CEB0,
PAY003424,C0428,A0650,POL0003,322.62,ZAR,2024-05-20,EFT,COMPLETED,PAYREF9F902F6007,
PAY003425,C0335,A0488,POL0465,1378.37,ZAR,2026-08-23,CASH,COMPLETED,PAYREFBA9FCB367C,
PAY003426,C0730,A1323,POL0457,5913.04,ZAR,2025-01-09,EFT,COMPLETED,PAYREFAB8CBC37DC,
PAY003427,C0248,A1426,,343.49,ZAR,2025-06-30,CARD,COMPLETED,PAYREF6948A5A2A8,
PAY003428,C0361,A0773,POL0359,3035.33,ZAR,2026-06-15,EFT,COMPLETED,PAYREF54FD5C3569,
PAY003429,C0858,A0769,POL0243,684.41,ZAR,2024-01-17,MOBILE,COMPLETED,PAYREFA2317DAD2F,
PAY003430,C0153,A1138,POL0365,745.39,ZAR,2025-08-29,CASH,COMPLETED,PAYREFCA9CC2DA9D,
PAY003431,C0525,A0125,,338.51,ZAR,2024-09-26,DEBIT_ORDER,COMPLETED,PAYREF3116A70530,
PAY003432,C0724,A0332,,516.72,ZAR,2026-07-06,EFT,COMPLETED,PAYREF73C3039ADB,
PAY003433,C0019,A0246,POL0285,2093.9,ZAR,2025-03-30,CASH,COMPLETED,PAYREF095B5F2C61,
PAY003434,C0703,A1013,POL0661,2371.14,ZAR,2024-10-02,CASH,PENDING,PAYREF61C5B12F6F,
PAY003435,C0894,A1403,POL0005,1388.33,ZAR,2026-06-26,EFT,COMPLETED,PAYREF1E7F561FC0,
PAY003436,C0462,A0386,,664.6,ZAR,2024-12-22,EFT,COMPLETED,PAYREFE8DF5E32A6,
PAY003437,C0855,A0721,,363.74,ZAR,2025-12-25,MOBILE,COMPLETED,PAYREFA0CE0B1A43,
PAY003438,C0239,A0637,POL0133,1166.49,ZAR,2024-07-11,MOBILE,COMPLETED,PAYREF51D3EE8C30,
PAY003439,C0744,A0606,POL0711,761.31,ZAR,2025-07-03,MOBILE,FAILED,PAYREF5183BF37B2,Limit exceeded
PAY003440,C0631,A1192,,1354.49,ZAR,2025-07-04,MOBILE,PENDING,PAYREF80F673D403,
PAY003441,C0701,A1496,POL0570,795.33,ZAR,2025-02-05,EFT,COMPLETED,PAYREF00DD00E47F,
PAY003442,C0793,A0749,POL0154,815.94,ZAR,2026-09-15,DEBIT_ORDER,COMPLETED,PAYREFC133F8989B,
PAY003443,C0392,A0885,,1285.57,ZAR,2024-07-11,DEBIT_ORDER,COMPLETED,PAYREF115683FFAC,
PAY003444,C0179,A0647,,1559.61,ZAR,2024-09-04,CASH,FAILED,PAYREF8F3D0C0334,Account closed
PAY003445,C0686,A1131,POL0359,3729.1,ZAR,2024-02-05,CARD,COMPLETED,PAYREF79F1EBB4A5,
PAY003446,C0451,A1039,POL0679,782.91,ZAR,2026-05-13,CASH,COMPLETED,PAYREFB2F95816D7,
PAY003447,C0414,A1012,POL0278,1892.2,ZAR,2024-07-20,MOBILE,FAILED,PAYREFFA46C34ED5,Technical error
PAY003448,C0214,A1422,,6658.32,ZAR,2025-06-14,EFT,COMPLETED,PAYREF9CB086809B,
PAY003449,C0367,A1208,POL0783,1943.17,ZAR,2025-08-10,DEBIT_ORDER,COMPLETED,PAYREFEF7F3FB907,
PAY003450,C0715,A0906,,3513.09,ZAR,2026-04-27,CASH,COMPLETED,PAYREFB68B71EF4D,
PAY003451,C0054,A1281,POL0577,589.56,ZAR,2026-07-23,CASH,COMPLETED,PAYREFF7E8686046,
PAY003452,C0294,A0221,,533.6,ZAR,2026-01-10,MOBILE,COMPLETED,PAYREFE274F76CFA,
PAY003453,C0475,A1271,POL0672,935.07,ZAR,2025-10-22,DEBIT_ORDER,COMPLETED,PAYREFAEF44B0112,
PAY003454,C0537,A0742,POL0304,1040.09,ZAR,2025-11-19,CARD,COMPLETED,PAYREF1643883B6A,
PAY003455,C0710,A1352,POL0067,3199.74,ZAR,2026-07-23,DEBIT_ORDER,COMPLETED,PAYREF3FF895E700,
PAY003456,C0218,A0649,,528.64,ZAR,2026-08-27,CASH,COMPLETED,PAYREFC252F978CE,
PAY003457,C0513,A1014,POL0369,1003.62,ZAR,2024-01-13,EFT,COMPLETED,PAYREF89ADC16400,
PAY003458,C0906,A1302,POL0660,3212.57,ZAR,2025-02-09,EFT,COMPLETED,PAYREF2E3425C31A,
PAY003459,C0831,A0553,POL0525,1360.41,ZAR,2025-07-19,MOBILE,COMPLETED,PAYREF838CB87B17,
PAY003460,C0056,A1487,,1084.83,ZAR,2026-03-03,MOBILE,COMPLETED,PAYREF583395C535,
PAY003461,C0786,A0979,,1392.0,ZAR,2024-07-16,EFT,REVERSED,PAYREF957E06ED7D,
PAY003462,C0191,A0561,POL0188,355.12,ZAR,2024-04-06,DEBIT_ORDER,COMPLETED,PAYREF298ED32F9D,
PAY003463,C0754,A0222,,349.41,ZAR,2024-05-02,CASH,COMPLETED,PAYREF161C365047,
PAY003464,C0332,A0677,POL0536,224.03,ZAR,2025-01-01,CASH,REVERSED,PAYREFBDA37755CF,
PAY003465,C0635,A0380,POL0312,1348.41,ZAR,2025-05-22,MOBILE,REVERSED,PAYREF67A80405BC,
PAY003466,C0381,A1059,POL0769,2748.62,ZAR,2026-08-09,CASH,COMPLETED,PAYREF83446353F4,
PAY003467,C0091,A1305,,2358.04,ZAR,2025-11-27,DEBIT_ORDER,COMPLETED,PAYREFD65FFDADE5,
PAY003468,C0757,A0246,,3441.38,ZAR,2024-03-22,MOBILE,COMPLETED,PAYREF002F3F082A,
PAY003469,C0602,A1102,,4694.85,ZAR,2025-11-08,DEBIT_ORDER,COMPLETED,PAYREF7D1C6C0F29,
PAY003470,C0492,A0756,,1267.3,ZAR,2025-03-16,EFT,FAILED,PAYREF54CE4554B1,Insufficient funds
PAY003471,C0776,A0040,POL0414,1028.02,ZAR,2025-12-30,EFT,REVERSED,PAYREF8CC4A8E362,
PAY003472,C0120,A0327,,4798.05,ZAR,2024-04-11,CARD,REVERSED,PAYREF5B26904DD9,
PAY003473,C0123,A1435,POL0703,544.02,ZAR,2024-03-19,CARD,COMPLETED,PAYREFA5C8662AAA,
PAY003474,C0743,A0361,POL0746,337.47,ZAR,2025-12-19,EFT,REVERSED,PAYREF4FA1764BA2,
PAY003475,C0221,A0981,POL0222,781.43,ZAR,2025-05-22,EFT,COMPLETED,PAYREFA07E0219EA,
PAY003476,C0512,A0219,,695.24,ZAR,2024-11-14,EFT,FAILED,PAYREF7DFD7C1F99,Invalid account
PAY003477,C0545,A0854,,1150.93,ZAR,2024-02-02,MOBILE,COMPLETED,PAYREF047318C812,
PAY003478,C0159,A0327,POL0677,468.71,ZAR,2024-01-02,CASH,COMPLETED,PAYREF014265B32B,
PAY003479,C0908,A0530,,1587.21,ZAR,2024-11-13,MOBILE,COMPLETED,PAYREF1A6BB4E1A4,
PAY003480,C0821,A0565,POL0138,620.72,ZAR,2026-01-06,DEBIT_ORDER,COMPLETED,PAYREF7BF5D4D298,
PAY003481,C0948,A0344,POL0299,3745.1,ZAR,2024-11-26,EFT,COMPLETED,PAYREF26F7BBFE98,
PAY003482,C0163,A0730,POL0640,332.1,ZAR,2026-08-21,DEBIT_ORDER,COMPLETED,PAYREF692E0F8D87,
PAY003483,C0236,A0157,,953.87,ZAR,2024-02-15,MOBILE,COMPLETED,PAYREFD36BD33AD2,
PAY003484,C0240,A1190,POL0449,784.53,ZAR,2024-01-13,CARD,FAILED,PAYREF6AD53858B5,Account closed
PAY003485,C0182,A0963,,1381.45,ZAR,2025-07-13,EFT,FAILED,PAYREFF92B9A247C,Insufficient funds
PAY003486,C0419,A0009,,2770.28,ZAR,2025-08-25,EFT,COMPLETED,PAYREFC010234279,
PAY003487,C0068,A0024,POL0027,1431.12,ZAR,2025-02-06,MOBILE,COMPLETED,PAYREF4D30A6613A,
PAY003488,C0521,A1116,,964.31,ZAR,2024-09-23,CARD,COMPLETED,PAYREF8AA249B521,
PAY003489,C0322,A0284,POL0451,2189.12,ZAR,2025-08-20,CARD,PENDING,PAYREF648BDCD3FF,
PAY003490,C0055,A0054,POL0613,2547.9,ZAR,2026-07-13,EFT,COMPLETED,PAYREF65A86BC904,
PAY003491,C0153,A1205,,1435.4,ZAR,2025-03-03,EFT,COMPLETED,PAYREF67842F0AF7,
PAY003492,C0427,A0893,POL0701,1615.81,ZAR,2025-11-08,CASH,COMPLETED,PAYREF5E159265BB,
PAY003493,C0050,A0782,,2093.59,ZAR,2025-06-14,DEBIT_ORDER,COMPLETED,PAYREF45FE9E9CB2,
PAY003494,C0464,A0359,POL0484,211.89,ZAR,2025-09-04,MOBILE,COMPLETED,PAYREFDEAB5D4054,
PAY003495,C0008,A0277,POL0364,772.16,ZAR,2025-02-23,CARD,COMPLETED,PAYREFE0380846A1,
PAY003496,C0041,A0563,POL0026,1597.56,ZAR,2026-06-30,CASH,COMPLETED,PAYREF69B6A17DE5,
PAY003497,C0533,A0212,POL0409,819.25,ZAR,2025-10-07,CASH,COMPLETED,PAYREFECCE2ED2A5,
PAY003498,C0570,A1381,POL0755,822.09,ZAR,2025-11-02,CARD,COMPLETED,PAYREF6ECE761C51,
PAY003499,C0407,A0154,POL0060,1595.43,ZAR,2025-03-08,EFT,COMPLETED,PAYREF3A7E2DF388,
PAY003500,C0116,A1076,,1632.14,ZAR,2025-08-21,MOBILE,COMPLETED,PAYREFD39A483286,
PAY003501,C0635,A0776,,1749.45,ZAR,2025-08-28,EFT,COMPLETED,PAYREF85EC8DAE97,
PAY003502,C0601,A0754,POL0519,496.6,ZAR,2024-12-13,MOBILE,COMPLETED,PAYREFFE063F44DE,
PAY003503,C0686,A1391,,265.65,ZAR,2026-07-27,EFT,COMPLETED,PAYREF027007FC3F,
PAY003504,C0373,A1376,,2451.33,ZAR,2026-08-05,DEBIT_ORDER,COMPLETED,PAYREFB0F3770AFA,
PAY003505,C0019,A1198,POL0088,521.96,ZAR,2026-09-11,MOBILE,COMPLETED,PAYREFFF6802D3D4,
PAY003506,C0043,A1466,POL0009,487.1,ZAR,2025-04-06,MOBILE,COMPLETED,PAYREFEB5D88EC1D,
PAY003507,C0857,A0543,,445.08,ZAR,2024-12-10,MOBILE,FAILED,PAYREFA54FD41C5A,Insufficient funds
PAY003508,C0831,A1065,POL0162,3466.95,ZAR,2025-02-16,MOBILE,COMPLETED,PAYREF71BCA7E92B,
PAY003509,C0630,A0054,,1355.64,ZAR,2026-04-08,EFT,COMPLETED,PAYREF0549DF0121,
PAY003510,C0130,A0745,POL0740,1544.6,ZAR,2024-12-27,CARD,COMPLETED,PAYREFE7970858F5,
PAY003511,C0135,A1226,POL0681,2185.39,ZAR,2026-09-14,EFT,COMPLETED,PAYREFC30DBEDAB8,
PAY003512,C0620,A1173,POL0309,1051.14,ZAR,2026-08-07,MOBILE,COMPLETED,PAYREF48E54A9102,
PAY003513,C0290,A0502,POL0730,3019.02,ZAR,2025-01-04,CARD,COMPLETED,PAYREFE94F17D576,
PAY003514,C0614,A0046,POL0527,331.36,ZAR,2024-10-10,EFT,COMPLETED,PAYREF0394FB0208,
PAY003515,C0036,A1350,POL0671,370.33,ZAR,2024-12-07,EFT,FAILED,PAYREF06991D842A,Insufficient funds
PAY003516,C0428,A0514,,350.45,ZAR,2024-07-10,CASH,COMPLETED,PAYREFD7ACE97325,
PAY003517,C0415,A0770,POL0591,1671.82,ZAR,2025-05-05,DEBIT_ORDER,COMPLETED,PAYREF1798345CBA,
PAY003518,C0807,A0858,,1819.68,ZAR,2025-06-28,DEBIT_ORDER,COMPLETED,PAYREFA177B78019,
PAY003519,C0664,A1271,,683.63,ZAR,2024-04-29,CASH,COMPLETED,PAYREFAE5CF36BCA,
PAY003520,C0177,A1331,POL0387,869.19,ZAR,2024-05-06,CARD,COMPLETED,PAYREFBBF17572D8,
PAY003521,C0888,A1200,POL0693,3897.42,ZAR,2024-10-20,MOBILE,COMPLETED,PAYREF17D36B38D4,
PAY003522,C0774,A1201,POL0151,547.61,ZAR,2026-08-02,DEBIT_ORDER,COMPLETED,PAYREF5AA2280D12,
PAY003523,C0553,A0236,POL0493,1473.55,ZAR,2026-01-15,EFT,COMPLETED,PAYREF2EE4BA44F7,
PAY003524,C0467,A0634,POL0133,552.41,ZAR,2024-07-28,CARD,COMPLETED,PAYREF10E369D93C,
PAY003525,C0364,A1055,POL0178,3281.23,ZAR,2026-08-09,MOBILE,COMPLETED,PAYREFA3A8AFDF99,
PAY003526,C0235,A1444,POL0033,2055.81,ZAR,2024-07-02,EFT,COMPLETED,PAYREFE5349713DC,
PAY003527,C0522,A1125,,270.72,ZAR,2025-09-16,MOBILE,COMPLETED,PAYREF3CE641B15B,
PAY003528,C0008,A1434,POL0066,844.88,ZAR,2025-06-28,CARD,COMPLETED,PAYREF094CA92B8C,
PAY003529,C0793,A0066,POL0707,137.14,ZAR,2026-04-23,CASH,COMPLETED,PAYREF436B339023,
PAY003530,C0640,A0907,POL0465,2698.51,ZAR,2024-02-06,EFT,COMPLETED,PAYREF04AE295D68,
PAY003531,C0204,A1141,POL0049,8495.64,ZAR,2025-05-30,EFT,COMPLETED,PAYREF67EBE7060F,
PAY003532,C0958,A0336,POL0050,123.91,ZAR,2024-06-27,MOBILE,COMPLETED,PAYREF7D1780D795,
PAY003533,C0164,A1350,POL0101,263.2,ZAR,2026-08-18,EFT,COMPLETED,PAYREFBBFC330C60,
PAY003534,C0776,A1320,POL0521,1296.37,ZAR,2025-05-20,CASH,COMPLETED,PAYREF73D65CDEBB,
PAY003535,C0179,A0427,POL0633,1076.58,ZAR,2026-09-12,MOBILE,COMPLETED,PAYREFE469C74066,
PAY003536,C0224,A0117,POL0143,727.17,ZAR,2024-07-21,CASH,COMPLETED,PAYREFCB5AD5C940,
PAY003537,C0171,A0210,POL0427,192.94,ZAR,2024-12-03,DEBIT_ORDER,FAILED,PAYREFB615B16AC7,Limit exceeded
PAY003538,C0192,A0323,,1515.42,ZAR,2025-05-15,EFT,FAILED,PAYREFDD022C98AB,Technical error
PAY003539,C0317,A0162,,2663.81,ZAR,2026-01-23,CASH,COMPLETED,PAYREF8DA87C6A26,
PAY003540,C0489,A1178,POL0737,18901.29,ZAR,2024-03-31,DEBIT_ORDER,COMPLETED,PAYREF0D2DFC9D4C,
PAY003541,C0748,A1329,,4053.31,ZAR,2026-01-07,CASH,COMPLETED,PAYREF0486BAAD6D,
PAY003542,C0533,A0221,POL0546,299.25,ZAR,2026-02-25,MOBILE,COMPLETED,PAYREF89B5CF24B4,
PAY003543,C0967,A0380,POL0088,1083.67,ZAR,2026-01-23,DEBIT_ORDER,COMPLETED,PAYREFAACBF7F516,
PAY003544,C0858,A1416,,1982.43,ZAR,2026-05-05,DEBIT_ORDER,COMPLETED,PAYREFDA3941B899,
PAY003545,C0091,A0499,POL0559,551.0,ZAR,2024-04-06,CARD,COMPLETED,PAYREFA0433E3C63,
PAY003546,C0403,A1193,,2392.3,ZAR,2024-03-05,EFT,COMPLETED,PAYREFF6148A1EB3,
PAY003547,C0534,A0677,,2215.82,ZAR,2025-10-15,EFT,COMPLETED,PAYREFE4AECDBB7E,
PAY003548,C0934,A0633,POL0615,3779.55,ZAR,2026-06-01,MOBILE,COMPLETED,PAYREF12347C004B,
PAY003549,C0390,A0853,POL0063,2446.08,ZAR,2024-01-18,CARD,COMPLETED,PAYREF01325167D2,
PAY003550,C0444,A0267,POL0703,1458.47,ZAR,2026-01-20,DEBIT_ORDER,COMPLETED,PAYREF6389095AC9,
PAY003551,C0345,A0086,POL0281,579.44,ZAR,2025-04-07,DEBIT_ORDER,COMPLETED,PAYREFA5C0E636AB,
PAY003552,C0136,A0496,POL0751,300.94,ZAR,2024-03-13,CARD,COMPLETED,PAYREF187C3F466E,
PAY003553,C0090,A1233,,1365.15,ZAR,2026-01-10,EFT,COMPLETED,PAYREFF7CBA185EB,
PAY003554,C0226,A0664,POL0634,732.28,ZAR,2024-12-03,MOBILE,COMPLETED,PAYREF3FE766E90A,
PAY003555,C0459,A1021,POL0366,806.58,ZAR,2024-05-18,MOBILE,COMPLETED,PAYREF8F0715A062,
PAY003556,C0382,A0301,,3367.04,ZAR,2024-05-14,EFT,COMPLETED,PAYREF81864F94AB,
PAY003557,C0763,A0288,POL0206,4310.99,ZAR,2024-04-23,CASH,COMPLETED,PAYREF0D2C43C658,
PAY003558,C0053,A1131,,318.82,ZAR,2024-10-01,DEBIT_ORDER,COMPLETED,PAYREFD88239A0CD,
PAY003559,C0727,A1196,POL0446,888.53,ZAR,2026-04-04,MOBILE,COMPLETED,PAYREF12ABFE4A64,
PAY003560,C0455,A1161,POL0782,711.09,ZAR,2026-03-29,CARD,PENDING,PAYREFC0CD9A76CF,
PAY003561,C0281,A1460,,1502.53,ZAR,2026-05-05,DEBIT_ORDER,COMPLETED,PAYREF405ED1591B,
PAY003562,C0684,A1037,,113.72,ZAR,2026-05-22,EFT,COMPLETED,PAYREF595408007A,
PAY003563,C0668,A1367,,254.46,ZAR,2025-07-12,MOBILE,COMPLETED,PAYREF1C66466620,
PAY003564,C0554,A0368,POL0149,975.07,ZAR,2024-04-06,MOBILE,COMPLETED,PAYREF2D6916528E,
PAY003565,C0021,A0417,,2406.95,ZAR,2025-01-11,CARD,COMPLETED,PAYREF285D964BD7,
PAY003566,C0817,A1029,POL0761,1182.39,ZAR,2026-02-15,EFT,COMPLETED,PAYREF897AC6F646,
PAY003567,C0377,A0330,POL0691,2146.31,ZAR,2025-09-21,CASH,FAILED,PAYREF6D7E319A8B,Limit exceeded
PAY003568,C0909,A1061,POL0082,1335.83,ZAR,2025-11-11,DEBIT_ORDER,COMPLETED,PAYREFB9EE9E05ED,
PAY003569,C0323,A0473,POL0530,3929.59,ZAR,2024-03-31,MOBILE,COMPLETED,PAYREFA655384DC2,
PAY003570,C0636,A0183,,4845.9,ZAR,2025-09-04,CARD,COMPLETED,PAYREF6067BC747C,
PAY003571,C0256,A1372,POL0203,512.62,ZAR,2025-07-04,EFT,COMPLETED,PAYREF8719593529,
PAY003572,C0591,A0325,POL0002,2653.53,ZAR,2026-06-22,CASH,COMPLETED,PAYREF7F2124A1E1,
PAY003573,C0415,A0251,,1822.78,ZAR,2025-02-07,MOBILE,COMPLETED,PAYREF8AE68818FA,
PAY003574,C0039,A0450,POL0734,13422.24,ZAR,2026-07-23,CASH,COMPLETED,PAYREF8DB28604D1,
PAY003575,C0270,A1204,POL0601,493.82,ZAR,2025-04-08,MOBILE,COMPLETED,PAYREFCE45F51250,
PAY003576,C0201,A1380,POL0703,975.81,ZAR,2025-02-02,EFT,PENDING,PAYREFC3C82081F4,
PAY003577,C0950,A0434,POL0005,390.62,ZAR,2024-02-20,DEBIT_ORDER,COMPLETED,PAYREFEDB2B7CD97,
PAY003578,C0498,A1308,,414.5,ZAR,2024-09-13,MOBILE,COMPLETED,PAYREF9791A6168B,
PAY003579,C0787,A0346,,1612.54,ZAR,2026-02-10,CARD,FAILED,PAYREF8408519C2E,Limit exceeded
PAY003580,C0905,A0173,POL0533,1346.88,ZAR,2024-11-05,CASH,COMPLETED,PAYREF50F2E3BAFE,
PAY003581,C0023,A0062,POL0030,1884.56,ZAR,2025-05-29,EFT,COMPLETED,PAYREF7773A66F83,
PAY003582,C0836,A0890,,1844.11,ZAR,2025-12-29,EFT,PENDING,PAYREF45CFBBBBA5,
PAY003583,C0707,A0188,,866.41,ZAR,2024-03-14,CASH,COMPLETED,PAYREFA65C32BB61,
PAY003584,C0784,A0509,,860.45,ZAR,2025-08-24,DEBIT_ORDER,COMPLETED,PAYREFBE01552B1B,
PAY003585,C0274,A0604,POL0316,415.38,ZAR,2025-07-27,MOBILE,COMPLETED,PAYREF1079E58EB4,
PAY003586,C0437,A0961,,543.94,ZAR,2026-08-07,CARD,COMPLETED,PAYREF3E23DF4C69,
PAY003587,C0266,A0043,POL0595,1036.08,ZAR,2026-06-04,EFT,FAILED,PAYREF0490B87B37,Insufficient funds
PAY003588,C0216,A0394,,1335.46,ZAR,2025-05-17,MOBILE,COMPLETED,PAYREF5AEA8CADA0,
PAY003589,C0074,A0805,POL0466,2232.3,ZAR,2024-08-02,EFT,COMPLETED,PAYREF23053E0E5D,
PAY003590,C0738,A1499,,2015.98,ZAR,2024-07-13,CARD,REVERSED,PAYREFC2AE759F85,
PAY003591,C0642,A0643,POL0093,5203.45,ZAR,2026-08-20,CASH,COMPLETED,PAYREF9CFB7CA67C,
PAY003592,C0781,A0353,POL0127,414.6,ZAR,2026-08-09,MOBILE,COMPLETED,PAYREF196CACF400,
PAY003593,C0954,A1250,POL0127,869.06,ZAR,2025-01-19,CASH,PENDING,PAYREFA60EE2F41B,
PAY003594,C0738,A0353,,452.46,ZAR,2026-07-23,DEBIT_ORDER,COMPLETED,PAYREF531AD4729B,
PAY003595,C0190,A0898,POL0308,3933.51,ZAR,2025-02-07,EFT,COMPLETED,PAYREF54DB01D540,
PAY003596,C0050,A1234,,663.5,ZAR,2024-03-01,CASH,COMPLETED,PAYREF939BD37DD4,
PAY003597,C0870,A1390,POL0045,3480.83,ZAR,2024-06-22,MOBILE,COMPLETED,PAYREF7BBCEC7F26,
PAY003598,C0309,A0295,POL0267,4688.12,ZAR,2026-03-29,CASH,COMPLETED,PAYREFD5B6761F01,
PAY003599,C0516,A0279,POL0159,1658.12,ZAR,2025-12-04,EFT,COMPLETED,PAYREFB7C7C6F1E2,
PAY003600,C0099,A1281,,1470.06,ZAR,2025-02-17,DEBIT_ORDER,FAILED,PAYREF442D60B7DD,Insufficient funds
PAY003601,C0005,A0370,POL0052,1139.84,ZAR,2024-09-13,DEBIT_ORDER,COMPLETED,PAYREFC72D0CEC59,
PAY003602,C0381,A0462,,798.63,ZAR,2024-01-28,EFT,COMPLETED,PAYREF402D2BCFA3,
PAY003603,C0238,A0036,POL0506,708.12,ZAR,2026-03-29,CASH,COMPLETED,PAYREF3B9CFBC5C7,
PAY003604,C0353,A1239,POL0023,946.32,ZAR,2025-02-11,CARD,COMPLETED,PAYREFC2C1D24817,
PAY003605,C0522,A0628,POL0503,6797.96,ZAR,2024-08-27,DEBIT_ORDER,COMPLETED,PAYREF5D4ACE5DA7,
PAY003606,C0787,A0768,,386.89,ZAR,2026-09-13,MOBILE,COMPLETED,PAYREFDC7B195E10,
PAY003607,C0564,A0533,POL0731,1345.62,ZAR,2026-09-12,DEBIT_ORDER,COMPLETED,PAYREF083651AD0E,
PAY003608,C0654,A0678,,2233.46,ZAR,2025-05-24,CASH,COMPLETED,PAYREF6D53FFF43E,
PAY003609,C0030,A0043,,825.2,ZAR,2026-02-09,CASH,FAILED,PAYREFEADB7ED40B,Insufficient funds
PAY003610,C0802,A1198,POL0464,1662.51,ZAR,2025-11-22,CASH,COMPLETED,PAYREF2B65ADCE70,
PAY003611,C0926,A1376,POL0740,243.57,ZAR,2024-05-07,EFT,COMPLETED,PAYREF816CC827CE,
PAY003612,C0353,A1391,POL0373,4125.92,ZAR,2026-04-30,CARD,COMPLETED,PAYREF651E6A6D97,
PAY003613,C0754,A1203,POL0756,3398.7,ZAR,2025-04-26,CASH,COMPLETED,PAYREF7FD25A591A,
PAY003614,C0442,A0737,POL0483,993.84,ZAR,2025-09-29,EFT,COMPLETED,PAYREFFBC5A1EE43,
PAY003615,C0399,A0300,,454.94,ZAR,2025-01-26,CARD,COMPLETED,PAYREF9443B8E855,
PAY003616,C0193,A0096,POL0420,2423.33,ZAR,2025-09-23,CASH,COMPLETED,PAYREF14D4E00C79,
PAY003617,C0889,A0742,POL0413,347.89,ZAR,2026-08-20,CASH,COMPLETED,PAYREF7FFCF9A2E5,
PAY003618,C0653,A1450,,401.57,ZAR,2025-06-13,DEBIT_ORDER,COMPLETED,PAYREF95A9FFE94E,
PAY003619,C0769,A1096,POL0623,1039.39,ZAR,2024-09-27,MOBILE,COMPLETED,PAYREFDEDA1F9FA8,
PAY003620,C0769,A1006,,5004.24,ZAR,2025-12-16,MOBILE,COMPLETED,PAYREF55CFE23195,
PAY003621,C0831,A1497,POL0398,2080.95,ZAR,2025-12-17,EFT,COMPLETED,PAYREF67564A85E9,
PAY003622,C0009,A0706,POL0536,574.22,ZAR,2025-01-11,CARD,COMPLETED,PAYREF5A8EA9A57E,
PAY003623,C0467,A0941,,203.96,ZAR,2025-12-22,DEBIT_ORDER,COMPLETED,PAYREF0F5410B53A,
PAY003624,C0946,A1345,POL0201,1143.12,ZAR,2025-11-09,DEBIT_ORDER,COMPLETED,PAYREFE7DCA26642,
PAY003625,C0697,A0338,,1410.11,ZAR,2024-02-26,CARD,COMPLETED,PAYREFAED98BB546,
PAY003626,C0836,A1385,POL0023,1019.66,ZAR,2024-01-22,CASH,COMPLETED,PAYREF3361B032C4,
PAY003627,C0906,A0438,POL0212,6676.78,ZAR,2025-04-06,CASH,COMPLETED,PAYREFBB1E097AE8,
PAY003628,C0023,A0966,,961.09,ZAR,2025-12-09,CARD,COMPLETED,PAYREF77DE3A5973,
PAY003629,C0699,A1226,,111.93,ZAR,2024-08-26,MOBILE,COMPLETED,PAYREFC755F59915,
PAY003630,C0236,A0631,POL0310,729.87,ZAR,2025-07-11,CASH,COMPLETED,PAYREFC0746D7FB5,
PAY003631,C0417,A1151,POL0349,1727.87,ZAR,2025-07-21,EFT,COMPLETED,PAYREF2816245C3E,
PAY003632,C0133,A0365,POL0044,1614.69,ZAR,2025-05-23,EFT,COMPLETED,PAYREF3BE739543F,
PAY003633,C0992,A0511,POL0742,919.03,ZAR,2024-05-10,EFT,FAILED,PAYREF86E4BCDEED,Invalid account
PAY003634,C0445,A0267,,778.82,ZAR,2026-04-15,CASH,COMPLETED,PAYREF8E59C2B705,
PAY003635,C0288,A1049,POL0501,148.47,ZAR,2026-04-01,EFT,COMPLETED,PAYREF40D4570007,
PAY003636,C0309,A1454,POL0071,1194.84,ZAR,2025-01-13,DEBIT_ORDER,COMPLETED,PAYREF5722CE15F5,
PAY003637,C0473,A0432,POL0280,781.63,ZAR,2025-06-24,MOBILE,COMPLETED,PAYREFC18C7D82BD,
PAY003638,C0557,A1317,,1407.05,ZAR,2024-04-01,CASH,COMPLETED,PAYREF90D87E9DEB,
PAY003639,C0312,A0077,POL0753,1792.36,ZAR,2024-12-12,CASH,COMPLETED,PAYREF853E94E77D,
PAY003640,C0096,A1180,POL0083,3793.59,ZAR,2025-03-31,DEBIT_ORDER,COMPLETED,PAYREF6E51B0631D,
PAY003641,C0427,A0672,,421.76,ZAR,2024-09-26,EFT,COMPLETED,PAYREFD69B712742,
PAY003642,C0688,A0605,,300.67,ZAR,2025-05-29,CARD,COMPLETED,PAYREFCABAB5AD3B,
PAY003643,C0902,A1447,POL0568,617.72,ZAR,2024-10-13,MOBILE,COMPLETED,PAYREF9A48A6C08A,
PAY003644,C0780,A0943,POL0401,525.53,ZAR,2024-10-10,CASH,COMPLETED,PAYREF464E71B167,
PAY003645,C0562,A0833,,480.39,ZAR,2024-05-21,EFT,PENDING,PAYREF1EA8D2A223,
PAY003646,C0088,A0906,,4651.32,ZAR,2024-01-26,DEBIT_ORDER,COMPLETED,PAYREF02A8AA84B6,
PAY003647,C0529,A0637,POL0512,1272.09,ZAR,2026-02-04,CASH,COMPLETED,PAYREFF1B4213B1A,
PAY003648,C0764,A0587,,7882.45,ZAR,2024-05-07,CARD,COMPLETED,PAYREFEDB13068AA,
PAY003649,C0628,A0389,POL0490,1093.27,ZAR,2024-12-16,EFT,COMPLETED,PAYREF7B909D1A83,
PAY003650,C0816,A0894,POL0039,339.72,ZAR,2024-04-24,EFT,FAILED,PAYREFBEBD6DD7E9,Technical error
PAY003651,C0969,A1286,POL0214,488.74,ZAR,2025-12-12,MOBILE,COMPLETED,PAYREF4B14483098,
PAY003652,C0086,A1222,POL0681,3054.76,ZAR,2024-06-02,CASH,COMPLETED,PAYREF6C4FDB7671,
PAY003653,C0433,A0562,,352.89,ZAR,2025-10-05,CARD,COMPLETED,PAYREF88781B2BD0,
PAY003654,C0639,A0534,,1915.77,ZAR,2025-10-26,EFT,FAILED,PAYREF185FD5D611,Insufficient funds
PAY003655,C0874,A1106,POL0272,767.58,ZAR,2025-04-01,MOBILE,COMPLETED,PAYREFD83D0FE80B,
PAY003656,C0527,A0382,,432.76,ZAR,2026-02-27,DEBIT_ORDER,COMPLETED,PAYREF106D4AF8B8,
PAY003657,C0271,A1009,,4387.52,ZAR,2025-07-19,EFT,COMPLETED,PAYREFE30A7C42D5,
PAY003658,C0105,A0937,POL0142,608.77,ZAR,2024-08-07,MOBILE,COMPLETED,PAYREFF8F922C91A,
PAY003659,C0170,A1151,,479.35,ZAR,2026-08-12,DEBIT_ORDER,COMPLETED,PAYREFEC00E7E112,
PAY003660,C0839,A0487,POL0373,1013.44,ZAR,2025-10-08,MOBILE,COMPLETED,PAYREFD136ABA4CA,
PAY003661,C0021,A0104,,659.68,ZAR,2026-04-21,EFT,COMPLETED,PAYREFD5AABF5E62,
PAY003662,C0520,A0841,,10046.56,ZAR,2025-10-30,CARD,COMPLETED,PAYREF96D0D604D2,
PAY003663,C0066,A1408,POL0531,3166.42,ZAR,2025-03-09,CASH,COMPLETED,PAYREF7391E24594,
PAY003664,C0053,A0198,POL0350,607.47,ZAR,2025-02-24,CARD,COMPLETED,PAYREF70644ADF59,
PAY003665,C0714,A0410,,681.75,ZAR,2024-10-16,CARD,COMPLETED,PAYREF72E9A2764A,
PAY003666,C0924,A1341,POL0122,145.55,ZAR,2026-02-04,CARD,COMPLETED,PAYREFB8C67B1BA1,
PAY003667,C0195,A0889,,1258.16,ZAR,2024-06-21,DEBIT_ORDER,REVERSED,PAYREF2ACDC811C1,
PAY003668,C0331,A0610,POL0730,519.54,ZAR,2024-10-12,EFT,COMPLETED,PAYREFC0AD2B6B73,
PAY003669,C0692,A1445,,1197.52,ZAR,2024-03-30,CASH,COMPLETED,PAYREFF3E64369C0,
PAY003670,C0814,A1039,POL0426,153.5,ZAR,2025-07-27,CARD,COMPLETED,PAYREFF8CB8A44D6,
PAY003671,C0982,A0424,POL0611,1067.68,ZAR,2024-05-13,CARD,COMPLETED,PAYREF5FA0CC80BF,
PAY003672,C0814,A0107,POL0462,5994.94,ZAR,2026-03-12,CASH,COMPLETED,PAYREFCE69A80FDB,
PAY003673,C0877,A0179,POL0260,1157.64,ZAR,2024-01-10,CASH,FAILED,PAYREFFA8054D532,Insufficient funds
PAY003674,C0986,A1263,,505.38,ZAR,2024-09-06,CASH,REVERSED,PAYREF00B742E5C4,
PAY003675,C0079,A0800,POL0417,1074.42,ZAR,2024-05-17,CARD,COMPLETED,PAYREF5E3589C215,
PAY003676,C0607,A0183,POL0336,1028.39,ZAR,2024-12-14,MOBILE,COMPLETED,PAYREF04B3682A68,
PAY003677,C0470,A1303,POL0684,9816.63,ZAR,2025-02-16,CASH,COMPLETED,PAYREFBF63CD5CA8,
PAY003678,C0582,A0047,POL0647,786.16,ZAR,2025-05-09,EFT,COMPLETED,PAYREFC5545F2445,
PAY003679,C0550,A1261,,329.21,ZAR,2026-06-06,EFT,COMPLETED,PAYREF11A9ED42D6,
PAY003680,C0429,A0173,POL0029,1120.42,ZAR,2025-02-25,DEBIT_ORDER,COMPLETED,PAYREF7142A9129F,
PAY003681,C0654,A1028,POL0310,1333.46,ZAR,2026-07-26,CASH,COMPLETED,PAYREF6C5DE466FA,
PAY003682,C0274,A0877,POL0211,1924.26,ZAR,2024-01-25,DEBIT_ORDER,COMPLETED,PAYREFA0930AEB7C,
PAY003683,C0639,A0343,POL0577,2334.99,ZAR,2025-01-28,DEBIT_ORDER,COMPLETED,PAYREF86C1463C05,
PAY003684,C0606,A1258,,7750.6,ZAR,2025-05-05,DEBIT_ORDER,COMPLETED,PAYREF58645F8B3D,
PAY003685,C0506,A1436,,604.46,ZAR,2025-06-19,MOBILE,COMPLETED,PAYREFFC880177D1,
PAY003686,C0882,A0038,POL0270,551.95,ZAR,2025-08-30,CASH,COMPLETED,PAYREFB44C8B87EB,
PAY003687,C0554,A0584,POL0376,171.72,ZAR,2025-03-28,DEBIT_ORDER,COMPLETED,PAYREF8376B723D9,
PAY003688,C0692,A1201,POL0057,2125.27,ZAR,2026-04-16,CARD,PENDING,PAYREFAFA05724F3,
PAY003689,C0047,A0859,POL0506,451.55,ZAR,2026-08-19,CARD,COMPLETED,PAYREFC6E2C8013C,
PAY003690,C0304,A1052,,2675.16,ZAR,2026-07-22,EFT,REVERSED,PAYREFA2DEDDB85C,
PAY003691,C0419,A0929,POL0411,670.73,ZAR,2024-06-07,DEBIT_ORDER,COMPLETED,PAYREF7C6B6DD855,
PAY003692,C0464,A0779,,6160.78,ZAR,2025-12-17,MOBILE,COMPLETED,PAYREF0D13098E9B,
PAY003693,C0368,A0640,,261.52,ZAR,2024-09-10,CARD,COMPLETED,PAYREFA9864FAA8F,
PAY003694,C0636,A1218,POL0376,3050.09,ZAR,2025-06-28,CARD,COMPLETED,PAYREFF2D3A38455,
PAY003695,C0361,A0854,,2707.67,ZAR,2025-08-14,MOBILE,COMPLETED,PAYREF304395EBA3,
PAY003696,C0417,A0330,POL0569,1856.74,ZAR,2025-09-09,DEBIT_ORDER,COMPLETED,PAYREF6A44D7BBDE,
PAY003697,C0247,A0492,POL0149,358.79,ZAR,2026-06-05,CARD,COMPLETED,PAYREF28905374E9,
PAY003698,C0043,A0799,POL0137,1865.25,ZAR,2024-08-09,EFT,COMPLETED,PAYREF9504127DC0,
PAY003699,C0434,A0117,POL0392,1244.98,ZAR,2025-07-05,MOBILE,COMPLETED,PAYREFCD32C89820,
PAY003700,C0983,A1040,POL0270,175.87,ZAR,2025-10-06,DEBIT_ORDER,COMPLETED,PAYREF3A93541AAF,
PAY003701,C0617,A1041,,5209.68,ZAR,2025-05-01,CASH,COMPLETED,PAYREF01F3C5F3FE,
PAY003702,C0086,A0371,,776.18,ZAR,2026-06-16,MOBILE,COMPLETED,PAYREF23D7F8EFA2,
PAY003703,C0383,A0908,,4823.32,ZAR,2026-04-06,DEBIT_ORDER,COMPLETED,PAYREF7A0BF75CC1,
PAY003704,C0849,A1030,POL0169,1024.89,ZAR,2025-10-08,CARD,COMPLETED,PAYREF901DF45F1B,
PAY003705,C0064,A1416,POL0313,2928.74,ZAR,2025-11-14,MOBILE,FAILED,PAYREF896EEFFD36,Account closed
PAY003706,C0037,A0096,POL0617,464.27,ZAR,2026-05-30,CARD,COMPLETED,PAYREFDCE2358F0A,
PAY003707,C0398,A1100,POL0378,1358.91,ZAR,2025-01-16,EFT,COMPLETED,PAYREF64F8CD7859,
PAY003708,C0674,A0707,POL0223,1266.41,ZAR,2024-10-28,DEBIT_ORDER,COMPLETED,PAYREFF2B34E0DAC,
PAY003709,C0859,A0699,POL0405,793.46,ZAR,2025-01-06,CASH,COMPLETED,PAYREF2957F3065D,
PAY003710,C0276,A1021,POL0235,459.79,ZAR,2025-09-21,DEBIT_ORDER,COMPLETED,PAYREFD2D603981D,
PAY003711,C0559,A0864,,51.07,ZAR,2024-12-28,CASH,COMPLETED,PAYREFFF5E3BEC14,
PAY003712,C0830,A1493,,470.71,ZAR,2025-04-16,DEBIT_ORDER,PENDING,PAYREF5E607C09B5,
PAY003713,C0135,A1093,,2209.47,ZAR,2025-09-25,DEBIT_ORDER,COMPLETED,PAYREFCC0DB5C080,
PAY003714,C0027,A1105,POL0310,271.72,ZAR,2024-08-20,MOBILE,COMPLETED,PAYREF40553CF96F,
PAY003715,C0403,A0716,POL0690,334.24,ZAR,2025-12-25,MOBILE,FAILED,PAYREFC4D05E3192,Technical error
PAY003716,C0320,A0925,,261.16,ZAR,2024-03-04,CARD,COMPLETED,PAYREF1229599CF1,
PAY003717,C0230,A1067,POL0787,1351.39,ZAR,2025-02-04,MOBILE,PENDING,PAYREFBEB409BD28,
PAY003718,C0131,A0596,POL0725,448.81,ZAR,2025-10-26,CARD,COMPLETED,PAYREF0ED5D8D8FF,
PAY003719,C0763,A1362,POL0353,3715.78,ZAR,2024-01-29,CASH,COMPLETED,PAYREF070D90D0D7,
PAY003720,C0280,A0359,POL0307,2286.14,ZAR,2024-12-20,MOBILE,COMPLETED,PAYREFBFCEF957F5,
PAY003721,C0696,A0139,POL0653,1339.6,ZAR,2025-01-10,CASH,COMPLETED,PAYREF6247E7441C,
PAY003722,C0026,A0520,,1486.16,ZAR,2024-09-19,CASH,COMPLETED,PAYREFA577FB118A,
PAY003723,C0037,A0241,POL0673,511.35,ZAR,2026-03-15,CARD,COMPLETED,PAYREF7D798DD6CC,
PAY003724,C0210,A0758,,511.48,ZAR,2024-12-08,CASH,COMPLETED,PAYREF85AE8283C6,
PAY003725,C0221,A0710,POL0387,2232.83,ZAR,2025-05-25,MOBILE,FAILED,PAYREF31C6C1A654,Insufficient funds
PAY003726,C0606,A0874,,2733.65,ZAR,2025-08-30,MOBILE,COMPLETED,PAYREF1564244D44,
PAY003727,C0602,A0756,POL0077,2213.35,ZAR,2024-12-26,DEBIT_ORDER,PENDING,PAYREFBB08C2AD9E,
PAY003728,C0866,A0167,POL0114,685.0,ZAR,2025-05-23,CARD,COMPLETED,PAYREF9B64EC83D3,
PAY003729,C0634,A1268,,741.5,ZAR,2024-05-12,MOBILE,COMPLETED,PAYREF4B22B46D61,
PAY003730,C0747,A1284,POL0425,431.92,ZAR,2024-11-01,DEBIT_ORDER,COMPLETED,PAYREFCE6CCA1A47,
PAY003731,C0411,A0388,,2364.34,ZAR,2025-04-11,CARD,FAILED,PAYREF1700231E92,Insufficient funds
PAY003732,C0764,A0364,,154.25,ZAR,2025-03-28,CARD,PENDING,PAYREF8DE72140F6,
PAY003733,C0013,A1168,,121.0,ZAR,2024-03-23,DEBIT_ORDER,COMPLETED,PAYREF0105A72B90,
PAY003734,C0130,A1470,POL0710,147.69,ZAR,2026-06-30,CASH,COMPLETED,PAYREFDCC6697BB6,
PAY003735,C0560,A0098,,128.68,ZAR,2026-01-01,CASH,COMPLETED,PAYREF748BAE158B,
PAY003736,C0340,A0897,POL0218,4260.5,ZAR,2025-04-21,CARD,COMPLETED,PAYREF146CCC051B,
PAY003737,C0138,A1086,POL0366,2408.61,ZAR,2025-03-10,DEBIT_ORDER,COMPLETED,PAYREF8DEBB63925,
PAY003738,C0089,A1346,,330.76,ZAR,2024-03-12,CASH,COMPLETED,PAYREF71DB19DD1C,
PAY003739,C0969,A0950,,986.41,ZAR,2024-06-07,CARD,COMPLETED,PAYREFEB342BE857,
PAY003740,C0392,A1222,,4749.48,ZAR,2026-07-17,MOBILE,COMPLETED,PAYREF5A64AF0A13,
PAY003741,C0690,A0328,,1808.4,ZAR,2026-03-01,CASH,COMPLETED,PAYREF0EAD00BC49,
PAY003742,C0299,A0453,POL0671,9084.97,ZAR,2025-11-07,MOBILE,PENDING,PAYREFE015F25EFD,
PAY003743,C0031,A0569,POL0451,978.22,ZAR,2024-10-28,MOBILE,COMPLETED,PAYREF324D1B49BC,
PAY003744,C0587,A0863,POL0780,569.55,ZAR,2024-02-06,DEBIT_ORDER,COMPLETED,PAYREF8FC5D039C2,
PAY003745,C0257,A1384,POL0790,372.0,ZAR,2025-06-21,MOBILE,COMPLETED,PAYREF62E7F286D0,
PAY003746,C0342,A1208,POL0468,1122.87,ZAR,2025-01-28,DEBIT_ORDER,COMPLETED,PAYREFDEA29ADD2A,
PAY003747,C0903,A0391,,2796.33,ZAR,2024-09-12,DEBIT_ORDER,COMPLETED,PAYREF58A07B6215,
PAY003748,C0685,A1271,POL0608,1210.91,ZAR,2024-10-20,MOBILE,FAILED,PAYREF8CD1D82C0F,Account closed
PAY003749,C0443,A1024,,766.48,ZAR,2024-09-04,MOBILE,COMPLETED,PAYREFF06CEF94E9,
PAY003750,C0390,A0503,,3852.67,ZAR,2024-07-24,CASH,COMPLETED,PAYREFFE9FE1B70E,
PAY003751,C0089,A0449,POL0529,1861.04,ZAR,2026-03-09,DEBIT_ORDER,COMPLETED,PAYREF19195E7BB4,
PAY003752,C0921,A1444,POL0137,979.03,ZAR,2024-04-22,DEBIT_ORDER,COMPLETED,PAYREFD79AB1BE21,
PAY003753,C0144,A0409,,509.49,ZAR,2025-06-20,MOBILE,COMPLETED,PAYREF99A769E6BC,
PAY003754,C0872,A0506,POL0717,850.27,ZAR,2025-11-16,MOBILE,FAILED,PAYREF20CBD455B1,Insufficient funds
PAY003755,C0546,A0300,POL0087,1759.43,ZAR,2024-08-03,CASH,COMPLETED,PAYREF61C63DF327,
PAY003756,C0981,A0625,,502.53,ZAR,2024-02-07,EFT,COMPLETED,PAYREF6AF1D346F0,
PAY003757,C0028,A1339,POL0771,319.37,ZAR,2026-04-22,EFT,COMPLETED,PAYREF995C79F47E,
PAY003758,C0359,A0927,,678.48,ZAR,2025-03-02,CASH,COMPLETED,PAYREF96B794244A,
PAY003759,C0177,A1133,,1043.97,ZAR,2024-10-06,DEBIT_ORDER,COMPLETED,PAYREFBA21212703,
PAY003760,C0125,A1178,,4286.78,ZAR,2026-07-25,EFT,COMPLETED,PAYREF296528BA88,
PAY003761,C0065,A0983,POL0472,343.77,ZAR,2024-03-25,EFT,COMPLETED,PAYREFBFC333ED0F,
PAY003762,C0906,A0690,,1375.74,ZAR,2025-05-04,CASH,COMPLETED,PAYREFA7B23E7323,
PAY003763,C0253,A0496,POL0151,830.83,ZAR,2026-02-26,CARD,FAILED,PAYREF2A6F26A3D5,Technical error
PAY003764,C0412,A0732,POL0138,873.11,ZAR,2026-06-16,CASH,COMPLETED,PAYREFF3873ABDC2,
PAY003765,C0296,A0262,POL0571,5112.1,ZAR,2026-04-19,MOBILE,COMPLETED,PAYREF9FB9905FAC,
PAY003766,C0289,A0713,,1189.41,ZAR,2024-08-18,EFT,COMPLETED,PAYREF80ECBB70D5,
PAY003767,C0593,A0634,POL0228,439.85,ZAR,2024-04-24,CARD,COMPLETED,PAYREF89360021B7,
PAY003768,C0549,A1397,POL0543,2667.1,ZAR,2025-06-21,MOBILE,COMPLETED,PAYREF1E9EC84A34,
PAY003769,C0217,A0423,POL0273,2478.08,ZAR,2024-05-09,MOBILE,COMPLETED,PAYREF0E64A4156E,
PAY003770,C0716,A0293,POL0050,402.96,ZAR,2024-02-15,CASH,REVERSED,PAYREF4F2BB38CC1,
PAY003771,C0518,A0641,POL0749,332.64,ZAR,2024-08-22,CARD,COMPLETED,PAYREFFECAE1C5CA,
PAY003772,C0026,A0286,POL0065,1653.29,ZAR,2024-04-28,DEBIT_ORDER,COMPLETED,PAYREFB339A348DF,
PAY003773,C0146,A1210,POL0386,1061.07,ZAR,2024-10-04,DEBIT_ORDER,COMPLETED,PAYREF63C143B0DE,
PAY003774,C0849,A0999,,685.0,ZAR,2024-12-01,EFT,COMPLETED,PAYREFAA47E4929E,
PAY003775,C0073,A1130,POL0678,3153.6,ZAR,2025-12-10,CASH,COMPLETED,PAYREF156B41D223,
PAY003776,C0509,A1434,POL0308,606.51,ZAR,2025-12-19,MOBILE,FAILED,PAYREF31B1210C32,Technical error
PAY003777,C0065,A0939,,1671.64,ZAR,2024-02-07,EFT,FAILED,PAYREF8926033C19,Invalid account
PAY003778,C0401,A1269,,3549.79,ZAR,2026-06-22,EFT,FAILED,PAYREF1B376D14E2,Limit exceeded
PAY003779,C0051,A0858,POL0655,781.23,ZAR,2025-01-29,MOBILE,COMPLETED,PAYREF9C6E756BA5,
PAY003780,C0500,A1472,,176.07,ZAR,2026-09-15,MOBILE,COMPLETED,PAYREF4B27CA3AD0,
PAY003781,C0443,A0344,,732.84,ZAR,2025-09-03,MOBILE,COMPLETED,PAYREFB5C87A627E,
PAY003782,C0986,A1034,,1325.15,ZAR,2025-01-07,MOBILE,COMPLETED,PAYREF52EB625133,
PAY003783,C0285,A0008,,2989.93,ZAR,2026-06-08,MOBILE,COMPLETED,PAYREFB6C67DE281,
PAY003784,C0874,A0201,,651.21,ZAR,2025-08-27,CARD,COMPLETED,PAYREF87A7FBD940,
PAY003785,C0004,A0155,POL0326,6143.15,ZAR,2026-04-26,CASH,COMPLETED,PAYREF3FFFD1EF4E,
PAY003786,C0962,A1218,POL0405,299.22,ZAR,2025-12-23,EFT,COMPLETED,PAYREF0738D11135,
PAY003787,C0629,A0224,POL0660,1292.25,ZAR,2026-04-15,EFT,COMPLETED,PAYREF0120A40A7F,
PAY003788,C0513,A1326,POL0506,863.36,ZAR,2025-03-24,MOBILE,PENDING,PAYREFFF0CF975FE,
PAY003789,C0602,A0432,POL0188,4217.89,ZAR,2024-05-14,EFT,COMPLETED,PAYREFFDC30EDAC7,
PAY003790,C0102,A1169,POL0465,251.23,ZAR,2026-01-22,DEBIT_ORDER,REVERSED,PAYREF7FE3E5A13A,
PAY003791,C0530,A1439,POL0063,1678.46,ZAR,2024-07-26,EFT,COMPLETED,PAYREF9B4649FC73,
PAY003792,C0021,A1214,,859.0,ZAR,2024-12-18,CASH,COMPLETED,PAYREF4D91F1DF5E,
PAY003793,C0219,A0788,,5060.1,ZAR,2026-04-05,MOBILE,COMPLETED,PAYREF4B18BA2E8C,
PAY003794,C0747,A1200,POL0067,478.88,ZAR,2025-11-04,CARD,COMPLETED,PAYREFD7ABD62E4D,
PAY003795,C0731,A1243,POL0615,1661.24,ZAR,2025-09-15,MOBILE,COMPLETED,PAYREFCD90E66530,
PAY003796,C0836,A0294,,474.29,ZAR,2024-12-24,EFT,COMPLETED,PAYREF4A6AC0E01B,
PAY003797,C0859,A1244,POL0163,1323.54,ZAR,2026-04-13,DEBIT_ORDER,COMPLETED,PAYREFFC8A55A3BE,
PAY003798,C0761,A0559,,757.96,ZAR,2024-08-17,MOBILE,COMPLETED,PAYREF59D5342602,
PAY003799,C0144,A0620,,746.03,ZAR,2024-03-11,EFT,COMPLETED,PAYREF35659D0631,
PAY003800,C0302,A1327,POL0678,150.29,ZAR,2025-12-28,MOBILE,COMPLETED,PAYREFACE3EDC3B2,
PAY003801,C0631,A0776,POL0438,1660.02,ZAR,2025-06-06,DEBIT_ORDER,COMPLETED,PAYREFE36A0444A1,
PAY003802,C0312,A1416,POL0002,371.58,ZAR,2025-01-27,EFT,PENDING,PAYREF5B0BE34014,
PAY003803,C0473,A0239,POL0424,359.0,ZAR,2024-11-03,CASH,FAILED,PAYREFD78947A9AF,Technical error
PAY003804,C0927,A1228,,231.53,ZAR,2024-08-26,CARD,COMPLETED,PAYREF53B06AF09D,
PAY003805,C0804,A0314,POL0276,381.44,ZAR,2025-08-23,CARD,COMPLETED,PAYREFCA7E05E011,
PAY003806,C0884,A0738,POL0350,1808.91,ZAR,2025-10-02,EFT,COMPLETED,PAYREF63C73AB1EA,
PAY003807,C0230,A1496,POL0555,1721.88,ZAR,2024-02-01,MOBILE,COMPLETED,PAYREFDB7A7DFECF,
PAY003808,C0442,A0488,,2129.65,ZAR,2026-05-01,EFT,COMPLETED,PAYREFE6D9E9B7FD,
PAY003809,C0433,A0311,,392.69,ZAR,2024-10-12,CASH,COMPLETED,PAYREF77C341869F,
PAY003810,C0037,A0013,POL0133,1359.38,ZAR,2026-09-02,CARD,COMPLETED,PAYREF496F1463BC,
PAY003811,C0304,A0691,,592.66,ZAR,2024-01-07,CASH,PENDING,PAYREF783FEC9AE7,
PAY003812,C0556,A1189,POL0422,2849.02,ZAR,2025-09-01,DEBIT_ORDER,COMPLETED,PAYREFEDC023E495,
PAY003813,C0994,A1436,,1679.1,ZAR,2026-04-06,DEBIT_ORDER,REVERSED,PAYREF91340981E7,
PAY003814,C0035,A0459,POL0375,568.77,ZAR,2024-01-26,CARD,COMPLETED,PAYREFE0552C7781,
PAY003815,C0135,A0793,POL0524,3104.4,ZAR,2024-10-01,MOBILE,COMPLETED,PAYREF8A69A1972D,
PAY003816,C0667,A0624,,1821.37,ZAR,2026-04-22,EFT,FAILED,PAYREF1F45282C6F,Insufficient funds
PAY003817,C0926,A1086,POL0108,273.96,ZAR,2024-01-05,MOBILE,COMPLETED,PAYREFA51B513929,
PAY003818,C0861,A0236,POL0765,206.12,ZAR,2025-06-11,DEBIT_ORDER,COMPLETED,PAYREF8511385729,
PAY003819,C0417,A0366,,284.95,ZAR,2024-10-19,EFT,COMPLETED,PAYREF26CC97EF73,
PAY003820,C0131,A0961,POL0086,5705.48,ZAR,2024-06-03,CARD,COMPLETED,PAYREF6F11E21773,
PAY003821,C0907,A0233,,397.24,ZAR,2025-07-14,EFT,COMPLETED,PAYREF097B101E70,
PAY003822,C0365,A0466,POL0573,7159.1,ZAR,2024-03-25,CASH,COMPLETED,PAYREF94DFDD5CEB,
PAY003823,C0508,A1092,POL0742,377.16,ZAR,2025-07-25,MOBILE,COMPLETED,PAYREF4E0889433C,
PAY003824,C0550,A1442,POL0387,339.05,ZAR,2024-08-17,MOBILE,COMPLETED,PAYREF69213F9DC4,
PAY003825,C0002,A0374,POL0281,2643.75,ZAR,2025-04-14,MOBILE,COMPLETED,PAYREF9F62A35A42,
PAY003826,C0435,A1000,,2767.01,ZAR,2025-11-20,DEBIT_ORDER,COMPLETED,PAYREFEC30C33BC8,
PAY003827,C0373,A0183,POL0016,1911.85,ZAR,2025-05-14,EFT,COMPLETED,PAYREF4523BC8A8E,
PAY003828,C0756,A1204,,2156.22,ZAR,2024-06-12,CASH,COMPLETED,PAYREF03EC031A89,
PAY003829,C0824,A1346,,491.95,ZAR,2025-07-10,DEBIT_ORDER,FAILED,PAYREF723768FD2A,Invalid account
PAY003830,C0775,A1103,,2522.49,ZAR,2025-06-25,MOBILE,COMPLETED,PAYREF9DFC4E8C14,
PAY003831,C0391,A0635,,1394.09,ZAR,2025-05-22,CARD,REVERSED,PAYREF615F0BF26F,
PAY003832,C0533,A0840,POL0759,761.07,ZAR,2025-02-02,EFT,COMPLETED,PAYREF14A3FAF856,
PAY003833,C0622,A0123,POL0231,1205.46,ZAR,2024-06-04,CARD,REVERSED,PAYREFADE5AC286D,
PAY003834,C0227,A0869,,3167.33,ZAR,2026-01-26,DEBIT_ORDER,COMPLETED,PAYREF229223E425,
PAY003835,C0175,A0887,POL0692,1622.71,ZAR,2024-06-26,DEBIT_ORDER,COMPLETED,PAYREF244BF886C0,
PAY003836,C0092,A0433,,126.75,ZAR,2025-04-13,EFT,COMPLETED,PAYREFD41496B081,
PAY003837,C0218,A0088,,2673.72,ZAR,2025-10-25,EFT,COMPLETED,PAYREF6E201EB90C,
PAY003838,C0881,A0354,,2476.59,ZAR,2025-01-07,CASH,COMPLETED,PAYREFC7E9D443D0,
PAY003839,C0431,A0723,POL0676,750.65,ZAR,2024-02-15,CARD,FAILED,PAYREFDE8838F99E,Invalid account
PAY003840,C0437,A1084,,1232.44,ZAR,2026-01-06,CASH,COMPLETED,PAYREFD85FD86339,
PAY003841,C0437,A1178,POL0663,1227.51,ZAR,2026-05-29,EFT,COMPLETED,PAYREF5A0B658F38,
PAY003842,C0358,A0986,,151.49,ZAR,2024-12-16,EFT,COMPLETED,PAYREFF62D17C6E7,
PAY003843,C0587,A0971,POL0529,733.87,ZAR,2024-03-10,CASH,COMPLETED,PAYREF4DCF6EC023,
PAY003844,C0546,A0469,POL0469,762.82,ZAR,2024-07-21,CASH,COMPLETED,PAYREFAFFFDA5635,
PAY003845,C0875,A0436,POL0726,935.68,ZAR,2025-12-20,MOBILE,COMPLETED,PAYREF8121250050,
PAY003846,C0444,A1393,POL0014,648.17,ZAR,2025-05-05,EFT,COMPLETED,PAYREF57A84A6F3C,
PAY003847,C0525,A1422,,2127.8,ZAR,2024-09-30,CARD,COMPLETED,PAYREF313FB8CDBA,
PAY003848,C0257,A0680,POL0704,488.27,ZAR,2026-06-02,DEBIT_ORDER,COMPLETED,PAYREF660FCCC986,
PAY003849,C0588,A1270,,2724.6,ZAR,2026-03-22,MOBILE,REVERSED,PAYREFD17A411BF7,
PAY003850,C0285,A0585,,2029.9,ZAR,2025-06-02,CASH,COMPLETED,PAYREFE10B058966,
PAY003851,C0235,A0576,,4274.48,ZAR,2025-06-28,CASH,COMPLETED,PAYREF84ADFE9E10,
PAY003852,C0850,A0188,POL0230,6209.27,ZAR,2026-07-14,DEBIT_ORDER,COMPLETED,PAYREF951C37A3A8,
PAY003853,C0513,A1047,POL0168,6250.72,ZAR,2026-07-16,DEBIT_ORDER,COMPLETED,PAYREFDC35A10522,
PAY003854,C0450,A0923,POL0582,335.08,ZAR,2024-03-21,CARD,COMPLETED,PAYREF7FA622C05D,
PAY003855,C0057,A1426,POL0203,1547.17,ZAR,2025-10-13,DEBIT_ORDER,COMPLETED,PAYREFCDCD1EAD20,
PAY003856,C0633,A1098,,534.97,ZAR,2025-08-06,MOBILE,COMPLETED,PAYREFE593DFF5AB,
PAY003857,C0683,A0692,POL0552,29152.61,ZAR,2024-01-06,DEBIT_ORDER,COMPLETED,PAYREF7EF2EE8B91,
PAY003858,C0923,A0571,,2026.51,ZAR,2024-11-18,DEBIT_ORDER,REVERSED,PAYREFDD17CC9DAE,
PAY003859,C0835,A0469,POL0595,4520.2,ZAR,2024-06-21,CASH,PENDING,PAYREF1A74F919BD,
PAY003860,C0069,A0125,POL0121,1694.88,ZAR,2025-07-07,EFT,COMPLETED,PAYREF5A2370BEC5,
PAY003861,C0090,A0530,POL0130,78.61,ZAR,2026-02-07,DEBIT_ORDER,FAILED,PAYREF3F5775E0D9,Insufficient funds
PAY003862,C0047,A1160,POL0056,500.91,ZAR,2026-04-17,CARD,COMPLETED,PAYREFBDE550C316,
PAY003863,C0983,A0499,POL0335,552.48,ZAR,2026-05-17,EFT,COMPLETED,PAYREF848B72BD48,
PAY003864,C0739,A0729,,742.38,ZAR,2026-01-18,CARD,COMPLETED,PAYREF15D990CD59,
PAY003865,C0473,A1162,POL0123,1571.16,ZAR,2025-08-02,CARD,COMPLETED,PAYREF2DBA6ADA2C,
PAY003866,C0635,A0911,POL0703,1810.45,ZAR,2026-04-30,MOBILE,COMPLETED,PAYREFCCD681242E,
PAY003867,C0640,A1086,POL0548,79.25,ZAR,2025-11-15,MOBILE,COMPLETED,PAYREFC820422AC8,
PAY003868,C0645,A0830,POL0324,865.3,ZAR,2025-03-15,CARD,COMPLETED,PAYREFE5E36DD636,
PAY003869,C0232,A0991,,674.6,ZAR,2024-07-18,MOBILE,COMPLETED,PAYREFD1613095F4,
PAY003870,C0305,A1104,,4363.54,ZAR,2026-06-15,DEBIT_ORDER,COMPLETED,PAYREF0C18A50A7B,
PAY003871,C0652,A0600,POL0602,1982.76,ZAR,2026-08-28,CARD,PENDING,PAYREFA8B83A70B6,
PAY003872,C0967,A0120,POL0325,913.17,ZAR,2024-06-18,MOBILE,COMPLETED,PAYREFBAB76857A1,
PAY003873,C0151,A1099,,1371.53,ZAR,2025-11-07,DEBIT_ORDER,COMPLETED,PAYREF14FB978A0A,
PAY003874,C0239,A0848,,202.95,ZAR,2024-02-26,MOBILE,COMPLETED,PAYREF5C44615F6B,
PAY003875,C0696,A0236,POL0601,2124.63,ZAR,2026-03-02,DEBIT_ORDER,PENDING,PAYREF2A64A47D47,
PAY003876,C0675,A0368,,738.38,ZAR,2025-07-21,DEBIT_ORDER,COMPLETED,PAYREF7E378BD650,
PAY003877,C0321,A0860,,489.13,ZAR,2025-12-24,CASH,COMPLETED,PAYREF0869F255A5,
PAY003878,C0952,A1180,,4081.55,ZAR,2024-10-07,DEBIT_ORDER,PENDING,PAYREF8CD75D3E80,
PAY003879,C0650,A0628,,1441.7,ZAR,2025-11-11,MOBILE,COMPLETED,PAYREF378F7015E0,
PAY003880,C0359,A0879,,563.73,ZAR,2025-04-06,EFT,COMPLETED,PAYREF5ADD367A4F,
PAY003881,C0414,A0662,,599.21,ZAR,2025-11-21,DEBIT_ORDER,COMPLETED,PAYREF8271C115A5,
PAY003882,C0762,A0522,POL0052,1581.15,ZAR,2025-07-27,EFT,COMPLETED,PAYREF168D788ADC,
PAY003883,C0633,A0446,,1462.89,ZAR,2025-10-22,CARD,COMPLETED,PAYREF86F84E9DB8,
PAY003884,C0276,A0455,POL0448,1129.38,ZAR,2025-07-10,DEBIT_ORDER,COMPLETED,PAYREF84CCAFE2DE,
PAY003885,C0133,A1153,,329.19,ZAR,2024-05-04,CARD,PENDING,PAYREF281B0E1840,
PAY003886,C0518,A0555,POL0169,381.66,ZAR,2025-08-10,CASH,COMPLETED,PAYREF5735022C48,
PAY003887,C0808,A0684,,518.89,ZAR,2024-06-07,CASH,COMPLETED,PAYREF2C4FDAD8AF,
PAY003888,C0576,A0752,POL0621,901.31,ZAR,2024-09-03,MOBILE,COMPLETED,PAYREF6498C99CCE,
PAY003889,C0532,A0702,,1052.25,ZAR,2024-01-29,CASH,COMPLETED,PAYREFAAA3CB2474,
PAY003890,C0461,A1313,,934.52,ZAR,2024-04-25,MOBILE,COMPLETED,PAYREFEC077C2B9D,
PAY003891,C0144,A1161,POL0339,978.24,ZAR,2025-08-03,CARD,COMPLETED,PAYREF873880AD14,
PAY003892,C0727,A0569,POL0634,7195.75,ZAR,2024-10-18,CASH,COMPLETED,PAYREFAFBA1583D2,
PAY003893,C0386,A0463,POL0708,2563.81,ZAR,2024-04-26,CASH,COMPLETED,PAYREFB6DAC4C06A,
PAY003894,C0414,A0207,POL0460,3598.3,ZAR,2026-05-31,CARD,COMPLETED,PAYREFD4DC762770,
PAY003895,C0818,A0478,POL0267,1744.57,ZAR,2025-06-03,CASH,COMPLETED,PAYREFFE19EA9136,
PAY003896,C0455,A0585,,1178.98,ZAR,2024-09-29,EFT,COMPLETED,PAYREF279E0C616D,
PAY003897,C0774,A1244,POL0380,1652.36,ZAR,2025-01-08,CASH,PENDING,PAYREFFDA1505B2B,
PAY003898,C0371,A0924,,1374.47,ZAR,2026-05-30,EFT,COMPLETED,PAYREFB5E898F3EF,
PAY003899,C0789,A1067,,2460.15,ZAR,2024-02-15,MOBILE,COMPLETED,PAYREFFAEF7198A8,
PAY003900,C0827,A0677,POL0621,413.58,ZAR,2026-07-24,EFT,COMPLETED,PAYREF5C413CBB8F,
PAY003901,C0685,A1332,,2263.68,ZAR,2026-02-14,EFT,FAILED,PAYREFA6548E8C1D,Account closed
PAY003902,C0472,A0336,POL0152,1296.03,ZAR,2025-06-14,EFT,COMPLETED,PAYREF613480CB11,
PAY003903,C0791,A1039,,179.99,ZAR,2025-03-16,EFT,FAILED,PAYREFA8BCCB47E7,Insufficient funds
PAY003904,C0486,A0177,,1194.79,ZAR,2025-10-10,MOBILE,COMPLETED,PAYREF3BBBB38EC4,
PAY003905,C0586,A1232,,297.01,ZAR,2025-01-13,CASH,COMPLETED,PAYREFAD411C6260,
PAY003906,C0630,A1256,,642.27,ZAR,2026-01-18,MOBILE,COMPLETED,PAYREF450111BB6A,
PAY003907,C0307,A0530,POL0216,935.25,ZAR,2024-02-03,MOBILE,COMPLETED,PAYREF1B06B8473D,
PAY003908,C0268,A1450,,242.96,ZAR,2026-02-02,DEBIT_ORDER,PENDING,PAYREF8C075A3317,
PAY003909,C0367,A1096,POL0053,1039.25,ZAR,2025-07-30,CASH,COMPLETED,PAYREF79DE0B3A34,
PAY003910,C0355,A0657,POL0241,1174.35,ZAR,2024-04-17,MOBILE,COMPLETED,PAYREFBAB6DFB65B,
PAY003911,C0512,A0946,POL0457,2333.38,ZAR,2026-05-31,CARD,PENDING,PAYREFB8B9799A8A,
PAY003912,C0969,A1366,,696.62,ZAR,2024-08-17,MOBILE,COMPLETED,PAYREFDAD373395E,
PAY003913,C0788,A0556,POL0475,1442.99,ZAR,2024-05-19,CASH,FAILED,PAYREFF4A5F198DD,Account closed
PAY003914,C0990,A0508,,996.84,ZAR,2026-06-19,EFT,COMPLETED,PAYREFC1C0789504,
PAY003915,C0658,A0824,POL0387,721.79,ZAR,2026-03-29,CARD,FAILED,PAYREFB0242D7AB1,Account closed
PAY003916,C0901,A0197,,206.32,ZAR,2024-02-06,CARD,COMPLETED,PAYREF87A02FCFBC,
PAY003917,C0468,A0545,,980.83,ZAR,2024-12-03,DEBIT_ORDER,COMPLETED,PAYREF7FADEA794E,
PAY003918,C0968,A1462,POL0581,2308.87,ZAR,2025-08-13,MOBILE,COMPLETED,PAYREF8E951DCE17,
PAY003919,C0380,A0873,POL0797,431.08,ZAR,2025-11-01,EFT,COMPLETED,PAYREF45468FC4AF,
PAY003920,C0604,A1396,POL0440,882.02,ZAR,2025-11-07,MOBILE,COMPLETED,PAYREFBADA225C77,
PAY003921,C0345,A0894,,1022.0,ZAR,2025-03-27,CASH,FAILED,PAYREF3D646CADE1,Technical error
PAY003922,C0433,A0969,POL0235,3302.52,ZAR,2024-06-08,MOBILE,REVERSED,PAYREF81704D1A72,
PAY003923,C0718,A1313,POL0305,1130.15,ZAR,2025-06-30,CARD,COMPLETED,PAYREFC3134C9CD8,
PAY003924,C0356,A0296,POL0595,1462.77,ZAR,2026-06-22,CARD,COMPLETED,PAYREF82827C702A,
PAY003925,C0399,A1209,POL0703,1087.18,ZAR,2024-05-20,DEBIT_ORDER,COMPLETED,PAYREF19B7219B31,
PAY003926,C0459,A0858,POL0722,670.28,ZAR,2025-05-28,DEBIT_ORDER,COMPLETED,PAYREF7AFBC4D394,
PAY003927,C0163,A0417,,352.67,ZAR,2026-08-14,EFT,COMPLETED,PAYREF25F2B80ABA,
PAY003928,C0803,A0996,POL0762,824.62,ZAR,2026-08-29,CASH,COMPLETED,PAYREF06DEAA04E9,
PAY003929,C0505,A0771,POL0054,1625.16,ZAR,2025-01-03,EFT,COMPLETED,PAYREF3E82193E5E,
PAY003930,C0560,A0257,POL0274,1240.26,ZAR,2024-08-12,DEBIT_ORDER,COMPLETED,PAYREF9FE38E3E59,
PAY003931,C0327,A1008,,4815.12,ZAR,2025-03-06,CARD,PENDING,PAYREFA84768D219,
PAY003932,C0839,A0716,,2823.84,ZAR,2025-03-24,MOBILE,COMPLETED,PAYREF16E4A1EF63,
PAY003933,C0715,A0532,POL0597,3791.66,ZAR,2025-09-21,DEBIT_ORDER,PENDING,PAYREFF11A5C5EC3,
PAY003934,C0560,A1268,POL0707,143.7,ZAR,2025-10-15,EFT,COMPLETED,PAYREFDBD29486CA,
PAY003935,C0632,A0734,POL0608,5320.56,ZAR,2025-08-19,DEBIT_ORDER,COMPLETED,PAYREF0AE18C43C1,
PAY003936,C0001,A0684,POL0086,1431.98,ZAR,2025-03-31,DEBIT_ORDER,COMPLETED,PAYREF79B8467659,
PAY003937,C0476,A0163,,1650.65,ZAR,2024-03-18,CARD,COMPLETED,PAYREFF99D32E118,
PAY003938,C0640,A0288,POL0223,2686.59,ZAR,2025-03-08,CASH,COMPLETED,PAYREFE12657282D,
PAY003939,C0655,A0273,,1120.26,ZAR,2024-01-26,MOBILE,COMPLETED,PAYREF627AEAE6A0,
PAY003940,C0013,A0361,POL0644,376.01,ZAR,2024-01-23,CARD,COMPLETED,PAYREF691573CC64,
PAY003941,C0925,A0528,,4662.97,ZAR,2025-06-10,EFT,REVERSED,PAYREF27FA637142,
PAY003942,C0506,A1020,POL0317,508.66,ZAR,2024-11-01,CARD,COMPLETED,PAYREF1FDC1D8B67,
PAY003943,C0673,A1476,POL0658,409.23,ZAR,2025-04-18,EFT,FAILED,PAYREFBDF519A619,Insufficient funds
PAY003944,C0970,A0146,,867.57,ZAR,2024-02-03,EFT,COMPLETED,PAYREF77C424F3F2,
PAY003945,C0023,A0942,,745.46,ZAR,2024-12-29,CASH,COMPLETED,PAYREFD655322274,
PAY003946,C0853,A0560,,1100.82,ZAR,2024-04-12,DEBIT_ORDER,PENDING,PAYREF111E08BD07,
PAY003947,C0978,A0875,,994.05,ZAR,2024-02-21,CASH,COMPLETED,PAYREF2A94E5E2A6,
PAY003948,C0399,A0390,POL0751,4218.06,ZAR,2024-09-12,EFT,COMPLETED,PAYREF70A835CC2A,
PAY003949,C0513,A0142,POL0494,1735.97,ZAR,2025-03-21,MOBILE,COMPLETED,PAYREF8A973EA194,
PAY003950,C0656,A1142,,465.08,ZAR,2025-09-12,DEBIT_ORDER,COMPLETED,PAYREF34960E1FAA,
PAY003951,C0534,A0280,,533.52,ZAR,2024-10-07,EFT,COMPLETED,PAYREF51BAC8E6DB,
PAY003952,C0106,A1488,POL0651,743.83,ZAR,2024-10-16,DEBIT_ORDER,COMPLETED,PAYREF45711E6E43,
PAY003953,C0103,A0947,POL0200,746.8,ZAR,2025-04-12,CARD,COMPLETED,PAYREFFF23FD117B,
PAY003954,C0649,A0964,POL0726,655.41,ZAR,2025-05-21,DEBIT_ORDER,COMPLETED,PAYREFEFCE83DCB0,
PAY003955,C0724,A0345,POL0370,364.4,ZAR,2024-04-03,CARD,COMPLETED,PAYREFD18FC4CAF0,
PAY003956,C0327,A0104,,1466.16,ZAR,2026-01-22,EFT,COMPLETED,PAYREF43DDC6A48A,
PAY003957,C0318,A1482,,695.34,ZAR,2025-11-03,MOBILE,COMPLETED,PAYREF93A1BA5AD8,
PAY003958,C0082,A1266,POL0005,423.35,ZAR,2024-07-25,EFT,COMPLETED,PAYREFE374252A7C,
PAY003959,C0475,A0847,,1781.97,ZAR,2025-03-19,DEBIT_ORDER,COMPLETED,PAYREF25902CDFDA,
PAY003960,C0733,A0839,POL0382,2560.15,ZAR,2025-10-12,MOBILE,COMPLETED,PAYREFCDB4708B91,
PAY003961,C0669,A1165,,857.79,ZAR,2024-02-23,MOBILE,COMPLETED,PAYREF56F380100A,
PAY003962,C0327,A1207,,6512.55,ZAR,2026-03-04,DEBIT_ORDER,COMPLETED,PAYREFA16177DA79,
PAY003963,C0184,A0485,,10051.94,ZAR,2024-12-25,CASH,COMPLETED,PAYREFD45DCA9499,
PAY003964,C0646,A0056,POL0193,1802.43,ZAR,2026-08-03,MOBILE,COMPLETED,PAYREF4CF439C9D1,
PAY003965,C0352,A1422,POL0696,686.21,ZAR,2025-07-28,CASH,PENDING,PAYREFA9F2EF7CC8,
PAY003966,C0624,A0547,,1435.05,ZAR,2024-05-08,CASH,COMPLETED,PAYREFB143FD3429,
PAY003967,C0616,A0907,,322.32,ZAR,2024-04-24,MOBILE,REVERSED,PAYREF4F3F352423,
PAY003968,C0678,A0990,,458.58,ZAR,2025-11-23,EFT,FAILED,PAYREF9435C1CC71,Insufficient funds
PAY003969,C0704,A0907,,203.84,ZAR,2025-07-28,CARD,REVERSED,PAYREFBD9F3E9BBF,
PAY003970,C0660,A0506,,584.96,ZAR,2025-02-27,MOBILE,COMPLETED,PAYREFCBBF35F20A,
PAY003971,C0666,A0172,POL0617,319.73,ZAR,2024-02-29,MOBILE,COMPLETED,PAYREF9AC2B515BD,
PAY003972,C0529,A0779,POL0736,2046.85,ZAR,2026-09-02,MOBILE,COMPLETED,PAYREFDC1B8FF5A9,
PAY003973,C0437,A0463,POL0383,518.45,ZAR,2025-05-11,MOBILE,COMPLETED,PAYREF1C9A23693F,
PAY003974,C0092,A0278,POL0777,1446.09,ZAR,2025-05-02,MOBILE,COMPLETED,PAYREF99D9878CA3,
PAY003975,C0431,A0578,,2316.72,ZAR,2025-07-04,DEBIT_ORDER,COMPLETED,PAYREFDDE3421CD1,
PAY003976,C0646,A0208,POL0454,3538.09,ZAR,2025-11-13,MOBILE,COMPLETED,PAYREF105080E222,
PAY003977,C0973,A1057,POL0790,770.14,ZAR,2024-12-20,MOBILE,COMPLETED,PAYREFF782A9060D,
PAY003978,C0702,A0427,,1496.13,ZAR,2025-02-03,DEBIT_ORDER,COMPLETED,PAYREF921111BCC4,
PAY003979,C0601,A1139,POL0242,1544.57,ZAR,2024-10-27,MOBILE,FAILED,PAYREF288DEEFC33,Technical error
PAY003980,C0295,A0321,POL0505,3913.12,ZAR,2025-02-09,DEBIT_ORDER,FAILED,PAYREF468EFF6BC8,Insufficient funds
PAY003981,C0863,A0513,,2400.8,ZAR,2026-02-13,CASH,COMPLETED,PAYREF299F8E6BD9,
PAY003982,C0956,A1401,POL0461,4037.35,ZAR,2024-10-24,MOBILE,COMPLETED,PAYREF48ADD10439,
PAY003983,C0583,A1360,,207.55,ZAR,2026-08-08,MOBILE,COMPLETED,PAYREF086FDE9B02,
PAY003984,C0086,A0221,POL0628,564.38,ZAR,2024-08-03,MOBILE,COMPLETED,PAYREFB13246D6B4,
PAY003985,C0463,A0512,POL0584,3077.33,ZAR,2024-06-23,CASH,PENDING,PAYREF32F244438F,
PAY003986,C0645,A1252,POL0201,1960.0,ZAR,2024-07-30,EFT,COMPLETED,PAYREFAFB0F9ED45,
PAY003987,C0874,A0133,POL0456,967.73,ZAR,2024-05-31,DEBIT_ORDER,COMPLETED,PAYREF3A3CAC0076,
PAY003988,C0051,A0742,POL0742,682.63,ZAR,2025-04-26,DEBIT_ORDER,COMPLETED,PAYREFA41A416131,
PAY003989,C0796,A1154,,2413.14,ZAR,2024-06-07,CASH,COMPLETED,PAYREF57D1BE2E6F,
PAY003990,C0040,A0342,,151.48,ZAR,2025-03-22,MOBILE,COMPLETED,PAYREF3C33674E14,
PAY003991,C0513,A1409,POL0108,2421.62,ZAR,2026-04-28,EFT,COMPLETED,PAYREF923B928BCE,
PAY003992,C0106,A0833,,1200.73,ZAR,2025-11-12,MOBILE,COMPLETED,PAYREFC359E3562D,
PAY003993,C0085,A0205,,672.61,ZAR,2026-02-21,CASH,COMPLETED,PAYREF54427430B2,
PAY003994,C0139,A1179,POL0721,1812.46,ZAR,2026-06-29,DEBIT_ORDER,COMPLETED,PAYREF8635C87E37,
PAY003995,C0596,A0355,POL0299,745.42,ZAR,2025-07-30,CASH,COMPLETED,PAYREF7561BD042B,
PAY003996,C0433,A0091,,1128.92,ZAR,2026-04-04,CASH,REVERSED,PAYREF0426B8B247,
PAY003997,C0068,A1317,POL0359,1047.07,ZAR,2024-01-26,CASH,COMPLETED,PAYREF47BB6FE8A9,
PAY003998,C0375,A0203,POL0139,2308.91,ZAR,2026-05-02,DEBIT_ORDER,COMPLETED,PAYREF10D9B2ACB0,
PAY003999,C0581,A0842,POL0211,1285.86,ZAR,2025-05-14,MOBILE,COMPLETED,PAYREF91C38BEF08,
PAY004000,C0744,A0862,POL0691,162.53,ZAR,2024-08-26,CARD,COMPLETED,PAYREF97EC8DEF38,
PAY004001,C0952,A1159,,272.57,ZAR,2026-04-26,CASH,COMPLETED,PAYREF95BC414827,
PAY004002,C0315,A0594,POL0118,370.86,ZAR,2025-03-06,CASH,COMPLETED,PAYREF1EC770845C,
PAY004003,C0116,A1094,POL0526,1731.16,ZAR,2025-02-15,CASH,COMPLETED,PAYREFD37C6696D0,
PAY004004,C0089,A1124,POL0268,1913.81,ZAR,2026-05-01,DEBIT_ORDER,COMPLETED,PAYREF7D0A706D84,
PAY004005,C0925,A1123,POL0136,5827.58,ZAR,2025-06-10,CASH,COMPLETED,PAYREFDE7DE244B4,
PAY004006,C0307,A0151,,397.65,ZAR,2025-05-02,EFT,COMPLETED,PAYREF75A8B1F4F4,
PAY004007,C0232,A1452,,4061.28,ZAR,2024-04-27,CARD,COMPLETED,PAYREFA7DF2936C6,
PAY004008,C0632,A0456,,157.93,ZAR,2025-01-15,EFT,COMPLETED,PAYREFE93D3CACCF,
PAY004009,C0158,A0347,POL0230,1116.28,ZAR,2024-08-12,MOBILE,PENDING,PAYREF2835B4C2C2,
PAY004010,C0482,A0595,POL0417,1401.37,ZAR,2024-12-17,CARD,COMPLETED,PAYREFC9BE7CFCAE,
PAY004011,C0115,A1443,POL0172,1396.31,ZAR,2025-05-21,EFT,COMPLETED,PAYREF6BF155B0B3,
PAY004012,C0461,A0622,POL0149,804.65,ZAR,2026-01-09,CARD,COMPLETED,PAYREFDF4B8AB07C,
PAY004013,C0295,A0415,,1233.85,ZAR,2026-07-08,MOBILE,PENDING,PAYREF9A736F83AE,
PAY004014,C0852,A1234,POL0509,318.87,ZAR,2025-07-09,EFT,COMPLETED,PAYREF590E8FD074,
PAY004015,C0813,A0820,POL0140,2604.93,ZAR,2026-03-10,MOBILE,COMPLETED,PAYREF8E07A00AC3,
PAY004016,C0842,A0675,POL0628,1407.81,ZAR,2024-02-22,EFT,COMPLETED,PAYREFE06BCAB39E,
PAY004017,C0133,A1187,POL0152,1575.35,ZAR,2024-11-07,CARD,PENDING,PAYREF4E98FCADF5,
PAY004018,C0600,A0152,POL0400,829.63,ZAR,2025-05-16,CASH,PENDING,PAYREF9E42E35389,
PAY004019,C0530,A0874,POL0197,789.99,ZAR,2025-01-07,MOBILE,COMPLETED,PAYREF3AE0CEAEC2,
PAY004020,C0232,A0968,POL0048,1853.31,ZAR,2025-05-25,DEBIT_ORDER,COMPLETED,PAYREF06CDC2B449,
PAY004021,C0944,A0726,POL0279,5377.47,ZAR,2024-01-17,EFT,COMPLETED,PAYREF10B320CBB7,
PAY004022,C0577,A0347,,272.15,ZAR,2025-01-21,DEBIT_ORDER,COMPLETED,PAYREFC09218B95C,
PAY004023,C0760,A0879,,258.77,ZAR,2024-11-27,MOBILE,COMPLETED,PAYREF5640F5D862,
PAY004024,C0645,A0173,POL0067,1431.11,ZAR,2024-11-19,CASH,COMPLETED,PAYREF348137CE0D,
PAY004025,C0024,A0829,,786.66,ZAR,2024-10-02,CASH,COMPLETED,PAYREF7FD3256A6A,
PAY004026,C0202,A1409,POL0493,1241.54,ZAR,2026-02-14,MOBILE,COMPLETED,PAYREF40601588CA,
PAY004027,C0596,A0197,,1070.85,ZAR,2024-02-28,EFT,COMPLETED,PAYREF4805BB0825,
PAY004028,C0261,A0122,POL0686,2042.66,ZAR,2026-01-23,DEBIT_ORDER,COMPLETED,PAYREFCFF1CD9188,
PAY004029,C0167,A0411,POL0235,823.72,ZAR,2026-01-04,EFT,FAILED,PAYREF7EEC6D1FA4,Invalid account
PAY004030,C0222,A0770,POL0160,327.6,ZAR,2024-11-09,CASH,COMPLETED,PAYREFCDB317FDEE,
PAY004031,C0455,A1090,POL0631,497.77,ZAR,2026-08-12,EFT,COMPLETED,PAYREF2CEDA85382,
PAY004032,C0786,A1389,POL0188,934.07,ZAR,2025-04-15,EFT,FAILED,PAYREF75A9BDDC32,Insufficient funds
PAY004033,C0709,A0538,POL0566,312.63,ZAR,2024-08-25,CASH,PENDING,PAYREF059C101CC0,
PAY004034,C0973,A0115,,1056.95,ZAR,2026-04-27,MOBILE,COMPLETED,PAYREFE4EAA6AAD9,
PAY004035,C0430,A1028,,1165.32,ZAR,2026-04-16,MOBILE,COMPLETED,PAYREFD07D7E32A1,
PAY004036,C0303,A1384,POL0665,766.78,ZAR,2025-11-04,DEBIT_ORDER,COMPLETED,PAYREFC087DBD0A2,
PAY004037,C0312,A0318,POL0045,1351.84,ZAR,2025-05-20,DEBIT_ORDER,COMPLETED,PAYREFBED3DF58DD,
PAY004038,C0327,A1136,,218.27,ZAR,2026-03-21,MOBILE,COMPLETED,PAYREF359C923DCA,
PAY004039,C0650,A1321,,422.76,ZAR,2025-12-30,MOBILE,COMPLETED,PAYREF9830C7EE52,
PAY004040,C0204,A1174,POL0588,349.78,ZAR,2026-04-10,DEBIT_ORDER,COMPLETED,PAYREF8D2F024278,
PAY004041,C0116,A0528,POL0667,2643.49,ZAR,2024-02-27,CARD,COMPLETED,PAYREF1DB600D835,
PAY004042,C0433,A1289,,11005.65,ZAR,2025-12-03,CASH,COMPLETED,PAYREFF73380DD74,
PAY004043,C0321,A0351,POL0261,454.49,ZAR,2024-04-15,CASH,COMPLETED,PAYREF18E3C76813,
PAY004044,C0901,A0153,POL0279,866.76,ZAR,2025-10-26,CARD,PENDING,PAYREFF6839ABA5D,
PAY004045,C0384,A1045,,548.16,ZAR,2025-03-05,DEBIT_ORDER,COMPLETED,PAYREF4C546561A0,
PAY004046,C0176,A0163,POL0449,1368.16,ZAR,2024-10-28,EFT,FAILED,PAYREF933B433318,Technical error
PAY004047,C0654,A0888,,596.81,ZAR,2026-08-25,DEBIT_ORDER,COMPLETED,PAYREF459023D938,
PAY004048,C0444,A1462,,1455.03,ZAR,2025-11-11,CARD,COMPLETED,PAYREF58B7894E5A,
PAY004049,C0370,A0893,,2132.45,ZAR,2024-08-31,CARD,COMPLETED,PAYREFF4668A5FE7,
PAY004050,C0999,A1260,POL0237,322.52,ZAR,2024-02-05,DEBIT_ORDER,COMPLETED,PAYREF69FAB81498,
PAY004051,C0053,A0931,POL0548,1438.73,ZAR,2025-03-15,EFT,COMPLETED,PAYREF399C1743A3,
PAY004052,C0927,A0383,POL0126,182.35,ZAR,2025-03-31,EFT,COMPLETED,PAYREF5BCD510172,
PAY004053,C0141,A0323,,848.5,ZAR,2026-01-19,EFT,COMPLETED,PAYREFF98E1E48B3,
PAY004054,C0889,A0765,POL0040,793.39,ZAR,2025-01-28,EFT,COMPLETED,PAYREF16B731EF31,
PAY004055,C0594,A0719,,872.06,ZAR,2025-05-16,EFT,COMPLETED,PAYREF29F4ACF58F,
PAY004056,C0180,A0014,,802.67,ZAR,2025-05-01,EFT,COMPLETED,PAYREF445EF02C56,
PAY004057,C0216,A0609,POL0529,668.52,ZAR,2024-08-30,CARD,COMPLETED,PAYREFC006070301,
PAY004058,C0283,A1249,,840.69,ZAR,2025-12-25,CASH,FAILED,PAYREF0C025FED17,Limit exceeded
PAY004059,C0838,A0664,,1391.5,ZAR,2024-08-13,DEBIT_ORDER,COMPLETED,PAYREF0C9949104F,
PAY004060,C0644,A1254,,1431.18,ZAR,2026-06-29,CASH,COMPLETED,PAYREF4C95D13E55,
PAY004061,C0903,A0887,,1230.53,ZAR,2025-02-16,DEBIT_ORDER,COMPLETED,PAYREFC003928BD2,
PAY004062,C0193,A0400,POL0742,617.95,ZAR,2025-11-30,MOBILE,COMPLETED,PAYREFB6CF9B8127,
PAY004063,C0426,A1088,POL0233,3230.32,ZAR,2024-07-28,CARD,COMPLETED,PAYREF28A76F3FCA,
PAY004064,C0616,A1333,,5040.98,ZAR,2024-06-30,EFT,COMPLETED,PAYREFF855D41073,
PAY004065,C0449,A0673,POL0401,302.35,ZAR,2025-06-23,EFT,COMPLETED,PAYREF0A8827E78C,
PAY004066,C0644,A1237,POL0715,1292.42,ZAR,2025-06-16,DEBIT_ORDER,PENDING,PAYREF877EB43298,
PAY004067,C0731,A0399,,686.67,ZAR,2026-01-31,EFT,PENDING,PAYREF72545B8F34,
PAY004068,C0581,A0495,POL0765,2767.22,ZAR,2026-05-22,MOBILE,COMPLETED,PAYREF274AF0772C,
PAY004069,C0822,A1459,POL0757,1082.91,ZAR,2024-01-27,CASH,COMPLETED,PAYREF387B11539B,
PAY004070,C0115,A1250,POL0593,1156.53,ZAR,2025-11-22,DEBIT_ORDER,COMPLETED,PAYREF6216A74071,
PAY004071,C0903,A0406,,1798.97,ZAR,2026-07-27,CASH,PENDING,PAYREF9870577C92,
PAY004072,C0391,A1418,POL0579,814.41,ZAR,2025-10-19,CARD,COMPLETED,PAYREFE535C46C40,
PAY004073,C0592,A0576,POL0446,5869.24,ZAR,2024-05-01,MOBILE,COMPLETED,PAYREFAE90AF4153,
PAY004074,C0357,A1293,,1825.74,ZAR,2024-05-17,MOBILE,COMPLETED,PAYREF08F09E367A,
PAY004075,C0628,A0855,,2783.9,ZAR,2025-05-03,DEBIT_ORDER,COMPLETED,PAYREF569794399F,
PAY004076,C0327,A1152,POL0179,879.58,ZAR,2025-05-16,MOBILE,COMPLETED,PAYREF1793A6057F,
PAY004077,C0099,A0124,POL0570,969.85,ZAR,2024-03-31,CASH,COMPLETED,PAYREF15EBF3D6B0,
PAY004078,C0557,A0975,POL0736,2469.14,ZAR,2026-05-28,CARD,COMPLETED,PAYREFAE75E09BE2,
PAY004079,C0532,A0803,POL0131,2233.18,ZAR,2026-09-07,DEBIT_ORDER,COMPLETED,PAYREF2C481CE5E8,
PAY004080,C0009,A0007,,314.61,ZAR,2026-06-10,CASH,COMPLETED,PAYREF2719F3A945,
PAY004081,C0983,A1256,POL0656,1245.92,ZAR,2026-06-26,MOBILE,COMPLETED,PAYREF2EE26744F5,
PAY004082,C0242,A0611,POL0106,1761.35,ZAR,2026-08-19,EFT,COMPLETED,PAYREFBD1756585A,
PAY004083,C0795,A0540,POL0402,962.66,ZAR,2025-08-02,CASH,COMPLETED,PAYREF37D516DFB6,
PAY004084,C0808,A0288,POL0049,1601.87,ZAR,2026-03-27,EFT,COMPLETED,PAYREF45EF82F2B1,
PAY004085,C0512,A1376,POL0472,1004.26,ZAR,2024-03-21,CASH,COMPLETED,PAYREFED691C511F,
PAY004086,C0994,A0833,,115.96,ZAR,2025-02-25,EFT,REVERSED,PAYREF8A264A8B1C,
PAY004087,C0093,A1008,,295.63,ZAR,2026-07-20,CARD,FAILED,PAYREF7D5E334938,Limit exceeded
PAY004088,C0785,A0670,POL0225,2907.31,ZAR,2026-03-16,CARD,COMPLETED,PAYREF7728BA5358,
PAY004089,C0935,A1339,POL0583,858.87,ZAR,2025-12-13,CARD,COMPLETED,PAYREF4E453B5E81,
PAY004090,C0770,A0173,,1325.69,ZAR,2024-03-20,CARD,COMPLETED,PAYREFDBECB4D844,
PAY004091,C0877,A1086,POL0161,1092.63,ZAR,2024-02-26,EFT,COMPLETED,PAYREF6A8F27F5B0,
PAY004092,C0642,A0388,,480.44,ZAR,2025-11-10,DEBIT_ORDER,COMPLETED,PAYREF8A15FE259F,
PAY004093,C0158,A1180,,687.4,ZAR,2024-09-16,DEBIT_ORDER,COMPLETED,PAYREF0AEEA5B4CD,
PAY004094,C0835,A0356,,1523.78,ZAR,2024-04-16,DEBIT_ORDER,COMPLETED,PAYREF018904E016,
PAY004095,C0999,A0545,,1687.49,ZAR,2024-08-29,CARD,COMPLETED,PAYREF5218B41EFC,
PAY004096,C0368,A1363,POL0568,9783.08,ZAR,2025-02-11,DEBIT_ORDER,COMPLETED,PAYREFB64FA3B604,
PAY004097,C0832,A0650,,680.11,ZAR,2024-09-05,CARD,COMPLETED,PAYREFDC6B7262E6,
PAY004098,C0086,A1196,,5829.22,ZAR,2026-04-11,CARD,COMPLETED,PAYREF843C94169E,
PAY004099,C0827,A0008,,463.86,ZAR,2024-07-16,EFT,COMPLETED,PAYREFA81BE58451,
PAY004100,C0122,A0059,POL0181,1787.55,ZAR,2026-08-31,EFT,REVERSED,PAYREF98CA8DC39C,
PAY004101,C0560,A0871,,1310.12,ZAR,2024-01-01,CASH,COMPLETED,PAYREF4C4635237C,
PAY004102,C0089,A0735,POL0300,966.94,ZAR,2026-05-30,MOBILE,COMPLETED,PAYREFA490FA844F,
PAY004103,C0558,A1002,,1090.45,ZAR,2024-11-07,CASH,COMPLETED,PAYREF7AB3EF2C43,
PAY004104,C0031,A1331,POL0528,588.39,ZAR,2026-07-01,EFT,COMPLETED,PAYREFC0363328D1,
PAY004105,C0423,A0948,,2707.83,ZAR,2025-02-10,CASH,COMPLETED,PAYREFA2E9C05D77,
PAY004106,C0143,A1011,POL0070,472.19,ZAR,2026-09-09,MOBILE,PENDING,PAYREFB457001DE3,
PAY004107,C0377,A1015,POL0776,1506.47,ZAR,2026-06-24,CARD,COMPLETED,PAYREF6930773A87,
PAY004108,C0183,A0739,POL0278,2335.21,ZAR,2026-07-01,CASH,COMPLETED,PAYREF16455AE6A1,
PAY004109,C0688,A1234,POL0284,4377.37,ZAR,2024-03-24,DEBIT_ORDER,COMPLETED,PAYREF0FEF704DC3,
PAY004110,C0093,A0361,POL0141,2897.98,ZAR,2024-10-28,DEBIT_ORDER,COMPLETED,PAYREFBF0BCEC2B5,
PAY004111,C0354,A0189,,1943.86,ZAR,2025-10-11,EFT,COMPLETED,PAYREFE24041DA7A,
PAY004112,C0733,A0999,,579.56,ZAR,2025-04-03,CARD,COMPLETED,PAYREF286FF415C9,
PAY004113,C0777,A0942,,499.81,ZAR,2026-01-28,MOBILE,COMPLETED,PAYREF138614E964,
PAY004114,C0371,A1013,,351.22,ZAR,2024-07-31,DEBIT_ORDER,COMPLETED,PAYREF40FF20CCC6,
PAY004115,C0105,A0128,,319.17,ZAR,2024-08-29,CARD,PENDING,PAYREFD35B78D99F,
PAY004116,C0462,A0117,POL0247,1095.09,ZAR,2024-05-08,DEBIT_ORDER,COMPLETED,PAYREFDE0C5B03F2,
PAY004117,C0385,A1464,POL0019,529.84,ZAR,2025-10-21,MOBILE,COMPLETED,PAYREF3B2EA6E5FE,
PAY004118,C0068,A1368,,3638.13,ZAR,2024-02-24,CARD,COMPLETED,PAYREFD9A213EA60,
PAY004119,C0752,A0972,POL0078,614.64,ZAR,2024-12-14,DEBIT_ORDER,COMPLETED,PAYREF15BD986339,
PAY004120,C0658,A1011,,1205.03,ZAR,2024-10-02,CASH,COMPLETED,PAYREFA1E6D0FF8A,
PAY004121,C0304,A0237,,841.64,ZAR,2024-01-22,CARD,FAILED,PAYREF3B4E3B2DC4,Account closed
PAY004122,C0920,A0270,,269.39,ZAR,2024-05-28,CASH,COMPLETED,PAYREFADAC871854,
PAY004123,C0844,A0744,POL0309,3259.86,ZAR,2024-11-12,DEBIT_ORDER,COMPLETED,PAYREF70AD07229B,
PAY004124,C0569,A1160,,2198.39,ZAR,2026-04-05,MOBILE,COMPLETED,PAYREFB1D05A691C,
PAY004125,C0322,A1000,,2466.42,ZAR,2024-11-17,EFT,COMPLETED,PAYREFFF54E13F49,
PAY004126,C0734,A0397,,1988.12,ZAR,2024-01-24,CARD,COMPLETED,PAYREFE7B9D6F668,
PAY004127,C0250,A1291,POL0483,513.12,ZAR,2024-05-27,MOBILE,COMPLETED,PAYREF9DFBB7F9DD,
PAY004128,C0716,A1266,,523.19,ZAR,2025-06-25,CARD,COMPLETED,PAYREFB3AEDF4C93,
PAY004129,C0024,A0423,POL0330,1723.29,ZAR,2024-03-15,DEBIT_ORDER,COMPLETED,PAYREF360E574AA4,
PAY004130,C0815,A0848,POL0132,5130.3,ZAR,2024-05-14,CARD,COMPLETED,PAYREF51AFEA2BE6,
PAY004131,C0655,A0237,,1613.21,ZAR,2025-04-11,CARD,COMPLETED,PAYREFDF9FE78B21,
PAY004132,C0065,A0711,POL0209,2917.45,ZAR,2024-03-27,MOBILE,COMPLETED,PAYREF1D35B71277,
PAY004133,C0090,A0643,,648.15,ZAR,2026-08-10,EFT,COMPLETED,PAYREF2AA56ACA82,
PAY004134,C0570,A0212,POL0740,3287.4,ZAR,2024-04-18,EFT,COMPLETED,PAYREF3FCA5E7D30,
PAY004135,C0918,A1251,POL0118,720.92,ZAR,2024-04-25,CASH,COMPLETED,PAYREFAFD266D17F,
PAY004136,C0434,A1377,POL0784,1394.32,ZAR,2026-01-06,CASH,COMPLETED,PAYREFB0E466D62A,
PAY004137,C0161,A0790,POL0347,760.4,ZAR,2025-11-14,EFT,COMPLETED,PAYREFFFE68D4E0F,
PAY004138,C0042,A1434,POL0635,2668.19,ZAR,2024-03-16,DEBIT_ORDER,COMPLETED,PAYREF549F58822A,
PAY004139,C0901,A0784,POL0329,2704.74,ZAR,2024-11-10,DEBIT_ORDER,FAILED,PAYREF1E0B101CD8,Insufficient funds
PAY004140,C0209,A0557,POL0432,250.44,ZAR,2025-10-22,DEBIT_ORDER,COMPLETED,PAYREF1B01FD9A9F,
PAY004141,C0686,A0810,POL0179,4126.97,ZAR,2024-03-10,EFT,COMPLETED,PAYREF9C339A6103,
PAY004142,C0815,A0857,,11806.54,ZAR,2024-01-09,CARD,COMPLETED,PAYREF23EAB0BCF1,
PAY004143,C0579,A0886,,768.67,ZAR,2026-01-17,CASH,COMPLETED,PAYREF4C2316F873,
PAY004144,C0108,A0299,POL0455,966.03,ZAR,2025-08-16,EFT,PENDING,PAYREFF63799E2DC,
PAY004145,C0133,A0942,POL0799,3787.38,ZAR,2026-04-04,EFT,COMPLETED,PAYREF042A299A36,
PAY004146,C0784,A1015,POL0111,1172.35,ZAR,2026-03-26,CARD,COMPLETED,PAYREFB8B35AECE9,
PAY004147,C0584,A0497,,1092.28,ZAR,2026-08-07,CASH,COMPLETED,PAYREFFFCBAF04C7,
PAY004148,C0596,A1102,POL0471,7309.78,ZAR,2024-01-05,EFT,COMPLETED,PAYREF827484017C,
PAY004149,C0933,A0178,,283.07,ZAR,2024-06-16,CARD,FAILED,PAYREF0135F8C026,Insufficient funds
PAY004150,C0843,A0975,POL0425,498.22,ZAR,2025-04-14,DEBIT_ORDER,COMPLETED,PAYREF45B4C4A332,
PAY004151,C0728,A0924,,1665.4,ZAR,2024-04-26,CASH,COMPLETED,PAYREFA7FB3CBA49,
PAY004152,C0824,A1062,POL0399,217.12,ZAR,2025-09-30,DEBIT_ORDER,PENDING,PAYREF9A47EF79C0,
PAY004153,C0329,A1425,,755.21,ZAR,2026-08-07,MOBILE,FAILED,PAYREF255A10B580,Technical error
PAY004154,C0649,A0796,POL0281,748.32,ZAR,2024-05-19,DEBIT_ORDER,COMPLETED,PAYREF969BC10C1A,
PAY004155,C0635,A1015,POL0618,2869.16,ZAR,2026-04-08,CASH,COMPLETED,PAYREF33B30347EA,
PAY004156,C0435,A0404,POL0647,2192.62,ZAR,2026-05-19,CASH,COMPLETED,PAYREF1BC83C0FFC,
PAY004157,C0894,A0435,,203.73,ZAR,2026-06-11,CARD,COMPLETED,PAYREF482B8E4819,
PAY004158,C0859,A0905,POL0751,548.33,ZAR,2026-04-04,CASH,COMPLETED,PAYREFFF8C963F37,
PAY004159,C0681,A1098,POL0688,550.01,ZAR,2026-04-22,CARD,COMPLETED,PAYREF3DB924B0A6,
PAY004160,C0239,A0790,,883.09,ZAR,2024-11-16,CARD,COMPLETED,PAYREF58C30C1692,
PAY004161,C0137,A1057,,365.93,ZAR,2024-08-17,CARD,COMPLETED,PAYREFBA8D815D4F,
PAY004162,C0458,A0002,POL0401,1722.7,ZAR,2026-08-20,MOBILE,PENDING,PAYREF55E0CC52AC,
PAY004163,C0694,A0997,,547.75,ZAR,2026-02-01,CASH,COMPLETED,PAYREFC5D90EB05B,
PAY004164,C0299,A1174,POL0699,1975.59,ZAR,2026-02-14,MOBILE,COMPLETED,PAYREF760851CB2A,
PAY004165,C0675,A0134,POL0425,1093.51,ZAR,2026-08-24,MOBILE,COMPLETED,PAYREF17390A7C8D,
PAY004166,C0827,A0162,POL0246,414.44,ZAR,2026-08-31,DEBIT_ORDER,FAILED,PAYREF0D96558A78,Limit exceeded
PAY004167,C0564,A0751,,4395.24,ZAR,2024-09-23,EFT,COMPLETED,PAYREF77D6B2E14B,
PAY004168,C0775,A1285,POL0611,4526.6,ZAR,2025-02-07,CASH,COMPLETED,PAYREF1F1927FEC8,
PAY004169,C0497,A0850,POL0743,1466.08,ZAR,2024-08-29,EFT,COMPLETED,PAYREF94D00DA525,
PAY004170,C0172,A0947,POL0677,863.33,ZAR,2024-02-25,MOBILE,COMPLETED,PAYREF9A6F0A2D57,
PAY004171,C0616,A1185,,381.35,ZAR,2025-12-15,CARD,COMPLETED,PAYREF86A0E7F400,
PAY004172,C0697,A1061,,3200.66,ZAR,2026-08-29,DEBIT_ORDER,COMPLETED,PAYREF2A0186DD31,
PAY004173,C0070,A0427,POL0065,2496.49,ZAR,2024-01-09,EFT,COMPLETED,PAYREF068CAE6A3E,
PAY004174,C0849,A0037,POL0092,485.9,ZAR,2025-03-27,CARD,COMPLETED,PAYREFDE1E1B26CA,
PAY004175,C0557,A1390,,551.8,ZAR,2024-12-15,DEBIT_ORDER,COMPLETED,PAYREFB64D036269,
PAY004176,C0719,A1123,,1731.81,ZAR,2025-01-27,MOBILE,COMPLETED,PAYREF2410100B3A,
PAY004177,C0928,A0244,POL0352,338.51,ZAR,2025-05-03,MOBILE,COMPLETED,PAYREFCA44FEBA25,
PAY004178,C0825,A0654,,586.58,ZAR,2024-02-28,EFT,COMPLETED,PAYREF34EAAF4427,
PAY004179,C0666,A0160,,387.39,ZAR,2025-11-29,MOBILE,COMPLETED,PAYREF9107E81942,
PAY004180,C0184,A1137,POL0599,400.08,ZAR,2025-12-20,CASH,COMPLETED,PAYREF8A7B7AC56B,
PAY004181,C0744,A0177,,533.75,ZAR,2026-08-29,CARD,COMPLETED,PAYREFD0515F7C2A,
PAY004182,C0644,A0827,POL0251,2713.53,ZAR,2026-02-25,CARD,COMPLETED,PAYREFF89BF501CD,
PAY004183,C0223,A0863,,189.7,ZAR,2025-03-03,MOBILE,COMPLETED,PAYREFDE90C6148E,
PAY004184,C0670,A1438,,1691.69,ZAR,2026-04-12,MOBILE,FAILED,PAYREF35D11CF9CC,Insufficient funds
PAY004185,C0743,A0554,POL0036,1419.34,ZAR,2026-05-22,MOBILE,COMPLETED,PAYREFA81ADFD7B9,
PAY004186,C0994,A0117,,2888.07,ZAR,2025-01-17,CARD,COMPLETED,PAYREF820D4AA71F,
PAY004187,C0882,A0375,POL0067,1418.07,ZAR,2025-11-26,EFT,COMPLETED,PAYREFC385C3802C,
PAY004188,C0859,A0236,,750.82,ZAR,2024-09-25,EFT,COMPLETED,PAYREF378CE6DD21,
PAY004189,C0692,A1070,POL0598,485.26,ZAR,2025-02-10,EFT,COMPLETED,PAYREFA31CFC0D68,
PAY004190,C0968,A1099,POL0139,2952.51,ZAR,2025-08-27,CASH,COMPLETED,PAYREFE5FB444D02,
PAY004191,C0693,A0906,,1802.53,ZAR,2025-12-22,MOBILE,COMPLETED,PAYREF6314061E25,
PAY004192,C0553,A0640,,669.72,ZAR,2026-08-08,CARD,COMPLETED,PAYREFEAE8507079,
PAY004193,C0764,A0423,POL0330,2721.43,ZAR,2025-05-13,CASH,COMPLETED,PAYREF118794B24E,
PAY004194,C0189,A0777,,702.13,ZAR,2024-12-16,MOBILE,REVERSED,PAYREFD1312B903F,
PAY004195,C0397,A0707,POL0595,1095.6,ZAR,2025-07-19,CASH,COMPLETED,PAYREFE4B7BC4CE2,
PAY004196,C0050,A1380,,599.15,ZAR,2025-06-16,MOBILE,COMPLETED,PAYREFC890F50324,
PAY004197,C0454,A0088,POL0317,1870.28,ZAR,2024-04-14,DEBIT_ORDER,COMPLETED,PAYREF84A174BB01,
PAY004198,C0875,A1045,POL0001,405.78,ZAR,2026-04-25,DEBIT_ORDER,REVERSED,PAYREF25A2E0837F,
PAY004199,C0770,A1377,POL0109,813.55,ZAR,2025-01-29,CASH,COMPLETED,PAYREF9C7C0B6130,
PAY004200,C0053,A0746,POL0273,569.89,ZAR,2024-08-20,CARD,COMPLETED,PAYREF990838325B,
PAY004201,C0856,A0934,POL0667,1427.55,ZAR,2024-11-12,CARD,FAILED,PAYREFADE28B9B7A,Limit exceeded
PAY004202,C0814,A0691,POL0159,1617.26,ZAR,2025-03-13,DEBIT_ORDER,COMPLETED,PAYREF5394D6F440,
PAY004203,C0860,A0145,,363.52,ZAR,2025-09-21,CASH,COMPLETED,PAYREF420B62D71D,
PAY004204,C0133,A0151,POL0402,1646.54,ZAR,2024-11-18,DEBIT_ORDER,COMPLETED,PAYREF770CAFA6F5,
PAY004205,C0029,A0432,,250.45,ZAR,2025-03-02,MOBILE,COMPLETED,PAYREFAF0DF4D858,
PAY004206,C0874,A0280,POL0582,9818.0,ZAR,2025-10-20,DEBIT_ORDER,COMPLETED,PAYREFC92D967612,
PAY004207,C0821,A0416,POL0036,657.55,ZAR,2026-02-27,MOBILE,COMPLETED,PAYREF837BA1D4F8,
PAY004208,C0209,A1133,,3131.48,ZAR,2026-03-19,CARD,REVERSED,PAYREFB4FC634A57,
PAY004209,C0646,A0637,POL0731,1340.99,ZAR,2025-02-19,DEBIT_ORDER,COMPLETED,PAYREFC8737486C0,
PAY004210,C0537,A0670,POL0293,1396.6,ZAR,2024-10-01,CASH,COMPLETED,PAYREFADB43A0086,
PAY004211,C0894,A1118,,341.7,ZAR,2025-12-27,CASH,COMPLETED,PAYREF7D98699B7F,
PAY004212,C0188,A0890,POL0541,2548.96,ZAR,2024-12-29,MOBILE,COMPLETED,PAYREF06F9B1DA5F,
PAY004213,C0522,A0078,POL0662,1151.3,ZAR,2025-01-28,CASH,COMPLETED,PAYREF7A7EF8A83C,
PAY004214,C0461,A0294,POL0660,1754.85,ZAR,2026-02-03,MOBILE,COMPLETED,PAYREFC3A476BCD6,
PAY004215,C0005,A0989,POL0630,1001.53,ZAR,2025-10-23,CARD,COMPLETED,PAYREF1E574D9217,
PAY004216,C0906,A0098,POL0047,1248.93,ZAR,2026-05-12,MOBILE,COMPLETED,PAYREF4DD762F6F0,
PAY004217,C0793,A0033,,451.61,ZAR,2024-05-21,MOBILE,PENDING,PAYREFF42F0AB258,
PAY004218,C0709,A1312,POL0277,941.16,ZAR,2025-07-18,DEBIT_ORDER,COMPLETED,PAYREF7EBE90A498,
PAY004219,C0461,A0336,POL0293,720.62,ZAR,2025-11-10,MOBILE,COMPLETED,PAYREF4BDB267E76,
PAY004220,C0199,A1179,POL0424,541.55,ZAR,2025-07-01,MOBILE,COMPLETED,PAYREF4F32650A3A,
PAY004221,C0123,A0224,,1254.54,ZAR,2025-08-31,EFT,COMPLETED,PAYREFB206D50881,
PAY004222,C0599,A0936,,1577.17,ZAR,2024-02-21,MOBILE,COMPLETED,PAYREF8CE720FB9B,
PAY004223,C0543,A0284,POL0018,1409.19,ZAR,2025-12-17,EFT,COMPLETED,PAYREF7C401971F2,
PAY004224,C0864,A0264,,990.03,ZAR,2024-07-31,DEBIT_ORDER,COMPLETED,PAYREFA678F267C1,
PAY004225,C0408,A1198,POL0075,1654.26,ZAR,2024-02-12,CARD,COMPLETED,PAYREF1C97689CCC,
PAY004226,C0730,A1036,POL0048,1397.11,ZAR,2026-06-25,MOBILE,COMPLETED,PAYREFBDD75BCDD8,
PAY004227,C0657,A0673,,1208.97,ZAR,2026-07-10,EFT,COMPLETED,PAYREF98EDDED395,
PAY004228,C0686,A0437,POL0623,1294.85,ZAR,2026-06-18,EFT,COMPLETED,PAYREF250E693F07,
PAY004229,C0611,A0879,POL0611,3579.59,ZAR,2024-12-19,CARD,COMPLETED,PAYREFB000BE1A4B,
PAY004230,C0035,A0682,,328.63,ZAR,2025-09-05,EFT,COMPLETED,PAYREFBDE3084308,
PAY004231,C0889,A0246,,797.44,ZAR,2026-04-22,EFT,COMPLETED,PAYREF6A220011E3,
PAY004232,C0170,A0719,,1537.9,ZAR,2025-05-15,DEBIT_ORDER,COMPLETED,PAYREF4C47D45D80,
PAY004233,C0342,A0113,POL0409,225.26,ZAR,2025-06-26,DEBIT_ORDER,COMPLETED,PAYREFDA5F247DC1,
PAY004234,C0247,A0664,POL0171,4370.29,ZAR,2025-03-02,MOBILE,COMPLETED,PAYREF201C347632,
PAY004235,C0986,A0690,,1414.91,ZAR,2026-06-07,DEBIT_ORDER,REVERSED,PAYREFDD44BB50B8,
PAY004236,C0021,A0600,POL0181,2855.21,ZAR,2025-05-01,EFT,COMPLETED,PAYREFA3A8C7A1A7,
PAY004237,C0037,A0272,POL0708,3360.22,ZAR,2025-05-13,DEBIT_ORDER,COMPLETED,PAYREF3557CAE21E,
PAY004238,C0933,A0723,POL0122,1656.48,ZAR,2025-01-22,CARD,COMPLETED,PAYREF9B2B2E8C4B,
PAY004239,C0291,A0676,POL0198,117.61,ZAR,2025-04-05,CARD,COMPLETED,PAYREF39C28FE24A,
PAY004240,C0290,A1108,,1271.17,ZAR,2024-08-12,DEBIT_ORDER,COMPLETED,PAYREF8160C56A40,
PAY004241,C0474,A0862,,1355.45,ZAR,2025-01-02,EFT,COMPLETED,PAYREF9BE086A381,
PAY004242,C0779,A1217,POL0016,369.86,ZAR,2025-08-12,DEBIT_ORDER,COMPLETED,PAYREF4BBAB465B5,
PAY004243,C0586,A0532,,183.15,ZAR,2026-07-17,DEBIT_ORDER,COMPLETED,PAYREFC7CE8DD65C,
PAY004244,C0413,A0992,POL0755,1740.05,ZAR,2025-10-06,CASH,COMPLETED,PAYREFE08D8FD6C4,
PAY004245,C0114,A1411,,314.45,ZAR,2025-12-27,CASH,COMPLETED,PAYREFB89D6A2405,
PAY004246,C0442,A1422,POL0527,8616.35,ZAR,2025-11-11,CASH,PENDING,PAYREF4C9DC0F080,
PAY004247,C0408,A1222,,1426.73,ZAR,2025-12-05,EFT,COMPLETED,PAYREFA70BF55615,
PAY004248,C0882,A1209,POL0456,4236.58,ZAR,2026-05-02,CARD,COMPLETED,PAYREFD164F09A63,
PAY004249,C0633,A1065,POL0013,1131.35,ZAR,2024-11-01,MOBILE,PENDING,PAYREF350736CCA4,
PAY004250,C0552,A1022,POL0505,2325.15,ZAR,2025-10-08,MOBILE,COMPLETED,PAYREF582E07F6BD,
PAY004251,C0013,A1354,POL0261,1156.63,ZAR,2024-02-02,MOBILE,COMPLETED,PAYREFBCC3F6FF84,
PAY004252,C0551,A0564,POL0110,2997.62,ZAR,2025-01-06,CARD,COMPLETED,PAYREFFD2F3A264E,
PAY004253,C0329,A1197,POL0048,142.83,ZAR,2025-02-02,DEBIT_ORDER,COMPLETED,PAYREF80E2CD910A,
PAY004254,C0077,A1293,POL0683,2665.5,ZAR,2026-05-12,EFT,COMPLETED,PAYREFD153DC72ED,
PAY004255,C0988,A1110,POL0210,2140.43,ZAR,2024-03-28,MOBILE,FAILED,PAYREF3AEF37D077,Account closed
PAY004256,C0492,A0235,,939.97,ZAR,2025-12-10,DEBIT_ORDER,PENDING,PAYREF92A521131D,
PAY004257,C0934,A0620,,728.39,ZAR,2026-08-30,CARD,COMPLETED,PAYREFAFD28B3847,
PAY004258,C0153,A0022,POL0014,813.14,ZAR,2025-03-26,CASH,COMPLETED,PAYREF39C613DAEA,
PAY004259,C0558,A0097,POL0729,1455.01,ZAR,2025-12-27,EFT,COMPLETED,PAYREF4028BD3B2E,
PAY004260,C0342,A0329,POL0401,3692.43,ZAR,2024-03-13,CASH,COMPLETED,PAYREF6E0D4FB664,
PAY004261,C0714,A0161,POL0285,642.79,ZAR,2026-06-23,EFT,COMPLETED,PAYREFF14FE96F61,
PAY004262,C0424,A0963,POL0129,199.98,ZAR,2026-04-10,CASH,COMPLETED,PAYREFE785067DD6,
PAY004263,C0353,A1042,POL0231,13155.31,ZAR,2024-10-12,CASH,COMPLETED,PAYREF22E66C4B4D,
PAY004264,C0241,A0838,POL0184,2146.46,ZAR,2026-03-17,DEBIT_ORDER,COMPLETED,PAYREFA683CAAA05,
PAY004265,C0094,A0209,,741.58,ZAR,2026-08-22,DEBIT_ORDER,COMPLETED,PAYREF2145EFA7A1,
PAY004266,C0247,A0575,,3600.57,ZAR,2024-08-13,MOBILE,COMPLETED,PAYREFDEFC7FB6C6,
PAY004267,C0658,A0386,POL0702,2789.71,ZAR,2025-09-15,MOBILE,FAILED,PAYREF7524179B2F,Insufficient funds
PAY004268,C0292,A0251,POL0625,1794.14,ZAR,2026-07-18,MOBILE,COMPLETED,PAYREF10C43E8DC1,
PAY004269,C0222,A0890,POL0648,680.58,ZAR,2024-09-05,DEBIT_ORDER,COMPLETED,PAYREF0D6AE0DC0F,
PAY004270,C0736,A1317,POL0053,2137.35,ZAR,2025-09-13,EFT,COMPLETED,PAYREF78987C23D7,
PAY004271,C0233,A0621,POL0185,3260.25,ZAR,2024-01-15,CARD,COMPLETED,PAYREFB5373500CD,
PAY004272,C0315,A1385,POL0465,196.36,ZAR,2025-05-12,EFT,COMPLETED,PAYREF33C0A4DD88,
PAY004273,C0474,A1143,POL0347,1372.65,ZAR,2026-06-06,MOBILE,COMPLETED,PAYREF20B5C4F26A,
PAY004274,C0719,A1224,,1477.6,ZAR,2025-12-26,EFT,PENDING,PAYREFE929F5DD64,
PAY004275,C0194,A0006,POL0749,1430.93,ZAR,2024-01-20,DEBIT_ORDER,COMPLETED,PAYREF5A9D7A1DBD,
PAY004276,C0212,A1068,POL0109,1148.47,ZAR,2024-05-31,CASH,COMPLETED,PAYREF3851E37E27,
PAY004277,C0182,A0519,POL0371,3590.59,ZAR,2024-11-02,DEBIT_ORDER,COMPLETED,PAYREFF9E3D37DAC,
PAY004278,C0978,A0731,,887.74,ZAR,2024-09-13,DEBIT_ORDER,PENDING,PAYREF033939BB1B,
PAY004279,C0513,A0312,POL0397,1093.58,ZAR,2026-04-21,DEBIT_ORDER,COMPLETED,PAYREFB7267EC34E,
PAY004280,C0288,A1237,POL0709,1503.67,ZAR,2026-05-05,EFT,COMPLETED,PAYREF9216568516,
PAY004281,C0587,A0218,POL0283,917.76,ZAR,2024-07-14,MOBILE,COMPLETED,PAYREFEA87C3600F,
PAY004282,C0335,A1368,POL0555,274.24,ZAR,2024-03-16,DEBIT_ORDER,COMPLETED,PAYREFEB2B6D82AD,
PAY004283,C0380,A0595,POL0209,1358.49,ZAR,2024-06-09,MOBILE,COMPLETED,PAYREFD5DA6FAD09,
PAY004284,C0697,A0700,POL0249,1373.97,ZAR,2024-12-12,MOBILE,COMPLETED,PAYREF1DB2E903CA,
PAY004285,C0228,A0033,POL0444,761.15,ZAR,2024-02-13,MOBILE,COMPLETED,PAYREF58AA9D8CB1,
PAY004286,C0861,A0901,POL0351,960.72,ZAR,2025-07-02,EFT,PENDING,PAYREF8B63719287,
PAY004287,C0546,A0436,,45.61,ZAR,2026-05-05,MOBILE,COMPLETED,PAYREF973DE3D9CE,
PAY004288,C0825,A1151,,3671.69,ZAR,2025-03-29,CARD,COMPLETED,PAYREF6DE4431233,
PAY004289,C0395,A0921,,2700.06,ZAR,2025-08-11,CARD,FAILED,PAYREF61D5F4050F,Invalid account
PAY004290,C0168,A0224,POL0381,287.77,ZAR,2026-08-28,EFT,COMPLETED,PAYREFD1E8889E8B,
PAY004291,C0387,A0099,,558.1,ZAR,2025-04-13,MOBILE,COMPLETED,PAYREF1ADC96A5CE,
PAY004292,C0992,A0890,POL0328,4668.17,ZAR,2025-05-01,DEBIT_ORDER,COMPLETED,PAYREFA6605D7425,
PAY004293,C0715,A0692,,345.55,ZAR,2026-08-10,MOBILE,COMPLETED,PAYREF8B384A94A0,
PAY004294,C0922,A0745,,1769.51,ZAR,2024-09-25,EFT,COMPLETED,PAYREF8A7665A085,
PAY004295,C0945,A1312,POL0484,670.47,ZAR,2025-06-09,CARD,COMPLETED,PAYREFD2E7D2D0FD,
PAY004296,C0818,A0127,POL0793,1652.66,ZAR,2024-03-03,EFT,COMPLETED,PAYREFF812B57A40,
PAY004297,C0662,A0091,POL0048,1153.02,ZAR,2025-07-09,DEBIT_ORDER,COMPLETED,PAYREF0E4AE87253,
PAY004298,C0290,A0715,POL0662,826.14,ZAR,2026-06-04,EFT,COMPLETED,PAYREFA82C2C7249,
PAY004299,C0035,A1060,,1617.31,ZAR,2024-09-28,CASH,PENDING,PAYREFBCBCE8869D,
PAY004300,C0128,A1195,POL0337,669.78,ZAR,2024-09-18,EFT,PENDING,PAYREFF34AB43C77,
PAY004301,C0394,A1383,POL0095,184.15,ZAR,2025-09-02,CARD,COMPLETED,PAYREFE2B812E5EF,
PAY004302,C0563,A0040,,433.67,ZAR,2024-08-06,MOBILE,COMPLETED,PAYREFE3B7091603,
PAY004303,C0503,A0296,,384.58,ZAR,2024-07-18,CARD,COMPLETED,PAYREF1CE27DC303,
PAY004304,C0386,A1128,,220.5,ZAR,2025-09-10,CARD,COMPLETED,PAYREFA32AB7873C,
PAY004305,C0164,A1477,POL0042,1586.68,ZAR,2025-12-10,CASH,COMPLETED,PAYREFA29821A8ED,
PAY004306,C0990,A1296,POL0181,922.63,ZAR,2024-12-01,EFT,COMPLETED,PAYREFC77F425EF6,
PAY004307,C0632,A0572,POL0703,1562.34,ZAR,2025-11-06,EFT,PENDING,PAYREFE8A4932B95,
PAY004308,C0519,A1450,,1845.95,ZAR,2025-02-08,DEBIT_ORDER,FAILED,PAYREF38ED4FB4B1,Limit exceeded
PAY004309,C0741,A1072,POL0113,2336.64,ZAR,2024-07-04,CASH,COMPLETED,PAYREFD3292FB3D2,
PAY004310,C0262,A1074,,1647.35,ZAR,2026-01-28,CARD,PENDING,PAYREFD52E6C799E,
PAY004311,C0327,A1308,POL0417,411.74,ZAR,2024-10-02,DEBIT_ORDER,COMPLETED,PAYREFAF460D9248,
PAY004312,C0380,A0685,POL0223,1957.7,ZAR,2025-10-13,DEBIT_ORDER,PENDING,PAYREF02FBAC32EF,
PAY004313,C0928,A1172,,1368.96,ZAR,2025-05-12,CARD,COMPLETED,PAYREF4A9CD30366,
PAY004314,C0600,A1053,,9799.68,ZAR,2024-08-15,CASH,COMPLETED,PAYREFC53C1713FA,
PAY004315,C0606,A0842,POL0246,1105.35,ZAR,2025-11-24,CASH,COMPLETED,PAYREFA7186F8E94,
PAY004316,C0659,A0336,,1608.25,ZAR,2024-06-17,EFT,COMPLETED,PAYREF5CFCFEEE02,
PAY004317,C0394,A0860,POL0592,997.42,ZAR,2026-06-23,CARD,COMPLETED,PAYREF45407648A9,
PAY004318,C0946,A0424,POL0262,1151.59,ZAR,2024-04-09,DEBIT_ORDER,COMPLETED,PAYREFE9F03848A4,
PAY004319,C0202,A1089,,1076.41,ZAR,2024-06-12,EFT,COMPLETED,PAYREF31ADC7527E,
PAY004320,C0830,A0121,POL0759,710.08,ZAR,2025-08-04,CASH,COMPLETED,PAYREF52F478B187,
PAY004321,C0976,A0394,,1309.44,ZAR,2024-03-16,CARD,COMPLETED,PAYREF457EC65EEF,
PAY004322,C0614,A0335,POL0152,2042.15,ZAR,2025-12-14,MOBILE,REVERSED,PAYREF7EB4269950,
PAY004323,C0830,A1083,POL0373,720.89,ZAR,2026-04-24,CASH,COMPLETED,PAYREF789E827380,
PAY004324,C0402,A1029,,2528.98,ZAR,2024-01-25,EFT,COMPLETED,PAYREF3D704EF198,
PAY004325,C0570,A0622,POL0420,2240.18,ZAR,2025-10-21,CARD,COMPLETED,PAYREFB806DBB837,
PAY004326,C0928,A0898,POL0798,454.75,ZAR,2024-03-15,MOBILE,COMPLETED,PAYREF26C3B7C2D6,
PAY004327,C0210,A1298,POL0578,418.35,ZAR,2025-01-06,CASH,COMPLETED,PAYREFB0FEDBB2FD,
PAY004328,C0684,A0117,POL0450,1716.69,ZAR,2024-03-05,CARD,PENDING,PAYREF11C9C28C27,
PAY004329,C0066,A0426,POL0307,609.39,ZAR,2024-09-30,CASH,COMPLETED,PAYREFD88BF63262,
PAY004330,C0508,A0425,POL0701,385.4,ZAR,2024-02-06,CARD,FAILED,PAYREFE4E725AD09,Limit exceeded
PAY004331,C0177,A0496,,6105.21,ZAR,2026-02-27,CARD,COMPLETED,PAYREFFB3B35B321,
PAY004332,C0330,A1005,POL0596,417.24,ZAR,2025-09-04,CARD,PENDING,PAYREF7D49EA15B0,
PAY004333,C0709,A1092,,238.99,ZAR,2024-10-24,CASH,COMPLETED,PAYREF5B67674BAE,
PAY004334,C0323,A0051,POL0389,500.85,ZAR,2024-03-13,MOBILE,COMPLETED,PAYREFC899691163,
PAY004335,C0607,A0709,POL0675,1382.5,ZAR,2026-08-25,MOBILE,COMPLETED,PAYREF5413978450,
PAY004336,C0579,A1480,POL0045,1180.33,ZAR,2026-01-02,EFT,COMPLETED,PAYREFE48A5AD98A,
PAY004337,C0383,A1236,POL0393,7238.82,ZAR,2025-12-09,CASH,COMPLETED,PAYREF1918C8AAEF,
PAY004338,C0113,A1373,POL0557,508.57,ZAR,2025-06-10,EFT,COMPLETED,PAYREFBB2A7D5EB7,
PAY004339,C0529,A1289,POL0702,1388.75,ZAR,2025-04-08,CASH,COMPLETED,PAYREFC8CE2592C0,
PAY004340,C0294,A0001,POL0106,3389.67,ZAR,2024-04-18,MOBILE,COMPLETED,PAYREFD0A9613568,
PAY004341,C0686,A0995,POL0699,567.35,ZAR,2026-03-08,CASH,COMPLETED,PAYREFF8140B678F,
PAY004342,C0978,A1412,POL0507,2216.59,ZAR,2024-09-24,DEBIT_ORDER,COMPLETED,PAYREF10964D93DB,
PAY004343,C0727,A0348,POL0345,175.53,ZAR,2024-03-29,MOBILE,COMPLETED,PAYREF1A507971E9,
PAY004344,C0268,A0877,POL0696,6366.18,ZAR,2026-06-06,CARD,PENDING,PAYREF3775476D07,
PAY004345,C0720,A1135,POL0396,2965.37,ZAR,2026-05-29,CASH,COMPLETED,PAYREF67D0897BC2,
PAY004346,C0709,A1076,,555.2,ZAR,2025-07-22,EFT,COMPLETED,PAYREF5E2E12DDED,
PAY004347,C0038,A0723,POL0479,2514.47,ZAR,2025-10-05,CARD,COMPLETED,PAYREF8A407E3C9B,
PAY004348,C0355,A0034,POL0683,4077.27,ZAR,2024-04-14,CASH,COMPLETED,PAYREF9F95E8BE62,
PAY004349,C0084,A0556,,302.27,ZAR,2025-02-15,CASH,COMPLETED,PAYREFE78E946645,
PAY004350,C0550,A0756,POL0219,601.92,ZAR,2024-04-06,EFT,COMPLETED,PAYREF80BB62614E,
PAY004351,C0891,A0115,POL0685,4213.65,ZAR,2024-09-29,CASH,COMPLETED,PAYREFF4452896E4,
PAY004352,C0992,A1255,,1173.18,ZAR,2026-05-19,DEBIT_ORDER,COMPLETED,PAYREF2E920CD7DA,
PAY004353,C0647,A1351,,1696.23,ZAR,2024-05-19,MOBILE,COMPLETED,PAYREFB3C745712A,
PAY004354,C0257,A1431,,1176.38,ZAR,2025-08-12,CASH,COMPLETED,PAYREF5D075ABB97,
PAY004355,C0418,A0517,,2674.42,ZAR,2024-05-14,DEBIT_ORDER,COMPLETED,PAYREF5353D031F1,
PAY004356,C0700,A1484,POL0249,1831.58,ZAR,2025-03-16,CARD,COMPLETED,PAYREF47D7D6D20C,
PAY004357,C0201,A1241,POL0473,1219.53,ZAR,2025-11-03,CASH,COMPLETED,PAYREF95B435750A,
PAY004358,C0184,A1279,,134.06,ZAR,2024-02-10,DEBIT_ORDER,COMPLETED,PAYREF9A79B339B9,
PAY004359,C0440,A0686,,2079.77,ZAR,2025-12-15,MOBILE,PENDING,PAYREF667E2DC907,
PAY004360,C0895,A1143,POL0244,2273.88,ZAR,2025-12-07,DEBIT_ORDER,FAILED,PAYREFEBD1377D97,Insufficient funds
PAY004361,C0361,A0342,,317.49,ZAR,2024-08-04,CASH,COMPLETED,PAYREF609BDE6EC0,
PAY004362,C0330,A0716,POL0384,339.81,ZAR,2024-03-22,CASH,COMPLETED,PAYREFB651FF32BB,
PAY004363,C0086,A0903,POL0412,1840.14,ZAR,2025-07-30,CASH,PENDING,PAYREF8A964D4E39,
PAY004364,C0445,A0771,,1331.85,ZAR,2026-09-05,DEBIT_ORDER,COMPLETED,PAYREF046F2FD4B9,
PAY004365,C0682,A0346,,152.2,ZAR,2025-02-05,CASH,REVERSED,PAYREF2429AC6474,
PAY004366,C0367,A1329,,482.02,ZAR,2026-02-11,MOBILE,COMPLETED,PAYREF4F3ACA2F25,
PAY004367,C0586,A1438,,1500.93,ZAR,2025-05-14,MOBILE,COMPLETED,PAYREF73EEDC3FAF,
PAY004368,C0767,A0546,,2157.44,ZAR,2025-08-16,CARD,COMPLETED,PAYREF9F96E62C72,
PAY004369,C0429,A0054,POL0076,611.36,ZAR,2025-03-05,MOBILE,COMPLETED,PAYREF6BA65130BB,
PAY004370,C0487,A0763,,946.28,ZAR,2024-08-19,DEBIT_ORDER,COMPLETED,PAYREF1C1E5D053B,
PAY004371,C0579,A1437,POL0686,455.16,ZAR,2024-05-01,DEBIT_ORDER,COMPLETED,PAYREF829BC0A657,
PAY004372,C0910,A0636,POL0184,4121.3,ZAR,2024-03-13,EFT,COMPLETED,PAYREFAEED63F55B,
PAY004373,C0856,A0663,POL0356,1305.82,ZAR,2024-07-26,DEBIT_ORDER,COMPLETED,PAYREF0D3CB16197,
PAY004374,C0962,A0937,,562.46,ZAR,2024-06-08,CASH,COMPLETED,PAYREFCE851FA40C,
PAY004375,C0429,A0779,,345.05,ZAR,2025-07-22,CASH,COMPLETED,PAYREFC16232C36F,
PAY004376,C0671,A1184,POL0617,308.93,ZAR,2025-12-26,DEBIT_ORDER,COMPLETED,PAYREF97E4182C00,
PAY004377,C0002,A0380,,6711.35,ZAR,2026-08-19,CARD,COMPLETED,PAYREFDD5CDBADEC,
PAY004378,C0383,A1452,POL0282,921.95,ZAR,2025-08-18,CASH,REVERSED,PAYREFD4A5542B8A,
PAY004379,C0828,A0093,,735.45,ZAR,2024-03-11,CASH,COMPLETED,PAYREFE7C34EA113,
PAY004380,C0793,A0403,POL0619,886.03,ZAR,2024-05-06,CASH,COMPLETED,PAYREFA73BEF09E7,
PAY004381,C0353,A0972,,583.94,ZAR,2025-03-01,EFT,COMPLETED,PAYREF9B4CFD0EA9,
PAY004382,C0569,A0020,POL0707,985.34,ZAR,2024-02-19,EFT,COMPLETED,PAYREF82A2D83D19,
PAY004383,C0042,A0380,,1135.61,ZAR,2024-06-14,DEBIT_ORDER,PENDING,PAYREF3AD2385FE2,
PAY004384,C0808,A0296,POL0311,1113.21,ZAR,2026-05-14,DEBIT_ORDER,PENDING,PAYREFD9835E59C8,
PAY004385,C0637,A1191,,310.26,ZAR,2026-02-11,CASH,COMPLETED,PAYREFD15E2D83FB,
PAY004386,C0901,A0029,POL0565,2676.94,ZAR,2025-05-07,CASH,COMPLETED,PAYREF326781ADB1,
PAY004387,C0027,A0265,POL0330,630.83,ZAR,2026-04-29,MOBILE,COMPLETED,PAYREF8F8BEB1E79,
PAY004388,C0153,A0687,POL0786,567.55,ZAR,2025-03-25,CASH,FAILED,PAYREFF2A10E7C3A,Invalid account
PAY004389,C0204,A0742,POL0788,542.49,ZAR,2025-05-18,EFT,COMPLETED,PAYREF478CF83666,
PAY004390,C0118,A0393,,382.81,ZAR,2025-06-16,CASH,COMPLETED,PAYREF972A450A25,
PAY004391,C0364,A0442,POL0164,1433.39,ZAR,2024-11-13,EFT,COMPLETED,PAYREF4791759C0F,
PAY004392,C0177,A0463,POL0238,2683.78,ZAR,2024-12-02,EFT,PENDING,PAYREFC3CD7D8CA4,
PAY004393,C0866,A0476,POL0194,532.2,ZAR,2026-06-15,CASH,COMPLETED,PAYREF81E12E0B28,
PAY004394,C0043,A0795,,173.62,ZAR,2024-12-23,EFT,COMPLETED,PAYREFF36889890D,
PAY004395,C0041,A0128,,392.64,ZAR,2026-03-27,MOBILE,PENDING,PAYREF0167070A80,
PAY004396,C0418,A0303,,700.44,ZAR,2026-07-26,MOBILE,PENDING,PAYREFB8F87EC050,
PAY004397,C0954,A0191,POL0192,320.08,ZAR,2026-02-18,CASH,PENDING,PAYREFB2B2324D1E,
PAY004398,C0864,A1339,POL0072,602.61,ZAR,2025-11-03,CASH,COMPLETED,PAYREFD0EEBE13BE,
PAY004399,C0650,A1047,POL0689,631.74,ZAR,2025-03-11,MOBILE,PENDING,PAYREFF8D7D955FB,
PAY004400,C0377,A0923,POL0664,1079.78,ZAR,2026-03-18,DEBIT_ORDER,COMPLETED,PAYREF0357836B86,
PAY004401,C0522,A0942,POL0011,255.97,ZAR,2026-01-12,CARD,COMPLETED,PAYREF685D859AA6,
PAY004402,C0567,A1103,,1958.85,ZAR,2025-11-07,CASH,COMPLETED,PAYREFF619E3C3A0,
PAY004403,C0160,A0773,POL0439,5772.95,ZAR,2026-06-02,CASH,PENDING,PAYREF209C562D6B,
PAY004404,C0683,A1474,,4578.46,ZAR,2024-12-11,DEBIT_ORDER,COMPLETED,PAYREF47D803204F,
PAY004405,C0791,A0431,POL0583,611.53,ZAR,2024-01-29,CASH,COMPLETED,PAYREFB876418180,
PAY004406,C0766,A0607,POL0299,2140.2,ZAR,2026-02-14,CARD,COMPLETED,PAYREF3ED632E75A,
PAY004407,C0492,A1141,,1901.23,ZAR,2025-09-18,MOBILE,COMPLETED,PAYREF36F1E468E4,
PAY004408,C0602,A0107,,1049.93,ZAR,2025-11-26,MOBILE,COMPLETED,PAYREFF8F016E6DD,
PAY004409,C0888,A1455,,1308.98,ZAR,2024-01-30,CARD,FAILED,PAYREFF1D291ECF6,Invalid account
PAY004410,C0884,A1019,,2171.22,ZAR,2024-09-10,DEBIT_ORDER,COMPLETED,PAYREF222F6B38AB,
PAY004411,C0546,A0379,,2652.81,ZAR,2025-06-17,CASH,PENDING,PAYREF9BBA268B9F,
PAY004412,C0764,A1030,POL0327,487.03,ZAR,2024-02-06,EFT,COMPLETED,PAYREF63BF5BCD28,
PAY004413,C0073,A0257,POL0378,2316.22,ZAR,2024-09-05,DEBIT_ORDER,PENDING,PAYREF7A5A20B0BF,
PAY004414,C0428,A1271,,5804.93,ZAR,2024-09-15,EFT,COMPLETED,PAYREF1DA0C9D01C,
PAY004415,C0245,A1170,POL0554,2649.65,ZAR,2026-03-23,CARD,COMPLETED,PAYREFC9FFCF81AA,
PAY004416,C0132,A0792,POL0019,5097.28,ZAR,2024-07-24,DEBIT_ORDER,COMPLETED,PAYREFD8B6B98C52,
PAY004417,C0380,A0753,POL0469,82.8,ZAR,2025-06-26,CASH,COMPLETED,PAYREFC2BFCD1D32,
PAY004418,C0431,A1214,POL0054,1989.64,ZAR,2026-04-09,CARD,COMPLETED,PAYREF215E25E7D5,
PAY004419,C0828,A0971,,1428.32,ZAR,2024-11-17,CASH,COMPLETED,PAYREFAFBC63D0B2,
PAY004420,C0106,A0620,,3062.8,ZAR,2024-09-15,CARD,COMPLETED,PAYREF30D833D398,
PAY004421,C0896,A0133,,355.8,ZAR,2026-05-02,CASH,COMPLETED,PAYREFB6F071FA43,
PAY004422,C0002,A0426,,661.07,ZAR,2024-01-07,CASH,COMPLETED,PAYREF8FBE7CDEDF,
PAY004423,C0224,A1348,POL0637,2698.73,ZAR,2025-01-10,MOBILE,COMPLETED,PAYREF2CEF046F05,
PAY004424,C0878,A0005,,380.06,ZAR,2025-11-18,EFT,COMPLETED,PAYREF4162BF71CE,
PAY004425,C0850,A0635,,1397.32,ZAR,2026-08-24,CASH,COMPLETED,PAYREFC04E0679F8,
PAY004426,C0877,A0046,POL0759,1078.21,ZAR,2026-01-23,MOBILE,COMPLETED,PAYREFC7E867F225,
PAY004427,C0244,A0204,POL0040,901.51,ZAR,2026-04-05,MOBILE,COMPLETED,PAYREFD53C6E376C,
PAY004428,C0500,A0094,POL0217,1944.38,ZAR,2024-07-17,CASH,COMPLETED,PAYREF8061D6FA1E,
PAY004429,C0385,A0889,POL0694,359.42,ZAR,2024-10-25,CARD,PENDING,PAYREFAFBB690A20,
PAY004430,C0817,A0191,POL0475,502.64,ZAR,2024-07-16,CASH,COMPLETED,PAYREF8957698087,
PAY004431,C0494,A0881,,954.08,ZAR,2024-08-18,CASH,PENDING,PAYREF97171E1A1E,
PAY004432,C0458,A1402,POL0540,329.91,ZAR,2025-09-20,MOBILE,COMPLETED,PAYREFC2B1ADB069,
PAY004433,C0637,A1376,POL0509,3755.29,ZAR,2026-07-24,EFT,PENDING,PAYREF9F0FF819E6,
PAY004434,C0006,A1166,POL0072,493.36,ZAR,2025-07-27,CASH,PENDING,PAYREFC74AE1B3D8,
PAY004435,C0317,A1163,POL0736,2407.46,ZAR,2024-03-10,CARD,COMPLETED,PAYREF80925F42D2,
PAY004436,C0592,A0313,POL0489,456.91,ZAR,2025-07-09,CASH,COMPLETED,PAYREF99C2188836,
PAY004437,C0560,A1038,POL0546,2217.64,ZAR,2025-03-21,EFT,COMPLETED,PAYREFFA6CF46684,
PAY004438,C0748,A0042,POL0026,219.46,ZAR,2026-07-12,CASH,COMPLETED,PAYREFF4955CB94E,
PAY004439,C0610,A0191,,4485.55,ZAR,2024-08-06,EFT,COMPLETED,PAYREFFB3D7BA27F,
PAY004440,C0950,A1441,POL0533,3412.27,ZAR,2024-03-11,EFT,COMPLETED,PAYREF17D8CE05EC,
PAY004441,C0224,A0682,POL0616,631.07,ZAR,2025-11-09,EFT,COMPLETED,PAYREF499D55DB95,
PAY004442,C0560,A0093,,480.28,ZAR,2025-04-03,CARD,COMPLETED,PAYREFA567177C6A,
PAY004443,C0026,A0307,,1733.33,ZAR,2025-03-11,EFT,COMPLETED,PAYREF246683AFC3,
PAY004444,C0180,A1307,POL0382,238.39,ZAR,2025-12-29,MOBILE,COMPLETED,PAYREFEF585B076A,
PAY004445,C0105,A0785,POL0138,1135.41,ZAR,2026-03-13,EFT,FAILED,PAYREFED2FFCAA56,Technical error
PAY004446,C0685,A0257,POL0623,489.02,ZAR,2025-12-07,DEBIT_ORDER,COMPLETED,PAYREF3A3D73870B,
PAY004447,C0549,A1155,POL0624,850.39,ZAR,2025-11-29,EFT,COMPLETED,PAYREFC217477695,
PAY004448,C0244,A1366,POL0149,576.03,ZAR,2024-04-01,MOBILE,COMPLETED,PAYREF6A59009772,
PAY004449,C0951,A0259,POL0311,493.55,ZAR,2024-09-29,CARD,REVERSED,PAYREF4C0A128933,
PAY004450,C0675,A0526,POL0164,6031.76,ZAR,2024-01-13,DEBIT_ORDER,PENDING,PAYREFAC1EEC8A89,
PAY004451,C0859,A0014,,2393.58,ZAR,2025-04-03,MOBILE,COMPLETED,PAYREF3F874558C0,
PAY004452,C0353,A0645,POL0680,249.67,ZAR,2026-03-10,EFT,COMPLETED,PAYREFF1075DE38B,
PAY004453,C0564,A0687,POL0639,456.77,ZAR,2025-01-04,DEBIT_ORDER,COMPLETED,PAYREFBBBEB5CB41,
PAY004454,C0527,A1223,POL0237,2584.92,ZAR,2024-10-03,EFT,COMPLETED,PAYREF119C912B48,
PAY004455,C0427,A0577,POL0076,2889.06,ZAR,2026-05-15,CARD,COMPLETED,PAYREFE3420BADB5,
PAY004456,C0031,A1034,POL0055,274.49,ZAR,2024-08-17,CASH,COMPLETED,PAYREF7B96BC5A4B,
PAY004457,C0697,A0492,,2205.27,ZAR,2025-07-01,DEBIT_ORDER,COMPLETED,PAYREFB715CD02DD,
PAY004458,C0497,A1139,POL0067,1429.43,ZAR,2024-04-02,MOBILE,FAILED,PAYREF75C8EAFA29,Insufficient funds
PAY004459,C0972,A0586,POL0259,157.33,ZAR,2024-09-30,DEBIT_ORDER,COMPLETED,PAYREF2C479B76C9,
PAY004460,C0452,A0354,POL0433,732.75,ZAR,2024-01-19,CASH,COMPLETED,PAYREF9B3C887068,
PAY004461,C0948,A0904,,957.03,ZAR,2026-04-26,MOBILE,REVERSED,PAYREFE3FC1D739E,
PAY004462,C0447,A0061,POL0397,1151.12,ZAR,2024-11-07,CARD,COMPLETED,PAYREFF02358CB8E,
PAY004463,C0468,A1176,POL0557,292.78,ZAR,2026-03-26,CARD,COMPLETED,PAYREF2B2648B9F4,
PAY004464,C0948,A0064,POL0727,511.31,ZAR,2026-07-28,CASH,COMPLETED,PAYREF3D481F9BEE,
PAY004465,C0017,A1068,POL0666,588.19,ZAR,2024-04-07,DEBIT_ORDER,COMPLETED,PAYREFD918CBB958,
PAY004466,C0266,A1471,,641.83,ZAR,2025-07-02,CASH,PENDING,PAYREFA86BBC5C93,
PAY004467,C0161,A0604,,652.62,ZAR,2026-09-14,MOBILE,COMPLETED,PAYREFB61694DF86,
PAY004468,C0789,A0070,,960.42,ZAR,2024-07-09,MOBILE,PENDING,PAYREF4EA56F363D,
PAY004469,C0503,A0180,,1494.63,ZAR,2025-03-31,CASH,PENDING,PAYREF244F95939E,
PAY004470,C0229,A1422,POL0293,6465.44,ZAR,2026-01-22,CARD,COMPLETED,PAYREF25C9F44176,
PAY004471,C0910,A0049,POL0517,2619.89,ZAR,2025-10-18,EFT,PENDING,PAYREF7C5A071E54,
PAY004472,C0309,A1113,POL0641,4092.3,ZAR,2024-08-30,EFT,COMPLETED,PAYREF7903445285,
PAY004473,C0475,A0725,POL0664,678.07,ZAR,2025-11-16,CARD,COMPLETED,PAYREF1C09B6CED9,
PAY004474,C0049,A0115,POL0734,401.85,ZAR,2025-01-29,CARD,COMPLETED,PAYREF31F5E7724C,
PAY004475,C0956,A1267,POL0583,2444.08,ZAR,2026-01-11,CASH,COMPLETED,PAYREFDA08336E86,
PAY004476,C0141,A1151,POL0661,1079.0,ZAR,2025-10-21,CARD,COMPLETED,PAYREF32CCD08EDB,
PAY004477,C0842,A0814,POL0168,2276.33,ZAR,2024-06-13,EFT,COMPLETED,PAYREF41A8C66979,
PAY004478,C0190,A1119,POL0265,453.82,ZAR,2026-06-20,CASH,COMPLETED,PAYREF12C14BB7B2,
PAY004479,C0639,A0068,,2097.66,ZAR,2026-08-26,EFT,COMPLETED,PAYREF9DCB48D960,
PAY004480,C0123,A0310,POL0730,920.35,ZAR,2025-02-12,EFT,COMPLETED,PAYREF9847B44E11,
PAY004481,C0327,A0231,POL0669,691.66,ZAR,2025-05-21,MOBILE,COMPLETED,PAYREF7E2F1325C3,
PAY004482,C0579,A1046,POL0125,759.94,ZAR,2026-07-24,CARD,COMPLETED,PAYREF8F8B189703,
PAY004483,C0256,A0557,POL0269,1790.83,ZAR,2025-05-03,CASH,FAILED,PAYREF7C7FA984C3,Technical error
PAY004484,C0232,A1414,,2378.3,ZAR,2025-01-22,CARD,COMPLETED,PAYREF209969F5B3,
PAY004485,C0579,A0728,POL0240,760.2,ZAR,2024-01-10,MOBILE,FAILED,PAYREFF1F4D72BA5,Limit exceeded
PAY004486,C0367,A0565,POL0129,1547.37,ZAR,2024-04-25,DEBIT_ORDER,REVERSED,PAYREFD99B3601E0,
PAY004487,C0178,A0563,,1541.97,ZAR,2025-06-26,CARD,COMPLETED,PAYREFF5EB301F69,
PAY004488,C0026,A0879,POL0615,2294.65,ZAR,2025-01-06,CARD,PENDING,PAYREFB1AF5EF979,
PAY004489,C0401,A0158,,2942.21,ZAR,2025-12-08,DEBIT_ORDER,FAILED,PAYREF5CD6EFF591,Account closed
PAY004490,C0686,A0690,POL0603,6709.11,ZAR,2025-01-03,MOBILE,COMPLETED,PAYREFBBA13D0F1F,
PAY004491,C0793,A1393,POL0305,688.72,ZAR,2024-09-19,DEBIT_ORDER,COMPLETED,PAYREF26A6335454,
PAY004492,C0927,A1351,,4722.1,ZAR,2025-05-13,CARD,COMPLETED,PAYREFEFBD1D6165,
PAY004493,C0199,A0398,POL0430,1232.84,ZAR,2026-05-12,CASH,COMPLETED,PAYREF860F0321C2,
PAY004494,C0077,A0581,POL0201,366.94,ZAR,2024-08-01,CARD,COMPLETED,PAYREFAEFBC6A813,
PAY004495,C0910,A0153,POL0287,572.22,ZAR,2025-03-31,EFT,COMPLETED,PAYREFF4C9F82D72,
PAY004496,C0681,A1364,,1747.53,ZAR,2024-09-16,DEBIT_ORDER,PENDING,PAYREFF971A62D58,
PAY004497,C0216,A0001,POL0060,2261.45,ZAR,2025-06-21,EFT,COMPLETED,PAYREF7A0A8C65F6,
PAY004498,C0909,A0424,POL0445,396.92,ZAR,2025-09-17,CARD,COMPLETED,PAYREF908BC740E3,
PAY004499,C0795,A0104,POL0355,510.87,ZAR,2026-08-27,DEBIT_ORDER,COMPLETED,PAYREFA8DA803CF0,
PAY004500,C0050,A0471,,643.48,ZAR,2024-11-01,CARD,COMPLETED,PAYREFA49DCC9691,
PAY004501,C0482,A0367,,462.49,ZAR,2025-04-17,CASH,COMPLETED,PAYREF94B46184C7,
PAY004502,C0029,A0516,POL0357,167.32,ZAR,2026-09-07,EFT,COMPLETED,PAYREFD38932E7AC,
PAY004503,C0202,A1466,POL0006,119.19,ZAR,2025-05-10,MOBILE,COMPLETED,PAYREF3E0C2F9398,
PAY004504,C0485,A0595,,748.59,ZAR,2026-02-02,CARD,COMPLETED,PAYREF64E1FCB5F6,
PAY004505,C0803,A0948,,1411.04,ZAR,2026-05-20,CARD,COMPLETED,PAYREF4BFDD1E1A0,
PAY004506,C0921,A0111,,2112.41,ZAR,2026-04-19,CARD,FAILED,PAYREF77CE2C43DD,Invalid account
PAY004507,C0650,A1023,,280.81,ZAR,2024-07-15,EFT,COMPLETED,PAYREF66563991FA,
PAY004508,C0544,A1014,POL0660,285.62,ZAR,2026-02-26,EFT,COMPLETED,PAYREF116E25A75B,
PAY004509,C0280,A1432,,646.82,ZAR,2025-09-16,DEBIT_ORDER,PENDING,PAYREFAE14D9C778,
PAY004510,C0153,A1320,,1100.3,ZAR,2024-06-10,EFT,COMPLETED,PAYREFFA5BBD0388,
PAY004511,C0245,A1136,,3007.25,ZAR,2025-02-21,CARD,COMPLETED,PAYREF9206C11351,
PAY004512,C0497,A1350,,2247.83,ZAR,2024-08-14,DEBIT_ORDER,COMPLETED,PAYREFC820F909E2,
PAY004513,C0945,A0883,,759.13,ZAR,2025-08-08,CARD,COMPLETED,PAYREFCD70B57EAE,
PAY004514,C0128,A0374,POL0800,1572.08,ZAR,2024-02-06,MOBILE,COMPLETED,PAYREFE2A4FF14DA,
PAY004515,C0969,A0073,POL0104,471.76,ZAR,2026-06-08,MOBILE,COMPLETED,PAYREF931C6805BC,
PAY004516,C0601,A1376,POL0238,1181.27,ZAR,2026-02-18,MOBILE,COMPLETED,PAYREFDE20FA1493,
PAY004517,C0692,A1166,POL0502,1030.27,ZAR,2025-06-17,CASH,COMPLETED,PAYREFB8EB4DADF3,
PAY004518,C0587,A0525,,4466.24,ZAR,2024-01-02,DEBIT_ORDER,COMPLETED,PAYREF0EDACCE147,
PAY004519,C0850,A0105,POL0669,1796.43,ZAR,2026-02-20,EFT,COMPLETED,PAYREF4994BD3B32,
PAY004520,C0997,A0147,POL0369,507.36,ZAR,2025-08-08,DEBIT_ORDER,COMPLETED,PAYREF0A3CE0A828,
PAY004521,C0653,A1460,POL0218,512.57,ZAR,2025-12-31,EFT,COMPLETED,PAYREFA7329980F8,
PAY004522,C0127,A0721,POL0765,785.96,ZAR,2026-01-21,CARD,COMPLETED,PAYREFB9211A5B17,
PAY004523,C0552,A1479,POL0289,229.42,ZAR,2025-01-17,EFT,COMPLETED,PAYREFDF8EFECCCC,
PAY004524,C0696,A1358,POL0126,871.29,ZAR,2024-07-11,MOBILE,COMPLETED,PAYREFEDE89BC4D7,
PAY004525,C0741,A1101,POL0653,949.88,ZAR,2025-04-18,EFT,COMPLETED,PAYREFBECB9AA501,
PAY004526,C0104,A1485,,1748.52,ZAR,2025-11-28,MOBILE,COMPLETED,PAYREF88AEF9F2E8,
PAY004527,C0355,A0234,POL0386,2022.57,ZAR,2024-10-20,DEBIT_ORDER,FAILED,PAYREF2023C8B1F7,Limit exceeded
PAY004528,C0308,A0788,,1210.65,ZAR,2025-08-14,MOBILE,COMPLETED,PAYREFD361093BB3,
PAY004529,C0461,A0818,,214.86,ZAR,2025-08-01,CASH,FAILED,PAYREF8FFBC48BC1,Technical error
PAY004530,C0204,A1187,POL0703,323.42,ZAR,2025-05-05,CARD,COMPLETED,PAYREFFEA1885900,
PAY004531,C0736,A0253,,598.78,ZAR,2025-10-08,DEBIT_ORDER,COMPLETED,PAYREFD06EC139AA,
PAY004532,C0920,A1383,,2105.46,ZAR,2024-02-13,CARD,REVERSED,PAYREF94E76E7320,
PAY004533,C0115,A0946,POL0385,2035.56,ZAR,2025-06-19,MOBILE,FAILED,PAYREF8936B5B87F,Insufficient funds
PAY004534,C0362,A1380,POL0345,854.54,ZAR,2026-01-02,DEBIT_ORDER,FAILED,PAYREF2E62386125,Account closed
PAY004535,C0677,A1155,POL0719,11611.26,ZAR,2026-02-22,CASH,COMPLETED,PAYREFCE1BBC762B,
PAY004536,C0544,A1212,,5226.87,ZAR,2025-06-08,EFT,COMPLETED,PAYREF17FFF29876,
PAY004537,C0008,A0814,POL0754,3789.23,ZAR,2024-12-31,CARD,PENDING,PAYREFB8F380622E,
PAY004538,C0564,A1099,POL0705,2209.8,ZAR,2026-02-11,DEBIT_ORDER,COMPLETED,PAYREF876F7328CD,
PAY004539,C0764,A0564,POL0772,1734.62,ZAR,2026-05-18,EFT,COMPLETED,PAYREFF0211D6F92,
PAY004540,C0197,A0051,POL0565,1612.56,ZAR,2026-01-30,CASH,COMPLETED,PAYREFB6C47D7EE4,
PAY004541,C0497,A1359,,180.36,ZAR,2025-12-24,MOBILE,COMPLETED,PAYREFFFB72507F1,
PAY004542,C0236,A1398,,383.26,ZAR,2025-06-22,EFT,COMPLETED,PAYREFBA5EA31E21,
PAY004543,C0464,A1114,,878.19,ZAR,2024-09-26,DEBIT_ORDER,COMPLETED,PAYREFDD18729101,
PAY004544,C0549,A0492,,1246.22,ZAR,2025-01-22,CASH,COMPLETED,PAYREF04FFB9AF2D,
PAY004545,C0029,A1136,POL0550,968.3,ZAR,2025-12-12,CASH,COMPLETED,PAYREF68A04D3BC1,
PAY004546,C0718,A1418,,1439.82,ZAR,2024-09-17,MOBILE,COMPLETED,PAYREFEAB36D8C39,
PAY004547,C0323,A0211,POL0393,133.85,ZAR,2024-08-04,MOBILE,COMPLETED,PAYREF58C4A975D4,
PAY004548,C0874,A1084,,1818.31,ZAR,2025-11-19,EFT,COMPLETED,PAYREF691329147A,
PAY004549,C0418,A0819,POL0294,1166.94,ZAR,2025-02-21,CARD,COMPLETED,PAYREF128061E108,
PAY004550,C0654,A0993,,909.19,ZAR,2024-08-02,MOBILE,COMPLETED,PAYREFEC1983E0F9,
PAY004551,C0702,A0186,POL0584,2771.97,ZAR,2026-07-23,MOBILE,COMPLETED,PAYREFEE3B0C3AC2,
PAY004552,C0829,A0519,POL0430,385.47,ZAR,2024-07-12,MOBILE,FAILED,PAYREFE4905E165B,Limit exceeded
PAY004553,C0671,A1009,POL0568,865.32,ZAR,2026-07-26,CARD,COMPLETED,PAYREFC7369CA912,
PAY004554,C0317,A0165,POL0212,1457.41,ZAR,2024-05-14,EFT,COMPLETED,PAYREF6A4C3AD27D,
PAY004555,C0653,A1195,,467.31,ZAR,2024-02-02,EFT,COMPLETED,PAYREF8EF5C11E32,
PAY004556,C0026,A1238,,147.92,ZAR,2024-11-07,CARD,COMPLETED,PAYREFB508785376,
PAY004557,C0315,A0096,,346.18,ZAR,2025-03-04,MOBILE,COMPLETED,PAYREFCA80F84910,
PAY004558,C0296,A0860,POL0459,1027.91,ZAR,2025-04-15,CARD,COMPLETED,PAYREF88355C194E,
PAY004559,C0584,A0816,,854.9,ZAR,2026-03-27,EFT,COMPLETED,PAYREF1DB60F612C,
PAY004560,C0452,A1199,POL0151,1076.78,ZAR,2024-04-25,CASH,PENDING,PAYREF68AED29AB1,
PAY004561,C0601,A1482,POL0266,567.21,ZAR,2024-04-17,EFT,COMPLETED,PAYREFD8EC056476,
PAY004562,C0077,A0164,POL0755,295.22,ZAR,2025-01-03,CASH,FAILED,PAYREFF6DB2355EE,Insufficient funds
PAY004563,C0735,A0834,,1257.66,ZAR,2026-09-07,CASH,COMPLETED,PAYREF541C7C90C1,
PAY004564,C0765,A0755,,928.41,ZAR,2025-05-20,MOBILE,COMPLETED,PAYREF41BCA491AA,
PAY004565,C0973,A0515,,2075.25,ZAR,2025-03-09,MOBILE,COMPLETED,PAYREF63216B282C,
PAY004566,C0453,A0280,POL0447,519.21,ZAR,2025-04-10,CASH,PENDING,PAYREFE881C48C2A,
PAY004567,C0552,A0171,POL0103,145.35,ZAR,2025-02-13,EFT,COMPLETED,PAYREFB0466A4179,
PAY004568,C0861,A0526,POL0339,81.09,ZAR,2024-03-19,EFT,COMPLETED,PAYREF2A0CDF6E5C,
PAY004569,C0968,A0202,POL0358,734.02,ZAR,2025-06-25,DEBIT_ORDER,COMPLETED,PAYREF20B392126E,
PAY004570,C0915,A0839,POL0031,1246.27,ZAR,2024-03-30,CASH,COMPLETED,PAYREF1859DA729B,
PAY004571,C0282,A0260,,869.3,ZAR,2025-02-27,EFT,COMPLETED,PAYREFD6B3C387D5,
PAY004572,C0023,A1038,,623.19,ZAR,2024-03-31,EFT,COMPLETED,PAYREFA53ED02329,
PAY004573,C0359,A0865,POL0027,223.32,ZAR,2024-02-11,CARD,COMPLETED,PAYREFC33E02827C,
PAY004574,C0874,A0689,,165.78,ZAR,2025-03-08,MOBILE,COMPLETED,PAYREF4EB1863A53,
PAY004575,C0604,A0838,,1583.31,ZAR,2025-05-30,DEBIT_ORDER,COMPLETED,PAYREF5BAE33E36C,
PAY004576,C0647,A1390,POL0321,873.4,ZAR,2024-06-16,MOBILE,COMPLETED,PAYREF8DE00C06CD,
PAY004577,C0962,A0343,POL0637,762.41,ZAR,2024-06-07,MOBILE,COMPLETED,PAYREF40B8EE7DA6,
PAY004578,C0021,A0794,,234.69,ZAR,2026-08-20,DEBIT_ORDER,COMPLETED,PAYREFF37DB65EBD,
PAY004579,C0867,A1288,POL0662,417.27,ZAR,2025-03-03,MOBILE,COMPLETED,PAYREF5F8DA13F19,
PAY004580,C0743,A0342,,1147.23,ZAR,2026-01-22,CASH,COMPLETED,PAYREF355BF1C215,
PAY004581,C0534,A0424,,1457.7,ZAR,2026-06-16,CASH,COMPLETED,PAYREFA6D424C421,
PAY004582,C0899,A0387,POL0027,930.54,ZAR,2025-06-12,EFT,COMPLETED,PAYREF71C9EE9DDE,
PAY004583,C0368,A0774,POL0748,4355.74,ZAR,2024-12-16,MOBILE,COMPLETED,PAYREFCF05EE5747,
PAY004584,C0326,A0673,,616.78,ZAR,2024-12-03,CASH,COMPLETED,PAYREFCC0067EAE6,
PAY004585,C0191,A1026,POL0419,3971.39,ZAR,2026-04-14,DEBIT_ORDER,COMPLETED,PAYREF0EA667960F,
PAY004586,C0982,A0398,,1362.21,ZAR,2025-12-06,CARD,FAILED,PAYREFC6D11E9501,Account closed
PAY004587,C0391,A1013,,1221.86,ZAR,2025-03-22,MOBILE,COMPLETED,PAYREF48EC2EE5F8,
PAY004588,C0710,A0665,POL0283,2786.45,ZAR,2024-06-13,MOBILE,COMPLETED,PAYREFEE0FEDBF67,
PAY004589,C0840,A1046,,587.5,ZAR,2024-12-15,DEBIT_ORDER,COMPLETED,PAYREF25AA902016,
PAY004590,C0922,A0557,POL0035,789.02,ZAR,2024-08-29,CASH,COMPLETED,PAYREF98A15CE5F6,
PAY004591,C0153,A0320,,322.61,ZAR,2025-08-03,DEBIT_ORDER,COMPLETED,PAYREFC34E275617,
PAY004592,C0871,A0822,,2793.95,ZAR,2025-06-29,CASH,COMPLETED,PAYREF9A85DF190A,
PAY004593,C0250,A0221,,1533.8,ZAR,2026-08-29,DEBIT_ORDER,COMPLETED,PAYREF00BCCF0946,
PAY004594,C0534,A0772,,3287.21,ZAR,2026-01-20,DEBIT_ORDER,COMPLETED,PAYREF979E824EDC,
PAY004595,C0397,A0843,,1345.96,ZAR,2025-09-07,CASH,COMPLETED,PAYREFE63C718D7C,
PAY004596,C0830,A0279,,3304.51,ZAR,2024-09-25,DEBIT_ORDER,COMPLETED,PAYREF20117EE41C,
PAY004597,C0134,A0728,,519.42,ZAR,2026-09-12,CARD,PENDING,PAYREF66C5FA7B76,
PAY004598,C0118,A1080,POL0531,2943.16,ZAR,2024-12-23,CASH,COMPLETED,PAYREF58F9D8BF3F,
PAY004599,C0371,A0137,POL0742,736.7,ZAR,2024-02-04,DEBIT_ORDER,COMPLETED,PAYREF247D8D462D,
PAY004600,C0612,A0297,POL0674,1099.41,ZAR,2026-07-22,MOBILE,COMPLETED,PAYREFB55DA86231,
PAY004601,C0091,A0729,,2271.86,ZAR,2025-08-05,EFT,COMPLETED,PAYREF9EB04BA961,
PAY004602,C0356,A0675,POL0330,11246.83,ZAR,2024-06-14,CASH,COMPLETED,PAYREF40A693D2BA,
PAY004603,C0915,A1256,POL0161,2490.04,ZAR,2025-10-27,CARD,REVERSED,PAYREFC6E79D638D,
PAY004604,C0446,A0392,POL0111,2736.26,ZAR,2025-09-04,CASH,COMPLETED,PAYREF637B3E32AD,
PAY004605,C0082,A0447,POL0641,635.63,ZAR,2025-11-15,EFT,COMPLETED,PAYREF5ED355205C,
PAY004606,C0426,A0772,POL0628,1283.05,ZAR,2026-04-04,CARD,COMPLETED,PAYREFFE9BFB5E81,
PAY004607,C0573,A0578,POL0426,996.38,ZAR,2025-04-07,DEBIT_ORDER,COMPLETED,PAYREF48F44B70B7,
PAY004608,C0137,A0753,,4481.29,ZAR,2025-11-14,DEBIT_ORDER,COMPLETED,PAYREFEE670A6DC8,
PAY004609,C0624,A0634,POL0454,947.73,ZAR,2025-05-09,MOBILE,COMPLETED,PAYREFB0EEB88C4B,
PAY004610,C0763,A0754,,4140.38,ZAR,2026-05-18,CARD,COMPLETED,PAYREF5B28B3432D,
PAY004611,C0153,A0966,POL0436,298.38,ZAR,2025-08-25,MOBILE,COMPLETED,PAYREF856E1EE284,
PAY004612,C0323,A1022,POL0458,4441.63,ZAR,2026-08-06,EFT,COMPLETED,PAYREF7F9E778C48,
PAY004613,C0798,A0058,POL0403,463.4,ZAR,2025-09-21,DEBIT_ORDER,COMPLETED,PAYREFF8C1F2682A,
PAY004614,C0877,A1019,,2575.72,ZAR,2024-06-23,EFT,COMPLETED,PAYREF6F85E26598,
PAY004615,C0547,A0508,POL0571,462.05,ZAR,2026-08-03,EFT,COMPLETED,PAYREFE6F2B7E121,
PAY004616,C0091,A0582,POL0185,2035.2,ZAR,2025-01-26,MOBILE,PENDING,PAYREF0C241B75EA,
PAY004617,C0527,A0466,POL0542,418.81,ZAR,2024-01-03,DEBIT_ORDER,COMPLETED,PAYREF7D54CEFF16,
PAY004618,C0547,A0321,POL0380,3091.71,ZAR,2025-07-05,CARD,COMPLETED,PAYREF7A9C20A3C2,
PAY004619,C0817,A0657,POL0013,2553.56,ZAR,2026-07-20,EFT,COMPLETED,PAYREF70785F954C,
PAY004620,C0874,A0391,POL0729,601.43,ZAR,2024-08-10,MOBILE,COMPLETED,PAYREF11663683AE,
PAY004621,C0428,A1259,,1954.88,ZAR,2024-08-26,EFT,COMPLETED,PAYREF8E1E537C8C,
PAY004622,C0276,A0764,POL0188,2828.3,ZAR,2025-11-27,EFT,COMPLETED,PAYREFDBCC298584,
PAY004623,C0036,A0218,POL0131,435.58,ZAR,2024-11-15,EFT,COMPLETED,PAYREF9C7F9BE11A,
PAY004624,C0706,A1175,POL0664,389.94,ZAR,2025-09-24,CASH,COMPLETED,PAYREF2DFCB8137E,
PAY004625,C0395,A1240,POL0699,375.66,ZAR,2024-03-21,CARD,COMPLETED,PAYREF82CAB5070C,
PAY004626,C0174,A0210,POL0799,326.03,ZAR,2026-04-25,DEBIT_ORDER,COMPLETED,PAYREF43C0A15B8B,
PAY004627,C0511,A0807,POL0208,373.87,ZAR,2024-01-18,CARD,COMPLETED,PAYREF42AAC7D402,
PAY004628,C0001,A0264,,2764.98,ZAR,2026-07-27,DEBIT_ORDER,COMPLETED,PAYREF2C05658A10,
PAY004629,C0073,A0295,,1915.72,ZAR,2024-04-17,EFT,COMPLETED,PAYREF94D7AE4702,
PAY004630,C0866,A0162,,201.14,ZAR,2025-01-03,EFT,COMPLETED,PAYREF61267EBB8E,
PAY004631,C0513,A0017,POL0651,658.41,ZAR,2024-11-19,CASH,COMPLETED,PAYREF547A17A2A5,
PAY004632,C0825,A0977,POL0690,344.52,ZAR,2025-11-08,CARD,COMPLETED,PAYREF13CC83F575,
PAY004633,C0156,A1138,POL0314,2595.49,ZAR,2026-01-20,MOBILE,COMPLETED,PAYREFCFFF286594,
PAY004634,C0594,A0171,POL0016,699.49,ZAR,2025-06-19,EFT,COMPLETED,PAYREF0F2EBE9065,
PAY004635,C0431,A0817,,234.06,ZAR,2025-06-12,MOBILE,COMPLETED,PAYREFC3F6951B5A,
PAY004636,C0506,A0466,,1300.06,ZAR,2026-04-25,CARD,COMPLETED,PAYREFF514305F7B,
PAY004637,C0443,A0117,POL0248,2011.21,ZAR,2025-02-27,DEBIT_ORDER,COMPLETED,PAYREF83FAC17C0E,
PAY004638,C0734,A0034,POL0792,422.55,ZAR,2025-04-17,DEBIT_ORDER,COMPLETED,PAYREF51B07673CC,
PAY004639,C0485,A0331,,841.41,ZAR,2025-07-18,EFT,COMPLETED,PAYREF630CD64E33,
PAY004640,C0810,A1438,,444.79,ZAR,2026-09-15,EFT,COMPLETED,PAYREF9724D57AC4,
PAY004641,C0696,A0812,,3804.91,ZAR,2026-04-09,CARD,COMPLETED,PAYREF9D1FAE47BD,
PAY004642,C0438,A0980,,712.4,ZAR,2025-02-12,DEBIT_ORDER,COMPLETED,PAYREFF84243C1AF,
PAY004643,C0821,A0756,POL0627,532.81,ZAR,2026-03-04,DEBIT_ORDER,COMPLETED,PAYREF1325B4932B,
PAY004644,C0413,A0401,POL0003,1041.77,ZAR,2026-07-16,CARD,COMPLETED,PAYREF9E0E6098EE,
PAY004645,C0339,A1199,,891.09,ZAR,2024-11-15,MOBILE,COMPLETED,PAYREFC1ACA31724,
PAY004646,C0822,A0962,POL0766,2183.08,ZAR,2025-03-21,MOBILE,COMPLETED,PAYREF22A5032EFB,
PAY004647,C0345,A0275,POL0047,3699.85,ZAR,2026-06-29,CARD,PENDING,PAYREF34D3BEE0DD,
PAY004648,C0863,A1037,POL0659,3727.99,ZAR,2024-08-09,EFT,COMPLETED,PAYREF73FBBEB0FA,
PAY004649,C0927,A0695,POL0119,748.52,ZAR,2024-04-16,MOBILE,PENDING,PAYREF5C8BFA19E3,
PAY004650,C0352,A0535,,1487.89,ZAR,2025-08-06,MOBILE,COMPLETED,PAYREF0C7B9C054E,
PAY004651,C0976,A0797,POL0745,4858.57,ZAR,2025-04-04,EFT,COMPLETED,PAYREF5AE07EFBA7,
PAY004652,C0428,A1454,,5049.27,ZAR,2025-04-20,MOBILE,COMPLETED,PAYREF444060ED0C,
PAY004653,C0370,A0364,POL0179,456.73,ZAR,2024-01-30,CARD,COMPLETED,PAYREF258C0CBA15,
PAY004654,C0397,A0545,POL0099,1982.76,ZAR,2026-04-15,DEBIT_ORDER,COMPLETED,PAYREF56F18986E6,
PAY004655,C0047,A1420,POL0587,1674.39,ZAR,2026-05-10,CASH,COMPLETED,PAYREFD5AF521E97,
PAY004656,C0766,A0224,POL0216,2769.4,ZAR,2026-01-24,MOBILE,PENDING,PAYREFD5B577B1AD,
PAY004657,C0001,A1282,,3803.27,ZAR,2025-01-06,CASH,COMPLETED,PAYREFB68928CD53,
PAY004658,C0071,A0428,POL0481,387.23,ZAR,2025-05-17,DEBIT_ORDER,COMPLETED,PAYREF62C679B982,
PAY004659,C0810,A0650,POL0092,549.67,ZAR,2025-06-22,CARD,COMPLETED,PAYREF5B51D830A4,
PAY004660,C0302,A0590,,2717.88,ZAR,2025-04-22,EFT,COMPLETED,PAYREF9E9CE2A48A,
PAY004661,C0539,A0794,,1271.6,ZAR,2024-05-14,MOBILE,COMPLETED,PAYREF5084F35FCD,
PAY004662,C0950,A0635,POL0636,118.25,ZAR,2024-06-16,EFT,COMPLETED,PAYREFD0BF449B1A,
PAY004663,C0134,A0904,POL0141,207.21,ZAR,2024-09-28,EFT,COMPLETED,PAYREF04D0E24C1E,
PAY004664,C0959,A0840,,2127.22,ZAR,2025-06-29,DEBIT_ORDER,COMPLETED,PAYREF9184FBB32A,
PAY004665,C0055,A0270,,2537.95,ZAR,2026-09-10,DEBIT_ORDER,COMPLETED,PAYREFDD7B732992,
PAY004666,C0639,A0664,POL0075,284.44,ZAR,2025-07-10,EFT,COMPLETED,PAYREF71C9C670ED,
PAY004667,C0049,A0461,,3291.73,ZAR,2024-12-06,DEBIT_ORDER,COMPLETED,PAYREFE216C29E72,
PAY004668,C0500,A0834,,900.41,ZAR,2025-07-05,CASH,COMPLETED,PAYREF027E36C4EF,
PAY004669,C0518,A0161,POL0545,394.46,ZAR,2026-03-01,MOBILE,PENDING,PAYREF6AD0C5ED65,
PAY004670,C0616,A0715,POL0365,626.22,ZAR,2024-12-28,CARD,COMPLETED,PAYREF96DFEEA6A5,
PAY004671,C0633,A0688,,322.87,ZAR,2025-08-06,DEBIT_ORDER,COMPLETED,PAYREF8CEC6F7662,
PAY004672,C0895,A0438,,592.34,ZAR,2024-09-15,CARD,COMPLETED,PAYREFDFFC606C0C,
PAY004673,C0926,A1009,POL0758,169.2,ZAR,2026-04-30,CARD,COMPLETED,PAYREFA81B07BB42,
PAY004674,C0743,A0915,POL0688,1018.58,ZAR,2025-06-04,CASH,COMPLETED,PAYREF32D3E3E391,
PAY004675,C0588,A0466,,1972.62,ZAR,2025-01-03,MOBILE,COMPLETED,PAYREF4B8BA077F4,
PAY004676,C0522,A0753,,285.02,ZAR,2025-03-18,MOBILE,COMPLETED,PAYREFC5C2717FFF,
PAY004677,C0276,A1219,POL0641,1115.46,ZAR,2024-05-21,CARD,COMPLETED,PAYREF169DD0376E,
PAY004678,C0472,A0118,POL0094,490.46,ZAR,2025-07-27,EFT,COMPLETED,PAYREFFFE1B7AEB1,
PAY004679,C0109,A0414,POL0028,2140.51,ZAR,2025-07-29,MOBILE,FAILED,PAYREF666A29BB2F,Limit exceeded
PAY004680,C0640,A0693,POL0495,108.37,ZAR,2025-03-03,EFT,COMPLETED,PAYREF5DC3194FE6,
PAY004681,C0925,A0887,,2234.76,ZAR,2024-05-26,EFT,COMPLETED,PAYREFD1D950D8F2,
PAY004682,C0998,A0106,POL0499,178.08,ZAR,2024-05-06,EFT,COMPLETED,PAYREF8871BAFAF4,
PAY004683,C0838,A0019,POL0300,888.97,ZAR,2024-07-19,CARD,FAILED,PAYREFE3D6814F73,Technical error
PAY004684,C0153,A0210,,539.74,ZAR,2025-07-19,EFT,COMPLETED,PAYREF3FC444E243,
PAY004685,C0191,A1449,POL0266,764.56,ZAR,2026-02-04,MOBILE,COMPLETED,PAYREF0882B339CD,
PAY004686,C0547,A0299,,237.6,ZAR,2026-02-22,DEBIT_ORDER,COMPLETED,PAYREF9F6E15DD23,
PAY004687,C0516,A0383,POL0443,5768.33,ZAR,2025-03-31,MOBILE,COMPLETED,PAYREFFB0EB3343D,
PAY004688,C0373,A0695,POL0047,302.91,ZAR,2025-03-12,CARD,COMPLETED,PAYREFBAD128F97A,
PAY004689,C0624,A0887,POL0680,327.78,ZAR,2026-09-04,DEBIT_ORDER,PENDING,PAYREFD1AA297B80,
PAY004690,C0146,A1420,POL0666,6599.97,ZAR,2025-01-06,EFT,COMPLETED,PAYREF11E8186035,
PAY004691,C0057,A0564,POL0184,1514.29,ZAR,2025-07-18,DEBIT_ORDER,COMPLETED,PAYREF0779540D0A,
PAY004692,C0297,A1165,,312.86,ZAR,2025-11-25,CASH,COMPLETED,PAYREF837D1D59D8,
PAY004693,C0444,A1174,,964.12,ZAR,2025-06-21,MOBILE,COMPLETED,PAYREF23861E05A6,
PAY004694,C0559,A0660,POL0454,866.33,ZAR,2025-10-07,EFT,COMPLETED,PAYREF1C96B5F875,
PAY004695,C0616,A1398,POL0064,202.83,ZAR,2024-08-05,MOBILE,COMPLETED,PAYREF9A79D03B1E,
PAY004696,C0195,A1424,POL0525,513.75,ZAR,2024-04-26,EFT,COMPLETED,PAYREFEDC1B812C0,
PAY004697,C0902,A0196,,1068.08,ZAR,2024-11-02,DEBIT_ORDER,COMPLETED,PAYREF0ECADEBA33,
PAY004698,C0635,A1307,POL0713,3890.99,ZAR,2024-05-10,CASH,COMPLETED,PAYREFE00690D7E6,
PAY004699,C0584,A0904,POL0268,907.93,ZAR,2026-08-06,CARD,COMPLETED,PAYREFE5CA48E9C9,
PAY004700,C0727,A0669,POL0677,978.83,ZAR,2024-01-20,CASH,PENDING,PAYREF89BC2656C0,
PAY004701,C0182,A0992,POL0760,485.33,ZAR,2026-01-11,DEBIT_ORDER,FAILED,PAYREF75F3D606FD,Technical error
PAY004702,C0689,A1000,,3280.96,ZAR,2024-05-18,CASH,COMPLETED,PAYREFF9E56EE36F,
PAY004703,C0103,A0836,,2703.55,ZAR,2025-05-03,DEBIT_ORDER,COMPLETED,PAYREFD49F509115,
PAY004704,C0825,A0744,POL0381,2414.71,ZAR,2025-07-23,MOBILE,COMPLETED,PAYREFA6452D5CFB,
PAY004705,C0444,A0285,,1226.4,ZAR,2024-01-28,MOBILE,COMPLETED,PAYREFBE5E8E20C1,
PAY004706,C0282,A0654,POL0475,221.72,ZAR,2026-07-15,CASH,COMPLETED,PAYREF13941058B7,
PAY004707,C0005,A0276,POL0792,3250.84,ZAR,2025-10-20,CARD,COMPLETED,PAYREF5995DCFB82,
PAY004708,C0395,A0381,,1161.34,ZAR,2026-07-10,EFT,COMPLETED,PAYREFC707EDB6DC,
PAY004709,C0872,A1212,POL0669,805.46,ZAR,2024-03-10,CASH,COMPLETED,PAYREF2EB0E2B267,
PAY004710,C0860,A0413,POL0447,1717.21,ZAR,2024-02-21,DEBIT_ORDER,COMPLETED,PAYREFD3DB7D6D9C,
PAY004711,C0563,A1006,POL0736,1372.23,ZAR,2025-04-13,CASH,FAILED,PAYREF1F64F9F7FA,Invalid account
PAY004712,C0070,A0478,POL0783,376.46,ZAR,2025-10-07,MOBILE,COMPLETED,PAYREF09DEDAC1E4,
PAY004713,C0363,A1036,,795.68,ZAR,2025-05-01,DEBIT_ORDER,REVERSED,PAYREF91BCB58A67,
PAY004714,C0356,A1041,,163.35,ZAR,2025-05-03,EFT,COMPLETED,PAYREFA900FEA225,
PAY004715,C0260,A0707,POL0222,1195.15,ZAR,2025-04-05,EFT,COMPLETED,PAYREF75E6CB9394,
PAY004716,C0464,A1132,POL0148,4146.95,ZAR,2026-05-18,CASH,COMPLETED,PAYREF5CFC1738A9,
PAY004717,C0872,A0726,,182.07,ZAR,2025-02-04,CASH,COMPLETED,PAYREF6EE82FEB3E,
PAY004718,C0302,A0644,POL0655,1247.16,ZAR,2026-08-20,CARD,COMPLETED,PAYREF62A047F71E,
PAY004719,C0089,A0130,POL0492,2139.82,ZAR,2024-07-22,CARD,COMPLETED,PAYREF291F72F52C,
PAY004720,C0476,A0029,POL0022,2480.85,ZAR,2026-06-20,EFT,PENDING,PAYREFA5C397D1BB,
PAY004721,C0526,A1341,POL0327,519.99,ZAR,2025-08-28,MOBILE,COMPLETED,PAYREF6A54F9F9E3,
PAY004722,C0056,A1360,,364.22,ZAR,2025-08-01,EFT,PENDING,PAYREF06CB766402,
PAY004723,C0120,A1262,POL0571,609.69,ZAR,2025-10-07,MOBILE,COMPLETED,PAYREF4A35B8FD85,
PAY004724,C0202,A0865,,3607.86,ZAR,2026-09-06,EFT,COMPLETED,PAYREF3275207276,
PAY004725,C0103,A0156,,198.43,ZAR,2025-04-20,EFT,COMPLETED,PAYREFF211AB2395,
PAY004726,C0167,A0776,,325.07,ZAR,2026-03-02,MOBILE,COMPLETED,PAYREF7276423211,
PAY004727,C0040,A0909,,693.14,ZAR,2024-04-30,CARD,PENDING,PAYREF1EB5DA3E82,
PAY004728,C0849,A0937,POL0564,413.36,ZAR,2024-02-21,MOBILE,COMPLETED,PAYREFB37BDE8674,
PAY004729,C0649,A0049,,1051.87,ZAR,2024-08-14,CASH,COMPLETED,PAYREF40F2A8116A,
PAY004730,C0990,A1324,POL0707,4512.14,ZAR,2026-02-14,EFT,COMPLETED,PAYREF503ECCECD4,
PAY004731,C0007,A1437,POL0673,329.04,ZAR,2024-08-28,CARD,COMPLETED,PAYREF250FE97608,
PAY004732,C0853,A0820,,947.32,ZAR,2025-09-07,MOBILE,COMPLETED,PAYREFE660D25192,
PAY004733,C0163,A1242,,1087.62,ZAR,2025-10-13,EFT,FAILED,PAYREF9FA13731C7,Account closed
PAY004734,C0550,A0395,POL0228,784.79,ZAR,2026-08-05,EFT,COMPLETED,PAYREFBDEC40CF14,
PAY004735,C0562,A0372,POL0297,226.24,ZAR,2026-07-29,CASH,COMPLETED,PAYREF6339405C1C,
PAY004736,C0704,A1133,POL0538,579.51,ZAR,2024-11-02,EFT,COMPLETED,PAYREFDB035DB641,
PAY004737,C0073,A1361,,581.24,ZAR,2024-04-04,CASH,COMPLETED,PAYREF5CC6D7B81A,
PAY004738,C0592,A0190,POL0671,2066.28,ZAR,2024-07-08,EFT,PENDING,PAYREF834F9137B3,
PAY004739,C0168,A0851,,1668.33,ZAR,2025-07-01,DEBIT_ORDER,COMPLETED,PAYREF96704282B9,
PAY004740,C0102,A0688,POL0228,232.32,ZAR,2024-06-13,DEBIT_ORDER,COMPLETED,PAYREFD084621001,
PAY004741,C0250,A0483,,744.61,ZAR,2025-02-09,CASH,COMPLETED,PAYREFFA0EB6D807,
PAY004742,C0776,A0523,POL0154,664.97,ZAR,2025-06-20,EFT,COMPLETED,PAYREFF54D332732,
PAY004743,C0583,A0003,,7744.17,ZAR,2024-06-27,CASH,COMPLETED,PAYREF3032732BEA,
PAY004744,C0600,A0262,,1468.96,ZAR,2026-02-25,EFT,COMPLETED,PAYREFEF1E83D2DC,
PAY004745,C0989,A0901,POL0275,373.37,ZAR,2025-06-25,MOBILE,COMPLETED,PAYREFD3894196F1,
PAY004746,C0024,A0363,,504.32,ZAR,2026-05-27,CASH,COMPLETED,PAYREFDFDF22B26E,
PAY004747,C0311,A0046,POL0446,751.04,ZAR,2025-03-03,DEBIT_ORDER,COMPLETED,PAYREF3DBF27EA5C,
PAY004748,C0870,A0550,POL0313,1575.56,ZAR,2024-12-06,MOBILE,COMPLETED,PAYREF1CC7AE6EE7,
PAY004749,C0504,A0354,POL0404,1780.98,ZAR,2025-09-10,DEBIT_ORDER,REVERSED,PAYREFEE9FA7A7DE,
PAY004750,C0582,A1385,POL0526,1340.08,ZAR,2024-10-18,DEBIT_ORDER,FAILED,PAYREFF1EF7DEAC4,Invalid account
PAY004751,C0242,A0642,POL0335,889.12,ZAR,2024-09-23,CARD,COMPLETED,PAYREF11A0546C4E,
PAY004752,C0588,A0314,,957.19,ZAR,2024-04-08,CASH,COMPLETED,PAYREF532CEF5A74,
PAY004753,C0810,A0214,,963.94,ZAR,2025-02-13,CASH,COMPLETED,PAYREF1A80854BEB,
PAY004754,C0984,A0656,POL0534,184.4,ZAR,2025-10-17,DEBIT_ORDER,COMPLETED,PAYREF85E5311D6F,
PAY004755,C0105,A0672,POL0435,1031.44,ZAR,2024-02-25,EFT,COMPLETED,PAYREF9EF62F6660,
PAY004756,C0009,A1443,,615.69,ZAR,2024-04-29,MOBILE,FAILED,PAYREFFFAD8D657D,Technical error
PAY004757,C0704,A1334,POL0274,210.01,ZAR,2025-03-05,CARD,COMPLETED,PAYREFE85A9644F3,
PAY004758,C0365,A0931,,12306.5,ZAR,2026-03-24,MOBILE,PENDING,PAYREFF57938655E,
PAY004759,C0513,A0517,POL0718,1497.13,ZAR,2024-02-01,MOBILE,PENDING,PAYREF592E48E422,
PAY004760,C0171,A0229,POL0587,1111.1,ZAR,2024-09-19,EFT,COMPLETED,PAYREFEED1DF037C,
PAY004761,C0057,A0109,POL0453,756.63,ZAR,2024-11-06,CASH,COMPLETED,PAYREF1E53668A94,
PAY004762,C0222,A1038,,2276.11,ZAR,2025-10-24,EFT,COMPLETED,PAYREF2D00144B6A,
PAY004763,C0828,A1222,POL0428,342.99,ZAR,2025-07-03,CARD,COMPLETED,PAYREF917B6AEFE8,
PAY004764,C0105,A0039,POL0133,802.15,ZAR,2024-03-11,DEBIT_ORDER,PENDING,PAYREF88E9482EDB,
PAY004765,C0226,A1205,POL0518,423.19,ZAR,2024-08-21,DEBIT_ORDER,COMPLETED,PAYREF96D6BEE501,
PAY004766,C0781,A1249,,2256.48,ZAR,2025-05-17,CARD,COMPLETED,PAYREF55B0F4BA0F,
PAY004767,C0183,A0399,,479.75,ZAR,2024-09-10,CARD,COMPLETED,PAYREF32093B63EE,
PAY004768,C0392,A0588,,3298.85,ZAR,2025-12-02,DEBIT_ORDER,COMPLETED,PAYREF0158098F30,
PAY004769,C0798,A1093,POL0284,992.99,ZAR,2024-10-12,CASH,COMPLETED,PAYREF3EAA03F858,
PAY004770,C0739,A1096,POL0085,2379.13,ZAR,2025-07-22,DEBIT_ORDER,COMPLETED,PAYREFE48D44065A,
PAY004771,C0386,A0301,,1635.75,ZAR,2025-05-26,CASH,COMPLETED,PAYREF47B9D18E54,
PAY004772,C0092,A1232,POL0130,3162.9,ZAR,2025-06-06,MOBILE,COMPLETED,PAYREFA45D55152C,
PAY004773,C0318,A0396,,430.45,ZAR,2024-02-21,MOBILE,COMPLETED,PAYREFC808946F7B,
PAY004774,C0534,A1358,,2712.49,ZAR,2025-01-20,EFT,COMPLETED,PAYREF92F9AD84C2,
PAY004775,C0702,A0973,POL0407,170.27,ZAR,2024-12-04,EFT,COMPLETED,PAYREFD4FB4A99CF,
PAY004776,C0216,A1246,,1144.96,ZAR,2025-07-05,MOBILE,COMPLETED,PAYREF5649A56624,
PAY004777,C0922,A1060,POL0370,635.29,ZAR,2024-09-21,CARD,COMPLETED,PAYREF03513A152F,
PAY004778,C0028,A1217,,269.2,ZAR,2024-09-01,CASH,COMPLETED,PAYREF8F2E5E2582,
PAY004779,C0683,A0576,,448.76,ZAR,2024-07-18,MOBILE,COMPLETED,PAYREF038B36AF43,
PAY004780,C0888,A0019,POL0752,577.87,ZAR,2024-05-10,EFT,COMPLETED,PAYREFA660B4AC96,
PAY004781,C0609,A0154,POL0349,900.95,ZAR,2025-03-12,DEBIT_ORDER,COMPLETED,PAYREF21E034A604,
PAY004782,C0298,A0986,POL0335,648.82,ZAR,2024-01-14,MOBILE,COMPLETED,PAYREF15DED3DAAF,
PAY004783,C0366,A1343,,1188.0,ZAR,2025-02-22,CARD,COMPLETED,PAYREFE9F5EB4BC3,
PAY004784,C0567,A0491,,478.11,ZAR,2024-06-15,EFT,COMPLETED,PAYREF039DDCEB55,
PAY004785,C0701,A0324,,680.71,ZAR,2025-05-29,MOBILE,COMPLETED,PAYREF79C65610F8,
PAY004786,C0744,A1469,POL0355,821.34,ZAR,2024-05-06,CARD,COMPLETED,PAYREF8E01C2E0EB,
PAY004787,C0796,A0806,POL0429,1315.66,ZAR,2026-08-15,MOBILE,REVERSED,PAYREFE28FBB994B,
PAY004788,C0370,A1278,,2562.78,ZAR,2026-03-19,CASH,COMPLETED,PAYREFE9E39C9E1B,
PAY004789,C0114,A0309,POL0128,2575.15,ZAR,2025-04-13,CARD,COMPLETED,PAYREFFBF9FF404F,
PAY004790,C0726,A1201,POL0536,1390.59,ZAR,2024-04-02,MOBILE,COMPLETED,PAYREF82C7E5FD89,
PAY004791,C0596,A1095,POL0036,1686.23,ZAR,2025-02-12,CASH,COMPLETED,PAYREFF32CD6E5D3,
PAY004792,C0142,A1388,POL0704,1497.97,ZAR,2026-04-03,CASH,COMPLETED,PAYREFBD8724CFA3,
PAY004793,C0445,A0329,POL0361,800.6,ZAR,2024-06-27,DEBIT_ORDER,COMPLETED,PAYREF14BD42F696,
PAY004794,C0357,A0801,POL0738,2698.86,ZAR,2026-06-22,CARD,COMPLETED,PAYREF6F63A9AAD4,
PAY004795,C0975,A1076,POL0640,439.45,ZAR,2024-01-09,CASH,COMPLETED,PAYREF1896AABDA3,
PAY004796,C0861,A0797,,141.44,ZAR,2025-09-22,EFT,COMPLETED,PAYREFE56A8E0953,
PAY004797,C0447,A1147,POL0632,387.03,ZAR,2026-03-13,DEBIT_ORDER,COMPLETED,PAYREF037B8F6EB7,
PAY004798,C0583,A0512,,4460.97,ZAR,2024-01-22,CASH,COMPLETED,PAYREF4A36B7AB8D,
PAY004799,C0925,A1453,POL0450,816.12,ZAR,2025-11-28,EFT,COMPLETED,PAYREF697FDBA2CF,
PAY004800,C0114,A0820,,1442.49,ZAR,2024-10-16,CASH,COMPLETED,PAYREF0BEA8C5010,
PAY004801,C0952,A0072,,833.85,ZAR,2025-02-25,CASH,FAILED,PAYREF20C60BFE4E,Account closed
PAY004802,C0549,A0550,POL0520,1923.05,ZAR,2025-12-17,EFT,COMPLETED,PAYREF9EBACACF88,
PAY004803,C0754,A0159,POL0175,1176.99,ZAR,2024-01-25,CARD,COMPLETED,PAYREFBEAEF47D42,
PAY004804,C0458,A0040,POL0359,1023.93,ZAR,2025-06-30,EFT,COMPLETED,PAYREFA9F40420E4,
PAY004805,C0647,A1261,,2025.92,ZAR,2026-09-09,MOBILE,COMPLETED,PAYREFAF14CAD34F,
PAY004806,C0104,A0547,POL0552,688.37,ZAR,2025-10-07,DEBIT_ORDER,COMPLETED,PAYREFA456FF7006,
PAY004807,C0412,A0442,POL0156,1590.94,ZAR,2024-12-11,CASH,COMPLETED,PAYREFCFBBDDC351,
PAY004808,C0016,A0346,POL0273,920.83,ZAR,2025-09-26,EFT,COMPLETED,PAYREF37BAEA90CA,
PAY004809,C0664,A1102,POL0608,984.93,ZAR,2025-05-04,CASH,COMPLETED,PAYREFC9A6CE773C,
PAY004810,C0028,A1462,POL0783,483.67,ZAR,2024-04-30,CASH,COMPLETED,PAYREFF96E73D13E,
PAY004811,C0142,A0108,POL0411,883.64,ZAR,2024-01-31,CASH,REVERSED,PAYREF741A7D78B7,
PAY004812,C0575,A0081,,638.27,ZAR,2025-12-24,DEBIT_ORDER,COMPLETED,PAYREF0FDC2FA17D,
PAY004813,C0456,A0978,POL0695,3394.53,ZAR,2025-06-10,DEBIT_ORDER,FAILED,PAYREF109DE17AED,Insufficient funds
PAY004814,C0096,A1268,POL0291,203.55,ZAR,2024-02-11,CARD,COMPLETED,PAYREF3EF7B4F1B3,
PAY004815,C0667,A1244,POL0680,2668.47,ZAR,2024-12-09,EFT,COMPLETED,PAYREF5CB85DAB2C,
PAY004816,C0419,A0028,,191.66,ZAR,2025-05-14,CARD,COMPLETED,PAYREF6547BD0B10,
PAY004817,C0651,A1114,,1876.6,ZAR,2024-05-10,EFT,REVERSED,PAYREF7413080838,
PAY004818,C0668,A1431,,474.5,ZAR,2026-04-16,DEBIT_ORDER,COMPLETED,PAYREF0FE78973E4,
PAY004819,C0320,A1248,POL0071,1932.02,ZAR,2026-07-15,CARD,COMPLETED,PAYREF0BC0610D6F,
PAY004820,C0683,A0110,,971.31,ZAR,2025-03-09,EFT,COMPLETED,PAYREF4814BCC5DB,
PAY004821,C0024,A0409,POL0777,261.82,ZAR,2025-01-20,CARD,COMPLETED,PAYREF6E11094FB5,
PAY004822,C0041,A0924,,4266.8,ZAR,2024-03-30,DEBIT_ORDER,COMPLETED,PAYREF6FE9C6804D,
PAY004823,C0544,A0929,,2384.27,ZAR,2026-05-25,CARD,COMPLETED,PAYREF76906BE119,
PAY004824,C0931,A0575,,1813.79,ZAR,2025-08-30,CARD,COMPLETED,PAYREFCDCD990394,
PAY004825,C0335,A0668,,578.03,ZAR,2024-05-14,CASH,COMPLETED,PAYREF56EB819EAE,
PAY004826,C0500,A0193,POL0537,2467.81,ZAR,2024-08-27,CASH,FAILED,PAYREFFBE6491DF2,Limit exceeded
PAY004827,C0118,A0005,,303.92,ZAR,2026-03-16,CASH,COMPLETED,PAYREF64DDA0FAE2,
PAY004828,C0769,A0325,,118.2,ZAR,2026-07-31,EFT,COMPLETED,PAYREF2BEAC36768,
PAY004829,C0277,A0727,,229.91,ZAR,2025-09-03,DEBIT_ORDER,COMPLETED,PAYREFDC0F46E835,
PAY004830,C0279,A1078,,436.16,ZAR,2024-04-22,CARD,COMPLETED,PAYREFC9D15210E7,
PAY004831,C0359,A0981,POL0779,515.51,ZAR,2024-05-11,EFT,COMPLETED,PAYREF0339AF9FB1,
PAY004832,C0878,A1243,POL0711,709.92,ZAR,2024-10-12,DEBIT_ORDER,REVERSED,PAYREF4D3F865369,
PAY004833,C0497,A0053,POL0786,742.16,ZAR,2026-04-29,CASH,COMPLETED,PAYREFBB720D45D8,
PAY004834,C0982,A0343,,572.59,ZAR,2024-07-02,CARD,COMPLETED,PAYREFE3CBDF8F72,
PAY004835,C0452,A1002,POL0072,132.12,ZAR,2024-08-10,CASH,COMPLETED,PAYREFB0A8C38511,
PAY004836,C0429,A1350,POL0415,1328.92,ZAR,2024-08-25,CARD,FAILED,PAYREF34E44055CB,Technical error
PAY004837,C0035,A1370,,841.62,ZAR,2025-08-27,CARD,COMPLETED,PAYREF8FCE1741AC,
PAY004838,C0161,A1359,POL0684,546.57,ZAR,2025-02-17,DEBIT_ORDER,COMPLETED,PAYREF7F55B16DAD,
PAY004839,C0174,A0169,POL0008,4438.28,ZAR,2025-06-06,EFT,COMPLETED,PAYREFA406E9D703,
PAY004840,C0822,A0989,,860.78,ZAR,2026-05-23,EFT,COMPLETED,PAYREFB92B8EBA7F,
PAY004841,C0001,A0380,,1162.74,ZAR,2025-03-29,EFT,COMPLETED,PAYREFF921C5055C,
PAY004842,C0107,A0641,POL0403,2430.49,ZAR,2025-01-22,CARD,COMPLETED,PAYREF5F007799A5,
PAY004843,C0357,A1081,POL0567,247.19,ZAR,2025-09-14,CASH,FAILED,PAYREF96A465CE40,Technical error
PAY004844,C0803,A0234,,1072.12,ZAR,2025-01-29,CARD,COMPLETED,PAYREF616A9C0930,
PAY004845,C0817,A1188,,2422.48,ZAR,2024-07-17,CASH,COMPLETED,PAYREF1E3EBE1C7C,
PAY004846,C0633,A1169,,1000.92,ZAR,2025-03-28,EFT,COMPLETED,PAYREF312260D31A,
PAY004847,C0090,A1424,POL0279,297.87,ZAR,2024-05-07,DEBIT_ORDER,COMPLETED,PAYREFA7E5DD011A,
PAY004848,C0355,A0833,POL0312,676.9,ZAR,2026-03-01,DEBIT_ORDER,COMPLETED,PAYREF163DD36D3B,
PAY004849,C0793,A0588,POL0509,1324.76,ZAR,2026-05-18,EFT,COMPLETED,PAYREF10AABE9C1F,
PAY004850,C0619,A1028,POL0333,133.37,ZAR,2025-06-23,CARD,COMPLETED,PAYREF546785C07C,
PAY004851,C0340,A0993,,283.54,ZAR,2026-02-05,DEBIT_ORDER,COMPLETED,PAYREF03C9A68C0F,
PAY004852,C0311,A1449,POL0133,7891.46,ZAR,2025-09-05,EFT,COMPLETED,PAYREF7161B5FC6F,
PAY004853,C0213,A0989,POL0159,1780.39,ZAR,2026-03-05,CASH,PENDING,PAYREF2898BBC9CA,
PAY004854,C0628,A0124,,4834.2,ZAR,2025-09-02,DEBIT_ORDER,COMPLETED,PAYREFBBEE90BE99,
PAY004855,C0257,A0207,POL0181,2607.94,ZAR,2026-03-29,EFT,COMPLETED,PAYREFC41A0B7E6A,
PAY004856,C0289,A0343,,1626.17,ZAR,2026-06-27,EFT,COMPLETED,PAYREF8989D7E9A0,
PAY004857,C0858,A0245,,805.06,ZAR,2026-07-20,CARD,COMPLETED,PAYREF27F245047B,
PAY004858,C0283,A0479,POL0364,1605.54,ZAR,2026-01-26,MOBILE,COMPLETED,PAYREFFF58C9A344,
PAY004859,C0464,A0834,,4674.91,ZAR,2025-09-04,DEBIT_ORDER,COMPLETED,PAYREF4E00C8B471,
PAY004860,C0507,A1144,POL0289,2503.74,ZAR,2025-05-10,CASH,COMPLETED,PAYREF7D551CCF17,
PAY004861,C0830,A0432,,1295.71,ZAR,2026-03-14,DEBIT_ORDER,FAILED,PAYREFCC651DCE09,Limit exceeded
PAY004862,C0673,A1437,POL0045,923.02,ZAR,2025-05-26,DEBIT_ORDER,COMPLETED,PAYREF1CE10FFE3A,
PAY004863,C0066,A0401,POL0103,1805.01,ZAR,2024-08-05,EFT,COMPLETED,PAYREF678E6CA52E,
PAY004864,C0287,A1090,POL0017,644.17,ZAR,2026-01-24,MOBILE,COMPLETED,PAYREFAC7946F311,
PAY004865,C0268,A0354,,1805.29,ZAR,2025-10-25,DEBIT_ORDER,COMPLETED,PAYREFF1FBF3E6E4,
PAY004866,C0498,A1386,POL0680,545.69,ZAR,2025-12-05,CARD,FAILED,PAYREF557AAFA86D,Technical error
PAY004867,C0549,A0591,POL0636,769.76,ZAR,2024-04-02,CASH,COMPLETED,PAYREF6D7F13AB5D,
PAY004868,C0858,A1416,POL0656,392.41,ZAR,2026-03-14,CARD,COMPLETED,PAYREF3511A0E518,
PAY004869,C0503,A1331,POL0087,706.44,ZAR,2026-06-19,DEBIT_ORDER,COMPLETED,PAYREFDAC1F931E1,
PAY004870,C0253,A0215,POL0479,553.51,ZAR,2025-03-21,CARD,COMPLETED,PAYREF15EF0B427E,
PAY004871,C0666,A0817,,5954.58,ZAR,2026-08-27,DEBIT_ORDER,COMPLETED,PAYREFB2674E39F6,
PAY004872,C0757,A0296,,448.32,ZAR,2025-10-26,CARD,COMPLETED,PAYREF97434931DE,
PAY004873,C0235,A0551,,1611.36,ZAR,2024-05-29,DEBIT_ORDER,FAILED,PAYREFE363C00E09,Limit exceeded
PAY004874,C0682,A0962,POL0787,425.44,ZAR,2026-09-15,DEBIT_ORDER,COMPLETED,PAYREF4220C879CF,
PAY004875,C0402,A1282,,1149.29,ZAR,2024-04-30,EFT,COMPLETED,PAYREF48944FA73D,
PAY004876,C0945,A1085,POL0635,1465.45,ZAR,2025-04-13,CARD,COMPLETED,PAYREFC158A84EEB,
PAY004877,C0412,A0991,,172.24,ZAR,2026-08-13,EFT,COMPLETED,PAYREFEBB1439A34,
PAY004878,C0452,A1023,POL0292,271.05,ZAR,2025-06-17,DEBIT_ORDER,COMPLETED,PAYREFE0F65D1889,
PAY004879,C0357,A0938,,422.14,ZAR,2024-10-02,MOBILE,COMPLETED,PAYREFBFD78A276B,
PAY004880,C0987,A1039,POL0792,297.9,ZAR,2025-12-11,CASH,PENDING,PAYREF02465B5C46,
PAY004881,C0880,A1019,POL0244,1192.83,ZAR,2026-08-15,MOBILE,COMPLETED,PAYREFDD5E15E1CD,
PAY004882,C0801,A1396,POL0201,1397.7,ZAR,2026-08-27,DEBIT_ORDER,COMPLETED,PAYREF7F676599B5,
PAY004883,C0517,A1079,POL0140,378.77,ZAR,2026-05-18,EFT,COMPLETED,PAYREF42AF65ADDD,
PAY004884,C0620,A0520,,1241.65,ZAR,2024-01-12,CARD,COMPLETED,PAYREF49502D764A,
PAY004885,C0932,A0825,POL0075,717.61,ZAR,2024-09-01,DEBIT_ORDER,COMPLETED,PAYREFEC8230953D,
PAY004886,C0320,A0639,POL0254,992.79,ZAR,2025-01-22,CASH,COMPLETED,PAYREF6517665D5F,
PAY004887,C0382,A0678,POL0667,584.98,ZAR,2025-10-18,MOBILE,COMPLETED,PAYREF9D304D8131,
PAY004888,C0569,A1160,,1785.86,ZAR,2025-10-24,MOBILE,COMPLETED,PAYREF76CD52C0AC,
PAY004889,C0143,A0504,POL0198,5624.74,ZAR,2026-07-31,CARD,PENDING,PAYREF9AB8CE91C6,
PAY004890,C0285,A0662,,2378.76,ZAR,2025-03-18,CASH,COMPLETED,PAYREF627BFAD8A8,
PAY004891,C0014,A0240,,4417.77,ZAR,2024-05-31,DEBIT_ORDER,FAILED,PAYREF17E63DD8F2,Technical error
PAY004892,C0137,A0836,,269.66,ZAR,2024-12-25,EFT,COMPLETED,PAYREFDF4C7CC98C,
PAY004893,C0440,A0431,,557.96,ZAR,2026-03-24,MOBILE,COMPLETED,PAYREF7C761FA599,
PAY004894,C0023,A0861,,1929.92,ZAR,2024-08-12,CARD,COMPLETED,PAYREF16C96760AF,
PAY004895,C0151,A0794,POL0667,4955.7,ZAR,2024-09-04,DEBIT_ORDER,COMPLETED,PAYREFBC37DF909F,
PAY004896,C0248,A0459,POL0676,2101.57,ZAR,2024-07-19,CARD,COMPLETED,PAYREF5D23D8833B,
PAY004897,C0138,A0238,,392.99,ZAR,2025-07-31,CARD,COMPLETED,PAYREF9CBD9E326B,
PAY004898,C0450,A0736,POL0617,710.06,ZAR,2025-03-02,EFT,COMPLETED,PAYREF024616AEC7,
PAY004899,C0329,A0279,POL0364,1530.58,ZAR,2026-05-02,CARD,COMPLETED,PAYREF3F98FF7E6F,
PAY004900,C0150,A1293,POL0232,930.14,ZAR,2025-06-05,DEBIT_ORDER,COMPLETED,PAYREF0796BAAA00,
PAY004901,C0150,A0054,POL0647,493.35,ZAR,2025-10-04,CASH,COMPLETED,PAYREF299C7F9E37,
PAY004902,C0539,A0716,,820.36,ZAR,2025-08-11,EFT,COMPLETED,PAYREF1640350C21,
PAY004903,C0442,A0245,POL0194,1080.92,ZAR,2024-05-30,DEBIT_ORDER,PENDING,PAYREF852DAA0965,
PAY004904,C0383,A0651,POL0478,370.58,ZAR,2026-07-29,EFT,COMPLETED,PAYREF916AAE892A,
PAY004905,C0301,A1364,,2935.14,ZAR,2024-08-31,CASH,COMPLETED,PAYREF9152AF8638,
PAY004906,C0607,A0104,POL0775,706.54,ZAR,2025-03-30,EFT,COMPLETED,PAYREFBED52B70CB,
PAY004907,C0270,A0465,,1019.86,ZAR,2024-02-20,MOBILE,COMPLETED,PAYREFD467ECF6E7,
PAY004908,C0631,A0246,POL0395,3087.3,ZAR,2024-05-05,EFT,COMPLETED,PAYREFED30FCFE21,
PAY004909,C0066,A0094,POL0034,967.78,ZAR,2026-02-21,CASH,PENDING,PAYREF6514D6412A,
PAY004910,C0950,A1286,POL0283,2922.98,ZAR,2025-09-13,MOBILE,COMPLETED,PAYREF5DDC86C399,
PAY004911,C0322,A1218,POL0354,391.82,ZAR,2025-08-05,EFT,COMPLETED,PAYREFC917E7CCEB,
PAY004912,C0327,A0744,POL0448,1690.8,ZAR,2024-01-29,MOBILE,PENDING,PAYREF1E68461C39,
PAY004913,C0428,A1147,,2538.48,ZAR,2025-10-04,CASH,FAILED,PAYREFD0D089A766,Limit exceeded
PAY004914,C0133,A0584,POL0072,478.25,ZAR,2025-01-29,MOBILE,COMPLETED,PAYREFD8A634A892,
PAY004915,C0085,A0049,POL0464,917.48,ZAR,2024-04-19,MOBILE,COMPLETED,PAYREFDAA09D29D1,
PAY004916,C0294,A0386,,936.66,ZAR,2026-06-01,CASH,COMPLETED,PAYREF5B6624D01F,
PAY004917,C0284,A0059,POL0318,1352.4,ZAR,2024-05-10,CARD,PENDING,PAYREFC89B88F1AF,
PAY004918,C0069,A0464,,1763.05,ZAR,2024-08-09,MOBILE,COMPLETED,PAYREF8E919DCFFE,
PAY004919,C0803,A0220,,440.89,ZAR,2025-09-09,CASH,COMPLETED,PAYREFFC8DB920AA,
PAY004920,C0559,A0882,,1032.71,ZAR,2025-03-23,EFT,PENDING,PAYREFB78350E0A0,
PAY004921,C0950,A1130,,5384.71,ZAR,2026-01-24,CASH,COMPLETED,PAYREF5486A24C37,
PAY004922,C0282,A0518,POL0206,3145.97,ZAR,2024-12-06,MOBILE,COMPLETED,PAYREF03EBFF914B,
PAY004923,C0718,A1428,POL0104,2425.62,ZAR,2025-02-05,CASH,COMPLETED,PAYREF570181330B,
PAY004924,C0982,A0680,POL0134,904.35,ZAR,2024-06-29,DEBIT_ORDER,REVERSED,PAYREF5290A9F4B2,
PAY004925,C0260,A1366,,9217.24,ZAR,2026-04-27,EFT,PENDING,PAYREF462FDD2F60,
PAY004926,C0355,A0342,POL0052,3071.17,ZAR,2025-05-02,EFT,COMPLETED,PAYREF74F4B2F9DC,
PAY004927,C0716,A0582,,1138.45,ZAR,2026-08-29,CASH,COMPLETED,PAYREF8E80BF102D,
PAY004928,C0124,A0326,POL0701,1367.05,ZAR,2025-01-21,EFT,PENDING,PAYREFECF4F81E26,
PAY004929,C0459,A0694,POL0499,693.08,ZAR,2024-12-19,EFT,PENDING,PAYREFCA55D33201,
PAY004930,C0027,A0354,,1625.18,ZAR,2024-11-30,CARD,COMPLETED,PAYREFEC98EA693C,
PAY004931,C0142,A0442,POL0058,1984.41,ZAR,2025-08-08,CASH,PENDING,PAYREF75B58115C4,
PAY004932,C0188,A0675,,2214.12,ZAR,2026-03-03,CASH,COMPLETED,PAYREFF250DE3F5E,
PAY004933,C0373,A0469,POL0748,915.36,ZAR,2026-03-08,MOBILE,COMPLETED,PAYREF1610A3F23B,
PAY004934,C0749,A1392,POL0384,251.21,ZAR,2024-09-24,EFT,COMPLETED,PAYREF833B125E62,
PAY004935,C0518,A0112,POL0393,1396.59,ZAR,2024-03-10,EFT,REVERSED,PAYREF1F36DCE1E3,
PAY004936,C0416,A0457,POL0377,2223.4,ZAR,2025-10-30,MOBILE,COMPLETED,PAYREF99EA46E7B6,
PAY004937,C0487,A0145,,412.17,ZAR,2026-07-10,CASH,COMPLETED,PAYREF23E0F3B804,
PAY004938,C0297,A0572,POL0165,1001.41,ZAR,2025-11-03,EFT,COMPLETED,PAYREFAC4B9150EB,
PAY004939,C0622,A0885,POL0230,4194.23,ZAR,2024-01-15,CARD,COMPLETED,PAYREF5775A83B63,
PAY004940,C0779,A0798,POL0528,329.15,ZAR,2024-06-11,CARD,COMPLETED,PAYREF8865C5CA27,
PAY004941,C0817,A0516,,825.73,ZAR,2024-11-06,EFT,COMPLETED,PAYREF7C2EC30E6A,
PAY004942,C0408,A0867,POL0691,4851.97,ZAR,2026-05-16,DEBIT_ORDER,COMPLETED,PAYREFC68D9DAE8D,
PAY004943,C0156,A0184,POL0431,1283.97,ZAR,2025-06-05,EFT,COMPLETED,PAYREFC4754498D2,
PAY004944,C0825,A0481,,648.06,ZAR,2025-05-11,DEBIT_ORDER,COMPLETED,PAYREFC878C128F9,
PAY004945,C0442,A1214,POL0221,1088.95,ZAR,2025-09-10,CARD,COMPLETED,PAYREF888974BF8A,
PAY004946,C0085,A0806,,2504.68,ZAR,2025-06-10,CASH,COMPLETED,PAYREFBF3150EF3E,
PAY004947,C0110,A1074,,894.71,ZAR,2025-01-29,CASH,REVERSED,PAYREF5BE56CD5BB,
PAY004948,C0659,A1413,,1993.37,ZAR,2025-02-07,DEBIT_ORDER,COMPLETED,PAYREF9F8CAF6221,
PAY004949,C0326,A1148,,1387.13,ZAR,2025-02-27,CARD,COMPLETED,PAYREF3C1477F12A,
PAY004950,C0509,A0782,POL0799,1505.8,ZAR,2024-04-19,MOBILE,COMPLETED,PAYREF3597F5A8E1,
PAY004951,C0192,A0074,POL0216,2125.03,ZAR,2026-06-07,CASH,REVERSED,PAYREFFD436EDEF2,
PAY004952,C0648,A0270,,816.62,ZAR,2025-11-29,MOBILE,COMPLETED,PAYREF9C4F5B2F89,
PAY004953,C0965,A0317,POL0753,426.45,ZAR,2025-11-04,CASH,COMPLETED,PAYREFDBDAC06E6A,
PAY004954,C0681,A0874,POL0033,1762.34,ZAR,2026-06-30,EFT,FAILED,PAYREF8A90E9B4B7,Account closed
PAY004955,C0888,A1146,,960.64,ZAR,2025-09-21,CARD,COMPLETED,PAYREF1575B59C56,
PAY004956,C0363,A1324,,700.57,ZAR,2026-01-23,MOBILE,COMPLETED,PAYREF203F82B000,
PAY004957,C0455,A0841,POL0180,1856.38,ZAR,2024-06-15,EFT,COMPLETED,PAYREF7FAF7078F9,
PAY004958,C0921,A1121,POL0568,3933.74,ZAR,2025-09-10,CASH,COMPLETED,PAYREFB63E0527C8,
PAY004959,C0199,A0914,POL0146,939.57,ZAR,2025-04-09,MOBILE,COMPLETED,PAYREF9E3145EE6E,
PAY004960,C0703,A1190,POL0155,1105.94,ZAR,2025-05-23,EFT,COMPLETED,PAYREF3688E20970,
PAY004961,C0786,A0965,,336.38,ZAR,2025-04-30,EFT,COMPLETED,PAYREFA3C9B9A613,
PAY004962,C0151,A0181,POL0708,877.7,ZAR,2024-06-12,MOBILE,COMPLETED,PAYREF83D1938C89,
PAY004963,C0756,A0843,POL0398,1368.25,ZAR,2024-02-19,CASH,COMPLETED,PAYREF1F9CC7D2F7,
PAY004964,C0610,A0894,POL0246,1074.44,ZAR,2025-11-13,CARD,COMPLETED,PAYREF9769F287DD,
PAY004965,C0495,A1455,POL0060,763.45,ZAR,2025-11-06,EFT,COMPLETED,PAYREF614DCA3D5C,
PAY004966,C0254,A0841,,2266.16,ZAR,2025-07-18,MOBILE,COMPLETED,PAYREFC1BDA50CAC,
PAY004967,C0954,A0828,POL0664,1162.13,ZAR,2025-09-25,DEBIT_ORDER,COMPLETED,PAYREFC571899803,
PAY004968,C0674,A1290,,14600.38,ZAR,2024-08-31,DEBIT_ORDER,FAILED,PAYREFFF699F7650,Invalid account
PAY004969,C0610,A1157,POL0175,1349.81,ZAR,2025-08-27,CARD,COMPLETED,PAYREF9E583964EA,
PAY004970,C0420,A0547,POL0017,70.35,ZAR,2024-04-21,EFT,PENDING,PAYREF2D3616D0BA,
PAY004971,C0266,A1019,POL0289,360.67,ZAR,2024-05-09,EFT,COMPLETED,PAYREF0080437781,
PAY004972,C0007,A0759,POL0326,1867.06,ZAR,2025-01-09,MOBILE,COMPLETED,PAYREFD26FC645A2,
PAY004973,C0726,A1326,,576.34,ZAR,2025-06-03,CARD,COMPLETED,PAYREFD8BDBABE84,
PAY004974,C0591,A0109,POL0402,613.25,ZAR,2025-07-22,CASH,FAILED,PAYREFA15635C6E8,Technical error
PAY004975,C0514,A0270,POL0319,317.59,ZAR,2025-03-15,DEBIT_ORDER,COMPLETED,PAYREF356824807B,
PAY004976,C0660,A1241,POL0002,680.8,ZAR,2024-04-07,CASH,COMPLETED,PAYREFB943DEC051,
PAY004977,C0128,A0899,,1331.32,ZAR,2026-05-02,CARD,COMPLETED,PAYREF7458A56CDA,
PAY004978,C0411,A0710,POL0371,1612.98,ZAR,2025-05-14,CASH,COMPLETED,PAYREFC5DCF0E859,
PAY004979,C0710,A1039,,395.48,ZAR,2024-03-06,CARD,COMPLETED,PAYREF5BBD9E0509,
PAY004980,C0373,A0095,POL0410,2453.83,ZAR,2025-03-14,CASH,REVERSED,PAYREFCAD7052932,
PAY004981,C0124,A0303,POL0534,333.16,ZAR,2024-10-18,DEBIT_ORDER,COMPLETED,PAYREF20CFC0216C,
PAY004982,C0067,A1365,POL0562,1699.27,ZAR,2024-02-03,CARD,COMPLETED,PAYREF2D9086577A,
PAY004983,C0222,A0063,,1536.17,ZAR,2024-09-27,CARD,COMPLETED,PAYREF2D08BB0221,
PAY004984,C0276,A0963,POL0794,430.8,ZAR,2026-09-05,MOBILE,PENDING,PAYREF77731F4399,
PAY004985,C0529,A1209,,382.48,ZAR,2026-03-11,DEBIT_ORDER,FAILED,PAYREFC113EB7D03,Technical error
PAY004986,C0389,A0973,POL0309,1607.27,ZAR,2025-09-15,CASH,COMPLETED,PAYREF4A5F315416,
PAY004987,C0318,A1110,,626.48,ZAR,2025-11-05,EFT,COMPLETED,PAYREF1AC715C76F,
PAY004988,C0288,A1272,POL0417,906.42,ZAR,2024-10-19,EFT,COMPLETED,PAYREFC0316D3921,
PAY004989,C0031,A0403,POL0714,2180.56,ZAR,2025-01-27,DEBIT_ORDER,COMPLETED,PAYREFC8C7AE4459,
PAY004990,C0283,A1132,,1770.71,ZAR,2025-07-30,DEBIT_ORDER,COMPLETED,PAYREFB65B3756CD,
PAY004991,C0508,A0009,POL0140,438.81,ZAR,2025-03-06,DEBIT_ORDER,COMPLETED,PAYREF233D1FFCB1,
PAY004992,C0137,A1040,POL0765,1039.42,ZAR,2025-11-27,DEBIT_ORDER,COMPLETED,PAYREF383377F27C,
PAY004993,C0312,A0694,,430.65,ZAR,2025-03-30,EFT,COMPLETED,PAYREFF96A8A4BCC,
PAY004994,C0469,A0177,POL0272,2617.41,ZAR,2026-04-07,MOBILE,COMPLETED,PAYREFABE4FEA4CB,
PAY004995,C0480,A1261,POL0420,5097.56,ZAR,2024-12-02,DEBIT_ORDER,COMPLETED,PAYREFC09342290E,
PAY004996,C0160,A0819,POL0084,471.02,ZAR,2024-02-21,CARD,COMPLETED,PAYREF51A96BF48C,
PAY004997,C0789,A0210,,1062.98,ZAR,2024-06-11,CASH,COMPLETED,PAYREFAA2870AF6F,
PAY004998,C0868,A0761,,2744.79,ZAR,2026-03-26,CARD,COMPLETED,PAYREF717D32959D,
PAY004999,C0906,A0947,,1123.51,ZAR,2024-01-20,EFT,COMPLETED,PAYREFA5CAEF9E3A,
PAY005000,C0318,A0172,POL0120,1922.74,ZAR,2024-01-06,DEBIT_ORDER,REVERSED,PAYREF9202BD978F,
PAY005001,C0492,A0570,POL0564,1154.71,ZAR,2026-09-07,EFT,COMPLETED,PAYREFF6E07CB43F,
PAY005002,C0940,A1422,POL0076,381.15,ZAR,2025-06-14,CARD,PENDING,PAYREF51D7D3AD95,
PAY005003,C0729,A0351,POL0401,1235.12,ZAR,2024-05-11,DEBIT_ORDER,COMPLETED,PAYREF62AB47D6FC,
PAY005004,C0965,A0250,POL0610,3385.59,ZAR,2026-05-12,MOBILE,COMPLETED,PAYREF71AA60228B,
PAY005005,C0136,A0865,,1501.61,ZAR,2024-12-19,MOBILE,COMPLETED,PAYREFE2AC92EA42,
PAY005006,C0467,A0025,POL0401,5561.78,ZAR,2026-06-13,MOBILE,COMPLETED,PAYREFDB8E5BB402,
PAY005007,C0452,A0445,POL0717,186.51,ZAR,2025-06-24,CASH,COMPLETED,PAYREF827BDFDF05,
PAY005008,C0694,A0987,POL0406,1602.06,ZAR,2024-05-11,MOBILE,PENDING,PAYREF9EFF18635F,
PAY005009,C0946,A0387,POL0480,573.63,ZAR,2025-06-03,DEBIT_ORDER,COMPLETED,PAYREFE9D33A0118,
PAY005010,C0137,A0856,POL0629,456.86,ZAR,2025-09-27,CASH,COMPLETED,PAYREF03961480E8,
PAY005011,C0533,A1045,POL0637,4164.78,ZAR,2026-08-11,DEBIT_ORDER,PENDING,PAYREF77AFA3E25B,
PAY005012,C0222,A1115,POL0508,849.79,ZAR,2024-10-31,MOBILE,COMPLETED,PAYREF3A88F1254A,
PAY005013,C0265,A0358,POL0351,771.59,ZAR,2025-11-07,CARD,COMPLETED,PAYREF4713AF1E6E,
PAY005014,C0608,A0971,POL0100,1546.23,ZAR,2024-04-05,MOBILE,COMPLETED,PAYREF716AF29000,
PAY005015,C0024,A1068,,127.42,ZAR,2025-10-02,DEBIT_ORDER,PENDING,PAYREF7787CBEFA7,
PAY005016,C0163,A1188,,4250.81,ZAR,2024-09-29,CASH,COMPLETED,PAYREF8A066CDFE7,
PAY005017,C0754,A1401,POL0442,7364.53,ZAR,2026-03-17,DEBIT_ORDER,COMPLETED,PAYREFC31BCBB953,
PAY005018,C0659,A0029,,2738.36,ZAR,2026-09-14,CARD,COMPLETED,PAYREFA096608115,
PAY005019,C0233,A0722,,1655.72,ZAR,2025-12-29,CARD,COMPLETED,PAYREF04FF734041,
PAY005020,C0539,A1476,POL0374,883.09,ZAR,2025-10-02,EFT,COMPLETED,PAYREF6E8924B095,
PAY005021,C0896,A1372,POL0038,374.2,ZAR,2026-04-03,EFT,COMPLETED,PAYREF43C8909D95,
PAY005022,C0614,A0346,POL0165,3619.4,ZAR,2026-08-15,EFT,COMPLETED,PAYREFFAAE89E3C3,
PAY005023,C0024,A0949,,2741.72,ZAR,2024-02-15,DEBIT_ORDER,PENDING,PAYREFAEE2254393,
PAY005024,C0452,A0192,,1720.06,ZAR,2025-10-29,MOBILE,PENDING,PAYREF7595A50B47,
PAY005025,C0244,A0957,POL0200,1530.93,ZAR,2025-08-19,DEBIT_ORDER,COMPLETED,PAYREF4CD4B0AD59,
PAY005026,C0810,A1273,,1481.18,ZAR,2025-07-26,DEBIT_ORDER,COMPLETED,PAYREFB80F04D4A5,
PAY005027,C0508,A1096,,648.11,ZAR,2025-01-31,DEBIT_ORDER,FAILED,PAYREF38BF83058B,Account closed
PAY005028,C0106,A1264,POL0452,13375.35,ZAR,2024-03-02,EFT,FAILED,PAYREF6529AF9929,Technical error
PAY005029,C0553,A0560,POL0671,824.17,ZAR,2024-05-25,DEBIT_ORDER,COMPLETED,PAYREFE068FDF2CA,
PAY005030,C0604,A0554,,715.72,ZAR,2026-05-17,CASH,COMPLETED,PAYREF795530154E,
PAY005031,C0303,A1397,,3363.06,ZAR,2024-01-25,CARD,COMPLETED,PAYREF5F7B19DEE1,
PAY005032,C0210,A1177,POL0127,1065.07,ZAR,2025-01-15,EFT,COMPLETED,PAYREF8930C03ACD,
PAY005033,C0857,A0147,,1076.0,ZAR,2024-12-27,CASH,FAILED,PAYREFDD31CF390A,Invalid account
PAY005034,C0004,A0804,POL0308,4512.33,ZAR,2024-01-08,EFT,COMPLETED,PAYREFD3ADD59AE1,
PAY005035,C0037,A0892,POL0560,2161.62,ZAR,2024-12-29,EFT,COMPLETED,PAYREF7EDA410A29,
PAY005036,C0969,A0424,,2274.28,ZAR,2024-12-08,DEBIT_ORDER,COMPLETED,PAYREFE4BD549837,
PAY005037,C0359,A0286,POL0416,265.68,ZAR,2025-03-08,CARD,COMPLETED,PAYREF007AE80639,
PAY005038,C0505,A0136,,1636.87,ZAR,2024-09-07,CASH,COMPLETED,PAYREF0520EE335E,
PAY005039,C0825,A0377,POL0329,401.17,ZAR,2026-02-06,CASH,FAILED,PAYREF91EFC85BD2,Limit exceeded
PAY005040,C0599,A0132,,695.76,ZAR,2026-09-10,CARD,COMPLETED,PAYREF042F53FE29,
PAY005041,C0056,A1314,POL0252,1307.2,ZAR,2026-02-28,EFT,FAILED,PAYREF0389528DBD,Insufficient funds
PAY005042,C0979,A1234,POL0510,1057.63,ZAR,2025-09-12,DEBIT_ORDER,COMPLETED,PAYREF70D353EC70,
PAY005043,C0337,A0784,POL0162,2109.53,ZAR,2026-09-02,CARD,COMPLETED,PAYREF4DC180958B,
PAY005044,C0709,A0174,POL0132,2370.13,ZAR,2025-10-09,CASH,COMPLETED,PAYREF0FE5F57970,
PAY005045,C0532,A1412,POL0699,2554.56,ZAR,2025-11-18,CASH,COMPLETED,PAYREF596A9A4080,
PAY005046,C0550,A1404,,285.94,ZAR,2025-01-22,CARD,COMPLETED,PAYREF3689200BDB,
PAY005047,C0423,A0497,POL0166,11645.3,ZAR,2025-11-25,CARD,COMPLETED,PAYREF51EBFFD52C,
PAY005048,C0521,A0501,POL0051,1070.01,ZAR,2025-11-04,CARD,COMPLETED,PAYREFF5DEEC50C8,
PAY005049,C0224,A1118,,3688.35,ZAR,2025-02-15,CASH,COMPLETED,PAYREF1F0DB6CE7F,
PAY005050,C0304,A0482,POL0575,88.74,ZAR,2025-10-14,MOBILE,COMPLETED,PAYREF05F9595E16,
PAY005051,C0693,A0076,,841.07,ZAR,2026-07-29,CASH,COMPLETED,PAYREF1880C217C2,
PAY005052,C0901,A1365,,254.5,ZAR,2025-01-25,MOBILE,COMPLETED,PAYREFFC7380B7AB,
PAY005053,C0555,A0271,POL0652,463.42,ZAR,2024-11-15,EFT,COMPLETED,PAYREF1FBA7F22C7,
PAY005054,C0532,A1432,POL0538,1153.5,ZAR,2026-05-28,CARD,COMPLETED,PAYREF7ED0A9E144,
PAY005055,C0137,A0909,,784.66,ZAR,2024-10-05,EFT,COMPLETED,PAYREF9FC6E5B986,
PAY005056,C0518,A0176,POL0419,4080.67,ZAR,2026-01-05,MOBILE,COMPLETED,PAYREFAB91AB4A90,
PAY005057,C0547,A0173,,6431.69,ZAR,2024-10-22,CARD,COMPLETED,PAYREFDEE3C7E043,
PAY005058,C0710,A0514,,417.03,ZAR,2024-03-27,MOBILE,COMPLETED,PAYREFB276774EBA,
PAY005059,C0302,A0067,POL0407,673.33,ZAR,2025-12-28,DEBIT_ORDER,COMPLETED,PAYREFC45DF287A4,
PAY005060,C0289,A0731,POL0234,391.08,ZAR,2025-09-07,CARD,COMPLETED,PAYREF075E9C745C,
PAY005061,C0978,A0045,,3483.87,ZAR,2026-01-18,MOBILE,COMPLETED,PAYREFB582ACDDA6,
PAY005062,C0254,A0560,POL0639,1285.68,ZAR,2024-04-27,CARD,COMPLETED,PAYREF035C044921,
PAY005063,C0513,A0406,POL0420,1132.67,ZAR,2025-02-27,DEBIT_ORDER,PENDING,PAYREFE6D2536FA0,
PAY005064,C0906,A0710,,1498.87,ZAR,2025-12-21,EFT,COMPLETED,PAYREF9C7AF17F19,
PAY005065,C0051,A1039,,803.38,ZAR,2026-02-07,DEBIT_ORDER,PENDING,PAYREF4D55B60336,
PAY005066,C0316,A1066,,465.69,ZAR,2024-08-17,DEBIT_ORDER,COMPLETED,PAYREF161EF3542B,
PAY005067,C0602,A0722,,1154.08,ZAR,2026-02-14,CARD,FAILED,PAYREFDEB160D765,Invalid account
PAY005068,C0979,A1065,POL0523,839.66,ZAR,2024-12-03,CARD,COMPLETED,PAYREFF78AA60C01,
PAY005069,C0940,A0559,,1551.57,ZAR,2025-08-17,CASH,FAILED,PAYREF20AC7BF77F,Technical error
PAY005070,C0855,A0193,POL0545,214.44,ZAR,2026-04-15,CASH,COMPLETED,PAYREF4A385FE404,
PAY005071,C0160,A1457,POL0117,1321.28,ZAR,2024-03-22,EFT,COMPLETED,PAYREF3C8A3D7E6A,
PAY005072,C0963,A0200,POL0432,550.46,ZAR,2025-12-05,EFT,COMPLETED,PAYREF94CE03C6A6,
PAY005073,C0336,A1432,,1275.77,ZAR,2026-07-06,EFT,COMPLETED,PAYREFBBE123065F,
PAY005074,C0144,A0975,POL0606,2711.05,ZAR,2024-08-29,EFT,COMPLETED,PAYREF448D8FD5A1,
PAY005075,C0614,A0076,POL0121,628.76,ZAR,2024-01-07,DEBIT_ORDER,COMPLETED,PAYREF5579E92929,
PAY005076,C0808,A1431,POL0528,3629.03,ZAR,2024-09-18,EFT,COMPLETED,PAYREFAFA2829672,
PAY005077,C0492,A1458,POL0194,192.33,ZAR,2024-02-06,DEBIT_ORDER,PENDING,PAYREF4F69151CE9,
PAY005078,C0700,A0147,POL0258,5134.97,ZAR,2025-09-11,CARD,COMPLETED,PAYREF5CE2085E64,
PAY005079,C0229,A0894,POL0372,3783.84,ZAR,2026-04-11,EFT,COMPLETED,PAYREFBA452E378B,
PAY005080,C0707,A1433,,451.88,ZAR,2024-02-04,MOBILE,COMPLETED,PAYREF00E9534250,
PAY005081,C0656,A1187,,455.67,ZAR,2024-09-19,DEBIT_ORDER,COMPLETED,PAYREF156D995117,
PAY005082,C0956,A0906,POL0562,245.93,ZAR,2025-06-29,EFT,COMPLETED,PAYREF8682E33D3C,
PAY005083,C0629,A0499,POL0243,2755.57,ZAR,2024-10-15,CARD,FAILED,PAYREF9804D35D06,Insufficient funds
PAY005084,C0724,A0047,POL0051,788.07,ZAR,2025-02-06,MOBILE,COMPLETED,PAYREF215989B927,
PAY005085,C0192,A1423,POL0147,732.33,ZAR,2025-06-09,CARD,COMPLETED,PAYREF1FBF75915E,
PAY005086,C0602,A0980,POL0202,356.8,ZAR,2025-08-12,EFT,COMPLETED,PAYREFAE0F045535,
PAY005087,C0129,A1491,POL0723,6714.16,ZAR,2025-05-15,EFT,COMPLETED,PAYREF8FFD6ACCB8,
PAY005088,C0821,A1197,,414.57,ZAR,2024-12-20,DEBIT_ORDER,PENDING,PAYREFB6615599C8,
PAY005089,C0214,A1405,POL0737,1123.46,ZAR,2025-05-01,CARD,COMPLETED,PAYREFB84F319FA8,
PAY005090,C0874,A0817,,1360.99,ZAR,2025-12-12,CASH,COMPLETED,PAYREF4806971D93,
PAY005091,C0656,A0360,,736.07,ZAR,2025-03-14,DEBIT_ORDER,COMPLETED,PAYREFD0071B6EE8,
PAY005092,C0031,A1022,,601.31,ZAR,2024-07-06,EFT,COMPLETED,PAYREFB09C1A89BD,
PAY005093,C0921,A0127,,758.04,ZAR,2025-02-27,CARD,FAILED,PAYREF505FA18A63,Insufficient funds
PAY005094,C0056,A0647,POL0422,1930.11,ZAR,2024-02-25,CARD,COMPLETED,PAYREF20862EDBBA,
PAY005095,C0288,A0756,POL0225,775.06,ZAR,2024-10-21,CASH,COMPLETED,PAYREF8665E9AED4,
PAY005096,C0050,A0477,,5572.2,ZAR,2025-01-26,EFT,COMPLETED,PAYREFE1F5BE1494,
PAY005097,C0975,A1195,,504.19,ZAR,2026-02-04,CASH,COMPLETED,PAYREFA21ABD78BD,
PAY005098,C0375,A1257,POL0757,2331.13,ZAR,2024-06-01,CARD,COMPLETED,PAYREF0B1BA54262,
PAY005099,C0345,A0450,,189.35,ZAR,2025-07-28,CARD,COMPLETED,PAYREF79BA5442D6,
PAY005100,C0635,A1127,,504.25,ZAR,2024-03-02,DEBIT_ORDER,COMPLETED,PAYREFE8B35B8129,
PAY005101,C0853,A1244,,484.79,ZAR,2024-12-24,EFT,COMPLETED,PAYREF862598F190,
PAY005102,C0302,A0110,POL0226,363.61,ZAR,2025-06-11,EFT,REVERSED,PAYREF813199AE81,
PAY005103,C0668,A0716,,1456.04,ZAR,2024-03-21,CASH,COMPLETED,PAYREF018F8D237A,
PAY005104,C0383,A0932,POL0432,982.22,ZAR,2026-06-19,CASH,COMPLETED,PAYREF7DC95C59DA,
PAY005105,C0791,A0639,POL0749,112.3,ZAR,2026-04-07,CASH,COMPLETED,PAYREFBD7495DA70,
PAY005106,C0056,A0801,,8066.99,ZAR,2025-07-27,CASH,COMPLETED,PAYREFF081E9E03C,
PAY005107,C0967,A1366,POL0204,1307.69,ZAR,2025-04-10,EFT,COMPLETED,PAYREFF98921665A,
PAY005108,C0485,A0108,POL0209,1097.93,ZAR,2026-06-24,CASH,COMPLETED,PAYREFCDFCBCFF6E,
PAY005109,C0889,A1310,,4064.8,ZAR,2024-07-27,CASH,COMPLETED,PAYREFC7F7A7E40B,
PAY005110,C0279,A0125,POL0036,2947.94,ZAR,2024-09-12,DEBIT_ORDER,PENDING,PAYREFA96D6CBAE4,
PAY005111,C0311,A0179,,813.89,ZAR,2025-10-19,DEBIT_ORDER,COMPLETED,PAYREF78317A0F72,
PAY005112,C0706,A1374,POL0378,155.63,ZAR,2025-06-16,CARD,PENDING,PAYREF91FBA3E7C1,
PAY005113,C0397,A0998,,1928.28,ZAR,2025-06-02,CASH,PENDING,PAYREF6518D0813A,
PAY005114,C0720,A1402,,418.7,ZAR,2026-04-25,CASH,COMPLETED,PAYREF9D66F00915,
PAY005115,C0868,A0279,POL0196,3786.75,ZAR,2025-12-20,EFT,COMPLETED,PAYREF3F4AE13635,
PAY005116,C0214,A0153,POL0353,504.64,ZAR,2024-09-08,EFT,COMPLETED,PAYREF51FCC44EBA,
PAY005117,C0644,A1220,POL0158,697.94,ZAR,2024-09-29,CASH,COMPLETED,PAYREFB6C496EFB3,
PAY005118,C0086,A0997,POL0736,286.24,ZAR,2026-04-20,MOBILE,COMPLETED,PAYREF9853556FAB,
PAY005119,C0692,A1499,,310.35,ZAR,2025-10-16,CARD,COMPLETED,PAYREF53AFB75D90,
PAY005120,C0639,A1019,POL0509,983.31,ZAR,2024-01-19,EFT,COMPLETED,PAYREF1410EA7331,
PAY005121,C0843,A0497,POL0445,895.82,ZAR,2026-03-16,MOBILE,COMPLETED,PAYREFA4340469DB,
PAY005122,C0248,A0637,POL0647,681.38,ZAR,2026-06-12,EFT,COMPLETED,PAYREF06A266CA93,
PAY005123,C0189,A0072,POL0651,8544.23,ZAR,2025-01-12,MOBILE,COMPLETED,PAYREFC6ADAC9201,
PAY005124,C0455,A1378,,2005.5,ZAR,2024-08-22,EFT,COMPLETED,PAYREF2C228688C5,
PAY005125,C0082,A0761,POL0178,1107.92,ZAR,2024-12-30,CARD,COMPLETED,PAYREF969B648CB4,
PAY005126,C0888,A0935,POL0123,69.59,ZAR,2026-04-29,CARD,COMPLETED,PAYREF4A7C425FD5,
PAY005127,C0241,A0106,POL0124,2504.31,ZAR,2025-10-22,MOBILE,COMPLETED,PAYREF61135C69F2,
PAY005128,C0615,A0837,POL0106,21906.45,ZAR,2025-08-16,EFT,COMPLETED,PAYREF3F04D4E44B,
PAY005129,C0652,A1124,,908.73,ZAR,2025-01-19,MOBILE,COMPLETED,PAYREFF869289035,
PAY005130,C0020,A0853,,487.6,ZAR,2025-02-10,DEBIT_ORDER,COMPLETED,PAYREF5F45B34403,
PAY005131,C0812,A0890,POL0703,1291.2,ZAR,2024-05-24,CARD,COMPLETED,PAYREF00E141D372,
PAY005132,C0345,A0462,,262.06,ZAR,2026-05-29,DEBIT_ORDER,COMPLETED,PAYREF439CF9D312,
PAY005133,C0279,A0625,POL0600,1740.73,ZAR,2026-08-16,EFT,COMPLETED,PAYREF826B2B9B8B,
PAY005134,C0948,A0509,POL0206,4915.85,ZAR,2024-06-13,DEBIT_ORDER,COMPLETED,PAYREF98CB0F2090,
PAY005135,C0428,A1215,POL0103,560.63,ZAR,2025-11-25,MOBILE,COMPLETED,PAYREF8DA4CD7F9B,
PAY005136,C0030,A0408,,579.03,ZAR,2025-03-15,MOBILE,COMPLETED,PAYREF72ED2E6F13,
PAY005137,C0463,A0717,,1012.63,ZAR,2025-05-23,EFT,COMPLETED,PAYREFA3A6A23800,
PAY005138,C0763,A0626,POL0213,664.33,ZAR,2025-01-29,CASH,COMPLETED,PAYREF2841D44501,
PAY005139,C0084,A0187,,241.7,ZAR,2025-07-23,MOBILE,COMPLETED,PAYREFED08C422B1,
PAY005140,C0125,A0134,,746.03,ZAR,2024-08-30,EFT,COMPLETED,PAYREF76C62468BF,
PAY005141,C0379,A1423,POL0566,609.71,ZAR,2025-12-08,CASH,COMPLETED,PAYREFEDB76B009A,
PAY005142,C0424,A0316,POL0123,4300.79,ZAR,2025-01-12,MOBILE,COMPLETED,PAYREF0D399BE49F,
PAY005143,C0954,A0233,POL0256,3482.04,ZAR,2024-04-22,DEBIT_ORDER,COMPLETED,PAYREF1A60D21303,
PAY005144,C0294,A0718,POL0318,4435.13,ZAR,2025-03-26,CASH,COMPLETED,PAYREFBE39799E08,
PAY005145,C0766,A1236,POL0226,2444.82,ZAR,2026-04-19,EFT,COMPLETED,PAYREFF5E15B35AA,
PAY005146,C0756,A0089,POL0385,1347.2,ZAR,2026-02-26,CARD,COMPLETED,PAYREFEFDEF2ECD1,
PAY005147,C0979,A0004,,457.42,ZAR,2024-07-08,MOBILE,COMPLETED,PAYREFBC13B4F5DE,
PAY005148,C0216,A0223,POL0499,4130.34,ZAR,2026-04-13,MOBILE,COMPLETED,PAYREFF7228F3147,
PAY005149,C0316,A0307,POL0648,1552.76,ZAR,2024-11-01,CARD,COMPLETED,PAYREFAF211A5B45,
PAY005150,C0597,A1185,POL0275,314.81,ZAR,2024-11-14,EFT,COMPLETED,PAYREF0916416305,
PAY005151,C0863,A1076,,439.72,ZAR,2024-10-20,CASH,COMPLETED,PAYREF83AD52A94E,
PAY005152,C0529,A0649,POL0783,309.9,ZAR,2025-05-05,MOBILE,COMPLETED,PAYREFC605F23B25,
PAY005153,C0421,A0465,POL0675,140.89,ZAR,2025-12-14,CARD,FAILED,PAYREF4A38D348A9,Technical error
PAY005154,C0326,A0698,POL0510,1617.31,ZAR,2024-02-20,DEBIT_ORDER,COMPLETED,PAYREF7783E4FCC2,
PAY005155,C0329,A0799,,318.02,ZAR,2024-05-08,CARD,COMPLETED,PAYREFADA76FFFC2,
PAY005156,C0804,A1477,POL0161,514.94,ZAR,2025-06-12,MOBILE,COMPLETED,PAYREFA1D5419B0A,
PAY005157,C0698,A1010,POL0598,1140.06,ZAR,2025-01-23,MOBILE,COMPLETED,PAYREF99D139FCA3,
PAY005158,C0416,A0600,POL0569,908.78,ZAR,2025-08-18,CASH,COMPLETED,PAYREF486AECD76C,
PAY005159,C0591,A1167,POL0423,537.3,ZAR,2026-05-01,DEBIT_ORDER,PENDING,PAYREFC321883A54,
PAY005160,C0011,A0780,POL0587,5008.69,ZAR,2026-03-13,CARD,COMPLETED,PAYREF5AB2FE1DD8,
PAY005161,C0920,A0074,POL0748,238.26,ZAR,2024-08-13,EFT,PENDING,PAYREF9A9A977A53,
PAY005162,C0069,A0480,,248.8,ZAR,2025-03-05,CASH,COMPLETED,PAYREF563985B136,
PAY005163,C0828,A0075,POL0329,1733.41,ZAR,2025-06-24,MOBILE,COMPLETED,PAYREF87F7FB6AA9,
PAY005164,C0944,A0569,POL0576,586.32,ZAR,2025-04-20,EFT,REVERSED,PAYREF90171E75AF,
PAY005165,C0724,A0419,,563.83,ZAR,2024-08-09,CASH,COMPLETED,PAYREFAD60AB04C5,
PAY005166,C0523,A1307,POL0711,372.77,ZAR,2026-01-25,CASH,COMPLETED,PAYREF32C0F55B2F,
PAY005167,C0311,A0576,,1537.94,ZAR,2024-03-22,MOBILE,COMPLETED,PAYREF60949C0B51,
PAY005168,C0469,A1141,POL0219,1374.21,ZAR,2025-06-17,CARD,COMPLETED,PAYREF448760B434,
PAY005169,C0776,A0732,POL0680,1235.37,ZAR,2026-02-16,CASH,COMPLETED,PAYREF04A1F14D0D,
PAY005170,C0970,A0647,,612.19,ZAR,2024-04-23,EFT,PENDING,PAYREFBAE6466C52,
PAY005171,C0470,A0773,POL0329,517.48,ZAR,2026-03-20,CASH,COMPLETED,PAYREF992694FBBE,
PAY005172,C0123,A1079,POL0701,931.6,ZAR,2026-01-21,MOBILE,REVERSED,PAYREF6EFA214FA0,
PAY005173,C0585,A0845,POL0145,2882.86,ZAR,2025-06-19,CARD,FAILED,PAYREFADF7F6D8CA,Account closed
PAY005174,C0924,A0676,,5261.44,ZAR,2024-10-20,MOBILE,COMPLETED,PAYREFCE868E8A2C,
PAY005175,C0686,A0814,POL0296,3332.09,ZAR,2024-01-23,EFT,PENDING,PAYREFD4ED617E88,
PAY005176,C0133,A0437,POL0187,1818.45,ZAR,2025-01-15,DEBIT_ORDER,COMPLETED,PAYREF4F5D1FF1FF,
PAY005177,C0983,A0945,POL0082,2928.3,ZAR,2026-06-29,CASH,COMPLETED,PAYREFBC013F8428,
PAY005178,C0213,A1211,POL0754,336.32,ZAR,2024-09-13,MOBILE,COMPLETED,PAYREF3247D689E2,
PAY005179,C0028,A1055,POL0560,537.12,ZAR,2024-04-21,EFT,COMPLETED,PAYREF06BB8725E1,
PAY005180,C0901,A0925,POL0676,1852.7,ZAR,2024-04-11,CARD,COMPLETED,PAYREF590E4CB76C,
PAY005181,C0918,A1194,POL0258,974.42,ZAR,2025-08-11,DEBIT_ORDER,COMPLETED,PAYREF9C1C17FFFD,
PAY005182,C0885,A0211,,1536.87,ZAR,2024-10-08,EFT,COMPLETED,PAYREFA3389CF63C,
PAY005183,C0317,A0851,,2920.37,ZAR,2026-04-17,CASH,COMPLETED,PAYREFF7C7FE106F,
PAY005184,C0562,A0535,POL0420,2499.96,ZAR,2026-08-12,CARD,COMPLETED,PAYREFED4740767A,
PAY005185,C0098,A0990,,368.35,ZAR,2024-04-12,CASH,FAILED,PAYREF95D14CB9F6,Account closed
PAY005186,C0624,A1096,POL0161,1109.7,ZAR,2026-06-13,CASH,FAILED,PAYREF6C93E417E2,Invalid account
PAY005187,C0504,A1453,POL0398,436.67,ZAR,2024-09-26,CARD,COMPLETED,PAYREF2E302D9E67,
PAY005188,C0658,A0019,POL0628,504.05,ZAR,2025-06-08,MOBILE,COMPLETED,PAYREF269D046CAA,
PAY005189,C0889,A0339,,198.17,ZAR,2026-08-17,CASH,COMPLETED,PAYREFD30F520590,
PAY005190,C0394,A0434,POL0619,1253.38,ZAR,2025-02-21,CARD,COMPLETED,PAYREFDF6B1FF75C,
PAY005191,C0411,A1282,POL0430,184.05,ZAR,2024-05-19,CASH,COMPLETED,PAYREFAA91AAD74C,
PAY005192,C0864,A0305,,1626.41,ZAR,2024-03-25,DEBIT_ORDER,COMPLETED,PAYREF52324249D1,
PAY005193,C0959,A1136,,4266.07,ZAR,2025-11-10,DEBIT_ORDER,COMPLETED,PAYREF8AFAF1918B,
PAY005194,C0592,A0107,POL0166,1863.73,ZAR,2025-09-18,MOBILE,COMPLETED,PAYREF5365804638,
PAY005195,C0411,A0070,,1155.04,ZAR,2024-06-22,CASH,COMPLETED,PAYREF7354F1AB96,
PAY005196,C0559,A0870,POL0793,5087.02,ZAR,2024-12-22,MOBILE,COMPLETED,PAYREF20675FDAAF,
PAY005197,C0550,A0687,POL0778,1521.49,ZAR,2025-11-09,DEBIT_ORDER,COMPLETED,PAYREFC7E0E95781,
PAY005198,C0141,A1280,POL0022,462.78,ZAR,2024-07-10,MOBILE,COMPLETED,PAYREFC3B3CFF01F,
PAY005199,C0504,A0249,POL0078,1242.78,ZAR,2024-01-18,MOBILE,FAILED,PAYREF9DF01F4965,Invalid account
PAY005200,C0596,A1449,POL0283,7782.96,ZAR,2025-09-04,CARD,COMPLETED,PAYREFDC838D62A5,
PAY005201,C0411,A1458,POL0005,367.73,ZAR,2025-08-21,DEBIT_ORDER,COMPLETED,PAYREF0B53E3E2E5,
PAY005202,C0615,A1356,POL0014,275.86,ZAR,2024-12-10,CARD,COMPLETED,PAYREF3D14BD5767,
PAY005203,C0361,A1026,,2028.21,ZAR,2026-09-08,CASH,COMPLETED,PAYREFD6F8569621,
PAY005204,C0965,A0096,POL0670,876.51,ZAR,2025-07-08,EFT,COMPLETED,PAYREFEB4F54EDF2,
PAY005205,C0331,A0001,POL0061,644.19,ZAR,2025-11-20,CARD,COMPLETED,PAYREFFFA5C4DB68,
PAY005206,C0414,A1287,POL0428,311.32,ZAR,2025-07-29,DEBIT_ORDER,COMPLETED,PAYREFBD3C16D46A,
PAY005207,C0011,A0757,,156.0,ZAR,2025-03-18,MOBILE,COMPLETED,PAYREF49EB703604,
PAY005208,C0639,A0381,POL0620,255.59,ZAR,2025-03-21,CARD,COMPLETED,PAYREF75DF73DA98,
PAY005209,C0287,A1085,POL0600,5513.34,ZAR,2026-06-14,CASH,COMPLETED,PAYREFA7FDC3FACD,
PAY005210,C0870,A0631,POL0712,1086.94,ZAR,2025-04-20,CARD,COMPLETED,PAYREFA5F0ABC8EA,
PAY005211,C0951,A1115,POL0596,154.11,ZAR,2025-10-10,MOBILE,COMPLETED,PAYREF1711871801,
PAY005212,C0517,A0771,POL0137,3583.47,ZAR,2026-08-23,MOBILE,COMPLETED,PAYREF6BCC93AE82,
PAY005213,C0475,A1010,POL0283,3770.01,ZAR,2024-02-25,EFT,COMPLETED,PAYREFCB192F9082,
PAY005214,C0832,A0188,POL0539,3748.96,ZAR,2026-04-01,DEBIT_ORDER,FAILED,PAYREFEC68DC93CA,Technical error
PAY005215,C0533,A0569,POL0580,718.72,ZAR,2026-03-28,DEBIT_ORDER,COMPLETED,PAYREF2E8C65625D,
PAY005216,C0678,A1165,,838.14,ZAR,2026-07-05,EFT,COMPLETED,PAYREF9AECF19551,
PAY005217,C0554,A1133,POL0299,1258.44,ZAR,2024-08-04,CARD,PENDING,PAYREFCF5D8D9670,
PAY005218,C0485,A1052,POL0655,4451.72,ZAR,2026-06-29,MOBILE,COMPLETED,PAYREFAB41FB578D,
PAY005219,C0201,A0248,,629.61,ZAR,2024-03-10,DEBIT_ORDER,COMPLETED,PAYREF9F3DFACEAE,
PAY005220,C0170,A0590,,515.73,ZAR,2024-07-23,EFT,COMPLETED,PAYREF2186861181,
PAY005221,C0567,A0837,POL0226,2198.82,ZAR,2025-08-02,DEBIT_ORDER,COMPLETED,PAYREFA8F304293B,
PAY005222,C0120,A0136,POL0190,3674.8,ZAR,2025-07-19,CASH,COMPLETED,PAYREF367D2E7172,
PAY005223,C0689,A0135,POL0126,1040.24,ZAR,2026-09-09,DEBIT_ORDER,COMPLETED,PAYREF9EAAD1FFEA,
PAY005224,C0412,A0695,POL0473,2144.02,ZAR,2026-05-13,MOBILE,COMPLETED,PAYREF60F5F9B30C,
PAY005225,C0749,A0450,POL0526,1227.15,ZAR,2025-08-13,CASH,COMPLETED,PAYREFF4BDA37351,
PAY005226,C0320,A1306,POL0330,853.0,ZAR,2026-09-07,CARD,PENDING,PAYREFCD73BF664C,
PAY005227,C0042,A1360,POL0460,478.53,ZAR,2025-08-12,CARD,COMPLETED,PAYREFB78FE35D2D,
PAY005228,C0088,A0924,POL0569,345.9,ZAR,2024-12-02,CASH,COMPLETED,PAYREFF5155E07FB,
PAY005229,C0532,A1046,POL0029,593.02,ZAR,2024-12-09,EFT,COMPLETED,PAYREF3B18B0D90F,
PAY005230,C0785,A0327,POL0502,413.2,ZAR,2024-03-25,CASH,COMPLETED,PAYREF907943D04E,
PAY005231,C0031,A0007,POL0507,1456.05,ZAR,2025-04-04,CARD,COMPLETED,PAYREF8CDB906581,
PAY005232,C0481,A1226,,3705.4,ZAR,2024-06-14,MOBILE,COMPLETED,PAYREF0B02982533,
PAY005233,C0079,A1460,,1344.81,ZAR,2025-04-11,EFT,FAILED,PAYREFC21E2B2508,Insufficient funds
PAY005234,C0729,A0485,POL0387,436.72,ZAR,2025-03-16,CASH,COMPLETED,PAYREFBC859A18BC,
PAY005235,C0560,A0156,POL0362,2579.57,ZAR,2024-02-20,MOBILE,COMPLETED,PAYREFB6312AE59E,
PAY005236,C0952,A1041,POL0167,1475.69,ZAR,2025-05-13,CARD,COMPLETED,PAYREFC73F4907A2,
PAY005237,C0235,A0794,,1798.71,ZAR,2024-11-07,DEBIT_ORDER,COMPLETED,PAYREFFB0E0CDB6B,
PAY005238,C0752,A0761,POL0704,652.38,ZAR,2026-02-11,EFT,COMPLETED,PAYREFD25019083D,
PAY005239,C0370,A0471,POL0696,3406.28,ZAR,2024-03-24,CARD,COMPLETED,PAYREF694EEE2733,
PAY005240,C0463,A0472,POL0459,3388.92,ZAR,2026-06-08,CARD,COMPLETED,PAYREFCCCF91C41A,
PAY005241,C0170,A0166,POL0680,912.27,ZAR,2024-10-19,CASH,COMPLETED,PAYREFCBF01F1C98,
PAY005242,C0666,A1396,,2249.47,ZAR,2025-04-11,EFT,COMPLETED,PAYREF2BD52F7DAD,
PAY005243,C0341,A1448,,3299.38,ZAR,2025-01-17,CASH,COMPLETED,PAYREF012B75D64F,
PAY005244,C0492,A0062,POL0153,688.58,ZAR,2026-01-01,MOBILE,FAILED,PAYREFA511AFE1C1,Insufficient funds
PAY005245,C0245,A1358,,1011.07,ZAR,2025-08-19,CARD,FAILED,PAYREFB27BFFF896,Account closed
PAY005246,C0202,A0325,POL0354,1187.72,ZAR,2025-07-22,CASH,COMPLETED,PAYREF10E7045480,
PAY005247,C0986,A0757,POL0654,365.83,ZAR,2024-01-12,CASH,COMPLETED,PAYREF74960E5AD4,
PAY005248,C0020,A0554,,1705.58,ZAR,2024-10-28,CARD,COMPLETED,PAYREFC89ED76561,
PAY005249,C0850,A0027,POL0254,3048.86,ZAR,2025-08-05,DEBIT_ORDER,COMPLETED,PAYREF08C6851B45,
PAY005250,C0683,A0159,POL0099,949.67,ZAR,2025-05-15,EFT,COMPLETED,PAYREF5FC4984453,
PAY005251,C0835,A0654,,1540.48,ZAR,2024-10-17,EFT,COMPLETED,PAYREF09A39EB9EB,
PAY005252,C0744,A0310,,4440.76,ZAR,2025-11-05,DEBIT_ORDER,COMPLETED,PAYREF473EBB169E,
PAY005253,C0552,A0254,POL0143,731.32,ZAR,2024-10-06,CASH,PENDING,PAYREF3A136193E0,
PAY005254,C0721,A1255,POL0566,1572.25,ZAR,2025-04-21,EFT,COMPLETED,PAYREFE25213996B,
PAY005255,C0017,A0964,,620.29,ZAR,2026-06-23,CASH,COMPLETED,PAYREF1C463F0E6C,
PAY005256,C0671,A0667,,603.59,ZAR,2025-02-18,MOBILE,COMPLETED,PAYREF642E65056A,
PAY005257,C0728,A1164,POL0110,1543.63,ZAR,2026-07-26,EFT,COMPLETED,PAYREFBDB47E9A23,
PAY005258,C0644,A1283,,1396.0,ZAR,2025-01-03,CARD,REVERSED,PAYREF8973CE116C,
PAY005259,C0962,A1341,POL0358,1910.4,ZAR,2024-11-29,MOBILE,COMPLETED,PAYREFBFEA930926,
PAY005260,C0331,A1462,,1183.41,ZAR,2024-04-01,MOBILE,COMPLETED,PAYREFBA5E7555FF,
PAY005261,C0363,A1092,,1746.1,ZAR,2025-12-09,MOBILE,COMPLETED,PAYREF740C17A083,
PAY005262,C0784,A0812,,5799.45,ZAR,2025-08-22,CASH,COMPLETED,PAYREF357932F0A3,
PAY005263,C0282,A0110,,3165.01,ZAR,2025-04-25,DEBIT_ORDER,COMPLETED,PAYREF8FBBB4EACD,
PAY005264,C0379,A1373,POL0772,1538.22,ZAR,2026-02-23,MOBILE,COMPLETED,PAYREFAD60247363,
PAY005265,C0975,A0675,POL0551,1816.94,ZAR,2026-04-18,CARD,PENDING,PAYREF19AB22413E,
PAY005266,C0467,A1334,,813.3,ZAR,2025-07-23,EFT,PENDING,PAYREF3164006E52,
PAY005267,C0730,A0705,POL0488,935.25,ZAR,2026-06-29,CARD,FAILED,PAYREF01C40FA39C,Invalid account
PAY005268,C0520,A1127,POL0375,1794.46,ZAR,2024-01-26,MOBILE,COMPLETED,PAYREFE483FB3E6C,
PAY005269,C0365,A0807,POL0214,1197.09,ZAR,2026-08-24,CARD,COMPLETED,PAYREF98A928360B,
PAY005270,C0788,A1391,POL0630,2423.62,ZAR,2024-09-23,DEBIT_ORDER,PENDING,PAYREFC5BA85CAE2,
PAY005271,C0975,A0168,POL0728,3893.54,ZAR,2025-03-21,CARD,COMPLETED,PAYREFAD941F4879,
PAY005272,C0670,A1251,,990.52,ZAR,2026-06-17,CARD,COMPLETED,PAYREFBA4D676B8E,
PAY005273,C0290,A0561,POL0644,147.05,ZAR,2024-11-15,CARD,COMPLETED,PAYREF3722E054F0,
PAY005274,C0455,A1083,POL0394,8384.91,ZAR,2025-02-04,CARD,PENDING,PAYREFFE00D8106E,
PAY005275,C0838,A0651,,571.07,ZAR,2024-06-08,DEBIT_ORDER,COMPLETED,PAYREF083AF7A733,
PAY005276,C0634,A0371,POL0421,1332.97,ZAR,2024-09-16,CASH,COMPLETED,PAYREFEDB7471F42,
PAY005277,C0969,A0035,,2269.9,ZAR,2025-05-12,CARD,COMPLETED,PAYREFA325F3325A,
PAY005278,C0399,A1381,,4487.15,ZAR,2024-12-05,EFT,COMPLETED,PAYREF2CC64E19EF,
PAY005279,C0808,A1364,,6674.4,ZAR,2025-04-06,CARD,COMPLETED,PAYREF0686993754,
PAY005280,C0132,A0206,,762.14,ZAR,2024-09-22,EFT,COMPLETED,PAYREFF6D705104C,
PAY005281,C0472,A1355,POL0568,3603.6,ZAR,2024-02-05,EFT,COMPLETED,PAYREF25CE7678DC,
PAY005282,C0646,A0448,,1336.73,ZAR,2025-04-23,CARD,COMPLETED,PAYREFB35563F584,
PAY005283,C0139,A1078,POL0338,17038.04,ZAR,2025-02-13,CASH,COMPLETED,PAYREF9E32F0EB27,
PAY005284,C0664,A0669,,3295.93,ZAR,2026-07-27,MOBILE,FAILED,PAYREF7E60315427,Limit exceeded
PAY005285,C0068,A1313,,918.3,ZAR,2024-07-05,CARD,PENDING,PAYREF427C443DB8,
PAY005286,C0031,A1280,POL0234,496.17,ZAR,2025-11-02,CARD,COMPLETED,PAYREFE19C1AD2E1,
PAY005287,C0909,A1329,,79.31,ZAR,2025-05-04,CASH,COMPLETED,PAYREFB81DF4E8D8,
PAY005288,C0454,A0857,POL0732,2153.13,ZAR,2024-08-16,CARD,COMPLETED,PAYREF55CC9A8521,
PAY005289,C0498,A0195,POL0747,3006.25,ZAR,2026-07-15,DEBIT_ORDER,COMPLETED,PAYREFB4C33F856E,
PAY005290,C0598,A0241,POL0458,2311.06,ZAR,2024-04-03,CARD,COMPLETED,PAYREFF0F0075B15,
PAY005291,C0959,A0754,,104.23,ZAR,2026-04-30,MOBILE,COMPLETED,PAYREF163B2125C9,
PAY005292,C0011,A0606,POL0563,311.68,ZAR,2024-01-29,CASH,COMPLETED,PAYREFFFE87AEDF6,
PAY005293,C0439,A0072,POL0191,1773.7,ZAR,2025-01-30,MOBILE,COMPLETED,PAYREF0E5ECD70F6,
PAY005294,C0689,A0931,POL0228,6538.9,ZAR,2025-08-29,CASH,COMPLETED,PAYREF6B1A7CE01D,
PAY005295,C0804,A0786,POL0511,1037.37,ZAR,2026-07-16,MOBILE,COMPLETED,PAYREF6E9F1FE826,
PAY005296,C0016,A1059,POL0595,3266.64,ZAR,2024-11-18,MOBILE,COMPLETED,PAYREFC80A15923A,
PAY005297,C0214,A0007,,389.78,ZAR,2025-06-09,MOBILE,COMPLETED,PAYREFAF714EFF71,
PAY005298,C0007,A0570,POL0534,1349.01,ZAR,2024-05-05,DEBIT_ORDER,COMPLETED,PAYREFB194C09A6C,
PAY005299,C0315,A0612,,833.26,ZAR,2026-01-04,EFT,COMPLETED,PAYREF74C33AA0E8,
PAY005300,C0175,A0955,POL0597,3596.04,ZAR,2025-08-31,EFT,COMPLETED,PAYREF4095FE94EB,
PAY005301,C0235,A0648,POL0462,639.17,ZAR,2024-05-31,EFT,COMPLETED,PAYREF108CBBA457,
PAY005302,C0352,A0895,POL0185,5866.5,ZAR,2025-09-19,CARD,COMPLETED,PAYREF01B90D4410,
PAY005303,C0647,A1485,POL0279,806.16,ZAR,2026-02-17,CASH,COMPLETED,PAYREF86900CC0EF,
PAY005304,C0652,A0761,,376.21,ZAR,2025-11-20,EFT,FAILED,PAYREFB39F9A79F7,Account closed
PAY005305,C0240,A0735,,389.04,ZAR,2024-12-28,MOBILE,COMPLETED,PAYREFD1A520D457,
PAY005306,C0990,A1287,,588.5,ZAR,2025-07-22,CARD,COMPLETED,PAYREFA2C94A3096,
PAY005307,C0604,A1154,,1588.53,ZAR,2024-05-03,MOBILE,COMPLETED,PAYREFB5A586A38E,
PAY005308,C0908,A0763,,595.87,ZAR,2025-09-30,MOBILE,COMPLETED,PAYREFA2BBC23525,
PAY005309,C0689,A1347,,482.76,ZAR,2024-04-04,CASH,COMPLETED,PAYREFDDF94B9E1A,
PAY005310,C0629,A0754,POL0286,2669.93,ZAR,2026-06-07,CARD,COMPLETED,PAYREFEF96C84FE6,
PAY005311,C0650,A1436,POL0600,44.2,ZAR,2025-08-24,CASH,COMPLETED,PAYREF088F3048FF,
PAY005312,C0733,A0038,,713.45,ZAR,2025-07-29,DEBIT_ORDER,COMPLETED,PAYREF9D77A12209,
PAY005313,C0506,A1199,,288.81,ZAR,2024-08-04,EFT,PENDING,PAYREFAB3B560673,
PAY005314,C0070,A0227,POL0436,460.1,ZAR,2026-05-24,MOBILE,PENDING,PAYREF59FCF9AE48,
PAY005315,C0779,A0418,POL0472,1399.33,ZAR,2026-02-04,MOBILE,COMPLETED,PAYREFADE0EAA22E,
PAY005316,C0589,A0590,,893.16,ZAR,2026-03-22,CASH,COMPLETED,PAYREF062596823A,
PAY005317,C0271,A0529,POL0673,816.02,ZAR,2026-03-29,MOBILE,COMPLETED,PAYREFA461F3E2C3,
PAY005318,C0096,A0429,,3602.95,ZAR,2024-10-25,CARD,COMPLETED,PAYREF8C33C37211,
PAY005319,C0581,A0441,POL0512,1081.8,ZAR,2025-07-17,CASH,COMPLETED,PAYREFD3AAED7D52,
PAY005320,C0085,A0926,,6674.55,ZAR,2024-02-17,CASH,COMPLETED,PAYREF72CE092B13,
PAY005321,C0015,A0276,POL0604,2235.44,ZAR,2026-05-13,CARD,COMPLETED,PAYREF4EC5F88069,
PAY005322,C0440,A1130,,417.09,ZAR,2024-10-20,EFT,COMPLETED,PAYREF5C1DED7D01,
PAY005323,C0659,A0056,,7586.24,ZAR,2025-11-05,EFT,COMPLETED,PAYREF053BBD27A5,
PAY005324,C0911,A1339,,1448.24,ZAR,2024-10-25,CASH,COMPLETED,PAYREF88927BEC6D,
PAY005325,C0762,A0534,,7127.73,ZAR,2024-11-19,CASH,COMPLETED,PAYREF9EB60C6B40,
PAY005326,C0469,A1332,,840.42,ZAR,2024-11-30,EFT,COMPLETED,PAYREF901252A1CA,
PAY005327,C0709,A0684,POL0163,1439.76,ZAR,2026-08-28,CASH,FAILED,PAYREF2819C8A73B,Invalid account
PAY005328,C0683,A0277,POL0125,1689.38,ZAR,2026-01-31,DEBIT_ORDER,COMPLETED,PAYREFF7AD0C1949,
PAY005329,C0588,A1067,,926.94,ZAR,2025-07-10,CARD,COMPLETED,PAYREFD478339964,
PAY005330,C0380,A0351,POL0320,3912.45,ZAR,2024-10-29,MOBILE,COMPLETED,PAYREF974AB8DDC7,
PAY005331,C0481,A0922,POL0450,7574.8,ZAR,2025-01-15,CARD,FAILED,PAYREF5A65F5B91F,Account closed
PAY005332,C0107,A0414,POL0292,110.67,ZAR,2025-08-29,MOBILE,COMPLETED,PAYREFC812C30720,
PAY005333,C0023,A1344,,2477.04,ZAR,2024-12-10,CARD,COMPLETED,PAYREFA7A5AE76AC,
PAY005334,C0368,A0657,POL0223,448.32,ZAR,2026-05-15,DEBIT_ORDER,COMPLETED,PAYREF6D513A997D,
PAY005335,C0997,A0280,,82.04,ZAR,2025-01-28,CARD,COMPLETED,PAYREF9823AFC508,
PAY005336,C0592,A0193,,1839.08,ZAR,2024-06-06,EFT,COMPLETED,PAYREF300954E6BD,
PAY005337,C0389,A1074,POL0105,1843.23,ZAR,2024-12-09,CASH,COMPLETED,PAYREFA82B4721FE,
PAY005338,C0315,A0384,,2164.9,ZAR,2024-06-08,MOBILE,COMPLETED,PAYREF9D93B1BE56,
PAY005339,C0489,A0921,POL0668,1589.27,ZAR,2025-07-08,CASH,COMPLETED,PAYREF3CEB904453,
PAY005340,C0612,A0638,,2630.75,ZAR,2024-03-20,DEBIT_ORDER,COMPLETED,PAYREF3269E88825,
PAY005341,C0440,A1491,,600.01,ZAR,2024-07-05,DEBIT_ORDER,COMPLETED,PAYREF0B5C671CB1,
PAY005342,C0640,A0214,,1427.01,ZAR,2026-09-09,DEBIT_ORDER,COMPLETED,PAYREF270CD43B75,
PAY005343,C0082,A1276,POL0661,2204.3,ZAR,2026-04-05,DEBIT_ORDER,COMPLETED,PAYREFC42E9E8E05,
PAY005344,C0291,A1122,,4242.7,ZAR,2025-06-24,EFT,COMPLETED,PAYREF1B146479F4,
PAY005345,C0212,A1126,POL0600,1145.79,ZAR,2026-04-10,CARD,COMPLETED,PAYREF6EEC94AD19,
PAY005346,C0209,A1388,,885.55,ZAR,2025-10-01,EFT,PENDING,PAYREF3E2782867E,
PAY005347,C0594,A0821,,1037.7,ZAR,2024-12-11,CASH,COMPLETED,PAYREF54C59C15CD,
PAY005348,C0967,A0528,,332.42,ZAR,2024-09-05,EFT,COMPLETED,PAYREFD52C9BB8CD,
PAY005349,C0280,A0952,POL0147,2367.58,ZAR,2026-01-28,CASH,COMPLETED,PAYREF134FB0A6A0,
PAY005350,C0518,A0269,,255.36,ZAR,2026-03-15,CASH,COMPLETED,PAYREFD41D7E7746,
PAY005351,C0881,A0553,,1621.27,ZAR,2025-07-29,DEBIT_ORDER,COMPLETED,PAYREFD3858E6D91,
PAY005352,C0074,A1067,,1193.41,ZAR,2026-08-19,DEBIT_ORDER,COMPLETED,PAYREF3A4F0DAAE1,
PAY005353,C0875,A0827,,232.53,ZAR,2024-11-07,CASH,COMPLETED,PAYREFCC40E635AF,
PAY005354,C0639,A0442,,246.18,ZAR,2024-02-06,MOBILE,PENDING,PAYREFE8A65FF495,
PAY005355,C0344,A0747,POL0585,466.99,ZAR,2026-07-10,EFT,PENDING,PAYREFA23F02A1AB,
PAY005356,C0870,A0507,POL0753,777.48,ZAR,2024-08-21,CARD,COMPLETED,PAYREF22470DB469,
PAY005357,C0701,A0650,POL0126,4819.76,ZAR,2026-08-02,DEBIT_ORDER,COMPLETED,PAYREFE68CB0BD29,
PAY005358,C0426,A0326,,981.68,ZAR,2025-06-26,MOBILE,FAILED,PAYREFA2FCED7B87,Invalid account
PAY005359,C0208,A0276,,1894.08,ZAR,2025-12-18,CASH,COMPLETED,PAYREF2102D6FEB1,
PAY005360,C0151,A0517,,3891.72,ZAR,2024-10-25,EFT,COMPLETED,PAYREFED7062BC54,
PAY005361,C0513,A0240,POL0519,3207.24,ZAR,2026-01-28,CASH,FAILED,PAYREFB9C2DAB379,Account closed
PAY005362,C0956,A1357,POL0207,1088.92,ZAR,2025-04-20,CARD,REVERSED,PAYREFA03869B06E,
PAY005363,C0463,A0447,POL0596,541.57,ZAR,2025-02-14,CARD,COMPLETED,PAYREF51B03E0DB8,
PAY005364,C0613,A0759,,1805.97,ZAR,2026-06-16,DEBIT_ORDER,COMPLETED,PAYREFBD37B32CEF,
PAY005365,C0247,A1378,,552.49,ZAR,2024-12-03,DEBIT_ORDER,COMPLETED,PAYREFB251A1DFCC,
PAY005366,C0979,A0800,POL0704,6733.19,ZAR,2025-07-10,DEBIT_ORDER,PENDING,PAYREFFD4FC85958,
PAY005367,C0721,A0118,POL0383,2611.81,ZAR,2024-04-22,MOBILE,COMPLETED,PAYREF672AE8FDFC,
PAY005368,C0952,A0213,,1351.13,ZAR,2025-04-04,EFT,COMPLETED,PAYREFCA39DBC4DE,
PAY005369,C0933,A0378,POL0669,1831.1,ZAR,2025-04-29,DEBIT_ORDER,COMPLETED,PAYREFC26C71BF04,
PAY005370,C0329,A1149,,1310.66,ZAR,2024-11-09,CARD,COMPLETED,PAYREFF2E5A0BA04,
PAY005371,C0439,A0051,,758.75,ZAR,2024-04-05,MOBILE,COMPLETED,PAYREFC932001CA1,
PAY005372,C0057,A1160,,1805.53,ZAR,2026-06-29,DEBIT_ORDER,COMPLETED,PAYREF26EB4FEBC6,
PAY005373,C0338,A0273,,860.15,ZAR,2024-10-16,CARD,FAILED,PAYREF597E870838,Technical error
PAY005374,C0668,A1367,,7605.97,ZAR,2024-08-15,EFT,COMPLETED,PAYREFC7CD67DF87,
PAY005375,C0483,A0047,,548.56,ZAR,2026-07-25,CARD,COMPLETED,PAYREF6C797EDD77,
PAY005376,C0065,A0182,POL0094,1824.02,ZAR,2024-10-16,CASH,COMPLETED,PAYREF73E6F4020F,
PAY005377,C0241,A0642,,501.33,ZAR,2026-01-28,CARD,COMPLETED,PAYREFF4CDC2E049,
PAY005378,C0345,A0609,POL0674,496.13,ZAR,2025-12-02,EFT,COMPLETED,PAYREF7BD413CCA4,
PAY005379,C0666,A0572,,183.81,ZAR,2024-07-07,CARD,PENDING,PAYREFB655527E33,
PAY005380,C0591,A1369,,1654.87,ZAR,2025-04-06,MOBILE,FAILED,PAYREFD184F2604D,Limit exceeded
PAY005381,C0808,A1392,,643.89,ZAR,2026-04-05,CARD,COMPLETED,PAYREFF810278326,
PAY005382,C0089,A1464,POL0266,3240.2,ZAR,2025-05-31,MOBILE,COMPLETED,PAYREFCC27C3CD25,
PAY005383,C0213,A1230,,1657.88,ZAR,2026-07-10,EFT,COMPLETED,PAYREF9C307D63F9,
PAY005384,C0777,A0575,,1271.85,ZAR,2024-04-26,CASH,COMPLETED,PAYREFFBFF396C2F,
PAY005385,C0608,A0155,,267.6,ZAR,2025-09-05,CASH,PENDING,PAYREF04862EEFBD,
PAY005386,C0804,A0826,,1968.26,ZAR,2025-10-25,CARD,PENDING,PAYREFEF65CD1BC5,
PAY005387,C0024,A1351,POL0130,565.58,ZAR,2025-04-01,MOBILE,PENDING,PAYREFB6B5E4E1F4,
PAY005388,C0177,A0767,,261.69,ZAR,2024-10-02,DEBIT_ORDER,FAILED,PAYREF9008CE9DAB,Invalid account
PAY005389,C0131,A0252,POL0282,1686.67,ZAR,2025-08-04,EFT,COMPLETED,PAYREFBD7BE9BF53,
PAY005390,C0114,A0800,,311.6,ZAR,2026-09-01,DEBIT_ORDER,COMPLETED,PAYREF2046FE8AD1,
PAY005391,C0245,A1262,,135.49,ZAR,2025-07-14,DEBIT_ORDER,PENDING,PAYREF9EF1910D0A,
PAY005392,C0312,A0660,,4012.36,ZAR,2025-12-22,MOBILE,COMPLETED,PAYREF471F2588E4,
PAY005393,C0867,A0238,POL0519,625.95,ZAR,2024-02-05,CASH,COMPLETED,PAYREFFB030594D1,
PAY005394,C0804,A0914,,191.62,ZAR,2024-04-09,MOBILE,COMPLETED,PAYREF410146D4CC,
PAY005395,C0339,A0994,POL0698,418.81,ZAR,2026-02-06,CASH,COMPLETED,PAYREF356681B5E8,
PAY005396,C0411,A0155,POL0498,533.23,ZAR,2025-02-28,DEBIT_ORDER,COMPLETED,PAYREF7DD90B5431,
PAY005397,C0922,A1133,POL0052,3443.44,ZAR,2025-08-15,CARD,PENDING,PAYREF9AAAB10BDF,
PAY005398,C0611,A0585,,207.89,ZAR,2025-07-14,DEBIT_ORDER,COMPLETED,PAYREF4450B5206D,
PAY005399,C0295,A1358,POL0140,287.46,ZAR,2025-10-10,CASH,PENDING,PAYREFB22AC86E22,
PAY005400,C0327,A0698,POL0617,2923.11,ZAR,2024-08-27,DEBIT_ORDER,COMPLETED,PAYREF10503D68BC,
PAY005401,C0068,A1286,POL0759,699.43,ZAR,2025-08-02,CASH,COMPLETED,PAYREF2B9FF44424,
PAY005402,C0882,A1423,,1377.4,ZAR,2025-02-07,DEBIT_ORDER,COMPLETED,PAYREF5F5FCC908D,
PAY005403,C0798,A0511,POL0441,671.21,ZAR,2024-04-04,EFT,FAILED,PAYREF878DF6E1E1,Technical error
PAY005404,C0763,A0138,,8271.49,ZAR,2024-10-19,CARD,COMPLETED,PAYREF622460AE9E,
PAY005405,C0569,A0333,POL0635,301.96,ZAR,2024-08-17,MOBILE,COMPLETED,PAYREFBE58B0EEF5,
PAY005406,C0237,A1201,POL0180,1454.06,ZAR,2026-02-10,CASH,COMPLETED,PAYREFE80855581B,
PAY005407,C0736,A0609,,4929.32,ZAR,2026-06-14,CASH,FAILED,PAYREF98552F7D1C,Invalid account
PAY005408,C0069,A0198,POL0681,753.71,ZAR,2024-04-06,DEBIT_ORDER,PENDING,PAYREF781944A50F,
PAY005409,C0899,A1327,,516.06,ZAR,2025-09-08,EFT,PENDING,PAYREF2CBABD94ED,
PAY005410,C0320,A1489,POL0040,2361.62,ZAR,2026-01-04,DEBIT_ORDER,COMPLETED,PAYREFA48181284D,
PAY005411,C0812,A0485,POL0367,2993.1,ZAR,2025-03-15,DEBIT_ORDER,COMPLETED,PAYREF90CE0C864A,
PAY005412,C0965,A0586,,492.8,ZAR,2026-03-09,DEBIT_ORDER,COMPLETED,PAYREFF6BE287349,
PAY005413,C0270,A0305,POL0411,4732.44,ZAR,2025-03-30,CARD,COMPLETED,PAYREF7A6C7417E1,
PAY005414,C0801,A1158,POL0277,1154.27,ZAR,2025-06-07,EFT,COMPLETED,PAYREF32D0752D13,
PAY005415,C0539,A0849,POL0653,1823.95,ZAR,2026-01-17,DEBIT_ORDER,COMPLETED,PAYREF47375F45CD,
PAY005416,C0579,A0049,,4857.51,ZAR,2025-08-18,MOBILE,COMPLETED,PAYREFCDA748B957,
PAY005417,C0429,A1303,POL0240,2365.58,ZAR,2026-07-22,CARD,COMPLETED,PAYREFF2E353C8E4,
PAY005418,C0484,A0584,POL0135,1096.36,ZAR,2026-05-16,DEBIT_ORDER,COMPLETED,PAYREF3FB57F9C03,
PAY005419,C0575,A0602,,560.26,ZAR,2026-01-31,CASH,COMPLETED,PAYREF792C4ECEEF,
PAY005420,C0170,A0869,POL0238,16456.99,ZAR,2026-05-08,DEBIT_ORDER,COMPLETED,PAYREF801A8E8776,
PAY005421,C0632,A0937,POL0330,498.19,ZAR,2025-01-30,CARD,COMPLETED,PAYREFB8CFF5B9DF,
PAY005422,C0342,A0661,,1507.38,ZAR,2026-02-11,CARD,FAILED,PAYREF8FAC8527DD,Technical error
PAY005423,C0028,A0535,POL0300,1826.19,ZAR,2024-09-06,CASH,COMPLETED,PAYREF3C4AA72E26,
PAY005424,C0715,A0279,,1914.69,ZAR,2026-02-22,CARD,COMPLETED,PAYREF945A7E2D9C,
PAY005425,C0900,A0852,,9209.74,ZAR,2026-06-03,EFT,COMPLETED,PAYREFE537EA4088,
PAY005426,C0137,A0348,,1150.06,ZAR,2025-07-03,MOBILE,COMPLETED,PAYREFA65CC6EAD1,
PAY005427,C0835,A0116,POL0569,997.18,ZAR,2024-05-11,EFT,PENDING,PAYREF7E9FC1106E,
PAY005428,C0505,A0352,,5178.54,ZAR,2026-06-03,EFT,FAILED,PAYREF92298F73C1,Invalid account
PAY005429,C0505,A0584,,957.3,ZAR,2025-12-11,EFT,PENDING,PAYREF8D1099C611,
PAY005430,C0724,A0525,POL0772,2633.38,ZAR,2025-08-31,MOBILE,FAILED,PAYREFACB2B5A845,Account closed
PAY005431,C0940,A0754,,1331.94,ZAR,2025-07-27,EFT,COMPLETED,PAYREFCD82F7486C,
PAY005432,C0956,A0384,,2754.46,ZAR,2025-03-15,CARD,COMPLETED,PAYREFB198B74557,
PAY005433,C0007,A1467,POL0058,2265.27,ZAR,2026-07-01,EFT,COMPLETED,PAYREFB07E58D436,
PAY005434,C0328,A0868,POL0327,732.81,ZAR,2025-11-04,CASH,COMPLETED,PAYREF46BC4669DD,
PAY005435,C0134,A1114,POL0209,173.47,ZAR,2024-03-13,EFT,COMPLETED,PAYREF7C655656E3,
PAY005436,C0464,A0281,,205.63,ZAR,2024-02-14,MOBILE,COMPLETED,PAYREFA1D84AFA63,
PAY005437,C0244,A1032,POL0129,174.1,ZAR,2025-12-06,CARD,COMPLETED,PAYREFC43E127B89,
PAY005438,C0209,A0048,POL0450,1001.05,ZAR,2024-01-22,EFT,COMPLETED,PAYREF40D9D37CAD,
PAY005439,C0474,A0802,POL0357,104.31,ZAR,2024-12-16,MOBILE,COMPLETED,PAYREF67EFD5C243,
PAY005440,C0461,A1402,POL0250,934.5,ZAR,2024-06-08,EFT,COMPLETED,PAYREF56A55A4A50,
PAY005441,C0244,A1138,,1253.59,ZAR,2026-01-05,EFT,COMPLETED,PAYREFEF91DF153B,
PAY005442,C0260,A1474,POL0039,2581.76,ZAR,2026-07-08,DEBIT_ORDER,COMPLETED,PAYREFE345666DAD,
PAY005443,C0218,A0367,POL0787,1815.98,ZAR,2024-07-24,MOBILE,COMPLETED,PAYREF98B1F8D574,
PAY005444,C0899,A1020,,2702.37,ZAR,2026-08-10,EFT,COMPLETED,PAYREFF2D7968673,
PAY005445,C0925,A0439,,1658.89,ZAR,2024-12-05,MOBILE,COMPLETED,PAYREF1D8AFA7A34,
PAY005446,C0818,A0325,POL0084,793.5,ZAR,2025-04-09,CASH,COMPLETED,PAYREFD79241AAD0,
PAY005447,C0887,A0671,POL0364,986.36,ZAR,2025-01-15,CARD,COMPLETED,PAYREF9C96BC9B4D,
PAY005448,C0982,A0160,POL0452,467.95,ZAR,2026-01-07,MOBILE,FAILED,PAYREFDB79E82825,Invalid account
PAY005449,C0567,A1149,,1377.58,ZAR,2024-11-24,CARD,COMPLETED,PAYREF53B4EED0FA,
PAY005450,C0213,A0325,,224.93,ZAR,2026-01-05,CARD,COMPLETED,PAYREF9AA859502A,
PAY005451,C0766,A0124,,3184.45,ZAR,2024-06-09,CASH,COMPLETED,PAYREF7DC54E8539,
PAY005452,C0632,A0446,,421.33,ZAR,2026-06-08,CARD,COMPLETED,PAYREF6E6CB20B9E,
PAY005453,C0662,A1204,,1279.01,ZAR,2024-04-26,CASH,COMPLETED,PAYREF2AB803C624,
PAY005454,C0602,A0174,POL0236,1512.44,ZAR,2024-12-30,DEBIT_ORDER,COMPLETED,PAYREF5D4C2424D2,
PAY005455,C0486,A0740,,3507.72,ZAR,2025-12-13,DEBIT_ORDER,COMPLETED,PAYREF0DE4CD45F5,
PAY005456,C0086,A0350,POL0607,204.15,ZAR,2024-01-20,EFT,COMPLETED,PAYREF9DE965027E,
PAY005457,C0593,A0110,POL0415,791.98,ZAR,2025-07-26,EFT,COMPLETED,PAYREF0D457AA213,
PAY005458,C0669,A0094,,1900.45,ZAR,2024-04-06,MOBILE,COMPLETED,PAYREFF9796EB109,
PAY005459,C0602,A1281,,6318.16,ZAR,2024-06-14,CARD,COMPLETED,PAYREF70124ECA3C,
PAY005460,C0094,A1472,,1054.87,ZAR,2026-02-22,CARD,COMPLETED,PAYREF98F25621A0,
PAY005461,C0380,A0942,POL0601,605.26,ZAR,2026-01-20,CARD,COMPLETED,PAYREFD95F9B55A4,
PAY005462,C0639,A1036,,8324.75,ZAR,2026-04-23,CASH,COMPLETED,PAYREF1E5F89DC40,
PAY005463,C0462,A0410,POL0617,2446.86,ZAR,2025-07-30,CASH,COMPLETED,PAYREFDD4553B220,
PAY005464,C0365,A0211,,4331.34,ZAR,2024-05-02,MOBILE,COMPLETED,PAYREFCED21C3D8E,
PAY005465,C0548,A0956,,327.16,ZAR,2024-02-25,CASH,COMPLETED,PAYREFE1FCDD8744,
PAY005466,C0966,A1344,POL0532,1846.65,ZAR,2025-02-17,DEBIT_ORDER,COMPLETED,PAYREFD989D9BB67,
PAY005467,C0287,A0206,POL0209,371.18,ZAR,2024-03-01,DEBIT_ORDER,COMPLETED,PAYREF0B360AFFC1,
PAY005468,C0344,A0105,POL0453,297.36,ZAR,2025-11-24,EFT,COMPLETED,PAYREF1366E762E5,
PAY005469,C0651,A0092,POL0253,1962.31,ZAR,2025-04-24,CASH,COMPLETED,PAYREFE3E4A3AD61,
PAY005470,C0981,A0377,POL0128,2104.53,ZAR,2024-01-01,CARD,COMPLETED,PAYREF863CF49B21,
PAY005471,C0327,A0402,POL0738,677.21,ZAR,2025-05-17,EFT,COMPLETED,PAYREFD699591A2B,
PAY005472,C0776,A0984,POL0166,4591.85,ZAR,2025-05-07,MOBILE,COMPLETED,PAYREF7DB1C5BD55,
PAY005473,C0692,A1103,POL0052,758.23,ZAR,2026-06-17,CARD,COMPLETED,PAYREFA37F1E965B,
PAY005474,C0796,A0573,,837.16,ZAR,2024-08-02,DEBIT_ORDER,PENDING,PAYREFA2FE37F37B,
PAY005475,C0494,A0679,POL0158,1057.82,ZAR,2025-07-15,CASH,COMPLETED,PAYREFB3617EFFA6,
PAY005476,C0070,A0703,POL0042,860.11,ZAR,2025-09-23,CARD,COMPLETED,PAYREFA5C114E88F,
PAY005477,C0498,A1134,,3933.41,ZAR,2025-06-22,EFT,COMPLETED,PAYREF5FEA6B22E4,
PAY005478,C0419,A1431,POL0523,386.95,ZAR,2024-12-04,DEBIT_ORDER,COMPLETED,PAYREFCF29F4AFE4,
PAY005479,C0617,A0496,POL0472,515.77,ZAR,2026-03-03,CASH,PENDING,PAYREFD1B3BBFB7D,
PAY005480,C0769,A1018,POL0703,333.15,ZAR,2025-06-15,EFT,COMPLETED,PAYREF955EFA729B,
PAY005481,C0357,A0610,,7212.11,ZAR,2024-03-25,EFT,COMPLETED,PAYREF4A4039B871,
PAY005482,C0598,A0911,POL0235,792.73,ZAR,2026-07-18,MOBILE,COMPLETED,PAYREFA7E5CC32A3,
PAY005483,C0390,A0337,,508.51,ZAR,2026-07-13,CARD,PENDING,PAYREF9BA4005A20,
PAY005484,C0201,A0922,POL0729,822.78,ZAR,2025-01-19,DEBIT_ORDER,COMPLETED,PAYREF67E2B511D1,
PAY005485,C0646,A0792,,2563.31,ZAR,2024-10-25,CASH,COMPLETED,PAYREF9C503364F7,
PAY005486,C0054,A1284,POL0361,2129.76,ZAR,2024-03-18,CASH,FAILED,PAYREF27F6F94FBE,Technical error
PAY005487,C0434,A1169,,616.97,ZAR,2026-01-21,DEBIT_ORDER,COMPLETED,PAYREFF102E780AD,
PAY005488,C0520,A1353,,735.4,ZAR,2026-08-27,CASH,COMPLETED,PAYREF7532C08491,
PAY005489,C0444,A0879,,255.83,ZAR,2024-03-19,DEBIT_ORDER,COMPLETED,PAYREFBA9868D119,
PAY005490,C0291,A1049,POL0335,1259.82,ZAR,2024-07-22,EFT,COMPLETED,PAYREF5842AB3643,
PAY005491,C0248,A0675,POL0443,3953.35,ZAR,2024-04-15,EFT,FAILED,PAYREF20C10E5D05,Insufficient funds
PAY005492,C0850,A0101,,612.91,ZAR,2026-09-09,CASH,COMPLETED,PAYREF0C9847A046,
PAY005493,C0885,A0211,POL0452,2071.05,ZAR,2026-09-12,EFT,COMPLETED,PAYREF51953A1A81,
PAY005494,C0748,A1138,,612.71,ZAR,2024-10-01,DEBIT_ORDER,COMPLETED,PAYREF8638471125,
PAY005495,C0989,A0367,POL0747,366.63,ZAR,2025-06-03,CARD,COMPLETED,PAYREF490F521B32,
PAY005496,C0235,A0497,POL0726,2165.23,ZAR,2026-04-02,CASH,COMPLETED,PAYREFB3CFB25F59,
PAY005497,C0778,A0688,POL0443,11471.83,ZAR,2024-05-07,DEBIT_ORDER,PENDING,PAYREFAD9225A64F,
PAY005498,C0946,A1185,,1888.28,ZAR,2025-07-20,CARD,COMPLETED,PAYREFBDA3DB98C6,
PAY005499,C0360,A1161,POL0286,724.98,ZAR,2026-07-06,EFT,PENDING,PAYREF536EEF31F1,
PAY005500,C0630,A0155,,773.27,ZAR,2024-05-11,CARD,COMPLETED,PAYREFB258583C4C,
PAY005501,C0407,A0787,POL0488,7399.63,ZAR,2025-09-11,EFT,COMPLETED,PAYREF6AF69ACA9B,
PAY005502,C0483,A0160,,1490.67,ZAR,2025-07-24,MOBILE,COMPLETED,PAYREFF32C22308D,
PAY005503,C0144,A1152,POL0014,509.83,ZAR,2025-12-22,EFT,FAILED,PAYREFA6C64E3662,Account closed
PAY005504,C0922,A1040,,1030.47,ZAR,2026-01-25,CASH,COMPLETED,PAYREF68AD62F503,
PAY005505,C0668,A1184,POL0026,1359.86,ZAR,2025-12-08,CASH,COMPLETED,PAYREF8A71D5F6D3,
PAY005506,C0455,A1146,POL0049,1753.23,ZAR,2024-07-20,CARD,COMPLETED,PAYREF1F2895CF19,
PAY005507,C0844,A0089,POL0203,4974.29,ZAR,2026-08-29,DEBIT_ORDER,COMPLETED,PAYREFFBC6F7EED9,
PAY005508,C0511,A0352,POL0052,3928.05,ZAR,2025-04-16,MOBILE,FAILED,PAYREFFEC9F68B15,Insufficient funds
PAY005509,C0486,A1272,,1337.07,ZAR,2025-01-14,CASH,FAILED,PAYREF016D976989,Account closed
PAY005510,C0266,A0303,POL0691,1052.06,ZAR,2026-06-20,MOBILE,COMPLETED,PAYREFB23C4A7697,
PAY005511,C0159,A0237,,1629.43,ZAR,2025-11-05,CARD,COMPLETED,PAYREFE1C856758E,
PAY005512,C0453,A0555,POL0503,596.91,ZAR,2025-11-25,CASH,COMPLETED,PAYREFDAD435200F,
PAY005513,C0970,A0366,POL0297,2921.96,ZAR,2025-04-30,EFT,COMPLETED,PAYREF8FF1DA42FF,
PAY005514,C0674,A1002,,894.74,ZAR,2024-06-28,MOBILE,COMPLETED,PAYREF2723A029B1,
PAY005515,C0356,A0805,POL0326,1791.67,ZAR,2025-12-01,CASH,COMPLETED,PAYREFEE035C3407,
PAY005516,C0125,A0117,,6083.0,ZAR,2024-11-11,DEBIT_ORDER,COMPLETED,PAYREF450C049468,
PAY005517,C0611,A0769,,1906.08,ZAR,2025-12-28,MOBILE,COMPLETED,PAYREFB8749FBE1C,
PAY005518,C0464,A0129,POL0140,1381.19,ZAR,2026-04-22,DEBIT_ORDER,COMPLETED,PAYREF4044B10839,
PAY005519,C0978,A1301,,653.68,ZAR,2024-08-11,MOBILE,COMPLETED,PAYREFCAF47C2534,
PAY005520,C0010,A0426,,1014.27,ZAR,2024-12-27,MOBILE,COMPLETED,PAYREFD1FE1E9213,
PAY005521,C0208,A1468,POL0227,352.11,ZAR,2024-08-02,MOBILE,COMPLETED,PAYREF9524A926EE,
PAY005522,C0526,A0228,POL0313,1869.08,ZAR,2025-03-30,CASH,COMPLETED,PAYREF168DA11C6F,
PAY005523,C0863,A0556,,129.75,ZAR,2026-03-29,MOBILE,COMPLETED,PAYREF0B3DEC79B6,
PAY005524,C0707,A1159,POL0750,2888.25,ZAR,2025-12-12,MOBILE,COMPLETED,PAYREF8972044646,
PAY005525,C0974,A1410,POL0645,2279.44,ZAR,2025-02-24,EFT,COMPLETED,PAYREFDEEFC652C6,
PAY005526,C0223,A0332,,1209.77,ZAR,2024-07-10,CARD,PENDING,PAYREFDE77CCC00F,
PAY005527,C0920,A1425,POL0048,643.54,ZAR,2024-05-30,DEBIT_ORDER,COMPLETED,PAYREF353C1DB572,
PAY005528,C0272,A0350,POL0616,1078.95,ZAR,2026-05-10,DEBIT_ORDER,COMPLETED,PAYREF6E06F21C12,
PAY005529,C0655,A0647,,186.04,ZAR,2025-02-16,DEBIT_ORDER,COMPLETED,PAYREFCAE7E69344,
PAY005530,C0068,A0404,POL0287,2499.39,ZAR,2024-03-07,DEBIT_ORDER,COMPLETED,PAYREF53D318A708,
PAY005531,C0020,A0101,POL0650,930.92,ZAR,2026-08-24,EFT,COMPLETED,PAYREF6810B4D9C3,
PAY005532,C0359,A0504,POL0359,4990.2,ZAR,2024-09-08,DEBIT_ORDER,COMPLETED,PAYREFD6968756C5,
PAY005533,C0391,A0182,POL0421,1622.93,ZAR,2026-01-07,EFT,COMPLETED,PAYREF4317368767,
PAY005534,C0985,A1123,POL0088,1382.2,ZAR,2026-01-03,CASH,COMPLETED,PAYREFEB38025595,
PAY005535,C0793,A0715,POL0199,1637.54,ZAR,2025-05-22,CASH,COMPLETED,PAYREFB64551CC60,
PAY005536,C0210,A1065,,413.43,ZAR,2024-03-04,MOBILE,COMPLETED,PAYREF81192FAB41,
PAY005537,C0134,A0761,POL0265,698.55,ZAR,2024-01-17,EFT,REVERSED,PAYREF876FE87B27,
PAY005538,C0619,A0555,POL0367,1252.57,ZAR,2025-11-19,DEBIT_ORDER,COMPLETED,PAYREF623C34EC0D,
PAY005539,C0878,A1075,POL0134,810.33,ZAR,2024-09-19,CASH,FAILED,PAYREFD6266CFA8F,Insufficient funds
PAY005540,C0480,A1097,POL0304,616.15,ZAR,2024-10-03,MOBILE,COMPLETED,PAYREF9EEA062B83,
PAY005541,C0470,A0789,,826.83,ZAR,2025-02-27,CARD,FAILED,PAYREF7F2F4022ED,Insufficient funds
PAY005542,C0335,A0538,POL0780,1146.11,ZAR,2024-06-13,DEBIT_ORDER,COMPLETED,PAYREF8FF708679F,
PAY005543,C0801,A1219,POL0564,11144.96,ZAR,2026-09-14,EFT,COMPLETED,PAYREF48B0CB02D3,
PAY005544,C0592,A1463,,792.04,ZAR,2024-03-03,DEBIT_ORDER,COMPLETED,PAYREFF1C70436E9,
PAY005545,C0918,A1344,POL0704,557.0,ZAR,2024-09-18,CARD,COMPLETED,PAYREF29ED48B1DA,
PAY005546,C0993,A0726,,941.31,ZAR,2025-10-11,EFT,COMPLETED,PAYREFC11611A236,
PAY005547,C0484,A0351,,4922.61,ZAR,2026-05-20,EFT,COMPLETED,PAYREF6251647F3E,
PAY005548,C0856,A0253,,5287.45,ZAR,2025-03-29,CARD,COMPLETED,PAYREF892AF6AD9E,
PAY005549,C0928,A0914,,7700.94,ZAR,2025-02-09,MOBILE,COMPLETED,PAYREF8C688E45B9,
PAY005550,C0667,A1399,POL0135,1165.58,ZAR,2025-04-04,DEBIT_ORDER,FAILED,PAYREF724C09D830,Technical error
PAY005551,C0765,A0520,POL0111,2083.06,ZAR,2026-07-15,DEBIT_ORDER,COMPLETED,PAYREF6F4C7C4A92,
PAY005552,C0343,A1250,POL0606,383.74,ZAR,2026-03-20,CARD,COMPLETED,PAYREF286BAED1B1,
PAY005553,C0389,A0433,POL0127,770.13,ZAR,2024-01-16,EFT,COMPLETED,PAYREF1070708AFA,
PAY005554,C0340,A0098,,359.57,ZAR,2026-08-17,CARD,PENDING,PAYREF33ACDA62F0,
PAY005555,C0216,A0960,POL0540,1760.33,ZAR,2024-10-25,DEBIT_ORDER,PENDING,PAYREFB8142EF998,
PAY005556,C0237,A1056,POL0775,1139.58,ZAR,2025-02-08,CARD,COMPLETED,PAYREF57C7ACB87D,
PAY005557,C0553,A0151,,1374.97,ZAR,2025-07-25,DEBIT_ORDER,COMPLETED,PAYREFE0C60A8078,
PAY005558,C0721,A1452,,470.5,ZAR,2025-07-10,DEBIT_ORDER,REVERSED,PAYREFAC79548569,
PAY005559,C0193,A1224,POL0019,2567.5,ZAR,2024-12-05,EFT,COMPLETED,PAYREF5B448A8C88,
PAY005560,C0041,A0757,POL0212,98.79,ZAR,2024-03-29,EFT,COMPLETED,PAYREFC38F7FABCE,
PAY005561,C0552,A1267,,852.33,ZAR,2025-04-15,CASH,COMPLETED,PAYREF906D236323,
PAY005562,C0935,A0483,,985.7,ZAR,2024-05-28,EFT,COMPLETED,PAYREF24D01F4E47,
PAY005563,C0365,A0709,POL0320,145.24,ZAR,2025-11-27,DEBIT_ORDER,COMPLETED,PAYREF3BC9AE2A7B,
PAY005564,C0697,A0356,POL0721,1610.22,ZAR,2025-01-09,CARD,COMPLETED,PAYREF266795A770,
PAY005565,C0921,A0354,POL0090,922.18,ZAR,2024-12-02,DEBIT_ORDER,COMPLETED,PAYREFCB475F9838,
PAY005566,C0032,A1192,POL0156,1921.99,ZAR,2025-01-04,CARD,PENDING,PAYREF38112960B7,
PAY005567,C0878,A1009,,8101.7,ZAR,2024-10-21,MOBILE,COMPLETED,PAYREFB7C68206BE,
PAY005568,C0070,A1215,,1517.2,ZAR,2024-03-21,DEBIT_ORDER,COMPLETED,PAYREF4FEE391A53,
PAY005569,C0230,A0071,,2900.57,ZAR,2026-05-02,CASH,COMPLETED,PAYREFE5DC5E329D,
PAY005570,C0973,A1444,,4363.17,ZAR,2026-01-27,CARD,COMPLETED,PAYREFB6618DD2B7,
PAY005571,C0336,A1396,,1793.68,ZAR,2024-12-10,MOBILE,COMPLETED,PAYREFBB69E16EE4,
PAY005572,C0599,A1399,,461.33,ZAR,2026-09-14,CARD,FAILED,PAYREF70D7FA4D8C,Technical error
PAY005573,C0113,A0693,POL0381,212.69,ZAR,2024-06-17,EFT,COMPLETED,PAYREFFB778E3578,
PAY005574,C0653,A0489,POL0523,1594.6,ZAR,2026-08-18,MOBILE,COMPLETED,PAYREF3F043382BE,
PAY005575,C0673,A1155,POL0697,734.91,ZAR,2025-11-24,CARD,COMPLETED,PAYREF3BAA9561A4,
PAY005576,C0064,A0986,POL0289,3958.42,ZAR,2026-02-22,CARD,COMPLETED,PAYREF3D2BF06F93,
PAY005577,C0283,A0153,POL0102,681.9,ZAR,2025-03-06,DEBIT_ORDER,COMPLETED,PAYREF1510A363A5,
PAY005578,C0990,A0512,POL0709,1081.06,ZAR,2026-05-03,MOBILE,COMPLETED,PAYREF14B9E2DFC2,
PAY005579,C0228,A0280,POL0016,344.12,ZAR,2026-02-08,EFT,COMPLETED,PAYREF03D51EF87E,
PAY005580,C0476,A1498,,777.57,ZAR,2026-02-27,CARD,COMPLETED,PAYREF80693DFB09,
PAY005581,C0762,A1121,,427.16,ZAR,2026-08-21,MOBILE,COMPLETED,PAYREF95B7A9F2D5,
PAY005582,C0798,A0344,,468.0,ZAR,2024-06-20,CARD,FAILED,PAYREF9A156BC8CE,Insufficient funds
PAY005583,C0139,A0170,POL0042,1040.22,ZAR,2024-05-20,CASH,COMPLETED,PAYREF1B7512FD4C,
PAY005584,C0522,A0371,,597.7,ZAR,2026-03-27,CARD,COMPLETED,PAYREF7990C7F70B,
PAY005585,C0397,A1406,POL0177,15202.85,ZAR,2025-05-14,MOBILE,COMPLETED,PAYREF22583109A2,
PAY005586,C0002,A0770,,2529.8,ZAR,2025-02-09,CASH,PENDING,PAYREF15F9EEE383,
PAY005587,C0764,A0658,POL0081,3244.25,ZAR,2025-09-17,CASH,COMPLETED,PAYREF95F47292C7,
PAY005588,C0103,A0029,POL0617,981.52,ZAR,2026-07-06,DEBIT_ORDER,COMPLETED,PAYREF7F303E3FD5,
PAY005589,C0921,A1397,POL0555,1218.96,ZAR,2025-10-07,MOBILE,COMPLETED,PAYREFD1DCA57AEA,
PAY005590,C0429,A0794,POL0501,713.66,ZAR,2024-05-28,EFT,COMPLETED,PAYREFB70300E775,
PAY005591,C0248,A1375,POL0549,15129.18,ZAR,2024-11-17,CARD,COMPLETED,PAYREF9A1BEF0D06,
PAY005592,C0236,A0862,POL0076,983.52,ZAR,2024-03-11,CASH,COMPLETED,PAYREF103F8622BE,
PAY005593,C0728,A1230,,599.59,ZAR,2025-06-20,EFT,COMPLETED,PAYREFB4C707AF21,
PAY005594,C0459,A1192,,515.94,ZAR,2026-04-17,CARD,COMPLETED,PAYREFAAB0733962,
PAY005595,C0856,A0996,,1533.56,ZAR,2025-06-18,CARD,COMPLETED,PAYREF8BDA1781E5,
PAY005596,C0670,A0973,,4541.54,ZAR,2025-09-19,DEBIT_ORDER,COMPLETED,PAYREFE70991E046,
PAY005597,C0256,A0528,POL0093,3251.79,ZAR,2025-12-28,EFT,COMPLETED,PAYREF6C66488EAF,
PAY005598,C0651,A0734,,514.75,ZAR,2026-06-30,EFT,PENDING,PAYREFECD3C4174B,
PAY005599,C0138,A0321,,502.23,ZAR,2024-11-24,CARD,COMPLETED,PAYREF7967E7E864,
PAY005600,C0801,A1150,,3813.37,ZAR,2025-06-11,CASH,COMPLETED,PAYREF4BA9AB70AA,
PAY005601,C0556,A0364,POL0199,8967.67,ZAR,2026-02-14,MOBILE,COMPLETED,PAYREF3700F881BD,
PAY005602,C0549,A0520,POL0561,948.61,ZAR,2025-07-27,CARD,COMPLETED,PAYREF2192A137AD,
PAY005603,C0927,A1441,,3665.15,ZAR,2024-05-05,CASH,COMPLETED,PAYREFE4C607DA9B,
PAY005604,C0662,A0581,,253.13,ZAR,2024-01-23,EFT,COMPLETED,PAYREF368315D038,
PAY005605,C0412,A0783,,471.76,ZAR,2025-11-02,DEBIT_ORDER,COMPLETED,PAYREFF997EF15F2,
PAY005606,C0033,A1033,POL0198,399.58,ZAR,2024-05-29,CASH,COMPLETED,PAYREFA2036B58DC,
PAY005607,C0367,A0587,,1656.09,ZAR,2024-02-03,EFT,COMPLETED,PAYREF6F51F3481D,
PAY005608,C0005,A0886,POL0453,916.92,ZAR,2024-02-16,CASH,COMPLETED,PAYREF9B13BC2329,
PAY005609,C0813,A0326,POL0175,1391.44,ZAR,2024-06-24,EFT,COMPLETED,PAYREF86C5EEE5A0,
PAY005610,C0511,A1072,POL0774,3711.22,ZAR,2024-04-24,CASH,FAILED,PAYREFACE55FD398,Invalid account
PAY005611,C0221,A0459,,570.68,ZAR,2024-11-02,CARD,FAILED,PAYREFF1E9C26E4F,Limit exceeded
PAY005612,C0635,A1448,POL0279,1204.71,ZAR,2024-03-05,EFT,COMPLETED,PAYREF68B2C35B28,
PAY005613,C0276,A1362,POL0015,287.74,ZAR,2026-05-13,EFT,COMPLETED,PAYREF83E5023D61,
PAY005614,C0454,A0155,,3511.45,ZAR,2025-08-10,DEBIT_ORDER,PENDING,PAYREFBF067E593E,
PAY005615,C0007,A1049,,3282.67,ZAR,2025-07-10,EFT,COMPLETED,PAYREF544913527A,
PAY005616,C0584,A0298,,1574.81,ZAR,2026-05-28,MOBILE,COMPLETED,PAYREFEC660AFE41,
PAY005617,C0134,A0959,POL0691,1236.37,ZAR,2024-05-17,CASH,COMPLETED,PAYREF3AA50BCFE3,
PAY005618,C0481,A0053,,659.08,ZAR,2025-12-27,EFT,COMPLETED,PAYREFA48EC53CFF,
PAY005619,C0569,A0265,POL0701,271.63,ZAR,2025-03-04,EFT,FAILED,PAYREFF0FA169E09,Technical error
PAY005620,C0925,A1482,POL0459,1488.53,ZAR,2025-10-20,CARD,FAILED,PAYREFFBA09CB57E,Limit exceeded
PAY005621,C0004,A0014,POL0741,2336.01,ZAR,2025-09-17,CARD,PENDING,PAYREF215336E20E,
PAY005622,C0597,A0671,POL0012,8261.58,ZAR,2025-12-16,MOBILE,COMPLETED,PAYREFBC3E735169,
PAY005623,C0619,A0622,POL0284,739.85,ZAR,2024-08-12,MOBILE,COMPLETED,PAYREF2A8AA40B5A,
PAY005624,C0442,A1395,POL0727,1436.81,ZAR,2026-02-19,EFT,COMPLETED,PAYREF76B4A13EE7,
PAY005625,C0544,A0138,,3342.27,ZAR,2024-01-30,EFT,FAILED,PAYREF4E66CFDEB2,Technical error
PAY005626,C0068,A1414,,3444.5,ZAR,2025-10-22,EFT,COMPLETED,PAYREF05F798ACE8,
PAY005627,C0693,A0831,POL0593,588.47,ZAR,2025-04-15,CASH,COMPLETED,PAYREFECE7D298CA,
PAY005628,C0662,A1212,,829.51,ZAR,2024-07-30,EFT,COMPLETED,PAYREF9495792967,
PAY005629,C0183,A1275,POL0263,648.62,ZAR,2024-03-27,MOBILE,COMPLETED,PAYREFFB6AB4A246,
PAY005630,C0440,A0136,,445.04,ZAR,2026-09-04,CASH,COMPLETED,PAYREFCAAB122C1E,
PAY005631,C0085,A0234,POL0276,4777.48,ZAR,2025-11-03,CASH,COMPLETED,PAYREF4F25719B79,
PAY005632,C0814,A1483,POL0608,1167.61,ZAR,2024-02-12,CARD,COMPLETED,PAYREF7423F47BE0,
PAY005633,C0107,A0091,,1018.16,ZAR,2025-09-19,CASH,COMPLETED,PAYREF58DF04F1A9,
PAY005634,C0399,A0544,POL0093,1404.88,ZAR,2026-07-17,CARD,COMPLETED,PAYREF39490651BA,
PAY005635,C0180,A0708,,1157.2,ZAR,2024-04-24,DEBIT_ORDER,COMPLETED,PAYREFEA1AF38599,
PAY005636,C0141,A0670,,879.21,ZAR,2026-08-02,MOBILE,COMPLETED,PAYREF986A7C5C35,
PAY005637,C0420,A0654,POL0059,512.06,ZAR,2025-01-04,DEBIT_ORDER,COMPLETED,PAYREF26D3608D76,
PAY005638,C0163,A0801,POL0690,5246.31,ZAR,2025-09-24,CASH,COMPLETED,PAYREF0C72FC26B7,
PAY005639,C0966,A0212,,620.01,ZAR,2025-03-15,DEBIT_ORDER,COMPLETED,PAYREF98B937A21C,
PAY005640,C0359,A0112,POL0771,432.46,ZAR,2026-06-06,CASH,COMPLETED,PAYREF8876C7BAEB,
PAY005641,C0417,A1003,POL0457,1011.76,ZAR,2025-05-19,MOBILE,COMPLETED,PAYREF27B613E72F,
PAY005642,C0729,A1013,,9485.46,ZAR,2024-09-17,CARD,COMPLETED,PAYREF87DE0CDD40,
PAY005643,C0063,A0383,POL0731,482.23,ZAR,2024-07-29,CARD,COMPLETED,PAYREF884FC899D5,
PAY005644,C0933,A0054,,2229.68,ZAR,2025-12-25,DEBIT_ORDER,COMPLETED,PAYREFF1650BE8C9,
PAY005645,C0646,A0185,POL0666,857.2,ZAR,2025-11-02,CASH,COMPLETED,PAYREFD35B42EDDC,
PAY005646,C0384,A0623,POL0701,1400.81,ZAR,2025-06-26,CASH,COMPLETED,PAYREF8C138E56D2,
PAY005647,C0899,A0889,,2757.78,ZAR,2026-04-06,MOBILE,COMPLETED,PAYREF53C0F2771D,
PAY005648,C0199,A1271,POL0402,196.43,ZAR,2025-06-05,CARD,FAILED,PAYREF63F24A1679,Limit exceeded
PAY005649,C0131,A1031,,447.49,ZAR,2024-01-19,CARD,COMPLETED,PAYREF4DFA747285,
PAY005650,C0976,A1423,POL0108,2718.98,ZAR,2024-12-21,CASH,COMPLETED,PAYREF43766B5DB5,
PAY005651,C0480,A0574,POL0116,1208.88,ZAR,2024-01-10,EFT,COMPLETED,PAYREFD66680B2A7,
PAY005652,C0907,A1446,,1355.43,ZAR,2026-06-02,CASH,COMPLETED,PAYREF0932E7E194,
PAY005653,C0124,A1480,POL0479,2233.63,ZAR,2024-10-22,EFT,REVERSED,PAYREFE389B88C5A,
PAY005654,C0092,A0087,POL0562,450.52,ZAR,2025-06-03,MOBILE,COMPLETED,PAYREF989ABB7226,
PAY005655,C0438,A0843,POL0529,3149.73,ZAR,2025-02-18,MOBILE,COMPLETED,PAYREF6EAB4203A2,
PAY005656,C0699,A0863,POL0480,2489.37,ZAR,2025-02-06,CASH,COMPLETED,PAYREF83FD693F3A,
PAY005657,C0247,A1248,POL0365,1391.75,ZAR,2025-04-07,DEBIT_ORDER,COMPLETED,PAYREF2C74DB7789,
PAY005658,C0420,A0670,POL0107,1751.33,ZAR,2024-08-02,CARD,COMPLETED,PAYREF92D355BBE6,
PAY005659,C0521,A0208,POL0365,3515.63,ZAR,2026-06-11,EFT,COMPLETED,PAYREF16DBC65CA0,
PAY005660,C0853,A1280,,605.56,ZAR,2026-04-24,EFT,COMPLETED,PAYREFB13A3E32CF,
PAY005661,C0424,A1106,POL0497,2124.64,ZAR,2026-06-03,DEBIT_ORDER,COMPLETED,PAYREFBC6BC6E1B9,
PAY005662,C0252,A1406,POL0444,6275.18,ZAR,2024-12-13,CASH,COMPLETED,PAYREFC113268322,
PAY005663,C0304,A0320,,2081.05,ZAR,2024-03-06,DEBIT_ORDER,PENDING,PAYREFA3E74042F2,
PAY005664,C0786,A0768,POL0688,877.97,ZAR,2026-07-28,CARD,PENDING,PAYREFFCBC7558D7,
PAY005665,C0340,A1159,POL0657,11138.98,ZAR,2025-09-03,CARD,COMPLETED,PAYREFBE65449F11,
PAY005666,C0657,A1300,,1381.35,ZAR,2026-04-09,CARD,COMPLETED,PAYREF3D77CB8316,
PAY005667,C0901,A1161,POL0559,4440.81,ZAR,2025-11-05,MOBILE,COMPLETED,PAYREFF3A2E55219,
PAY005668,C0644,A0564,POL0054,719.44,ZAR,2025-08-17,DEBIT_ORDER,COMPLETED,PAYREFE99F87941D,
PAY005669,C0599,A0409,POL0781,3190.08,ZAR,2026-08-26,EFT,COMPLETED,PAYREF3D86FD3CA2,
PAY005670,C0284,A0145,POL0528,634.97,ZAR,2025-04-25,CARD,COMPLETED,PAYREF5FC9F9B8BC,
PAY005671,C0954,A0878,POL0256,1515.32,ZAR,2025-03-31,EFT,COMPLETED,PAYREF2B67798AAF,
PAY005672,C0394,A1482,POL0186,597.8,ZAR,2025-05-01,CARD,COMPLETED,PAYREFB62EF9CEAE,
PAY005673,C0606,A0604,POL0680,7340.45,ZAR,2026-01-22,CARD,COMPLETED,PAYREFEEF8062227,
PAY005674,C0235,A0249,,879.07,ZAR,2026-04-12,CASH,FAILED,PAYREF08867BD107,Limit exceeded
PAY005675,C0787,A0590,POL0753,362.15,ZAR,2026-04-21,CARD,COMPLETED,PAYREF8D6F6F8547,
PAY005676,C0092,A0855,POL0370,1206.07,ZAR,2026-07-21,EFT,COMPLETED,PAYREFA5EA130207,
PAY005677,C0049,A0144,POL0227,1876.37,ZAR,2026-06-15,CARD,COMPLETED,PAYREFDEF95A7B64,
PAY005678,C0024,A1244,POL0666,1067.85,ZAR,2025-07-17,EFT,COMPLETED,PAYREF81882E32CC,
PAY005679,C0615,A0845,POL0407,486.23,ZAR,2024-09-16,CARD,COMPLETED,PAYREFD05B12F9A8,
PAY005680,C0026,A0252,POL0172,3094.3,ZAR,2024-12-15,DEBIT_ORDER,COMPLETED,PAYREF9C8E521E2A,
PAY005681,C0920,A0531,POL0201,3862.93,ZAR,2024-12-26,EFT,COMPLETED,PAYREF70F3408F49,
PAY005682,C0452,A1261,POL0709,211.04,ZAR,2025-11-24,DEBIT_ORDER,PENDING,PAYREFBABA8AD213,
PAY005683,C0683,A0454,POL0082,456.22,ZAR,2024-01-05,EFT,COMPLETED,PAYREF81FD09D585,
PAY005684,C0187,A1295,,935.02,ZAR,2025-10-06,CASH,COMPLETED,PAYREFA154AD5264,
PAY005685,C0727,A1026,,644.89,ZAR,2024-03-12,EFT,COMPLETED,PAYREF033F536411,
PAY005686,C0476,A0129,POL0314,1855.58,ZAR,2024-10-02,EFT,COMPLETED,PAYREFC76F2CB3E5,
PAY005687,C0507,A1318,POL0555,6901.38,ZAR,2025-10-29,EFT,COMPLETED,PAYREFC2E83351F4,
PAY005688,C0714,A0940,,749.26,ZAR,2026-04-29,CARD,COMPLETED,PAYREF12C262959A,
PAY005689,C0785,A0344,POL0182,5306.68,ZAR,2024-03-25,EFT,COMPLETED,PAYREF856B9B5FB2,
PAY005690,C0421,A1267,,252.56,ZAR,2025-05-22,CASH,COMPLETED,PAYREF28ABA5D49F,
PAY005691,C0564,A0177,POL0763,1729.89,ZAR,2024-04-05,MOBILE,COMPLETED,PAYREFBF04B4EA0A,
PAY005692,C0201,A1296,POL0696,605.04,ZAR,2024-03-07,MOBILE,PENDING,PAYREFA580274DAD,
PAY005693,C0928,A0880,POL0322,1767.62,ZAR,2026-03-16,MOBILE,COMPLETED,PAYREFDBF0989584,
PAY005694,C0225,A0799,POL0378,189.27,ZAR,2025-10-28,EFT,FAILED,PAYREF46145BCB81,Limit exceeded
PAY005695,C0345,A0420,POL0203,303.27,ZAR,2025-10-24,CASH,REVERSED,PAYREF3E8409F578,
PAY005696,C0239,A0351,POL0689,1763.95,ZAR,2026-09-15,MOBILE,COMPLETED,PAYREF551F5270D3,
PAY005697,C0135,A1384,POL0021,584.06,ZAR,2025-02-05,MOBILE,COMPLETED,PAYREF7FAE1FE89D,
PAY005698,C0609,A0933,,793.84,ZAR,2025-11-02,MOBILE,COMPLETED,PAYREF64B05D7B74,
PAY005699,C0193,A1188,POL0585,6879.39,ZAR,2025-08-30,MOBILE,COMPLETED,PAYREFD0D7DE18F7,
PAY005700,C0458,A0484,POL0735,1258.37,ZAR,2026-06-21,CASH,COMPLETED,PAYREF79DDD9597D,
PAY005701,C0354,A1215,POL0099,2701.38,ZAR,2024-09-21,CARD,COMPLETED,PAYREFC601596DD6,
PAY005702,C0187,A0136,POL0306,513.23,ZAR,2026-05-09,EFT,COMPLETED,PAYREF59C8BF9AC1,
PAY005703,C0607,A0346,POL0750,286.8,ZAR,2025-11-18,EFT,COMPLETED,PAYREF1DEF3DC55E,
PAY005704,C0010,A0483,,1011.58,ZAR,2026-04-29,CARD,COMPLETED,PAYREF760996393F,
PAY005705,C0016,A0644,POL0628,247.04,ZAR,2025-10-09,DEBIT_ORDER,PENDING,PAYREFD21466E765,
PAY005706,C0733,A0221,POL0691,545.34,ZAR,2025-05-12,MOBILE,COMPLETED,PAYREF9308A0D141,
PAY005707,C0559,A0978,POL0463,1390.97,ZAR,2024-07-21,MOBILE,COMPLETED,PAYREF0FD2BCD45A,
PAY005708,C0408,A1254,POL0380,981.16,ZAR,2024-06-03,EFT,COMPLETED,PAYREFC0F7CD1F79,
PAY005709,C0287,A1393,POL0263,1532.29,ZAR,2025-04-13,CARD,COMPLETED,PAYREFA06F727C1E,
PAY005710,C0050,A0224,,1998.83,ZAR,2025-05-02,DEBIT_ORDER,COMPLETED,PAYREF991444FED2,
PAY005711,C0300,A0228,,331.71,ZAR,2025-03-24,DEBIT_ORDER,PENDING,PAYREFF4F17C31E5,
PAY005712,C0430,A0425,,427.55,ZAR,2025-08-14,CARD,COMPLETED,PAYREF7486C9A108,
PAY005713,C0476,A0254,,124.14,ZAR,2025-09-30,CARD,COMPLETED,PAYREFEFDCD993C2,
PAY005714,C0591,A1274,POL0554,757.09,ZAR,2025-04-19,CASH,COMPLETED,PAYREF55E1AC69FF,
PAY005715,C0303,A1068,,2291.03,ZAR,2025-03-04,EFT,COMPLETED,PAYREFE45BDBA207,
PAY005716,C0056,A0493,POL0392,4872.08,ZAR,2025-06-11,CASH,PENDING,PAYREF49CE7B13E4,
PAY005717,C0107,A1480,POL0376,1326.74,ZAR,2026-02-02,MOBILE,COMPLETED,PAYREFB1B94B81EB,
PAY005718,C0446,A0040,POL0460,4329.59,ZAR,2024-08-04,EFT,PENDING,PAYREFB66487E393,
PAY005719,C0227,A0103,,1609.74,ZAR,2024-02-07,CASH,COMPLETED,PAYREF3831F299D6,
PAY005720,C0126,A0105,POL0156,1221.03,ZAR,2024-05-12,CASH,COMPLETED,PAYREFF8516D720E,
PAY005721,C0104,A0656,POL0406,595.09,ZAR,2024-09-06,DEBIT_ORDER,FAILED,PAYREF04A13A0D6A,Insufficient funds
PAY005722,C0543,A0117,,100.97,ZAR,2026-08-25,MOBILE,COMPLETED,PAYREF80766DDC0E,
PAY005723,C0427,A1069,POL0701,3726.37,ZAR,2025-01-14,DEBIT_ORDER,COMPLETED,PAYREFD2BB2F9060,
PAY005724,C0307,A1157,POL0464,1039.79,ZAR,2024-01-24,EFT,COMPLETED,PAYREFAA00C695AB,
PAY005725,C0035,A1286,POL0082,4395.32,ZAR,2024-01-13,CASH,COMPLETED,PAYREF25778E7C40,
PAY005726,C0655,A1025,POL0506,424.27,ZAR,2026-04-25,DEBIT_ORDER,COMPLETED,PAYREF31EA6F2C37,
PAY005727,C0870,A0062,,12441.84,ZAR,2025-11-28,CARD,COMPLETED,PAYREF4F78A91EC6,
PAY005728,C0345,A0153,,855.1,ZAR,2024-08-26,CARD,PENDING,PAYREF67B2285A74,
PAY005729,C0551,A0136,POL0627,548.84,ZAR,2025-02-20,MOBILE,COMPLETED,PAYREF80F103D1CC,
PAY005730,C0688,A0072,POL0642,884.9,ZAR,2026-08-29,MOBILE,FAILED,PAYREF522FBC6B6D,Account closed
PAY005731,C0068,A1437,POL0238,1300.44,ZAR,2025-03-29,EFT,COMPLETED,PAYREF9F921D441B,
PAY005732,C0216,A0154,POL0542,1022.59,ZAR,2024-02-21,MOBILE,PENDING,PAYREF98AFA4F0A3,
PAY005733,C0336,A0248,,655.02,ZAR,2026-07-29,EFT,COMPLETED,PAYREF731CD925F4,
PAY005734,C0221,A0127,,180.65,ZAR,2026-07-03,CARD,PENDING,PAYREF13C32DA05E,
PAY005735,C0967,A0853,POL0529,490.62,ZAR,2025-01-12,CASH,COMPLETED,PAYREFFEB25CCC3E,
PAY005736,C0028,A0777,,3211.31,ZAR,2024-06-14,MOBILE,COMPLETED,PAYREF79048C903C,
PAY005737,C0474,A0835,POL0440,454.99,ZAR,2026-06-11,CASH,COMPLETED,PAYREF1EB86E0B71,
PAY005738,C0123,A0445,,196.97,ZAR,2026-08-21,CARD,COMPLETED,PAYREFD7D91D87A8,
PAY005739,C0593,A0359,,381.65,ZAR,2025-02-25,CARD,COMPLETED,PAYREF72F7EF3A61,
PAY005740,C0622,A0318,,1003.6,ZAR,2024-12-25,EFT,COMPLETED,PAYREFC2B15D84EB,
PAY005741,C0762,A0750,,513.26,ZAR,2024-10-28,CARD,COMPLETED,PAYREF6F76FFEF1A,
PAY005742,C0963,A0525,POL0348,828.95,ZAR,2024-09-29,CASH,COMPLETED,PAYREFEF0146F463,
PAY005743,C0050,A0084,POL0458,493.51,ZAR,2025-11-28,EFT,COMPLETED,PAYREFC47E56D92A,
PAY005744,C0525,A0892,POL0704,3010.15,ZAR,2024-07-05,CASH,COMPLETED,PAYREF361A121AA8,
PAY005745,C0033,A0696,POL0382,1791.57,ZAR,2026-01-03,EFT,COMPLETED,PAYREFD478C1179A,
PAY005746,C0551,A1434,POL0296,10076.48,ZAR,2026-08-22,EFT,COMPLETED,PAYREFB32EED5A1B,
PAY005747,C0395,A1311,,748.66,ZAR,2025-10-25,CARD,COMPLETED,PAYREF10DD9CEFAC,
PAY005748,C0779,A0171,POL0053,824.78,ZAR,2024-09-23,CASH,COMPLETED,PAYREFCA13F533AE,
PAY005749,C0587,A1136,POL0733,3581.37,ZAR,2025-04-16,DEBIT_ORDER,COMPLETED,PAYREFB3D6C718AF,
PAY005750,C0796,A1091,,1621.34,ZAR,2026-01-27,EFT,COMPLETED,PAYREF6FAE2BB8BB,
PAY005751,C0321,A1162,POL0184,427.73,ZAR,2025-11-06,MOBILE,COMPLETED,PAYREF544340A901,
PAY005752,C0652,A1101,,1912.99,ZAR,2025-01-26,CASH,PENDING,PAYREF91FA19AC52,
PAY005753,C0735,A1001,POL0469,1630.32,ZAR,2025-01-23,CARD,COMPLETED,PAYREF8A36C772DC,
PAY005754,C0668,A0634,,182.4,ZAR,2024-01-09,EFT,COMPLETED,PAYREFF85E1FB00C,
PAY005755,C0091,A1412,POL0015,571.74,ZAR,2026-02-16,EFT,REVERSED,PAYREF6335494A83,
PAY005756,C0091,A0316,,1326.53,ZAR,2025-03-25,EFT,COMPLETED,PAYREF5585D3BC4F,
PAY005757,C0055,A0775,,4657.71,ZAR,2025-06-06,CARD,COMPLETED,PAYREFC3DADDE63F,
PAY005758,C0858,A0082,,2203.93,ZAR,2025-03-23,DEBIT_ORDER,COMPLETED,PAYREFE59F17DD00,
PAY005759,C0694,A0761,POL0407,623.88,ZAR,2024-11-08,MOBILE,COMPLETED,PAYREF7E995F6146,
PAY005760,C0657,A0163,POL0086,540.12,ZAR,2026-06-22,MOBILE,COMPLETED,PAYREFD55BEA4D32,
PAY005761,C0110,A0675,,2435.08,ZAR,2026-07-29,CARD,COMPLETED,PAYREFC7D198360E,
PAY005762,C0423,A1013,,96.9,ZAR,2024-03-11,CASH,COMPLETED,PAYREF93CE95C515,
PAY005763,C0553,A1245,,489.03,ZAR,2024-08-30,CARD,COMPLETED,PAYREF50B3862BAB,
PAY005764,C0938,A1312,,4488.65,ZAR,2024-03-02,DEBIT_ORDER,COMPLETED,PAYREF15A45AB66B,
PAY005765,C0824,A0726,POL0263,1475.6,ZAR,2026-09-01,DEBIT_ORDER,COMPLETED,PAYREFF7AEB55EF5,
PAY005766,C0778,A0413,POL0524,513.55,ZAR,2024-04-26,EFT,COMPLETED,PAYREF37AFD83CA2,
PAY005767,C0171,A0502,,329.61,ZAR,2026-02-05,CARD,COMPLETED,PAYREF7B34CA1705,
PAY005768,C0485,A0998,,2539.53,ZAR,2024-10-05,CARD,COMPLETED,PAYREF27E7FE192A,
PAY005769,C0622,A0997,POL0327,1185.37,ZAR,2026-05-02,MOBILE,COMPLETED,PAYREF2B0DAE0D2D,
PAY005770,C0516,A0242,POL0726,881.2,ZAR,2025-06-15,MOBILE,COMPLETED,PAYREF00F3541AD9,
PAY005771,C0032,A1073,POL0193,1593.97,ZAR,2026-03-27,MOBILE,COMPLETED,PAYREF3579498460,
PAY005772,C0033,A0529,POL0457,1292.84,ZAR,2026-04-14,CARD,COMPLETED,PAYREF0DAD39E994,
PAY005773,C0049,A0599,,1197.4,ZAR,2025-09-10,MOBILE,COMPLETED,PAYREF1DED1E2F5A,
PAY005774,C0176,A1276,POL0569,291.73,ZAR,2025-06-21,CASH,PENDING,PAYREF655C7E9770,
PAY005775,C0439,A0372,POL0490,392.91,ZAR,2025-06-18,EFT,COMPLETED,PAYREFEC8A1B6843,
PAY005776,C0791,A1036,,2317.58,ZAR,2026-05-03,DEBIT_ORDER,COMPLETED,PAYREFBBBE30193C,
PAY005777,C0895,A1009,,1918.22,ZAR,2025-05-13,EFT,FAILED,PAYREF3D1FEA16B4,Limit exceeded
PAY005778,C0575,A1452,,1606.99,ZAR,2025-03-08,CASH,COMPLETED,PAYREF2E127E619D,
PAY005779,C0735,A0574,,610.02,ZAR,2026-04-29,EFT,COMPLETED,PAYREF0F53BF960B,
PAY005780,C0511,A1102,,2357.11,ZAR,2025-03-02,MOBILE,REVERSED,PAYREFBA534BDF56,
PAY005781,C0238,A1266,POL0559,756.92,ZAR,2025-07-06,MOBILE,COMPLETED,PAYREF34033DA2E6,
PAY005782,C0192,A0060,POL0538,4030.05,ZAR,2026-07-21,EFT,COMPLETED,PAYREF6D624AE421,
PAY005783,C0453,A0665,POL0703,519.66,ZAR,2026-03-13,DEBIT_ORDER,COMPLETED,PAYREF3BCBAFB77C,
PAY005784,C0219,A0308,POL0035,648.53,ZAR,2024-10-23,EFT,COMPLETED,PAYREF2E6512B07D,
PAY005785,C0766,A0747,,942.51,ZAR,2026-02-12,CASH,COMPLETED,PAYREF5A5A656FE6,
PAY005786,C0678,A0981,POL0553,2558.82,ZAR,2025-04-21,MOBILE,COMPLETED,PAYREF516329035E,
PAY005787,C0056,A0078,POL0482,1058.83,ZAR,2026-09-15,MOBILE,PENDING,PAYREF4BF74A94CB,
PAY005788,C0386,A0582,POL0071,1138.75,ZAR,2025-06-27,CASH,COMPLETED,PAYREF801200992D,
PAY005789,C0645,A0236,POL0326,741.3,ZAR,2025-01-09,DEBIT_ORDER,COMPLETED,PAYREFA5F19A81FD,
PAY005790,C0384,A0547,POL0424,1433.81,ZAR,2024-04-28,CARD,COMPLETED,PAYREF78DDEA023D,
PAY005791,C0065,A1394,,1021.75,ZAR,2025-12-06,EFT,COMPLETED,PAYREFB0D962A145,
PAY005792,C0891,A0508,POL0795,500.55,ZAR,2024-04-25,MOBILE,COMPLETED,PAYREF4F2D1BDE16,
PAY005793,C0469,A0425,POL0341,1245.5,ZAR,2025-09-24,EFT,REVERSED,PAYREFB80B0D8501,
PAY005794,C0522,A1279,POL0278,1275.14,ZAR,2024-02-28,DEBIT_ORDER,COMPLETED,PAYREFBC8D70F8B8,
PAY005795,C0652,A1275,POL0167,11496.53,ZAR,2025-08-11,MOBILE,COMPLETED,PAYREFD52B18BAC5,
PAY005796,C0328,A0317,POL0629,595.25,ZAR,2024-05-17,CARD,COMPLETED,PAYREFD14BAEB73E,
PAY005797,C0401,A1073,POL0090,473.72,ZAR,2025-02-05,CASH,REVERSED,PAYREF3E0E6E2BDD,
PAY005798,C0183,A0434,POL0692,1449.59,ZAR,2024-01-04,EFT,COMPLETED,PAYREF66CA4DF793,
PAY005799,C0384,A0466,POL0016,406.33,ZAR,2024-08-02,CASH,COMPLETED,PAYREFBCC082D9CD,
PAY005800,C0014,A0349,,375.01,ZAR,2025-05-11,MOBILE,COMPLETED,PAYREF7D0D68C02E,
PAY005801,C0562,A1350,POL0304,260.63,ZAR,2025-10-09,EFT,COMPLETED,PAYREF9B61E4943B,
PAY005802,C0694,A0859,POL0494,505.44,ZAR,2024-05-19,CARD,COMPLETED,PAYREFE7BB8D93B8,
PAY005803,C0981,A0683,POL0367,518.07,ZAR,2026-07-24,CARD,COMPLETED,PAYREF43E6D272F2,
PAY005804,C0517,A0233,POL0019,303.91,ZAR,2024-10-04,CASH,REVERSED,PAYREF689ED045FA,
PAY005805,C0738,A0547,,853.82,ZAR,2024-03-03,MOBILE,COMPLETED,PAYREF48212808DB,
PAY005806,C0343,A0322,,102.93,ZAR,2024-12-23,DEBIT_ORDER,COMPLETED,PAYREFE411D82438,
PAY005807,C0235,A1387,POL0647,1793.22,ZAR,2025-01-30,CARD,COMPLETED,PAYREF65F3889939,
PAY005808,C0749,A1229,,628.42,ZAR,2025-09-25,DEBIT_ORDER,PENDING,PAYREFD1A6372F4C,
PAY005809,C0677,A0095,,727.94,ZAR,2024-03-06,CASH,COMPLETED,PAYREF0735900163,
PAY005810,C0642,A0456,,1972.14,ZAR,2026-02-13,CASH,COMPLETED,PAYREFEFCE79F6B7,
PAY005811,C0925,A1343,POL0121,1590.4,ZAR,2025-02-16,MOBILE,COMPLETED,PAYREFC8FBA4283C,
PAY005812,C0447,A1141,POL0431,584.11,ZAR,2024-02-15,DEBIT_ORDER,COMPLETED,PAYREFF6967BA0DF,
PAY005813,C0999,A0749,POL0504,1722.95,ZAR,2025-07-02,CARD,COMPLETED,PAYREF051B86A294,
PAY005814,C0851,A1142,POL0302,5161.05,ZAR,2026-09-08,CARD,FAILED,PAYREF1E66A033B4,Limit exceeded
PAY005815,C0973,A0307,POL0550,398.54,ZAR,2024-01-23,CARD,REVERSED,PAYREFF212039752,
PAY005816,C0377,A0364,POL0559,2330.35,ZAR,2024-02-02,CARD,PENDING,PAYREF14913111D2,
PAY005817,C0194,A1422,POL0610,360.28,ZAR,2026-02-08,CASH,PENDING,PAYREFD2AA6DCC0A,
PAY005818,C0941,A1204,POL0590,3552.57,ZAR,2025-09-03,DEBIT_ORDER,COMPLETED,PAYREFB58BD385E3,
PAY005819,C0585,A0919,POL0056,538.12,ZAR,2025-06-29,CASH,COMPLETED,PAYREF58553578FB,
PAY005820,C0093,A0220,POL0284,517.95,ZAR,2024-09-04,EFT,COMPLETED,PAYREF64BE8B6E83,
PAY005821,C0350,A1162,POL0654,3460.64,ZAR,2025-10-31,CASH,COMPLETED,PAYREF882DA2A2B0,
PAY005822,C0279,A0572,POL0382,2256.51,ZAR,2025-09-22,MOBILE,COMPLETED,PAYREF9A3DB3A53C,
PAY005823,C0468,A0876,POL0048,556.08,ZAR,2026-04-21,EFT,COMPLETED,PAYREF080F05668E,
PAY005824,C0187,A1219,POL0332,1245.6,ZAR,2024-03-01,CARD,COMPLETED,PAYREF9F84894E14,
PAY005825,C0675,A1298,,539.18,ZAR,2025-08-02,DEBIT_ORDER,COMPLETED,PAYREF7117C5D9D0,
PAY005826,C0508,A1075,POL0588,223.02,ZAR,2025-12-23,CARD,PENDING,PAYREF3249D74059,
PAY005827,C0156,A0961,POL0230,1325.16,ZAR,2026-04-25,CARD,COMPLETED,PAYREF374DF81AE0,
PAY005828,C0989,A1294,,767.84,ZAR,2025-09-29,DEBIT_ORDER,COMPLETED,PAYREFD898994A0A,
PAY005829,C0361,A1211,POL0380,425.88,ZAR,2024-05-09,EFT,FAILED,PAYREF6FF1612275,Technical error
PAY005830,C0514,A0949,POL0233,4042.89,ZAR,2025-05-24,CARD,COMPLETED,PAYREFC0EB2B5468,
PAY005831,C0993,A0187,,440.53,ZAR,2025-09-05,CARD,COMPLETED,PAYREFF609DBDFB2,
PAY005832,C0821,A0907,POL0300,1266.46,ZAR,2026-01-05,DEBIT_ORDER,COMPLETED,PAYREFCBB5A58261,
PAY005833,C0498,A1226,,3228.95,ZAR,2024-02-14,CASH,COMPLETED,PAYREF093D8F3C16,
PAY005834,C0699,A0657,POL0123,848.9,ZAR,2026-03-18,EFT,COMPLETED,PAYREF5DCBFA3E61,
PAY005835,C0150,A0598,,526.28,ZAR,2024-09-19,CASH,COMPLETED,PAYREF219A907FAC,
PAY005836,C0870,A0778,,1476.97,ZAR,2025-08-25,DEBIT_ORDER,COMPLETED,PAYREF74CB63E4B5,
PAY005837,C0001,A0450,,1729.69,ZAR,2026-03-17,CARD,COMPLETED,PAYREF2D149BCC60,
PAY005838,C0456,A0067,,2634.8,ZAR,2024-05-07,CASH,COMPLETED,PAYREF2E7D2609FA,
PAY005839,C0640,A0511,,7123.89,ZAR,2026-08-20,EFT,FAILED,PAYREF9E72A7DFCF,Invalid account
PAY005840,C0690,A0916,POL0110,694.16,ZAR,2024-10-24,MOBILE,COMPLETED,PAYREF7BEB378CE3,
PAY005841,C0692,A0012,,1333.89,ZAR,2024-10-30,CARD,COMPLETED,PAYREF4947F2298A,
PAY005842,C0284,A0549,,308.2,ZAR,2024-08-12,CARD,PENDING,PAYREF6F98FDF7B1,
PAY005843,C0651,A0556,,2135.33,ZAR,2024-01-30,CASH,COMPLETED,PAYREFBE97405389,
PAY005844,C0703,A0695,,1317.8,ZAR,2024-05-24,MOBILE,COMPLETED,PAYREF436F08FC60,
PAY005845,C0393,A1432,,917.19,ZAR,2025-03-29,MOBILE,COMPLETED,PAYREFA6575FFD3A,
PAY005846,C0407,A0260,POL0510,591.07,ZAR,2025-09-19,CASH,COMPLETED,PAYREF76FDEB7D29,
PAY005847,C0295,A0751,,774.0,ZAR,2024-08-11,MOBILE,COMPLETED,PAYREF96E7437643,
PAY005848,C0832,A0142,,1388.99,ZAR,2026-08-07,CASH,PENDING,PAYREF9DF7CA73D3,
PAY005849,C0983,A1308,POL0387,417.31,ZAR,2026-06-21,MOBILE,COMPLETED,PAYREF4B937B1468,
PAY005850,C0827,A0526,POL0783,806.64,ZAR,2025-12-01,DEBIT_ORDER,COMPLETED,PAYREF83B5BBBC23,
PAY005851,C0335,A0891,POL0748,1115.08,ZAR,2025-02-17,DEBIT_ORDER,COMPLETED,PAYREF9BA05C45E3,
PAY005852,C0613,A1428,POL0488,235.19,ZAR,2026-06-16,DEBIT_ORDER,PENDING,PAYREFC8BBFD5C3F,
PAY005853,C0171,A0689,POL0467,383.26,ZAR,2026-06-13,EFT,FAILED,PAYREFD3BD346639,Technical error
PAY005854,C0254,A0542,POL0691,566.79,ZAR,2024-05-12,CARD,COMPLETED,PAYREF99792DCAD6,
PAY005855,C0807,A0220,POL0644,5261.82,ZAR,2025-08-08,CARD,COMPLETED,PAYREF07A4BA6954,
PAY005856,C0103,A0818,,477.84,ZAR,2026-05-20,CASH,COMPLETED,PAYREF5F5DAA4839,
PAY005857,C0094,A0844,POL0735,1037.13,ZAR,2024-01-15,EFT,COMPLETED,PAYREFE2615939CC,
PAY005858,C0318,A0756,POL0089,387.39,ZAR,2025-10-26,MOBILE,COMPLETED,PAYREF43520E0ABC,
PAY005859,C0710,A0988,,504.51,ZAR,2026-07-05,MOBILE,COMPLETED,PAYREFA2515F271D,
PAY005860,C0718,A1126,POL0721,259.56,ZAR,2025-11-06,DEBIT_ORDER,COMPLETED,PAYREF1DCFC44F7A,
PAY005861,C0414,A0082,POL0347,2143.73,ZAR,2025-04-03,DEBIT_ORDER,COMPLETED,PAYREFFD6C10805B,
PAY005862,C0288,A1061,,291.33,ZAR,2026-09-05,CARD,COMPLETED,PAYREFA87950926C,
PAY005863,C0262,A0773,POL0303,2716.26,ZAR,2026-04-07,EFT,COMPLETED,PAYREFB8BEBBA598,
PAY005864,C0108,A0812,,1750.92,ZAR,2026-07-13,DEBIT_ORDER,COMPLETED,PAYREFCC73343A4E,
PAY005865,C0926,A0272,POL0089,1016.99,ZAR,2026-04-21,CASH,COMPLETED,PAYREFFAB69A29F0,
PAY005866,C0982,A0208,,2807.43,ZAR,2024-05-06,CARD,COMPLETED,PAYREFDB6A3182A3,
PAY005867,C0383,A1043,POL0121,24421.06,ZAR,2024-06-05,CASH,COMPLETED,PAYREF49663F0768,
PAY005868,C0597,A0218,POL0630,1767.86,ZAR,2025-12-21,DEBIT_ORDER,COMPLETED,PAYREF324A22476A,
PAY005869,C0317,A1485,POL0762,357.79,ZAR,2024-04-26,EFT,COMPLETED,PAYREF6DD1883BCF,
PAY005870,C0459,A0517,POL0618,4861.09,ZAR,2024-12-24,MOBILE,COMPLETED,PAYREF69BB888A19,
PAY005871,C0835,A1262,POL0207,1320.96,ZAR,2024-02-06,MOBILE,COMPLETED,PAYREF4AF4439DBB,
PAY005872,C0983,A0374,POL0130,9055.46,ZAR,2024-12-23,MOBILE,COMPLETED,PAYREF967C9697AB,
PAY005873,C0037,A0291,,661.13,ZAR,2024-12-21,EFT,COMPLETED,PAYREF23853476DA,
PAY005874,C0428,A1095,,3951.87,ZAR,2024-06-02,CASH,COMPLETED,PAYREFD66D0BAC0F,
PAY005875,C0382,A1141,,1096.46,ZAR,2024-05-22,EFT,COMPLETED,PAYREFD24D66C3EC,
PAY005876,C0359,A1456,POL0532,15626.58,ZAR,2025-02-28,CARD,COMPLETED,PAYREF9C1C962603,
PAY005877,C0697,A0917,POL0439,827.49,ZAR,2026-09-15,DEBIT_ORDER,COMPLETED,PAYREF24B3BE501A,
PAY005878,C0070,A0280,POL0087,22063.25,ZAR,2025-11-11,CASH,COMPLETED,PAYREF016376989E,
PAY005879,C0998,A0885,,1702.45,ZAR,2026-01-21,DEBIT_ORDER,COMPLETED,PAYREF0B173D754C,
PAY005880,C0186,A0532,POL0593,2557.96,ZAR,2024-04-23,EFT,REVERSED,PAYREFBFE587DDF9,
PAY005881,C0300,A0394,POL0426,6004.91,ZAR,2025-11-18,DEBIT_ORDER,PENDING,PAYREF9FAE6A6D51,
PAY005882,C0128,A1132,POL0104,498.82,ZAR,2025-09-07,DEBIT_ORDER,COMPLETED,PAYREF03C2544BE8,
PAY005883,C0644,A0421,,2890.25,ZAR,2024-05-07,CASH,COMPLETED,PAYREFE5C58723BA,
PAY005884,C0424,A0975,POL0663,818.31,ZAR,2025-01-02,EFT,COMPLETED,PAYREF1A15F3D1BA,
PAY005885,C0180,A1038,,1275.53,ZAR,2026-03-17,EFT,COMPLETED,PAYREF1B20EEF7B0,
PAY005886,C0987,A1415,POL0237,1191.61,ZAR,2025-12-16,CASH,FAILED,PAYREF5F0F48BACD,Insufficient funds
PAY005887,C0808,A0052,,1943.82,ZAR,2026-04-28,CASH,COMPLETED,PAYREF160F5AF7EF,
PAY005888,C0855,A1418,,1863.45,ZAR,2025-07-27,CARD,COMPLETED,PAYREF4906BAA24A,
PAY005889,C0681,A1225,POL0064,616.96,ZAR,2024-10-23,CASH,FAILED,PAYREFFD37BA132B,Limit exceeded
PAY005890,C0757,A1364,POL0100,1242.47,ZAR,2025-08-19,CARD,COMPLETED,PAYREFF475AB4D59,
PAY005891,C0978,A0322,,106.24,ZAR,2025-06-28,MOBILE,COMPLETED,PAYREF79ECAA1324,
PAY005892,C0575,A0840,POL0053,2951.81,ZAR,2026-01-08,CARD,PENDING,PAYREF7E9663205B,
PAY005893,C0225,A0828,,5966.65,ZAR,2025-05-24,EFT,COMPLETED,PAYREF4F84C4DB92,
PAY005894,C0757,A0479,,1326.94,ZAR,2024-05-08,CASH,REVERSED,PAYREFA2B1B506BB,
PAY005895,C0604,A0901,POL0379,220.08,ZAR,2024-11-12,MOBILE,PENDING,PAYREFEF40D5BE89,
PAY005896,C0390,A0523,,2305.26,ZAR,2026-08-04,MOBILE,COMPLETED,PAYREF2DE416BA83,
PAY005897,C0431,A1061,POL0139,510.93,ZAR,2024-12-29,EFT,COMPLETED,PAYREFFCE5948727,
PAY005898,C0634,A1438,POL0794,1315.95,ZAR,2024-02-23,CASH,COMPLETED,PAYREFC6CD2EC7CD,
PAY005899,C0153,A0522,POL0192,2176.58,ZAR,2024-02-02,EFT,COMPLETED,PAYREF9CA2074F84,
PAY005900,C0141,A1278,,1894.01,ZAR,2025-11-03,DEBIT_ORDER,PENDING,PAYREF946F640B33,
PAY005901,C0315,A0279,POL0068,3232.0,ZAR,2024-08-14,EFT,COMPLETED,PAYREF30210BC074,
PAY005902,C0240,A1398,,1269.5,ZAR,2024-11-21,CARD,COMPLETED,PAYREFED81216D96,
PAY005903,C0852,A0048,POL0373,1304.22,ZAR,2026-05-15,MOBILE,COMPLETED,PAYREF7E15DB60D8,
PAY005904,C0492,A0107,POL0584,2291.11,ZAR,2026-08-08,MOBILE,FAILED,PAYREF456A00E975,Account closed
PAY005905,C0701,A0734,,1021.07,ZAR,2026-05-11,DEBIT_ORDER,COMPLETED,PAYREFF8254E1913,
PAY005906,C0562,A1467,POL0754,551.2,ZAR,2026-05-15,EFT,PENDING,PAYREF578CA75BEF,
PAY005907,C0613,A1340,,1723.34,ZAR,2025-10-29,DEBIT_ORDER,COMPLETED,PAYREF9D4C70B6AE,
PAY005908,C0894,A1192,,354.65,ZAR,2025-10-18,CASH,COMPLETED,PAYREFEFD6E0E885,
PAY005909,C0933,A1470,,1011.42,ZAR,2025-07-27,MOBILE,COMPLETED,PAYREFFE137E749A,
PAY005910,C0115,A1125,,276.5,ZAR,2026-01-20,CASH,COMPLETED,PAYREF1D9900686D,
PAY005911,C0891,A0346,,629.66,ZAR,2024-03-07,CARD,COMPLETED,PAYREF9EB1CF44B4,
PAY005912,C0223,A1339,POL0127,656.33,ZAR,2024-08-02,CASH,COMPLETED,PAYREF0D19D13B14,
PAY005913,C0787,A0968,,409.85,ZAR,2026-04-26,CARD,COMPLETED,PAYREFE73D450571,
PAY005914,C0067,A1100,,3296.22,ZAR,2026-07-10,MOBILE,COMPLETED,PAYREFF635BA7FC6,
PAY005915,C0168,A1441,POL0283,3035.08,ZAR,2026-02-16,EFT,FAILED,PAYREFF9423937EB,Insufficient funds
PAY005916,C0258,A0309,,4080.65,ZAR,2024-01-10,MOBILE,COMPLETED,PAYREFA32B8A8E21,
PAY005917,C0669,A1388,,908.83,ZAR,2024-09-13,CARD,COMPLETED,PAYREF2E1ACA1CFF,
PAY005918,C0891,A1456,,710.8,ZAR,2025-02-03,CARD,COMPLETED,PAYREFFE176CFB3B,
PAY005919,C0678,A0386,,2449.37,ZAR,2025-10-14,CASH,COMPLETED,PAYREFA32821782D,
PAY005920,C0698,A0311,,1246.9,ZAR,2024-08-30,MOBILE,COMPLETED,PAYREF03B6221931,
PAY005921,C0970,A0290,,1240.81,ZAR,2026-04-23,DEBIT_ORDER,COMPLETED,PAYREFD52D43E4C8,
PAY005922,C0923,A0688,POL0362,86.16,ZAR,2024-01-04,CASH,COMPLETED,PAYREF84715F9196,
PAY005923,C0397,A0126,POL0135,2336.75,ZAR,2026-03-28,MOBILE,COMPLETED,PAYREFAC5C13A76A,
PAY005924,C0321,A1152,,2046.68,ZAR,2025-05-08,EFT,COMPLETED,PAYREF1112E1C876,
PAY005925,C0212,A1074,,1090.71,ZAR,2024-02-02,CASH,COMPLETED,PAYREFC4F90871C7,
PAY005926,C0503,A0303,,2479.59,ZAR,2025-02-27,MOBILE,COMPLETED,PAYREFE36D1B129E,
PAY005927,C0503,A1208,,2001.6,ZAR,2024-05-20,CASH,COMPLETED,PAYREF9B758CC67A,
PAY005928,C0932,A0045,POL0396,546.38,ZAR,2024-12-23,DEBIT_ORDER,COMPLETED,PAYREF20AC4CDD73,
PAY005929,C0693,A0096,POL0258,880.26,ZAR,2026-08-29,CASH,COMPLETED,PAYREFAC80930990,
PAY005930,C0024,A0933,POL0603,400.3,ZAR,2026-01-26,EFT,COMPLETED,PAYREF1CB31B8A6E,
PAY005931,C0417,A0592,,4732.64,ZAR,2024-08-11,DEBIT_ORDER,COMPLETED,PAYREFDB403ECB51,
PAY005932,C0187,A0848,,2913.7,ZAR,2025-06-29,DEBIT_ORDER,PENDING,PAYREFE58645BDD4,
PAY005933,C0981,A1431,POL0191,485.94,ZAR,2026-08-26,CARD,COMPLETED,PAYREF3B3CFE8402,
PAY005934,C0664,A0058,POL0712,2036.27,ZAR,2024-05-01,MOBILE,COMPLETED,PAYREF00FE18D5A6,
PAY005935,C0133,A0480,,1448.95,ZAR,2024-09-01,MOBILE,COMPLETED,PAYREFC96102DAD3,
PAY005936,C0763,A0019,,552.28,ZAR,2025-07-23,CASH,COMPLETED,PAYREF3D754AC923,
PAY005937,C0354,A1377,,1241.81,ZAR,2025-01-03,EFT,COMPLETED,PAYREF0F2A9609A5,
PAY005938,C0882,A1231,,2587.34,ZAR,2025-08-31,EFT,COMPLETED,PAYREF01B242E559,
PAY005939,C0829,A1409,,2807.13,ZAR,2026-08-03,CARD,COMPLETED,PAYREF9B5E10B02A,
PAY005940,C0028,A0583,POL0135,11293.51,ZAR,2026-02-11,CARD,COMPLETED,PAYREF9FF5F98CC7,
PAY005941,C0030,A0962,POL0686,1205.07,ZAR,2024-02-13,CASH,COMPLETED,PAYREF32EC5BE7DB,
PAY005942,C0395,A0763,POL0189,864.55,ZAR,2026-07-26,DEBIT_ORDER,FAILED,PAYREF695D751C01,Insufficient funds
PAY005943,C0910,A0977,,1923.96,ZAR,2024-08-19,CARD,COMPLETED,PAYREF5FC847B60A,
PAY005944,C0855,A0500,POL0185,913.28,ZAR,2025-11-11,CARD,COMPLETED,PAYREFE6415B55EA,
PAY005945,C0731,A0623,POL0721,611.0,ZAR,2025-08-18,CASH,FAILED,PAYREFCCC327EC38,Technical error
PAY005946,C0331,A1332,POL0069,434.51,ZAR,2026-03-15,DEBIT_ORDER,COMPLETED,PAYREF2A99AC497C,
PAY005947,C0359,A0784,,35.6,ZAR,2026-02-27,MOBILE,COMPLETED,PAYREFDC6C7DECF5,
PAY005948,C0104,A1079,,2286.64,ZAR,2025-08-11,EFT,REVERSED,PAYREFC476D8340D,
PAY005949,C0254,A1206,POL0113,213.16,ZAR,2024-10-28,MOBILE,PENDING,PAYREFF663817EC3,
PAY005950,C0606,A0977,POL0423,454.93,ZAR,2026-05-23,CASH,COMPLETED,PAYREFBC925E8E5D,
PAY005951,C0321,A1340,POL0515,1469.16,ZAR,2024-04-04,EFT,COMPLETED,PAYREFCE16AFABA1,
PAY005952,C0776,A0060,POL0300,795.12,ZAR,2024-01-03,DEBIT_ORDER,COMPLETED,PAYREFA31DC2F39B,
PAY005953,C0592,A0849,POL0525,9407.83,ZAR,2024-02-26,DEBIT_ORDER,COMPLETED,PAYREF2419CDE3EE,
PAY005954,C0945,A0488,,242.44,ZAR,2025-07-25,DEBIT_ORDER,COMPLETED,PAYREF4B74830934,
PAY005955,C0838,A0406,POL0698,10287.87,ZAR,2024-06-01,CASH,COMPLETED,PAYREF0CA3FCFD4C,
PAY005956,C0463,A1059,,4361.56,ZAR,2024-12-11,CARD,COMPLETED,PAYREF21F0641EFC,
PAY005957,C0874,A0324,,2721.93,ZAR,2024-05-28,DEBIT_ORDER,COMPLETED,PAYREF6298D973E4,
PAY005958,C0102,A0004,POL0265,4625.37,ZAR,2024-08-13,EFT,COMPLETED,PAYREF5CC63731C1,
PAY005959,C0342,A1190,POL0101,1643.55,ZAR,2026-07-31,DEBIT_ORDER,COMPLETED,PAYREF878A8176BC,
PAY005960,C0769,A0654,,199.69,ZAR,2025-08-24,CARD,COMPLETED,PAYREFE2A5004787,
PAY005961,C0212,A0328,,1835.1,ZAR,2025-06-21,CARD,COMPLETED,PAYREF699CB3A6B2,
PAY005962,C0435,A0213,,249.47,ZAR,2025-02-09,CASH,COMPLETED,PAYREFBF22167B98,
PAY005963,C0959,A1375,POL0604,646.54,ZAR,2024-03-27,CASH,COMPLETED,PAYREF79D1C82FD4,
PAY005964,C0417,A1405,,1014.26,ZAR,2025-06-01,CASH,COMPLETED,PAYREF09AEA085A0,
PAY005965,C0161,A1058,,440.95,ZAR,2026-02-05,EFT,COMPLETED,PAYREFE56E196E94,
PAY005966,C0359,A0613,,2824.38,ZAR,2025-03-30,CARD,COMPLETED,PAYREF19DC9023C6,
PAY005967,C0429,A1257,POL0261,885.58,ZAR,2025-10-24,MOBILE,COMPLETED,PAYREFB5DFF9BB61,
PAY005968,C0335,A0887,POL0322,1651.28,ZAR,2025-02-03,DEBIT_ORDER,REVERSED,PAYREFD29A81325C,
PAY005969,C0235,A0077,,1086.36,ZAR,2025-12-04,EFT,COMPLETED,PAYREFA314C28772,
PAY005970,C0124,A0488,,1244.11,ZAR,2026-07-15,MOBILE,COMPLETED,PAYREF7F852BDCD8,
PAY005971,C0884,A0630,,451.75,ZAR,2024-01-04,DEBIT_ORDER,COMPLETED,PAYREFDF716EAE27,
PAY005972,C0617,A0915,,338.99,ZAR,2024-10-11,MOBILE,COMPLETED,PAYREF47A6A04F9E,
PAY005973,C0375,A0209,,940.33,ZAR,2024-07-18,CARD,REVERSED,PAYREF89AF93576C,
PAY005974,C0098,A0902,POL0728,417.33,ZAR,2024-07-19,DEBIT_ORDER,COMPLETED,PAYREF929F4D1F76,
PAY005975,C0889,A0402,,4418.5,ZAR,2026-08-05,EFT,COMPLETED,PAYREF35201C3CFB,
PAY005976,C0013,A0486,POL0169,276.87,ZAR,2025-10-05,EFT,COMPLETED,PAYREFA4B8FF90D8,
PAY005977,C0498,A0984,,11350.33,ZAR,2026-01-09,MOBILE,COMPLETED,PAYREF85812AE780,
PAY005978,C0272,A0722,POL0759,1483.3,ZAR,2026-05-28,CASH,FAILED,PAYREFCEC4AB4F83,Insufficient funds
PAY005979,C0320,A0160,POL0616,1175.36,ZAR,2026-07-10,EFT,COMPLETED,PAYREFCDD4486EDE,
PAY005980,C0411,A0691,POL0737,638.89,ZAR,2024-04-23,CASH,PENDING,PAYREF5B9F86773B,
PAY005981,C0433,A0693,,2115.23,ZAR,2026-01-22,CARD,COMPLETED,PAYREF4EF0778302,
PAY005982,C0304,A0634,POL0651,894.02,ZAR,2026-05-02,CARD,COMPLETED,PAYREFBE2C7AC1C7,
PAY005983,C0238,A1222,POL0555,1481.0,ZAR,2024-10-08,DEBIT_ORDER,FAILED,PAYREF1F8D5F2824,Account closed
PAY005984,C0814,A0604,POL0174,2544.84,ZAR,2026-06-21,EFT,COMPLETED,PAYREF75301C8C9F,
PAY005985,C0138,A0796,POL0512,2141.6,ZAR,2026-08-06,MOBILE,COMPLETED,PAYREF3C8B514752,
PAY005986,C0857,A0948,POL0131,3789.01,ZAR,2024-03-11,MOBILE,COMPLETED,PAYREF1910DBB18F,
PAY005987,C0575,A1412,POL0227,1877.77,ZAR,2024-03-18,CARD,COMPLETED,PAYREFBD1AB6EC81,
PAY005988,C0779,A0412,POL0699,423.58,ZAR,2025-11-11,MOBILE,COMPLETED,PAYREFA39C57FCEC,
PAY005989,C0443,A1337,POL0064,137.03,ZAR,2026-06-02,CASH,COMPLETED,PAYREF42E7F4633A,
PAY005990,C0979,A1118,POL0207,1354.29,ZAR,2026-08-11,CARD,COMPLETED,PAYREF80F80F6D5B,
PAY005991,C0755,A0852,,1373.97,ZAR,2026-07-29,EFT,COMPLETED,PAYREFC62AC4EB6F,
PAY005992,C0724,A1001,POL0588,7524.58,ZAR,2025-09-14,CASH,PENDING,PAYREF03642CD65A,
PAY005993,C0838,A1494,,976.68,ZAR,2026-06-30,DEBIT_ORDER,COMPLETED,PAYREFE9B1FC3F0B,
PAY005994,C0517,A0198,,1594.78,ZAR,2024-08-11,MOBILE,PENDING,PAYREF89DF2E44B0,
PAY005995,C0881,A0695,,2385.53,ZAR,2026-06-09,CASH,COMPLETED,PAYREFE01D37C6E8,
PAY005996,C0650,A0389,POL0116,1832.45,ZAR,2025-08-10,CASH,COMPLETED,PAYREF9C1C7D9731,
PAY005997,C0889,A0728,,2550.24,ZAR,2024-07-10,CASH,COMPLETED,PAYREF960C31306E,
PAY005998,C0989,A1325,POL0674,483.86,ZAR,2026-07-02,CASH,COMPLETED,PAYREFC48BEE66E6,
PAY005999,C0447,A0397,POL0246,413.08,ZAR,2026-08-12,CARD,FAILED,PAYREF3EBFE3D7F9,Invalid account
PAY006000,C0079,A1145,,828.35,ZAR,2024-01-11,CARD,COMPLETED,PAYREF3DF56781ED,
PAY006001,C0576,A0623,POL0749,124.7,ZAR,2024-04-25,MOBILE,COMPLETED,PAYREFD940EE534A,
PAY006002,C0350,A0734,POL0301,1054.08,ZAR,2026-02-15,EFT,COMPLETED,PAYREF57CB37D627,
PAY006003,C0195,A0490,,567.03,ZAR,2026-03-03,EFT,COMPLETED,PAYREF87DBFB7352,
PAY006004,C0007,A0740,POL0399,1513.55,ZAR,2024-10-16,CASH,COMPLETED,PAYREFBC17A0DCEF,
PAY006005,C0393,A0701,POL0754,841.29,ZAR,2025-01-06,CARD,REVERSED,PAYREF518BA71EE9,
PAY006006,C0944,A0855,POL0659,397.25,ZAR,2024-04-10,EFT,COMPLETED,PAYREFA49A3F10F1,
PAY006007,C0109,A1166,,4067.8,ZAR,2026-01-18,EFT,COMPLETED,PAYREF5CF14A982B,
PAY006008,C0587,A0946,,1190.96,ZAR,2024-01-05,EFT,COMPLETED,PAYREF2E580AC3BA,
PAY006009,C0675,A1409,POL0612,2598.94,ZAR,2025-06-17,CASH,COMPLETED,PAYREF2BD62B2AE8,
PAY006010,C0894,A0038,,1317.53,ZAR,2024-07-30,DEBIT_ORDER,COMPLETED,PAYREF30608C6E89,
PAY006011,C0692,A0539,,1744.1,ZAR,2024-05-17,CARD,COMPLETED,PAYREF89CA04950F,
PAY006012,C0104,A1450,,281.18,ZAR,2025-05-27,EFT,COMPLETED,PAYREF884913DC15,
PAY006013,C0419,A1192,,3936.72,ZAR,2026-05-22,DEBIT_ORDER,COMPLETED,PAYREFF62622F75E,
PAY006014,C0109,A0010,,2640.39,ZAR,2024-10-17,CARD,COMPLETED,PAYREF0A2C5A01E1,
PAY006015,C0453,A1135,POL0655,1076.17,ZAR,2024-10-31,CASH,COMPLETED,PAYREF27F6876589,
PAY006016,C0548,A0518,,1462.65,ZAR,2024-04-28,CARD,PENDING,PAYREF53599AC6EB,
PAY006017,C0395,A0194,POL0484,2988.74,ZAR,2025-02-20,DEBIT_ORDER,COMPLETED,PAYREF7651D1F0C5,
PAY006018,C0416,A0080,POL0208,755.97,ZAR,2026-02-24,MOBILE,COMPLETED,PAYREFE901C3F589,
PAY006019,C0299,A1088,,225.18,ZAR,2026-04-12,CASH,COMPLETED,PAYREF0A6D35B777,
PAY006020,C0648,A0667,,770.27,ZAR,2025-10-18,MOBILE,COMPLETED,PAYREF184C8A685A,
PAY006021,C0068,A0426,,1277.15,ZAR,2026-06-30,CARD,COMPLETED,PAYREF55761EFA6F,
PAY006022,C0504,A0827,POL0568,1061.63,ZAR,2024-08-17,EFT,COMPLETED,PAYREF711FF83255,
PAY006023,C0402,A0740,,4095.18,ZAR,2025-08-23,CASH,COMPLETED,PAYREF7BCA0CB04C,
PAY006024,C0564,A0481,POL0307,419.93,ZAR,2026-05-09,CASH,FAILED,PAYREFC2907C54D4,Technical error
PAY006025,C0877,A0214,,476.62,ZAR,2025-12-05,EFT,COMPLETED,PAYREF6087075FFF,
PAY006026,C0864,A0912,,380.68,ZAR,2026-01-23,CARD,PENDING,PAYREF1178018901,
PAY006027,C0543,A0453,POL0569,1683.69,ZAR,2024-02-17,DEBIT_ORDER,REVERSED,PAYREF459CEC4C22,
PAY006028,C0805,A1095,POL0667,238.4,ZAR,2024-03-21,MOBILE,COMPLETED,PAYREF9A4144AE1C,
PAY006029,C0954,A1470,POL0784,2307.12,ZAR,2026-09-01,CARD,COMPLETED,PAYREF094DC0CC17,
PAY006030,C0016,A0390,,431.43,ZAR,2026-07-16,CASH,COMPLETED,PAYREF9E390C3688,
PAY006031,C0430,A0308,,506.18,ZAR,2026-07-21,CASH,COMPLETED,PAYREFF9A0C04412,
PAY006032,C0597,A0977,POL0635,6439.62,ZAR,2025-06-19,CASH,COMPLETED,PAYREFB607273FEA,
PAY006033,C0020,A1234,POL0583,3761.52,ZAR,2026-02-19,CARD,COMPLETED,PAYREF0C5F2BF905,
PAY006034,C0874,A0923,POL0212,1235.48,ZAR,2025-07-26,CARD,COMPLETED,PAYREF9EAEC56B7B,
PAY006035,C0030,A1294,POL0031,295.59,ZAR,2024-12-11,CARD,COMPLETED,PAYREFE072C2C766,
PAY006036,C0007,A1428,POL0328,8220.8,ZAR,2024-01-06,MOBILE,COMPLETED,PAYREF7E2064E6C7,
PAY006037,C0949,A1499,POL0038,901.16,ZAR,2025-08-17,EFT,COMPLETED,PAYREF8F3738020A,
PAY006038,C0465,A0038,POL0471,1404.7,ZAR,2025-12-20,MOBILE,FAILED,PAYREF2FD95F2157,Technical error
PAY006039,C0949,A0125,,2729.66,ZAR,2025-03-15,CASH,PENDING,PAYREF152DC6EE92,
PAY006040,C0700,A0382,POL0644,154.02,ZAR,2024-06-28,MOBILE,COMPLETED,PAYREF84E3C12DA1,
PAY006041,C0901,A0064,POL0350,578.22,ZAR,2024-11-12,CARD,COMPLETED,PAYREF29761058A3,
PAY006042,C0261,A0065,,1024.46,ZAR,2025-10-05,CARD,REVERSED,PAYREFFB41260239,
PAY006043,C0670,A0143,POL0771,1249.78,ZAR,2025-03-07,CASH,COMPLETED,PAYREF8439F0738B,
PAY006044,C0302,A0526,,297.79,ZAR,2024-09-10,CASH,COMPLETED,PAYREFA5A88949E7,
PAY006045,C0338,A1430,,1519.81,ZAR,2025-08-18,EFT,PENDING,PAYREF006287A5B3,
PAY006046,C0856,A0222,POL0395,1134.27,ZAR,2024-12-20,MOBILE,FAILED,PAYREFAE64D7B480,Limit exceeded
PAY006047,C0190,A0737,,5809.89,ZAR,2025-10-12,CASH,COMPLETED,PAYREFB4A8A73D8A,
PAY006048,C0444,A0420,POL0049,2981.82,ZAR,2026-05-02,CASH,COMPLETED,PAYREF33D83BC1D9,
PAY006049,C0265,A0787,POL0139,837.77,ZAR,2026-05-04,CASH,COMPLETED,PAYREF98B7A0551E,
PAY006050,C0449,A0969,POL0695,901.38,ZAR,2024-05-19,CASH,COMPLETED,PAYREFC97F123AD7,
PAY006051,C0664,A0080,POL0484,3024.49,ZAR,2024-02-10,MOBILE,COMPLETED,PAYREFD2FE7EEF08,
PAY006052,C0166,A1054,POL0103,1456.26,ZAR,2025-05-12,EFT,COMPLETED,PAYREFEC47CF8561,
PAY006053,C0302,A0684,,278.35,ZAR,2026-04-02,MOBILE,COMPLETED,PAYREF1E1E89933F,
PAY006054,C0989,A0164,POL0634,8899.86,ZAR,2025-02-01,EFT,COMPLETED,PAYREFE3A7726C8C,
PAY006055,C0026,A0275,POL0688,407.54,ZAR,2025-11-12,CASH,COMPLETED,PAYREF0703E73DA2,
PAY006056,C0276,A0661,POL0751,13081.7,ZAR,2025-07-08,EFT,COMPLETED,PAYREFF52BE987DF,
PAY006057,C0153,A0434,,1682.36,ZAR,2024-08-19,CASH,COMPLETED,PAYREFA66D4F4D0D,
PAY006058,C0322,A1307,POL0292,580.89,ZAR,2026-02-02,MOBILE,COMPLETED,PAYREF090416BB04,
PAY006059,C0355,A0615,,102.82,ZAR,2025-06-08,CASH,COMPLETED,PAYREF0D83DD5AFE,
PAY006060,C0096,A0628,POL0675,2384.55,ZAR,2024-09-17,MOBILE,COMPLETED,PAYREF8B4DFFBB24,
PAY006061,C0562,A1073,POL0071,232.69,ZAR,2025-07-29,MOBILE,COMPLETED,PAYREFD8F3DA7422,
PAY006062,C0232,A1211,,1567.59,ZAR,2025-05-29,CARD,COMPLETED,PAYREF71A49B9F1B,
PAY006063,C0504,A1010,POL0628,7582.76,ZAR,2026-01-31,DEBIT_ORDER,COMPLETED,PAYREFEE737002D0,
PAY006064,C0134,A0099,,351.54,ZAR,2025-11-06,DEBIT_ORDER,COMPLETED,PAYREFA799B1D7A1,
PAY006065,C0180,A0326,POL0245,2294.01,ZAR,2026-05-04,EFT,COMPLETED,PAYREF33A533282E,
PAY006066,C0669,A0647,,487.07,ZAR,2025-01-30,DEBIT_ORDER,COMPLETED,PAYREF65F68AEA96,
PAY006067,C0365,A0365,,3405.51,ZAR,2025-02-16,CARD,COMPLETED,PAYREFCB1B2B3A09,
PAY006068,C0940,A0985,POL0507,1171.25,ZAR,2026-02-17,MOBILE,FAILED,PAYREFA6A0918D52,Account closed
PAY006069,C0871,A1289,POL0129,1075.93,ZAR,2026-03-03,MOBILE,COMPLETED,PAYREF22C37A4A14,
PAY006070,C0537,A0448,POL0476,3667.58,ZAR,2025-12-02,DEBIT_ORDER,COMPLETED,PAYREFF64E4812A3,
PAY006071,C0498,A0767,POL0705,2049.38,ZAR,2026-08-27,CARD,COMPLETED,PAYREFD437E6B4A0,
PAY006072,C0622,A0244,,490.44,ZAR,2025-11-09,MOBILE,COMPLETED,PAYREFF14644CA08,
PAY006073,C0506,A1175,POL0556,6549.3,ZAR,2026-07-13,DEBIT_ORDER,COMPLETED,PAYREFD3A99FC880,
PAY006074,C0636,A0664,POL0725,236.08,ZAR,2025-03-20,DEBIT_ORDER,COMPLETED,PAYREFFE64770E33,
PAY006075,C0785,A0007,,1444.76,ZAR,2024-04-05,EFT,COMPLETED,PAYREFE0550C1D33,
PAY006076,C0905,A0175,POL0385,481.61,ZAR,2024-12-18,EFT,FAILED,PAYREF139759C039,Technical error
PAY006077,C0150,A0823,,247.84,ZAR,2024-04-10,MOBILE,COMPLETED,PAYREF5595AAA7BD,
PAY006078,C0640,A0188,,352.77,ZAR,2026-06-25,MOBILE,COMPLETED,PAYREF056B5B3ECB,
PAY006079,C0600,A0305,POL0548,1043.94,ZAR,2026-05-15,DEBIT_ORDER,COMPLETED,PAYREFD5B3CABF04,
PAY006080,C0241,A1238,POL0173,1555.77,ZAR,2024-06-23,CARD,COMPLETED,PAYREFA3B0E16CDC,
PAY006081,C0445,A0720,,3161.91,ZAR,2024-08-17,CARD,COMPLETED,PAYREF681C33A6D1,
PAY006082,C0532,A1221,,4798.39,ZAR,2024-10-15,EFT,FAILED,PAYREFB53F9963E3,Technical error
PAY006083,C0644,A0627,,1447.64,ZAR,2026-09-02,MOBILE,COMPLETED,PAYREF55B2D19CEA,
PAY006084,C0606,A1189,,704.02,ZAR,2025-12-04,MOBILE,COMPLETED,PAYREF0C36568FB7,
PAY006085,C0109,A0874,,3099.57,ZAR,2026-04-07,MOBILE,COMPLETED,PAYREF9E31F60D06,
PAY006086,C0069,A1161,POL0780,593.1,ZAR,2026-07-14,DEBIT_ORDER,FAILED,PAYREF601537DE65,Insufficient funds
PAY006087,C0613,A1009,,222.38,ZAR,2024-05-04,CASH,COMPLETED,PAYREF30D65189B2,
PAY006088,C0191,A0476,,2804.59,ZAR,2026-05-13,CASH,COMPLETED,PAYREFCEBB775AE3,
PAY006089,C0744,A0605,,4121.25,ZAR,2025-03-31,CARD,COMPLETED,PAYREFE3CD3D7413,
PAY006090,C0539,A0687,POL0290,482.12,ZAR,2025-10-22,CARD,COMPLETED,PAYREF4F232426B5,
PAY006091,C0616,A1328,,7791.77,ZAR,2024-06-27,CASH,COMPLETED,PAYREF755F3B7FA9,
PAY006092,C0652,A1358,,1964.62,ZAR,2025-08-08,DEBIT_ORDER,COMPLETED,PAYREFB4A752CBA7,
PAY006093,C0523,A0443,,1692.5,ZAR,2024-07-16,DEBIT_ORDER,COMPLETED,PAYREF3E25FFC672,
PAY006094,C0562,A1475,POL0213,654.14,ZAR,2026-01-03,CASH,COMPLETED,PAYREF2E9F2D1118,
PAY006095,C0463,A0713,,3032.94,ZAR,2026-07-04,EFT,COMPLETED,PAYREFBD2AE5B94A,
PAY006096,C0951,A1043,,238.8,ZAR,2026-07-21,CASH,COMPLETED,PAYREF1BAFBF08FA,
PAY006097,C0950,A0250,POL0794,780.71,ZAR,2025-02-17,DEBIT_ORDER,PENDING,PAYREFA2122AAACA,
PAY006098,C0573,A1230,,526.81,ZAR,2024-10-14,MOBILE,COMPLETED,PAYREFD4689BA48E,
PAY006099,C0972,A0317,,296.21,ZAR,2024-10-28,CASH,COMPLETED,PAYREF242AC2D413,
PAY006100,C0968,A0947,POL0645,2599.27,ZAR,2025-06-25,CASH,COMPLETED,PAYREFC85261B3AA,
PAY006101,C0444,A1442,POL0066,1542.47,ZAR,2024-01-28,CARD,COMPLETED,PAYREF79E1D29F6F,
PAY006102,C0714,A0419,POL0738,2452.08,ZAR,2026-05-02,CARD,COMPLETED,PAYREF77A5C22730,
PAY006103,C0322,A0461,POL0755,830.23,ZAR,2026-02-25,CARD,COMPLETED,PAYREF318933F010,
PAY006104,C0418,A0830,POL0168,2936.81,ZAR,2024-01-16,CARD,COMPLETED,PAYREF028B32E793,
PAY006105,C0583,A0521,POL0469,1184.58,ZAR,2025-02-04,CASH,COMPLETED,PAYREF16F88B10F0,
PAY006106,C0617,A0556,POL0355,683.93,ZAR,2025-02-21,DEBIT_ORDER,COMPLETED,PAYREF59D9C0B627,
PAY006107,C0852,A1160,POL0011,578.89,ZAR,2025-09-27,DEBIT_ORDER,COMPLETED,PAYREFC6E8B30B05,
PAY006108,C0776,A1400,,150.97,ZAR,2024-11-06,MOBILE,COMPLETED,PAYREF4835CEFC14,
PAY006109,C0105,A0426,POL0201,3513.51,ZAR,2025-06-11,MOBILE,COMPLETED,PAYREF9638E14CB7,
PAY006110,C0328,A0404,,3136.63,ZAR,2024-09-16,CASH,COMPLETED,PAYREF2AA0346D46,
PAY006111,C0091,A0066,POL0329,20483.38,ZAR,2026-02-15,DEBIT_ORDER,COMPLETED,PAYREFB35689FC53,
PAY006112,C0911,A0838,,784.76,ZAR,2025-01-02,DEBIT_ORDER,COMPLETED,PAYREF05EB36094E,
PAY006113,C0737,A0699,,562.96,ZAR,2026-04-25,CASH,COMPLETED,PAYREF25B09708CC,
PAY006114,C0373,A1064,POL0674,200.05,ZAR,2024-02-21,CASH,COMPLETED,PAYREF0726FCF6FF,
PAY006115,C0261,A0800,POL0508,2863.98,ZAR,2025-08-31,MOBILE,COMPLETED,PAYREFF43FFB5B86,
PAY006116,C0963,A0269,,2275.21,ZAR,2024-12-30,CARD,REVERSED,PAYREF7F00178FBF,
PAY006117,C0355,A0420,POL0051,5175.96,ZAR,2025-02-23,CARD,PENDING,PAYREF543288912A,
PAY006118,C0270,A1038,,438.5,ZAR,2024-12-09,CARD,COMPLETED,PAYREF2BD5D950DA,
PAY006119,C0735,A0683,POL0286,2244.79,ZAR,2026-02-16,DEBIT_ORDER,COMPLETED,PAYREF02F3DB8CE0,
PAY006120,C0379,A0506,POL0148,650.64,ZAR,2026-01-16,MOBILE,COMPLETED,PAYREF61D5EAEE3D,
PAY006121,C0987,A1331,,4203.68,ZAR,2026-06-21,CARD,COMPLETED,PAYREFDBED146D3F,
PAY006122,C0011,A1072,POL0089,1874.72,ZAR,2026-09-06,EFT,COMPLETED,PAYREF98F2F3E750,
PAY006123,C0099,A0210,,231.44,ZAR,2025-09-16,EFT,COMPLETED,PAYREF7BFA5DF394,
PAY006124,C0589,A0841,POL0324,961.8,ZAR,2024-07-12,DEBIT_ORDER,COMPLETED,PAYREF3B6BE3E6FB,
PAY006125,C0591,A0512,POL0294,156.32,ZAR,2026-06-08,CARD,COMPLETED,PAYREFD371A6AB2F,
PAY006126,C0363,A0858,POL0739,342.65,ZAR,2025-02-25,CARD,COMPLETED,PAYREF9A876C5285,
PAY006127,C0322,A0001,POL0783,364.02,ZAR,2026-01-26,EFT,COMPLETED,PAYREFF53618E1BB,
PAY006128,C0429,A0444,POL0452,577.7,ZAR,2025-03-13,DEBIT_ORDER,REVERSED,PAYREF06F6CC2B4F,
PAY006129,C0796,A1297,POL0060,843.29,ZAR,2024-11-28,CASH,COMPLETED,PAYREFD99D7E476B,
PAY006130,C0235,A1405,,1292.82,ZAR,2025-04-04,MOBILE,COMPLETED,PAYREF96023BAC43,
PAY006131,C0228,A1122,,1229.72,ZAR,2024-04-19,MOBILE,COMPLETED,PAYREF7692F24C05,
PAY006132,C0632,A0653,,1070.78,ZAR,2024-06-25,DEBIT_ORDER,COMPLETED,PAYREFC97ABA1C63,
PAY006133,C0430,A0588,,1529.02,ZAR,2024-03-01,DEBIT_ORDER,FAILED,PAYREF23E2C63641,Insufficient funds
PAY006134,C0066,A0197,POL0140,314.26,ZAR,2026-06-19,MOBILE,REVERSED,PAYREF96D2837364,
PAY006135,C0209,A0897,,1179.89,ZAR,2025-01-07,DEBIT_ORDER,COMPLETED,PAYREFD68173FF61,
PAY006136,C0245,A0605,POL0365,4602.98,ZAR,2025-11-16,EFT,COMPLETED,PAYREFF5322A79AB,
PAY006137,C0082,A0698,POL0658,929.08,ZAR,2025-05-20,EFT,COMPLETED,PAYREF4BF25136EA,
PAY006138,C0028,A0091,POL0059,1798.44,ZAR,2024-12-23,DEBIT_ORDER,COMPLETED,PAYREF466C438A68,
PAY006139,C0744,A1160,POL0655,1638.64,ZAR,2024-03-02,DEBIT_ORDER,COMPLETED,PAYREFEB0A3B7800,
PAY006140,C0880,A0204,POL0253,2597.41,ZAR,2026-07-24,CARD,COMPLETED,PAYREF856578C520,
PAY006141,C0635,A1173,,1461.38,ZAR,2026-08-17,CASH,COMPLETED,PAYREFDCA5FDE31C,
PAY006142,C0056,A1106,POL0504,2553.87,ZAR,2025-10-24,EFT,COMPLETED,PAYREF60283247DA,
PAY006143,C0674,A1097,POL0379,1821.27,ZAR,2026-01-01,MOBILE,COMPLETED,PAYREFDD9E81758B,
PAY006144,C0133,A0115,POL0283,2116.0,ZAR,2024-09-01,MOBILE,COMPLETED,PAYREF87FC9123D1,
PAY006145,C0329,A0775,POL0320,1706.38,ZAR,2025-04-28,DEBIT_ORDER,PENDING,PAYREF6F3F736592,
PAY006146,C0509,A0546,,400.7,ZAR,2024-09-05,EFT,COMPLETED,PAYREF0C9122A84E,
PAY006147,C0667,A0615,POL0049,340.1,ZAR,2024-02-14,CASH,COMPLETED,PAYREF39B929B626,
PAY006148,C0772,A1129,POL0345,770.29,ZAR,2025-10-01,EFT,COMPLETED,PAYREF0248E229BA,
PAY006149,C0146,A0091,POL0573,5175.24,ZAR,2026-03-03,EFT,PENDING,PAYREFE1011DB1F0,
PAY006150,C0648,A1494,,923.66,ZAR,2025-02-19,CARD,COMPLETED,PAYREFD941170953,
PAY006151,C0188,A1213,,1494.52,ZAR,2024-07-20,CARD,COMPLETED,PAYREFDE33949528,
PAY006152,C0127,A0941,POL0332,153.35,ZAR,2025-02-11,EFT,COMPLETED,PAYREFF252656276,
PAY006153,C0974,A1008,POL0296,1331.07,ZAR,2026-01-13,CARD,PENDING,PAYREF45494E9AC4,
PAY006154,C0670,A0842,POL0063,1195.01,ZAR,2024-08-07,EFT,COMPLETED,PAYREFF2E1896C97,
PAY006155,C0194,A0597,POL0095,75.69,ZAR,2025-05-15,MOBILE,COMPLETED,PAYREF762A08EC7E,
PAY006156,C0557,A0502,,1466.87,ZAR,2026-04-02,MOBILE,COMPLETED,PAYREF5531F37462,
PAY006157,C0543,A0901,POL0404,210.4,ZAR,2025-03-29,MOBILE,PENDING,PAYREFC200BDE4E7,
PAY006158,C0342,A0500,,530.94,ZAR,2024-02-03,CARD,COMPLETED,PAYREFACBF941C27,
PAY006159,C0938,A0065,POL0316,2964.52,ZAR,2026-01-24,DEBIT_ORDER,PENDING,PAYREFF1A159EB4A,
PAY006160,C0249,A1130,,1283.64,ZAR,2025-05-07,CASH,REVERSED,PAYREFEA0916783B,
PAY006161,C0328,A0054,,700.33,ZAR,2025-03-03,MOBILE,PENDING,PAYREFBC69112511,
PAY006162,C0054,A0330,POL0436,642.86,ZAR,2024-08-24,MOBILE,FAILED,PAYREF19F18F09A7,Limit exceeded
PAY006163,C0446,A0720,POL0215,721.99,ZAR,2024-08-07,CASH,COMPLETED,PAYREFC49AE91267,
PAY006164,C0770,A1143,,1288.06,ZAR,2024-11-10,EFT,COMPLETED,PAYREFBB175CA243,
PAY006165,C0271,A0440,POL0061,330.09,ZAR,2024-06-22,CARD,COMPLETED,PAYREFBEC17A6A7E,
PAY006166,C0304,A0320,,3375.9,ZAR,2024-06-30,DEBIT_ORDER,PENDING,PAYREF4EB7E870EF,
PAY006167,C0988,A0410,POL0678,348.08,ZAR,2024-10-30,DEBIT_ORDER,COMPLETED,PAYREF09AA03F4A7,
PAY006168,C0976,A0592,,194.99,ZAR,2024-12-11,DEBIT_ORDER,PENDING,PAYREF18B6C94090,
PAY006169,C0495,A1488,POL0643,2954.7,ZAR,2024-04-09,EFT,COMPLETED,PAYREF7C6546C104,
PAY006170,C0408,A0257,POL0572,708.45,ZAR,2024-08-20,EFT,COMPLETED,PAYREF8ACECAEC6C,
PAY006171,C0108,A0232,POL0193,1176.69,ZAR,2026-06-07,MOBILE,COMPLETED,PAYREFEB4DA92C88,
PAY006172,C0737,A1027,POL0607,2110.4,ZAR,2024-08-18,CARD,FAILED,PAYREFCA6247BCF2,Limit exceeded
PAY006173,C0402,A0748,,534.09,ZAR,2025-07-17,DEBIT_ORDER,COMPLETED,PAYREFCE480B9DF7,
PAY006174,C0785,A1464,,1257.83,ZAR,2024-11-30,CARD,COMPLETED,PAYREF3D3CD63FAD,
PAY006175,C0898,A1233,POL0652,2096.9,ZAR,2024-07-05,MOBILE,COMPLETED,PAYREF6F12D32E24,
PAY006176,C0296,A0929,POL0716,5671.65,ZAR,2024-06-06,CASH,COMPLETED,PAYREF9DF960208C,
PAY006177,C0353,A1126,POL0690,657.83,ZAR,2025-07-06,EFT,COMPLETED,PAYREF8BBDBEE416,
PAY006178,C0381,A1438,,690.25,ZAR,2024-10-24,CASH,COMPLETED,PAYREF940F7E2ADF,
PAY006179,C0168,A0689,POL0724,1926.24,ZAR,2025-04-23,CARD,COMPLETED,PAYREFE9C4592779,
PAY006180,C0642,A0375,POL0598,1350.99,ZAR,2025-08-15,CARD,FAILED,PAYREF22162DA1E5,Insufficient funds
PAY006181,C0473,A1082,,956.2,ZAR,2024-05-21,CASH,COMPLETED,PAYREF0D930C1739,
PAY006182,C0579,A1461,,5392.1,ZAR,2025-01-29,DEBIT_ORDER,COMPLETED,PAYREFF3969015E5,
PAY006183,C0816,A1382,POL0010,203.89,ZAR,2024-08-12,CASH,COMPLETED,PAYREF4324C87B21,
PAY006184,C0901,A1250,POL0675,264.61,ZAR,2024-12-15,CASH,COMPLETED,PAYREF2917ACAB33,
PAY006185,C0301,A0961,POL0694,206.26,ZAR,2026-03-23,CARD,COMPLETED,PAYREF61C2B4E812,
PAY006186,C0990,A0057,POL0127,3647.07,ZAR,2024-10-29,CARD,COMPLETED,PAYREFB1D2E57659,
PAY006187,C0065,A0338,POL0063,1834.86,ZAR,2026-01-06,CASH,COMPLETED,PAYREF4F1F91F3CD,
PAY006188,C0384,A0862,POL0642,278.45,ZAR,2026-02-17,CASH,COMPLETED,PAYREF23C8623817,
PAY006189,C0882,A1125,POL0528,969.68,ZAR,2025-03-17,CARD,COMPLETED,PAYREF6CD73BC073,
PAY006190,C0280,A0802,,1066.7,ZAR,2026-06-21,EFT,COMPLETED,PAYREFED895C005E,
PAY006191,C0375,A0712,,120.4,ZAR,2024-12-19,EFT,COMPLETED,PAYREFCB8B4631A8,
PAY006192,C0962,A0953,,1323.82,ZAR,2025-05-23,CASH,COMPLETED,PAYREF973548AB89,
PAY006193,C0651,A0318,,337.8,ZAR,2026-02-23,CARD,PENDING,PAYREF309BD57FEF,
PAY006194,C0508,A0196,POL0294,2223.12,ZAR,2025-10-10,CARD,COMPLETED,PAYREF31D988223E,
PAY006195,C0743,A1213,POL0620,348.3,ZAR,2025-07-23,CARD,COMPLETED,PAYREFAA214FD420,
PAY006196,C0030,A1445,,1365.34,ZAR,2025-11-22,DEBIT_ORDER,COMPLETED,PAYREF7356EED15D,
PAY006197,C0684,A0578,,4002.08,ZAR,2025-03-08,CARD,COMPLETED,PAYREFBC0A3CDAE2,
PAY006198,C0241,A0876,POL0426,2906.08,ZAR,2025-04-14,CARD,COMPLETED,PAYREFCBA5829DF8,
PAY006199,C0622,A0048,POL0284,1821.04,ZAR,2026-08-30,CARD,COMPLETED,PAYREF2E61615C60,
PAY006200,C0727,A0734,POL0497,1010.97,ZAR,2025-02-10,MOBILE,COMPLETED,PAYREF92CF989667,
PAY006201,C0300,A0862,,244.67,ZAR,2024-03-07,CARD,COMPLETED,PAYREFE0758B11AB,
PAY006202,C0426,A0406,,706.91,ZAR,2024-04-25,CASH,COMPLETED,PAYREFC65A719E8F,
PAY006203,C0189,A0212,,874.8,ZAR,2024-04-03,MOBILE,COMPLETED,PAYREFDBAF330497,
PAY006204,C0620,A1165,POL0038,814.18,ZAR,2024-04-05,CARD,COMPLETED,PAYREFAFAF464F2A,
PAY006205,C0830,A0444,,236.63,ZAR,2025-12-24,DEBIT_ORDER,COMPLETED,PAYREF717A49921C,
PAY006206,C0467,A0570,,1693.3,ZAR,2024-09-29,CASH,COMPLETED,PAYREF44E71C2B8D,
PAY006207,C0427,A0221,POL0322,336.66,ZAR,2025-12-04,EFT,COMPLETED,PAYREFE79DDFEFF4,
PAY006208,C0547,A1225,POL0040,5146.69,ZAR,2024-09-15,EFT,FAILED,PAYREFE3E25F3104,Insufficient funds
PAY006209,C0760,A0392,POL0534,1271.59,ZAR,2026-01-12,CARD,COMPLETED,PAYREFE83663F365,
PAY006210,C0043,A0784,POL0106,2919.78,ZAR,2026-03-07,CASH,COMPLETED,PAYREFD0D90A4037,
PAY006211,C0091,A0271,POL0345,2860.05,ZAR,2026-09-02,DEBIT_ORDER,COMPLETED,PAYREFACF6480E3C,
PAY006212,C0019,A0835,POL0521,8759.83,ZAR,2025-09-26,EFT,COMPLETED,PAYREFDF2D17634D,
PAY006213,C0453,A1362,POL0340,1315.38,ZAR,2025-10-24,EFT,COMPLETED,PAYREF2EE11175FE,
PAY006214,C0136,A1180,POL0004,742.44,ZAR,2025-11-24,EFT,COMPLETED,PAYREFF1A776312D,
PAY006215,C0575,A1061,POL0755,756.89,ZAR,2024-03-27,CARD,COMPLETED,PAYREFB4CC52B878,
PAY006216,C0201,A0220,POL0328,4895.65,ZAR,2026-08-04,CARD,PENDING,PAYREF86B401BF0E,
PAY006217,C0144,A1479,POL0016,292.88,ZAR,2025-06-10,EFT,COMPLETED,PAYREFE4677925D3,
PAY006218,C0588,A0286,POL0570,455.72,ZAR,2026-06-29,CASH,COMPLETED,PAYREFF8020A0748,
PAY006219,C0476,A0468,,1389.91,ZAR,2026-05-21,EFT,COMPLETED,PAYREF4BD14A2565,
PAY006220,C0204,A1422,POL0058,941.24,ZAR,2024-05-18,MOBILE,COMPLETED,PAYREF64657AB86F,
PAY006221,C0070,A0155,POL0640,2886.05,ZAR,2024-09-30,CASH,COMPLETED,PAYREF880AEF1910,
PAY006222,C0096,A0882,,287.52,ZAR,2024-10-03,MOBILE,COMPLETED,PAYREF6725F566A5,
PAY006223,C0308,A0028,POL0076,1025.62,ZAR,2024-02-29,DEBIT_ORDER,COMPLETED,PAYREFBB5B3AF3F5,
PAY006224,C0874,A0619,POL0687,909.58,ZAR,2024-06-07,CASH,COMPLETED,PAYREF50ED79D6A4,
PAY006225,C0757,A0444,,375.31,ZAR,2025-09-26,CARD,REVERSED,PAYREF2788643AE9,
PAY006226,C0875,A0841,,2640.33,ZAR,2024-04-29,EFT,REVERSED,PAYREF5591C14DE8,
PAY006227,C0472,A0692,POL0313,1000.46,ZAR,2024-05-23,CARD,COMPLETED,PAYREFB41D7FAC3B,
PAY006228,C0108,A0953,,959.03,ZAR,2025-07-28,CARD,PENDING,PAYREF45495CA623,
PAY006229,C0099,A0320,,480.73,ZAR,2026-07-06,EFT,COMPLETED,PAYREF7FC7E0299F,
PAY006230,C0926,A0705,POL0093,757.58,ZAR,2025-02-26,CARD,COMPLETED,PAYREF1F38209107,
PAY006231,C0260,A0531,POL0773,394.8,ZAR,2026-07-30,DEBIT_ORDER,COMPLETED,PAYREFDF77C735F8,
PAY006232,C0322,A1186,,2601.3,ZAR,2025-12-19,DEBIT_ORDER,COMPLETED,PAYREFD03D7C86A9,
PAY006233,C0357,A0049,POL0701,3080.4,ZAR,2025-10-04,DEBIT_ORDER,COMPLETED,PAYREF031D95F687,
PAY006234,C0361,A0114,POL0033,5884.41,ZAR,2025-03-12,CARD,COMPLETED,PAYREFE1F8F053BF,
PAY006235,C0084,A0905,POL0057,1692.65,ZAR,2025-06-23,CARD,PENDING,PAYREF00B4C3362E,
PAY006236,C0449,A1235,POL0043,781.16,ZAR,2024-04-07,DEBIT_ORDER,COMPLETED,PAYREFB0D8D56F1E,
PAY006237,C0029,A0734,POL0140,686.11,ZAR,2026-02-01,CASH,COMPLETED,PAYREFBFFC433B52,
PAY006238,C0195,A0965,POL0795,1791.21,ZAR,2026-03-25,MOBILE,COMPLETED,PAYREFF976F46A08,
PAY006239,C0726,A0636,POL0694,1340.59,ZAR,2026-09-12,MOBILE,COMPLETED,PAYREF32527AB66A,
PAY006240,C0137,A1167,POL0708,921.31,ZAR,2025-06-28,MOBILE,COMPLETED,PAYREF9EF128B2B0,
PAY006241,C0341,A1011,POL0647,843.8,ZAR,2025-03-22,EFT,COMPLETED,PAYREFB7ADB205D6,
PAY006242,C0357,A1324,,3537.55,ZAR,2025-10-19,EFT,FAILED,PAYREF3779E0130B,Invalid account
PAY006243,C0116,A0586,POL0138,712.05,ZAR,2026-09-03,MOBILE,COMPLETED,PAYREF99D2964431,
PAY006244,C0988,A0638,POL0137,4216.14,ZAR,2024-10-15,MOBILE,COMPLETED,PAYREF007972B824,
PAY006245,C0408,A1464,,1315.72,ZAR,2024-03-04,CARD,COMPLETED,PAYREF42B0D20FC1,
PAY006246,C0407,A1078,,759.09,ZAR,2024-07-12,MOBILE,COMPLETED,PAYREF174ACF6F16,
PAY006247,C0380,A0165,POL0677,500.06,ZAR,2024-03-05,MOBILE,COMPLETED,PAYREF198ADAAE96,
PAY006248,C0161,A0414,,939.62,ZAR,2024-08-25,CASH,COMPLETED,PAYREFDC65917598,
PAY006249,C0736,A0313,POL0541,1814.14,ZAR,2025-11-29,MOBILE,FAILED,PAYREFB40C40F8D2,Technical error
PAY006250,C0934,A0742,POL0145,752.19,ZAR,2025-05-26,DEBIT_ORDER,COMPLETED,PAYREF64B914B75E,
PAY006251,C0657,A1483,,2566.6,ZAR,2026-08-21,CASH,COMPLETED,PAYREFCC2791F282,
PAY006252,C0398,A0687,,715.54,ZAR,2025-06-14,DEBIT_ORDER,COMPLETED,PAYREF806871FADB,
PAY006253,C0330,A0917,POL0673,967.98,ZAR,2025-10-11,CASH,COMPLETED,PAYREFFD02285012,
PAY006254,C0414,A0177,POL0712,302.87,ZAR,2024-01-08,MOBILE,COMPLETED,PAYREFACB41941A2,
PAY006255,C0594,A0689,POL0418,1918.84,ZAR,2026-05-21,DEBIT_ORDER,COMPLETED,PAYREF8B32E001F7,
PAY006256,C0077,A0759,POL0412,839.51,ZAR,2026-06-07,MOBILE,COMPLETED,PAYREF72BD9593B6,
PAY006257,C0741,A1378,POL0607,5318.1,ZAR,2024-05-22,MOBILE,COMPLETED,PAYREF68ADC9C8E8,
PAY006258,C0978,A0840,POL0615,2219.0,ZAR,2026-03-20,EFT,COMPLETED,PAYREF2B1262629F,
PAY006259,C0318,A1018,POL0084,1193.33,ZAR,2024-01-13,DEBIT_ORDER,COMPLETED,PAYREF40F22F43D3,
PAY006260,C0875,A0322,,3733.78,ZAR,2024-03-13,CARD,COMPLETED,PAYREFBC6FDDCB13,
PAY006261,C0327,A0442,,1644.36,ZAR,2025-05-15,CASH,COMPLETED,PAYREF6298C40C07,
PAY006262,C0086,A0261,POL0419,3005.68,ZAR,2025-01-05,DEBIT_ORDER,COMPLETED,PAYREF78EC209D0C,
PAY006263,C0187,A0257,POL0172,462.95,ZAR,2024-05-16,DEBIT_ORDER,COMPLETED,PAYREF7B847E276D,
PAY006264,C0452,A0386,POL0380,1739.21,ZAR,2026-02-14,DEBIT_ORDER,COMPLETED,PAYREFBDCC445CAC,
PAY006265,C0586,A0269,POL0586,1812.97,ZAR,2025-09-23,DEBIT_ORDER,COMPLETED,PAYREF172C054C13,
PAY006266,C0945,A0411,,233.99,ZAR,2024-08-11,DEBIT_ORDER,COMPLETED,PAYREFA567A930DD,
PAY006267,C0444,A0322,,4947.44,ZAR,2024-04-19,CARD,COMPLETED,PAYREF43C447E54E,
PAY006268,C0983,A0673,,343.67,ZAR,2024-11-18,CASH,COMPLETED,PAYREFCDF6E3B071,
PAY006269,C0831,A0747,,299.18,ZAR,2025-07-10,DEBIT_ORDER,COMPLETED,PAYREF59570F719D,
PAY006270,C0517,A1229,,63.52,ZAR,2024-08-10,CASH,PENDING,PAYREF9EB747B9E1,
PAY006271,C0730,A1016,POL0670,1761.39,ZAR,2026-01-29,CASH,COMPLETED,PAYREF6647372405,
PAY006272,C0763,A0344,,212.07,ZAR,2024-05-16,DEBIT_ORDER,COMPLETED,PAYREF275D95E063,
PAY006273,C0071,A0975,POL0246,653.98,ZAR,2026-01-25,MOBILE,COMPLETED,PAYREFE009D1922E,
PAY006274,C0788,A0921,POL0705,2534.8,ZAR,2025-08-28,CASH,REVERSED,PAYREF7BE4871177,
PAY006275,C0697,A0272,,1328.83,ZAR,2026-01-24,CARD,COMPLETED,PAYREF4387FE2594,
PAY006276,C0031,A1260,POL0536,587.75,ZAR,2026-08-18,DEBIT_ORDER,COMPLETED,PAYREF479589D96E,
PAY006277,C0452,A0169,POL0282,223.48,ZAR,2024-11-21,DEBIT_ORDER,COMPLETED,PAYREF18D67D2834,
PAY006278,C0639,A1378,POL0798,984.75,ZAR,2026-06-13,EFT,COMPLETED,PAYREF58E895716C,
PAY006279,C0565,A0737,,2579.31,ZAR,2025-01-31,MOBILE,COMPLETED,PAYREF094D83FBEC,
PAY006280,C0350,A0185,POL0221,2210.2,ZAR,2024-10-09,CARD,COMPLETED,PAYREFABE97B6C57,
PAY006281,C0254,A0857,POL0312,6547.12,ZAR,2026-08-31,CASH,COMPLETED,PAYREFDA455C8BFB,
PAY006282,C0114,A0733,POL0634,570.52,ZAR,2025-08-31,MOBILE,PENDING,PAYREF1A5812C309,
PAY006283,C0258,A1298,,293.82,ZAR,2025-01-07,DEBIT_ORDER,COMPLETED,PAYREF1133494709,
PAY006284,C0689,A0592,POL0410,1495.1,ZAR,2025-07-20,CARD,COMPLETED,PAYREFA1701872C5,
PAY006285,C0664,A0236,POL0009,1354.82,ZAR,2026-05-19,MOBILE,COMPLETED,PAYREF877F545B5F,
PAY006286,C0386,A1215,POL0795,1091.32,ZAR,2024-11-10,EFT,FAILED,PAYREFB32ADF9B12,Technical error
PAY006287,C0456,A0371,POL0173,519.88,ZAR,2026-09-05,DEBIT_ORDER,COMPLETED,PAYREF763C85AB59,
PAY006288,C0105,A1469,,77.22,ZAR,2024-08-05,CASH,COMPLETED,PAYREF6B10CA36FF,
PAY006289,C0692,A1281,POL0349,400.77,ZAR,2024-11-05,MOBILE,COMPLETED,PAYREF6578E7F64C,
PAY006290,C0730,A1078,POL0332,1914.23,ZAR,2025-08-07,DEBIT_ORDER,COMPLETED,PAYREF7783C99ED8,
PAY006291,C0391,A1430,,1456.75,ZAR,2025-05-16,EFT,REVERSED,PAYREFE022E57C9A,
PAY006292,C0891,A1369,POL0227,2879.19,ZAR,2024-02-08,MOBILE,COMPLETED,PAYREFA323738DC4,
PAY006293,C0558,A0203,POL0723,1548.72,ZAR,2025-09-30,CARD,COMPLETED,PAYREFA9CAE7F041,
PAY006294,C0153,A0119,,2289.34,ZAR,2026-01-31,MOBILE,COMPLETED,PAYREF43EAD6AC83,
PAY006295,C0157,A1299,,2356.03,ZAR,2025-07-27,DEBIT_ORDER,COMPLETED,PAYREFCDB9C5B181,
PAY006296,C0920,A1197,POL0528,1119.32,ZAR,2024-05-27,CARD,REVERSED,PAYREFC2BF9DA1A6,
PAY006297,C0640,A0904,POL0147,1127.21,ZAR,2025-02-09,CASH,COMPLETED,PAYREFF4F866ED13,
PAY006298,C0472,A0163,POL0540,59.81,ZAR,2026-05-29,CASH,COMPLETED,PAYREF788660EAB1,
PAY006299,C0685,A0054,POL0236,568.74,ZAR,2026-03-18,MOBILE,COMPLETED,PAYREFA3A2EDAB69,
PAY006300,C0305,A0740,POL0274,593.83,ZAR,2024-03-12,CASH,PENDING,PAYREF72C3A85089,
PAY006301,C0021,A0408,POL0605,983.58,ZAR,2025-03-25,CASH,COMPLETED,PAYREF37B7C37C63,
PAY006302,C0656,A0367,,432.53,ZAR,2024-05-07,CASH,FAILED,PAYREF736372472E,Technical error
PAY006303,C0701,A0214,POL0272,2800.53,ZAR,2025-01-07,DEBIT_ORDER,COMPLETED,PAYREFBC0635937A,
PAY006304,C0299,A0265,,454.18,ZAR,2024-07-17,MOBILE,COMPLETED,PAYREF1F36C4B9F2,
PAY006305,C0999,A0484,POL0749,3302.49,ZAR,2025-10-20,DEBIT_ORDER,COMPLETED,PAYREFE1BB01A93D,
PAY006306,C0688,A0172,POL0116,419.41,ZAR,2026-07-20,EFT,COMPLETED,PAYREF652BD955BE,
PAY006307,C0201,A1123,,599.57,ZAR,2024-01-25,DEBIT_ORDER,COMPLETED,PAYREF99D0C1FEB3,
PAY006308,C0394,A0024,POL0354,555.68,ZAR,2024-07-27,EFT,COMPLETED,PAYREFFB6B101CCD,
PAY006309,C0744,A0666,POL0587,667.65,ZAR,2024-10-24,MOBILE,COMPLETED,PAYREFAD944344AB,
PAY006310,C0582,A0607,POL0322,3564.0,ZAR,2024-02-29,CASH,COMPLETED,PAYREFD15D73959D,
PAY006311,C0453,A0506,POL0782,790.7,ZAR,2025-07-10,CARD,COMPLETED,PAYREF51B3ED111A,
PAY006312,C0899,A0441,,811.06,ZAR,2026-04-10,MOBILE,COMPLETED,PAYREFF8A8B490E9,
PAY006313,C0511,A0346,POL0607,522.28,ZAR,2025-10-12,DEBIT_ORDER,FAILED,PAYREF135C507A4C,Invalid account
PAY006314,C0468,A1297,POL0691,845.74,ZAR,2024-07-08,CARD,COMPLETED,PAYREFEB9ADE04B6,
PAY006315,C0131,A0696,,1361.64,ZAR,2026-06-18,MOBILE,COMPLETED,PAYREFB2E3284C76,
PAY006316,C0156,A0257,POL0490,884.34,ZAR,2025-12-07,CARD,COMPLETED,PAYREF272B372962,
PAY006317,C0681,A0643,,943.61,ZAR,2024-11-01,EFT,COMPLETED,PAYREF05B508AD77,
PAY006318,C0067,A1464,POL0382,3029.13,ZAR,2024-07-24,CARD,COMPLETED,PAYREF5216887E65,
PAY006319,C0667,A0648,,1441.8,ZAR,2026-02-25,DEBIT_ORDER,COMPLETED,PAYREF71BF539AB2,
PAY006320,C0739,A1226,,346.93,ZAR,2024-04-24,EFT,COMPLETED,PAYREFD98BB8F93E,
PAY006321,C0016,A1277,,1007.0,ZAR,2026-02-06,CASH,COMPLETED,PAYREFDA3840E677,
PAY006322,C0130,A0641,POL0634,640.12,ZAR,2026-04-13,MOBILE,COMPLETED,PAYREFFD47E0502B,
PAY006323,C0718,A0663,,1846.46,ZAR,2025-12-21,DEBIT_ORDER,COMPLETED,PAYREF0D9C574DB4,
PAY006324,C0946,A0115,POL0392,1215.54,ZAR,2025-10-25,CASH,COMPLETED,PAYREF525C0438AD,
PAY006325,C0637,A0892,,3395.85,ZAR,2026-04-06,MOBILE,COMPLETED,PAYREF1277B66D84,
PAY006326,C0473,A0190,POL0583,523.2,ZAR,2024-08-26,DEBIT_ORDER,COMPLETED,PAYREFF6F2CFE326,
PAY006327,C0118,A0136,POL0686,904.68,ZAR,2025-05-05,MOBILE,COMPLETED,PAYREFA22BCFC03D,
PAY006328,C0855,A0760,POL0398,378.38,ZAR,2025-02-07,DEBIT_ORDER,COMPLETED,PAYREF77D2205AD0,
PAY006329,C0956,A0788,POL0197,1051.74,ZAR,2026-05-15,CASH,COMPLETED,PAYREF4B980115E0,
PAY006330,C0731,A1483,,235.9,ZAR,2025-01-12,EFT,COMPLETED,PAYREFEEBA4C20BD,
PAY006331,C0993,A1439,POL0121,1512.45,ZAR,2024-07-13,DEBIT_ORDER,COMPLETED,PAYREFF251FE6356,
PAY006332,C0261,A1226,POL0423,1037.47,ZAR,2025-08-04,DEBIT_ORDER,FAILED,PAYREF9E6937AEDF,Insufficient funds
PAY006333,C0261,A1233,POL0235,1280.73,ZAR,2025-05-25,MOBILE,COMPLETED,PAYREF8237574C53,
PAY006334,C0813,A0128,POL0050,2411.81,ZAR,2025-10-26,EFT,COMPLETED,PAYREF233A2F2878,
PAY006335,C0530,A0036,POL0624,1373.07,ZAR,2024-03-02,MOBILE,COMPLETED,PAYREFD8FAE6F55E,
PAY006336,C0976,A0936,POL0264,305.89,ZAR,2026-04-03,MOBILE,FAILED,PAYREF0541F0D66D,Technical error
PAY006337,C0332,A0615,POL0272,629.0,ZAR,2025-03-30,DEBIT_ORDER,COMPLETED,PAYREF5DA0355FE8,
PAY006338,C0444,A0033,POL0306,1012.14,ZAR,2026-08-16,CASH,COMPLETED,PAYREF51672E35D2,
PAY006339,C0697,A1229,POL0417,789.9,ZAR,2025-02-27,DEBIT_ORDER,COMPLETED,PAYREF6E9A3ED304,
PAY006340,C0612,A1064,POL0784,892.51,ZAR,2025-05-14,MOBILE,COMPLETED,PAYREF157F0304ED,
PAY006341,C0141,A0419,POL0706,5549.44,ZAR,2024-11-15,CARD,COMPLETED,PAYREF33D91DBEB1,
PAY006342,C0131,A1029,POL0433,1212.4,ZAR,2026-04-20,CASH,REVERSED,PAYREFED189BDF4C,
PAY006343,C0498,A0172,POL0292,1607.22,ZAR,2024-11-25,EFT,COMPLETED,PAYREFFA7F3C2D2C,
PAY006344,C0039,A1232,,147.11,ZAR,2025-10-05,DEBIT_ORDER,COMPLETED,PAYREF87D27DF85C,
PAY006345,C0337,A0791,,2312.32,ZAR,2025-08-04,CARD,COMPLETED,PAYREFB857138B3A,
PAY006346,C0015,A1308,POL0492,18995.59,ZAR,2024-02-20,CASH,COMPLETED,PAYREFD15568D465,
PAY006347,C0688,A0105,POL0138,4211.84,ZAR,2024-09-27,DEBIT_ORDER,COMPLETED,PAYREF07369CA564,
PAY006348,C0563,A0268,POL0341,706.14,ZAR,2024-03-01,DEBIT_ORDER,COMPLETED,PAYREF3AF00DB3A9,
PAY006349,C0584,A0084,POL0746,10732.78,ZAR,2026-08-15,CASH,PENDING,PAYREFDB359207A7,
PAY006350,C0284,A0011,POL0352,1127.2,ZAR,2025-06-10,CARD,COMPLETED,PAYREFCB15DC9F29,
PAY006351,C0175,A0310,POL0421,1490.02,ZAR,2024-02-01,DEBIT_ORDER,COMPLETED,PAYREFF7238E2641,
PAY006352,C0831,A0109,,839.3,ZAR,2025-06-26,EFT,COMPLETED,PAYREFE191CD9F73,
PAY006353,C0738,A0024,,817.85,ZAR,2024-04-22,DEBIT_ORDER,COMPLETED,PAYREF4EEECC322D,
PAY006354,C0449,A0905,POL0198,115.8,ZAR,2024-11-13,CARD,COMPLETED,PAYREF19A6438959,
PAY006355,C0698,A0013,,2410.27,ZAR,2026-04-11,CARD,COMPLETED,PAYREFFDD037EC97,
PAY006356,C0461,A0920,POL0389,814.85,ZAR,2026-05-08,DEBIT_ORDER,FAILED,PAYREF18F3769E8D,Limit exceeded
PAY006357,C0988,A0401,POL0666,908.63,ZAR,2024-10-21,DEBIT_ORDER,COMPLETED,PAYREFE348B50D47,
PAY006358,C0427,A0223,POL0205,1441.35,ZAR,2025-07-26,CASH,COMPLETED,PAYREF96E6C245AB,
PAY006359,C0970,A0681,,724.46,ZAR,2026-04-12,EFT,FAILED,PAYREFA74678A750,Limit exceeded
PAY006360,C0180,A1264,,1427.71,ZAR,2025-05-29,CASH,FAILED,PAYREF41F73C0955,Insufficient funds
PAY006361,C0614,A0339,POL0556,3652.11,ZAR,2024-11-16,EFT,COMPLETED,PAYREF1CD702268E,
PAY006362,C0616,A0789,POL0018,1643.88,ZAR,2024-12-18,CASH,FAILED,PAYREFD95AFBD71D,Limit exceeded
PAY006363,C0899,A0790,,940.59,ZAR,2026-05-28,DEBIT_ORDER,COMPLETED,PAYREF887D86E702,
PAY006364,C0697,A0693,POL0183,969.23,ZAR,2025-10-16,CASH,COMPLETED,PAYREFF4207593E8,
PAY006365,C0287,A0167,POL0255,1340.23,ZAR,2025-10-14,CARD,COMPLETED,PAYREF68D4B4C32A,
PAY006366,C0091,A0638,,477.16,ZAR,2025-03-11,CARD,COMPLETED,PAYREF04E9AEBD84,
PAY006367,C0195,A1464,POL0276,1350.0,ZAR,2024-11-21,CASH,COMPLETED,PAYREF2A19981DBE,
PAY006368,C0054,A0989,,2174.54,ZAR,2026-06-14,DEBIT_ORDER,PENDING,PAYREFEFC23C36D7,
PAY006369,C0870,A0053,,1196.93,ZAR,2024-04-30,MOBILE,REVERSED,PAYREF325F780FC1,
PAY006370,C0525,A0836,POL0628,717.57,ZAR,2025-02-10,MOBILE,COMPLETED,PAYREF1E4D3841B5,
PAY006371,C0261,A0539,POL0402,822.95,ZAR,2026-08-25,CASH,COMPLETED,PAYREFE499581D2B,
PAY006372,C0084,A1163,POL0132,2105.21,ZAR,2024-03-19,MOBILE,COMPLETED,PAYREF66C628E8B7,
PAY006373,C0610,A0476,POL0495,364.97,ZAR,2025-01-30,MOBILE,COMPLETED,PAYREF97F37E32E1,
PAY006374,C0391,A0787,,484.71,ZAR,2024-07-16,CASH,COMPLETED,PAYREFBBAF079B03,
PAY006375,C0839,A1359,,219.88,ZAR,2025-09-25,DEBIT_ORDER,COMPLETED,PAYREFC9D4C7D352,
PAY006376,C0272,A0961,,1134.56,ZAR,2024-08-31,EFT,COMPLETED,PAYREF80E735B091,
PAY006377,C0331,A0585,POL0255,2596.42,ZAR,2024-03-15,CASH,COMPLETED,PAYREF03A0CACF84,
PAY006378,C0829,A0579,,4152.57,ZAR,2026-01-15,MOBILE,FAILED,PAYREFED8F8AD86D,Limit exceeded
PAY006379,C0134,A1411,,5159.87,ZAR,2026-05-07,MOBILE,COMPLETED,PAYREFF77B0408B5,
PAY006380,C0700,A0264,POL0673,549.78,ZAR,2025-11-09,MOBILE,COMPLETED,PAYREF1CB0C38DA5,
PAY006381,C0015,A0225,POL0788,1408.15,ZAR,2024-10-18,DEBIT_ORDER,COMPLETED,PAYREF39B0847055,
PAY006382,C0353,A0755,POL0229,733.4,ZAR,2026-06-06,CARD,COMPLETED,PAYREF9AE20ED104,
PAY006383,C0817,A0296,,5696.71,ZAR,2025-08-26,CASH,COMPLETED,PAYREF16243E5CA9,
PAY006384,C0932,A1208,POL0547,4037.76,ZAR,2024-03-22,DEBIT_ORDER,PENDING,PAYREFF38516F612,
PAY006385,C0959,A1357,,1297.34,ZAR,2024-04-13,DEBIT_ORDER,COMPLETED,PAYREFC87E79778E,
PAY006386,C0778,A1406,POL0368,590.31,ZAR,2025-10-18,CASH,PENDING,PAYREFE3204DF32E,
PAY006387,C0451,A0873,,34.88,ZAR,2024-10-24,DEBIT_ORDER,COMPLETED,PAYREF280C3736FB,
PAY006388,C0761,A1267,,261.49,ZAR,2025-11-29,EFT,COMPLETED,PAYREFA656FAC8F0,
PAY006389,C0749,A0484,POL0218,172.04,ZAR,2025-03-21,MOBILE,FAILED,PAYREF549F548346,Technical error
PAY006390,C0625,A0241,,258.21,ZAR,2025-08-02,MOBILE,COMPLETED,PAYREFEFDDA1926B,
PAY006391,C0680,A0181,POL0755,7178.51,ZAR,2025-03-09,DEBIT_ORDER,FAILED,PAYREF6CE09739F0,Technical error
PAY006392,C0217,A1121,POL0033,300.35,ZAR,2024-08-09,DEBIT_ORDER,COMPLETED,PAYREF0238FAA989,
PAY006393,C0533,A1496,,379.58,ZAR,2024-10-19,CARD,COMPLETED,PAYREF5B68F7C8BA,
PAY006394,C0426,A0488,,436.8,ZAR,2025-11-20,CARD,COMPLETED,PAYREF637A530D54,
PAY006395,C0520,A0981,,14743.31,ZAR,2025-11-10,CARD,COMPLETED,PAYREF3D4C02F70D,
PAY006396,C0476,A0807,POL0728,1030.24,ZAR,2025-10-17,EFT,PENDING,PAYREF85F39B5ED2,
PAY006397,C0362,A1050,,2963.73,ZAR,2024-07-01,CASH,COMPLETED,PAYREF0CE3ACE9FD,
PAY006398,C0678,A0437,,1306.88,ZAR,2024-01-01,CASH,COMPLETED,PAYREF582CD1992A,
PAY006399,C0279,A0184,POL0129,150.75,ZAR,2026-01-05,CARD,COMPLETED,PAYREFA7E0514771,
PAY006400,C0560,A1075,POL0343,5077.83,ZAR,2025-01-17,MOBILE,COMPLETED,PAYREFC54067D0FD,
PAY006401,C0131,A0057,POL0440,1637.78,ZAR,2025-09-06,EFT,COMPLETED,PAYREF3B8AB5FEA8,
PAY006402,C0323,A0277,,970.96,ZAR,2024-01-05,MOBILE,REVERSED,PAYREF7F88ACB9F7,
PAY006403,C0272,A0075,,6374.92,ZAR,2026-04-06,CASH,COMPLETED,PAYREF342297419C,
PAY006404,C0974,A1430,POL0152,775.46,ZAR,2025-01-22,CARD,COMPLETED,PAYREF8B5C89BD62,
PAY006405,C0889,A0225,POL0800,949.17,ZAR,2024-02-20,CARD,COMPLETED,PAYREF5143A42F3A,
PAY006406,C0592,A1345,POL0281,776.58,ZAR,2024-06-28,CARD,COMPLETED,PAYREF34D56C85CF,
PAY006407,C0245,A0552,,3217.28,ZAR,2024-03-11,CASH,COMPLETED,PAYREFDB72051455,
PAY006408,C0086,A1254,POL0550,2474.57,ZAR,2026-01-29,DEBIT_ORDER,FAILED,PAYREF2D12433906,Limit exceeded
PAY006409,C0838,A1266,POL0625,1448.99,ZAR,2024-02-17,MOBILE,PENDING,PAYREF62C6B3FA25,
PAY006410,C0511,A1422,POL0059,383.08,ZAR,2024-11-14,EFT,FAILED,PAYREF783AAE25D9,Account closed
PAY006411,C0381,A1235,POL0143,757.31,ZAR,2025-10-22,MOBILE,REVERSED,PAYREFA771B54FB8,
PAY006412,C0201,A0046,POL0057,382.95,ZAR,2024-12-10,DEBIT_ORDER,COMPLETED,PAYREFFBE595E939,
PAY006413,C0594,A0167,,3499.47,ZAR,2024-11-12,EFT,REVERSED,PAYREF6D3A2045EF,
PAY006414,C0941,A1263,POL0684,227.07,ZAR,2025-05-19,MOBILE,COMPLETED,PAYREF0ED8D3CEC3,
PAY006415,C0975,A0081,POL0224,5401.17,ZAR,2025-05-23,CASH,PENDING,PAYREF546DEC9BA4,
PAY006416,C0813,A0595,,3974.49,ZAR,2024-08-27,CARD,COMPLETED,PAYREFD56C3900B2,
PAY006417,C0102,A0663,,437.67,ZAR,2025-10-28,MOBILE,COMPLETED,PAYREF388450927A,
PAY006418,C0832,A0848,,723.08,ZAR,2024-10-14,DEBIT_ORDER,COMPLETED,PAYREFB9DCB61B51,
PAY006419,C0342,A0344,POL0436,537.84,ZAR,2024-06-08,DEBIT_ORDER,COMPLETED,PAYREF2211AF83F3,
PAY006420,C0089,A0230,POL0132,1686.2,ZAR,2025-10-13,MOBILE,COMPLETED,PAYREF05F88AC4DB,
PAY006421,C0935,A1219,POL0154,4502.77,ZAR,2026-09-05,CARD,COMPLETED,PAYREFBCA114B2AA,
PAY006422,C0945,A1385,,3588.97,ZAR,2025-05-25,CARD,FAILED,PAYREF694321BF0C,Insufficient funds
PAY006423,C0888,A0416,POL0512,711.28,ZAR,2026-04-02,CASH,COMPLETED,PAYREF231CAA09DC,
PAY006424,C0976,A1251,POL0026,3846.07,ZAR,2025-12-10,CASH,COMPLETED,PAYREF01D1C59E29,
PAY006425,C0770,A0255,,3539.79,ZAR,2024-06-18,MOBILE,COMPLETED,PAYREFA675494087,
PAY006426,C0339,A0060,POL0060,907.93,ZAR,2025-04-01,CARD,COMPLETED,PAYREF0290F3D1DC,
PAY006427,C0491,A0335,POL0577,1086.31,ZAR,2024-04-17,EFT,COMPLETED,PAYREF5040C41F9C,
PAY006428,C0399,A1001,,5124.12,ZAR,2024-07-05,DEBIT_ORDER,FAILED,PAYREF7E6FA71905,Account closed
PAY006429,C0038,A1117,,3160.11,ZAR,2024-02-01,CASH,REVERSED,PAYREFE65F3424BC,
PAY006430,C0645,A0426,POL0792,3732.32,ZAR,2024-11-30,CASH,COMPLETED,PAYREFFEAB11D0C1,
PAY006431,C0547,A1166,,14550.55,ZAR,2025-03-19,CARD,COMPLETED,PAYREFBB4BF22846,
PAY006432,C0935,A0401,POL0742,1895.56,ZAR,2026-01-11,MOBILE,COMPLETED,PAYREF4FA8259500,
PAY006433,C0588,A1450,POL0709,1518.78,ZAR,2026-08-27,EFT,COMPLETED,PAYREF64535D8F88,
PAY006434,C0484,A1013,POL0246,4263.89,ZAR,2025-12-25,MOBILE,COMPLETED,PAYREF697110B914,
PAY006435,C0555,A0453,POL0298,8004.99,ZAR,2025-12-16,MOBILE,COMPLETED,PAYREF68B8A38906,
PAY006436,C0217,A0786,,595.03,ZAR,2025-11-01,CARD,COMPLETED,PAYREFD30406C720,
PAY006437,C0016,A1352,,896.18,ZAR,2025-03-13,CARD,COMPLETED,PAYREFC34F85A897,
PAY006438,C0516,A0409,,396.01,ZAR,2026-08-12,DEBIT_ORDER,COMPLETED,PAYREF3333DAB096,
PAY006439,C0853,A0854,,1544.95,ZAR,2025-12-20,DEBIT_ORDER,COMPLETED,PAYREF1B9DDABC32,
PAY006440,C0381,A0293,,2668.46,ZAR,2025-09-20,EFT,COMPLETED,PAYREF9DA93B0414,
PAY006441,C0232,A1366,,424.59,ZAR,2024-08-16,CARD,COMPLETED,PAYREFC25C4C8010,
PAY006442,C0548,A0781,,3407.71,ZAR,2024-11-08,MOBILE,COMPLETED,PAYREF1F77BF8BAE,
PAY006443,C0156,A0453,POL0528,696.92,ZAR,2024-06-06,DEBIT_ORDER,COMPLETED,PAYREF4DEF44610F,
PAY006444,C0654,A1268,POL0040,642.4,ZAR,2024-12-24,CASH,COMPLETED,PAYREF67A25EE8F0,
PAY006445,C0480,A0075,POL0490,3394.59,ZAR,2024-04-13,DEBIT_ORDER,COMPLETED,PAYREF628634B341,
PAY006446,C0935,A0220,,586.9,ZAR,2024-04-17,DEBIT_ORDER,COMPLETED,PAYREFF7B1F31FA1,
PAY006447,C0129,A0521,,269.48,ZAR,2025-11-25,MOBILE,COMPLETED,PAYREF6B89F77877,
PAY006448,C0986,A0523,POL0098,2306.89,ZAR,2024-05-16,EFT,COMPLETED,PAYREF574BCF741C,
PAY006449,C0588,A0988,POL0646,961.31,ZAR,2026-04-18,DEBIT_ORDER,COMPLETED,PAYREF59D8E537F6,
PAY006450,C0191,A1074,POL0099,3633.89,ZAR,2024-06-06,CARD,COMPLETED,PAYREF5E86088347,
PAY006451,C0413,A0746,POL0293,2522.46,ZAR,2025-05-16,CARD,COMPLETED,PAYREF6A09CCD33A,
PAY006452,C0252,A0723,,190.89,ZAR,2024-04-11,CASH,COMPLETED,PAYREF662EB9DF67,
PAY006453,C0487,A0287,POL0390,4086.87,ZAR,2025-01-15,MOBILE,COMPLETED,PAYREFC8EF185D80,
PAY006454,C0921,A0907,,7330.14,ZAR,2025-01-24,EFT,COMPLETED,PAYREF31D8C1FF3B,
PAY006455,C0804,A1189,,3082.83,ZAR,2024-08-25,CARD,PENDING,PAYREF178B8B4E83,
PAY006456,C0933,A0155,POL0345,3209.47,ZAR,2026-04-23,CASH,COMPLETED,PAYREF2D5D44F204,
PAY006457,C0816,A1283,POL0114,856.05,ZAR,2024-05-26,CASH,FAILED,PAYREFEDC36B4B56,Invalid account
PAY006458,C0968,A0526,POL0235,680.82,ZAR,2025-09-16,MOBILE,COMPLETED,PAYREF447A24F645,
PAY006459,C0898,A1309,POL0337,1356.2,ZAR,2024-04-06,DEBIT_ORDER,COMPLETED,PAYREFF7EB2139F3,
PAY006460,C0518,A0589,,2751.51,ZAR,2024-10-13,CASH,COMPLETED,PAYREF05C07173FC,
PAY006461,C0720,A1468,POL0592,2683.11,ZAR,2026-08-11,CASH,COMPLETED,PAYREF7D8A6B260F,
PAY006462,C0516,A0626,POL0653,707.84,ZAR,2024-10-14,EFT,COMPLETED,PAYREF46D21E1B37,
PAY006463,C0216,A0937,POL0196,639.6,ZAR,2024-05-26,MOBILE,COMPLETED,PAYREF8780B6FCCF,
PAY006464,C0159,A1498,POL0335,247.11,ZAR,2025-08-20,EFT,COMPLETED,PAYREF9E4C12740F,
PAY006465,C0710,A0959,POL0338,2094.19,ZAR,2026-06-21,EFT,COMPLETED,PAYREFBCA6548DAF,
PAY006466,C0042,A0289,POL0734,742.65,ZAR,2025-08-26,EFT,COMPLETED,PAYREF19A2AB6CB9,
PAY006467,C0989,A0549,POL0653,811.56,ZAR,2025-04-25,MOBILE,COMPLETED,PAYREFF2C91B9819,
PAY006468,C0084,A0262,,6172.6,ZAR,2025-08-04,MOBILE,FAILED,PAYREF2122603C54,Account closed
PAY006469,C0470,A1021,POL0590,1994.98,ZAR,2025-05-22,EFT,COMPLETED,PAYREF4B2251AC2F,
PAY006470,C0997,A0969,POL0541,1514.59,ZAR,2025-10-05,EFT,PENDING,PAYREF3CA9929929,
PAY006471,C0558,A1200,POL0421,2515.43,ZAR,2025-09-22,MOBILE,COMPLETED,PAYREF3A03618646,
PAY006472,C0940,A1029,POL0612,4539.69,ZAR,2024-01-18,DEBIT_ORDER,COMPLETED,PAYREFD30826DB6C,
PAY006473,C0928,A0566,POL0390,217.57,ZAR,2025-05-30,CASH,COMPLETED,PAYREFA6E4577F0E,
PAY006474,C0757,A0372,,622.89,ZAR,2024-04-10,CASH,COMPLETED,PAYREF69D20E5034,
PAY006475,C0216,A0641,POL0520,869.45,ZAR,2025-08-25,MOBILE,COMPLETED,PAYREFAC2D38D674,
PAY006476,C0577,A1231,POL0719,412.26,ZAR,2024-11-02,DEBIT_ORDER,COMPLETED,PAYREF3850B9C802,
PAY006477,C0506,A1138,POL0146,841.16,ZAR,2025-02-03,DEBIT_ORDER,COMPLETED,PAYREF79F19DB588,
PAY006478,C0171,A1008,POL0717,232.49,ZAR,2024-09-04,DEBIT_ORDER,COMPLETED,PAYREF6A9C393465,
PAY006479,C0187,A1433,POL0283,2757.77,ZAR,2026-02-14,MOBILE,PENDING,PAYREF1AFA44B945,
PAY006480,C0997,A1330,,653.6,ZAR,2025-05-06,DEBIT_ORDER,COMPLETED,PAYREFBCADA1779D,
PAY006481,C0342,A0201,,1340.71,ZAR,2024-12-10,CARD,PENDING,PAYREF40C36408A0,
PAY006482,C0057,A1280,POL0412,1154.37,ZAR,2026-01-09,DEBIT_ORDER,FAILED,PAYREFCF1B6984F5,Invalid account
PAY006483,C0605,A1196,POL0634,1914.9,ZAR,2026-08-21,DEBIT_ORDER,COMPLETED,PAYREF898FF6D587,
PAY006484,C0277,A0021,,93.61,ZAR,2025-05-28,MOBILE,COMPLETED,PAYREF8BAE141EB3,
PAY006485,C0300,A1424,POL0511,1720.32,ZAR,2024-11-01,CARD,COMPLETED,PAYREFC0DBC91248,
PAY006486,C0049,A0463,POL0223,832.9,ZAR,2026-03-20,CARD,COMPLETED,PAYREFE63014DF1A,
PAY006487,C0050,A0389,,1647.25,ZAR,2026-02-19,CASH,COMPLETED,PAYREFEBA683B70E,
PAY006488,C0780,A0957,,337.16,ZAR,2024-12-27,DEBIT_ORDER,COMPLETED,PAYREFFFC4E3E4BE,
PAY006489,C0882,A1148,POL0168,1658.51,ZAR,2024-09-03,CARD,PENDING,PAYREF722A42288A,
PAY006490,C0385,A1495,,4017.89,ZAR,2026-08-19,CARD,PENDING,PAYREFEE1140F4D2,
PAY006491,C0124,A0230,,1325.79,ZAR,2025-03-17,MOBILE,COMPLETED,PAYREFE57A76AD6A,
PAY006492,C0054,A0683,,535.26,ZAR,2026-02-17,CASH,COMPLETED,PAYREFEB80B71BF6,
PAY006493,C0224,A0278,,559.18,ZAR,2026-05-09,CASH,COMPLETED,PAYREFB1502D5C3F,
PAY006494,C0139,A0144,POL0736,1951.28,ZAR,2026-04-02,CARD,COMPLETED,PAYREF464CD8723C,
PAY006495,C0967,A0113,POL0002,1938.45,ZAR,2025-12-25,CASH,COMPLETED,PAYREF0D80093A59,
PAY006496,C0906,A0784,POL0624,1566.41,ZAR,2024-12-29,MOBILE,PENDING,PAYREF0615F105C4,
PAY006497,C0706,A0320,,1056.24,ZAR,2024-01-16,EFT,COMPLETED,PAYREF57DF154CB1,
PAY006498,C0903,A0133,POL0320,1343.4,ZAR,2026-06-11,CARD,COMPLETED,PAYREFE7DE94EBD3,
PAY006499,C0177,A0057,,1027.71,ZAR,2024-10-01,CARD,COMPLETED,PAYREF786E2FE6E8,
PAY006500,C0970,A1109,POL0710,749.28,ZAR,2026-02-02,EFT,COMPLETED,PAYREFBECE127531,
PAY006501,C0594,A1047,,2339.0,ZAR,2025-09-07,EFT,COMPLETED,PAYREF6C3046B06C,
PAY006502,C0199,A1414,POL0604,1495.35,ZAR,2025-06-23,DEBIT_ORDER,COMPLETED,PAYREF1D884E1F01,
PAY006503,C0853,A0543,POL0204,3985.99,ZAR,2026-02-07,DEBIT_ORDER,PENDING,PAYREFAC33CC7043,
PAY006504,C0863,A0762,,3350.5,ZAR,2024-01-30,CARD,COMPLETED,PAYREFCFBE729996,
PAY006505,C0479,A1480,,1447.34,ZAR,2025-02-06,EFT,COMPLETED,PAYREF5C48CA0795,
PAY006506,C0134,A0791,,1988.99,ZAR,2026-01-14,DEBIT_ORDER,COMPLETED,PAYREFEB926065DA,
PAY006507,C0872,A0609,POL0091,421.08,ZAR,2025-12-30,MOBILE,PENDING,PAYREF68FD6C99C7,
PAY006508,C0164,A1423,,1014.76,ZAR,2026-05-08,CASH,PENDING,PAYREFE5B98F214D,
PAY006509,C0481,A0720,,1544.82,ZAR,2025-06-12,EFT,COMPLETED,PAYREF8024A788A3,
PAY006510,C0276,A0126,POL0194,225.26,ZAR,2024-04-27,EFT,FAILED,PAYREFCA070C8508,Insufficient funds
PAY006511,C0167,A0951,POL0509,1684.83,ZAR,2024-04-10,CARD,PENDING,PAYREF07966AA5D3,
PAY006512,C0784,A1153,,420.22,ZAR,2025-10-14,CASH,COMPLETED,PAYREF7D22FCDE3C,
PAY006513,C0550,A0882,,468.91,ZAR,2025-04-10,CARD,COMPLETED,PAYREF39B3D4686A,
PAY006514,C0724,A0365,,645.82,ZAR,2026-07-16,CARD,COMPLETED,PAYREFBF120DE6AF,
PAY006515,C0327,A1361,POL0708,1063.68,ZAR,2024-01-19,MOBILE,COMPLETED,PAYREFFDDB120EFB,
PAY006516,C0098,A0746,,290.61,ZAR,2025-07-09,CARD,COMPLETED,PAYREFB28538DAA6,
PAY006517,C0984,A1278,,2582.84,ZAR,2026-08-19,CASH,COMPLETED,PAYREF3F1E7F9E21,
PAY006518,C0993,A1414,POL0578,1309.52,ZAR,2026-03-07,CARD,COMPLETED,PAYREF5C11D850A3,
PAY006519,C0328,A0865,,7517.43,ZAR,2026-08-11,EFT,COMPLETED,PAYREF4EF3D047B7,
PAY006520,C0922,A0556,POL0325,1480.42,ZAR,2024-05-12,CARD,COMPLETED,PAYREFCBFA588B96,
PAY006521,C0332,A0433,POL0458,1940.7,ZAR,2026-01-13,CARD,COMPLETED,PAYREF96E13BBAD6,
PAY006522,C0615,A0873,POL0348,466.91,ZAR,2026-06-04,CASH,COMPLETED,PAYREFB4CB5DB6DC,
PAY006523,C0373,A1163,,336.36,ZAR,2024-07-25,EFT,PENDING,PAYREF2B0AF5AE6E,
PAY006524,C0411,A1312,,2036.84,ZAR,2025-12-04,DEBIT_ORDER,COMPLETED,PAYREFAE44325ADA,
PAY006525,C0585,A0119,POL0593,367.5,ZAR,2025-03-12,EFT,FAILED,PAYREF9D71A96320,Invalid account
PAY006526,C0744,A1439,,2083.59,ZAR,2026-02-11,CASH,COMPLETED,PAYREFC019FF47BF,
PAY006527,C0829,A1303,POL0608,6042.21,ZAR,2025-04-18,MOBILE,COMPLETED,PAYREF66E7121A75,
PAY006528,C0236,A0976,POL0187,2823.6,ZAR,2024-08-03,MOBILE,COMPLETED,PAYREF6213AD390F,
PAY006529,C0202,A1126,POL0545,1940.01,ZAR,2024-12-25,CASH,COMPLETED,PAYREFEC900288FC,
PAY006530,C0475,A1086,POL0278,1435.83,ZAR,2025-01-28,CASH,COMPLETED,PAYREF0DB24A80E9,
PAY006531,C0256,A0191,POL0408,746.98,ZAR,2025-11-14,CARD,COMPLETED,PAYREF44114E20B2,
PAY006532,C0867,A0882,POL0169,977.93,ZAR,2024-03-12,CASH,COMPLETED,PAYREFF3B5F97F3C,
PAY006533,C0970,A0062,POL0792,623.02,ZAR,2025-07-02,EFT,FAILED,PAYREFB6907DE21A,Limit exceeded
PAY006534,C0122,A1246,POL0764,294.3,ZAR,2026-07-03,CARD,COMPLETED,PAYREF253EF93E19,
PAY006535,C0368,A0928,POL0459,1136.18,ZAR,2024-09-17,CARD,REVERSED,PAYREF2B6C7E720F,
PAY006536,C0871,A0945,POL0584,3320.56,ZAR,2025-10-08,EFT,COMPLETED,PAYREF6195974F0B,
PAY006537,C0002,A0974,,302.23,ZAR,2025-05-23,DEBIT_ORDER,COMPLETED,PAYREFBB7890968A,
PAY006538,C0474,A0476,POL0276,4440.39,ZAR,2025-10-24,CASH,COMPLETED,PAYREFCDEB5B5A09,
PAY006539,C0226,A0726,,3704.06,ZAR,2025-09-13,CASH,PENDING,PAYREFAA596CE65A,
PAY006540,C0159,A0402,POL0180,1631.08,ZAR,2025-05-29,CASH,COMPLETED,PAYREF35FABA90BA,
PAY006541,C0976,A1365,POL0159,1644.26,ZAR,2024-05-25,CASH,COMPLETED,PAYREF37856E488E,
PAY006542,C0391,A0456,POL0395,910.28,ZAR,2026-06-22,MOBILE,COMPLETED,PAYREFD70C7DC6F4,
PAY006543,C0297,A1224,POL0205,1143.69,ZAR,2024-01-21,EFT,COMPLETED,PAYREFF3CA07E142,
PAY006544,C0839,A1346,POL0260,689.81,ZAR,2025-09-09,DEBIT_ORDER,COMPLETED,PAYREF5DA9559195,
PAY006545,C0938,A1325,,1131.88,ZAR,2026-07-23,MOBILE,COMPLETED,PAYREFBA777A7B54,
PAY006546,C0245,A1114,POL0022,1261.21,ZAR,2024-11-21,DEBIT_ORDER,COMPLETED,PAYREF94FC671BC2,
PAY006547,C0776,A1006,POL0277,7195.74,ZAR,2025-12-16,CASH,COMPLETED,PAYREF1140F708D0,
PAY006548,C0366,A1320,POL0686,1930.66,ZAR,2024-07-21,MOBILE,COMPLETED,PAYREF7BDEE06546,
PAY006549,C0560,A0581,,889.44,ZAR,2024-01-24,MOBILE,COMPLETED,PAYREFFB98624F24,
PAY006550,C0766,A0966,,993.36,ZAR,2025-06-21,MOBILE,COMPLETED,PAYREF44D3619CE3,
PAY006551,C0179,A1396,POL0525,537.4,ZAR,2025-12-26,MOBILE,COMPLETED,PAYREF5F908F89F9,
PAY006552,C0874,A0282,POL0739,633.7,ZAR,2026-01-12,CASH,COMPLETED,PAYREF97CACBCCDC,
PAY006553,C0226,A1222,POL0275,2726.29,ZAR,2026-02-19,EFT,COMPLETED,PAYREF4FD890C308,
PAY006554,C0555,A0345,POL0434,669.17,ZAR,2026-07-05,CARD,COMPLETED,PAYREF9B10D3224C,
PAY006555,C0901,A0007,,591.38,ZAR,2024-09-06,DEBIT_ORDER,COMPLETED,PAYREF585DD9E30F,
PAY006556,C0674,A0479,,606.37,ZAR,2024-06-15,EFT,COMPLETED,PAYREF4C40301748,
PAY006557,C0805,A1254,,528.91,ZAR,2024-06-16,CARD,COMPLETED,PAYREFBA354A9EC6,
PAY006558,C0428,A0610,POL0500,3385.26,ZAR,2024-01-27,CARD,COMPLETED,PAYREF12A5E6017D,
PAY006559,C0946,A1478,POL0500,1264.84,ZAR,2024-09-01,MOBILE,PENDING,PAYREF0493B7996E,
PAY006560,C0222,A1111,,826.9,ZAR,2026-07-04,MOBILE,FAILED,PAYREF4769817C42,Technical error
PAY006561,C0927,A0436,POL0468,1129.22,ZAR,2026-04-04,EFT,COMPLETED,PAYREFB297787F90,
PAY006562,C0973,A1289,POL0070,1362.79,ZAR,2025-10-17,MOBILE,COMPLETED,PAYREFEF75DA2602,
PAY006563,C0645,A0373,POL0330,519.42,ZAR,2024-11-17,CASH,COMPLETED,PAYREF800FCC658A,
PAY006564,C0384,A1335,,273.25,ZAR,2025-02-19,CARD,COMPLETED,PAYREFB37FF85499,
PAY006565,C0992,A1373,POL0792,4181.82,ZAR,2024-09-12,CASH,COMPLETED,PAYREFBEFC375544,
PAY006566,C0551,A1091,POL0026,2945.47,ZAR,2025-09-20,CARD,REVERSED,PAYREFF56847F1AE,
PAY006567,C0053,A0769,POL0358,1600.07,ZAR,2026-05-28,DEBIT_ORDER,REVERSED,PAYREF6F70383BA0,
PAY006568,C0859,A0067,POL0489,2749.55,ZAR,2024-05-28,MOBILE,COMPLETED,PAYREF9D50B14A8B,
PAY006569,C0266,A0728,,7438.05,ZAR,2024-09-23,MOBILE,COMPLETED,PAYREF8FF905099E,
PAY006570,C0889,A0180,,642.01,ZAR,2024-11-12,CARD,COMPLETED,PAYREF2C0590FFD5,
PAY006571,C0040,A0690,POL0051,357.8,ZAR,2024-09-27,CASH,COMPLETED,PAYREF834A9BC10D,
PAY006572,C0360,A0039,POL0034,2124.98,ZAR,2026-06-23,CASH,COMPLETED,PAYREFD94104C273,
PAY006573,C0279,A1180,,252.95,ZAR,2026-06-06,EFT,COMPLETED,PAYREF46CF0D298E,
PAY006574,C0506,A1349,POL0775,1139.08,ZAR,2024-09-23,DEBIT_ORDER,COMPLETED,PAYREFD500C12B2C,
PAY006575,C0219,A1487,POL0255,813.68,ZAR,2024-07-25,CARD,PENDING,PAYREFADC0872F69,
PAY006576,C0268,A1165,,2151.43,ZAR,2025-07-26,MOBILE,COMPLETED,PAYREF200577068B,
PAY006577,C0945,A1393,POL0364,677.04,ZAR,2024-03-14,MOBILE,COMPLETED,PAYREF01B5117223,
PAY006578,C0718,A1306,POL0413,3640.11,ZAR,2024-12-13,CASH,COMPLETED,PAYREF7C849B856B,
PAY006579,C0192,A1199,,519.63,ZAR,2026-05-10,CASH,COMPLETED,PAYREFF2B4F79DA0,
PAY006580,C0161,A0825,POL0182,2221.2,ZAR,2025-11-17,CASH,COMPLETED,PAYREF4D997E4E26,
PAY006581,C0353,A0865,POL0184,563.17,ZAR,2025-01-21,CASH,COMPLETED,PAYREFCD0E590DEA,
PAY006582,C0049,A0400,POL0228,1897.81,ZAR,2025-06-06,EFT,COMPLETED,PAYREF052846B492,
PAY006583,C0356,A0234,POL0548,397.56,ZAR,2025-09-09,CASH,COMPLETED,PAYREF27301DD9E6,
PAY006584,C0948,A0844,POL0562,1070.51,ZAR,2024-01-15,DEBIT_ORDER,COMPLETED,PAYREF7800A8B239,
PAY006585,C0394,A0329,,4113.76,ZAR,2024-10-03,DEBIT_ORDER,COMPLETED,PAYREFB55BD690BF,
PAY006586,C0024,A1312,POL0070,1230.29,ZAR,2024-05-05,MOBILE,COMPLETED,PAYREF68EAF796CC,
PAY006587,C0107,A0944,,3579.85,ZAR,2025-06-30,EFT,PENDING,PAYREF54597ADA83,
PAY006588,C0614,A1465,POL0319,1068.19,ZAR,2024-07-18,CARD,COMPLETED,PAYREFC8456A93BC,
PAY006589,C0308,A1187,POL0563,661.79,ZAR,2025-11-15,CARD,COMPLETED,PAYREF75E1A4652E,
PAY006590,C0383,A1244,POL0196,1302.42,ZAR,2025-12-06,CASH,COMPLETED,PAYREFA0A155950D,
PAY006591,C0451,A0682,POL0732,2035.3,ZAR,2026-01-26,CARD,COMPLETED,PAYREF6155256369,
PAY006592,C0911,A1359,POL0072,163.12,ZAR,2024-05-22,EFT,COMPLETED,PAYREF3459560329,
PAY006593,C0532,A1317,,1848.79,ZAR,2026-06-08,DEBIT_ORDER,COMPLETED,PAYREF4EE005B494,
PAY006594,C0013,A0684,,428.45,ZAR,2025-10-20,EFT,COMPLETED,PAYREF28AD3F5C9E,
PAY006595,C0938,A1308,,334.14,ZAR,2025-05-28,DEBIT_ORDER,COMPLETED,PAYREFDFE9EE190D,
PAY006596,C0816,A0806,,1879.15,ZAR,2025-01-30,CASH,COMPLETED,PAYREF6C00BBCE8D,
PAY006597,C0480,A0412,,4181.82,ZAR,2024-12-10,CASH,FAILED,PAYREF6FF4ABF11C,Insufficient funds
PAY006598,C0969,A1136,POL0383,1361.59,ZAR,2024-06-15,CASH,COMPLETED,PAYREF2DA93856B4,
PAY006599,C0664,A0069,POL0172,282.76,ZAR,2025-12-27,DEBIT_ORDER,COMPLETED,PAYREF820B8A0E8A,
PAY006600,C0458,A0278,POL0382,560.84,ZAR,2024-10-05,CARD,COMPLETED,PAYREF3D4FE5B50C,
PAY006601,C0858,A0950,POL0285,721.79,ZAR,2025-08-21,EFT,COMPLETED,PAYREFA79A57DF03,
PAY006602,C0248,A0200,POL0300,1334.21,ZAR,2024-02-25,DEBIT_ORDER,PENDING,PAYREF5E5C361C9F,
PAY006603,C0710,A0943,POL0724,1020.57,ZAR,2026-04-13,CARD,FAILED,PAYREF2B35940E48,Technical error
PAY006604,C0706,A0487,POL0371,1799.44,ZAR,2024-01-18,EFT,COMPLETED,PAYREF35E48540F5,
PAY006605,C0007,A0572,POL0374,2980.88,ZAR,2024-10-07,DEBIT_ORDER,COMPLETED,PAYREF63F7AC51E1,
PAY006606,C0989,A1456,POL0589,1548.04,ZAR,2025-08-29,CARD,COMPLETED,PAYREFFA5C533066,
PAY006607,C0040,A0917,,2692.11,ZAR,2024-03-09,EFT,COMPLETED,PAYREF47575003CC,
PAY006608,C0161,A1198,,837.39,ZAR,2024-03-02,CARD,COMPLETED,PAYREF8EDFBD15B8,
PAY006609,C0966,A1426,POL0167,29611.1,ZAR,2024-12-22,CARD,COMPLETED,PAYREF7CC039CF87,
PAY006610,C0359,A0784,POL0595,1906.8,ZAR,2025-06-28,CARD,REVERSED,PAYREFE1404DA67E,
PAY006611,C0343,A1165,,2173.4,ZAR,2026-03-18,EFT,COMPLETED,PAYREF8DADA4B4CA,
PAY006612,C0455,A1023,,6359.35,ZAR,2025-11-17,CASH,COMPLETED,PAYREF1A9D2DC278,
PAY006613,C0407,A0406,,1197.72,ZAR,2024-01-30,DEBIT_ORDER,COMPLETED,PAYREF05DF14FD29,
PAY006614,C0156,A1199,POL0445,575.07,ZAR,2024-12-19,CASH,COMPLETED,PAYREF5A3DA0A729,
PAY006615,C0678,A1160,,4049.85,ZAR,2024-04-08,CARD,PENDING,PAYREFD2D2756181,
PAY006616,C0870,A1005,POL0383,4294.73,ZAR,2025-11-26,EFT,COMPLETED,PAYREFEFC570473D,
PAY006617,C0077,A0584,POL0150,1278.58,ZAR,2024-03-15,MOBILE,COMPLETED,PAYREFA6A0AB6954,
PAY006618,C0762,A0622,,6371.74,ZAR,2026-01-07,DEBIT_ORDER,COMPLETED,PAYREF4EFEB49419,
PAY006619,C0469,A0885,,1009.0,ZAR,2025-07-21,CARD,COMPLETED,PAYREFE446B6F77A,
PAY006620,C0020,A0792,,2785.78,ZAR,2026-02-04,EFT,COMPLETED,PAYREFFD5ED03AA4,
PAY006621,C0146,A0515,POL0676,4991.7,ZAR,2025-09-25,EFT,COMPLETED,PAYREF35175D944A,
PAY006622,C0934,A0045,POL0420,1209.94,ZAR,2026-03-12,CASH,FAILED,PAYREFD2E1A8AC6C,Insufficient funds
PAY006623,C0521,A0377,POL0400,1731.59,ZAR,2026-06-20,MOBILE,COMPLETED,PAYREF96540EAEEE,
PAY006624,C0778,A1347,POL0089,3059.53,ZAR,2026-06-06,DEBIT_ORDER,COMPLETED,PAYREF6F10C8EC16,
PAY006625,C0142,A1378,POL0405,760.38,ZAR,2024-03-06,DEBIT_ORDER,COMPLETED,PAYREFC09255A3E1,
PAY006626,C0156,A0999,POL0319,485.82,ZAR,2025-12-27,MOBILE,COMPLETED,PAYREF8DBD32EC96,
PAY006627,C0871,A0790,POL0211,4158.8,ZAR,2026-03-26,EFT,PENDING,PAYREFAF9DE62ED9,
PAY006628,C0556,A0713,POL0275,1490.35,ZAR,2025-11-19,MOBILE,REVERSED,PAYREF38383500BC,
PAY006629,C0966,A0708,,661.43,ZAR,2025-06-09,DEBIT_ORDER,COMPLETED,PAYREFF5F042D04A,
PAY006630,C0498,A0221,POL0635,1204.86,ZAR,2025-10-24,MOBILE,COMPLETED,PAYREF4ADCFF83BA,
PAY006631,C0399,A0020,POL0084,1823.54,ZAR,2026-02-19,DEBIT_ORDER,COMPLETED,PAYREF73BB00E1FE,
PAY006632,C0043,A0322,,228.31,ZAR,2024-01-02,MOBILE,COMPLETED,PAYREF84C8046525,
PAY006633,C0769,A0237,,2243.95,ZAR,2025-05-11,MOBILE,COMPLETED,PAYREF8CC9F3A15B,
PAY006634,C0497,A0921,POL0466,1649.86,ZAR,2024-07-31,CASH,COMPLETED,PAYREF92DCFB4DDE,
PAY006635,C0370,A0483,POL0513,5739.34,ZAR,2024-04-03,CARD,COMPLETED,PAYREF464E239703,
PAY006636,C0103,A0146,POL0026,880.96,ZAR,2025-02-03,CARD,COMPLETED,PAYREFAD7E7AC6E1,
PAY006637,C0338,A0808,,4346.46,ZAR,2024-02-21,DEBIT_ORDER,COMPLETED,PAYREF5C397DA294,
PAY006638,C0650,A0818,POL0495,1048.75,ZAR,2025-02-22,MOBILE,COMPLETED,PAYREF4BAA5C08D7,
PAY006639,C0630,A0583,POL0321,1260.39,ZAR,2025-09-04,CASH,FAILED,PAYREF6228566BB3,Insufficient funds
PAY006640,C0399,A0005,POL0582,1452.37,ZAR,2024-07-22,DEBIT_ORDER,COMPLETED,PAYREFA2B60B6DE2,
PAY006641,C0650,A0440,,8895.08,ZAR,2024-12-18,EFT,COMPLETED,PAYREFB656BCE9AB,
PAY006642,C0427,A1124,,317.51,ZAR,2024-09-26,CASH,COMPLETED,PAYREF0BD711D309,
PAY006643,C0534,A1273,,1799.16,ZAR,2026-04-28,DEBIT_ORDER,COMPLETED,PAYREF41EE68A3C7,
PAY006644,C0445,A0718,,1143.94,ZAR,2024-11-16,CARD,COMPLETED,PAYREFA04EA612D5,
PAY006645,C0839,A0936,,1065.78,ZAR,2025-12-21,MOBILE,COMPLETED,PAYREF607E0B5007,
PAY006646,C0648,A0134,POL0240,1964.53,ZAR,2025-09-14,EFT,COMPLETED,PAYREFA4AB95AD22,
PAY006647,C0188,A0151,POL0709,3314.3,ZAR,2024-06-07,CASH,COMPLETED,PAYREFA121A17E28,
PAY006648,C0911,A1202,POL0205,1866.15,ZAR,2025-04-07,CARD,REVERSED,PAYREFA2B3183943,
PAY006649,C0357,A0769,POL0632,3771.41,ZAR,2026-03-24,CARD,COMPLETED,PAYREF91627DE775,
PAY006650,C0277,A1475,POL0673,853.24,ZAR,2025-07-13,EFT,COMPLETED,PAYREFA7A49CCD3A,
PAY006651,C0852,A1294,POL0066,1044.66,ZAR,2024-03-07,MOBILE,FAILED,PAYREF52F6BD307A,Limit exceeded
PAY006652,C0292,A1415,POL0067,403.08,ZAR,2025-01-29,CASH,COMPLETED,PAYREF8191E159BA,
PAY006653,C0611,A1264,,7965.74,ZAR,2025-02-12,DEBIT_ORDER,COMPLETED,PAYREFE23EEFB147,
PAY006654,C0653,A0230,POL0053,909.86,ZAR,2025-12-25,CARD,COMPLETED,PAYREFE85C80A5ED,
PAY006655,C0328,A0837,POL0656,814.67,ZAR,2024-05-28,EFT,COMPLETED,PAYREF9F7AB4252F,
PAY006656,C0104,A0204,POL0531,2011.55,ZAR,2025-04-26,DEBIT_ORDER,COMPLETED,PAYREF35C787E408,
PAY006657,C0648,A0763,POL0270,3317.87,ZAR,2026-01-28,CASH,COMPLETED,PAYREF4F58BEB4C3,
PAY006658,C0868,A1263,POL0029,548.9,ZAR,2024-11-20,DEBIT_ORDER,PENDING,PAYREFBAAFB17D87,
PAY006659,C0888,A1422,POL0326,3592.8,ZAR,2024-02-08,CASH,COMPLETED,PAYREFDDE40E0A93,
PAY006660,C0013,A0107,,809.73,ZAR,2025-03-15,DEBIT_ORDER,COMPLETED,PAYREF6238188C30,
PAY006661,C0412,A1329,,4585.34,ZAR,2024-11-24,EFT,COMPLETED,PAYREF8A36D81E90,
PAY006662,C0891,A0755,,638.48,ZAR,2024-01-18,CASH,PENDING,PAYREFC7E5F2F1DF,
PAY006663,C0124,A1200,POL0691,2288.03,ZAR,2026-05-12,DEBIT_ORDER,PENDING,PAYREF0125B9107A,
PAY006664,C0653,A1440,POL0783,1144.48,ZAR,2024-05-03,DEBIT_ORDER,COMPLETED,PAYREF046E05D610,
PAY006665,C0666,A0586,,355.53,ZAR,2025-04-10,MOBILE,COMPLETED,PAYREFB0654C0F0D,
PAY006666,C0079,A0656,POL0387,266.14,ZAR,2026-01-11,DEBIT_ORDER,COMPLETED,PAYREFEE1A0F7B6A,
PAY006667,C0250,A0133,POL0322,521.68,ZAR,2024-02-23,EFT,COMPLETED,PAYREF4B59F9B178,
PAY006668,C0667,A0141,POL0433,2958.85,ZAR,2025-09-25,EFT,COMPLETED,PAYREF8AB2987ADC,
PAY006669,C0469,A1165,,157.09,ZAR,2024-12-12,CASH,COMPLETED,PAYREF5740565F4D,
PAY006670,C0033,A0067,POL0618,1531.41,ZAR,2024-03-04,EFT,COMPLETED,PAYREFE575473D00,
PAY006671,C0909,A0694,,1403.73,ZAR,2025-09-20,MOBILE,COMPLETED,PAYREFEAAA095019,
PAY006672,C0011,A0740,POL0106,203.92,ZAR,2024-03-04,CARD,COMPLETED,PAYREFF95285F290,
PAY006673,C0582,A0366,,494.28,ZAR,2025-05-12,CARD,COMPLETED,PAYREF3D020DABB8,
PAY006674,C0968,A0095,POL0610,493.35,ZAR,2025-08-29,DEBIT_ORDER,COMPLETED,PAYREF17DD55D438,
PAY006675,C0371,A0114,,1155.97,ZAR,2026-08-03,MOBILE,COMPLETED,PAYREF9E87AA9A8C,
PAY006676,C0940,A0417,POL0239,4752.07,ZAR,2024-01-17,CARD,COMPLETED,PAYREF5E4C29FF11,
PAY006677,C0801,A1017,POL0002,3213.01,ZAR,2024-12-12,EFT,COMPLETED,PAYREF0D0C659293,
PAY006678,C0868,A0316,POL0377,764.86,ZAR,2025-12-03,CARD,COMPLETED,PAYREF59FF1893C8,
PAY006679,C0551,A1177,POL0416,478.46,ZAR,2024-09-10,CASH,COMPLETED,PAYREF289D5DB1AA,
PAY006680,C0935,A0123,,230.82,ZAR,2026-01-23,CARD,COMPLETED,PAYREF9A42EEA51F,
PAY006681,C0675,A0176,POL0180,750.99,ZAR,2024-04-07,MOBILE,COMPLETED,PAYREFA847D5CB59,
PAY006682,C0511,A0446,POL0415,446.4,ZAR,2024-03-06,EFT,COMPLETED,PAYREFB54CBA1C2E,
PAY006683,C0442,A0595,POL0552,1057.7,ZAR,2024-08-10,CARD,COMPLETED,PAYREF0B9B39B643,
PAY006684,C0583,A1047,POL0331,1098.55,ZAR,2024-02-08,MOBILE,COMPLETED,PAYREFF7EF9425A6,
PAY006685,C0624,A0933,,681.58,ZAR,2024-05-22,CASH,FAILED,PAYREF91EB85CFB6,Invalid account
PAY006686,C0668,A0607,,696.0,ZAR,2026-03-19,EFT,FAILED,PAYREFF9DF8F3157,Technical error
PAY006687,C0110,A1160,POL0751,547.96,ZAR,2024-12-06,DEBIT_ORDER,PENDING,PAYREF87F14A7B10,
PAY006688,C0543,A1478,POL0226,656.89,ZAR,2026-02-17,EFT,COMPLETED,PAYREF878D38E4A6,
PAY006689,C0940,A1181,POL0190,4609.69,ZAR,2025-02-03,CASH,COMPLETED,PAYREFAABD1964B7,
PAY006690,C0487,A1327,,1840.53,ZAR,2024-11-10,DEBIT_ORDER,COMPLETED,PAYREF06C815ACF1,
PAY006691,C0343,A0250,POL0010,1865.62,ZAR,2025-12-10,EFT,COMPLETED,PAYREF905C59F9AA,
PAY006692,C0258,A0157,POL0300,3016.77,ZAR,2024-11-04,CASH,COMPLETED,PAYREF45D118B2E4,
PAY006693,C0554,A0927,POL0074,2761.48,ZAR,2025-10-16,EFT,COMPLETED,PAYREF8AE2B7817E,
PAY006694,C0386,A0149,POL0472,4558.57,ZAR,2025-02-16,CASH,COMPLETED,PAYREFF7AD2F8055,
PAY006695,C0696,A0194,POL0302,1975.19,ZAR,2025-02-15,CASH,FAILED,PAYREFE44463620A,Limit exceeded
PAY006696,C0371,A1171,POL0701,1346.34,ZAR,2025-12-01,CASH,COMPLETED,PAYREF79E1CFED19,
PAY006697,C0412,A1085,POL0684,607.42,ZAR,2026-04-16,MOBILE,COMPLETED,PAYREF844C05DA20,
PAY006698,C0001,A0735,POL0656,480.99,ZAR,2024-03-17,DEBIT_ORDER,PENDING,PAYREFB49D74232F,
PAY006699,C0174,A0276,POL0792,2649.85,ZAR,2024-02-20,MOBILE,COMPLETED,PAYREF576D78187D,
PAY006700,C0547,A0320,,981.37,ZAR,2025-11-26,EFT,COMPLETED,PAYREF285B39FD3E,
PAY006701,C0582,A0987,,281.5,ZAR,2025-12-06,CASH,COMPLETED,PAYREF9CF3AB48AC,
PAY006702,C0428,A1401,POL0197,135.23,ZAR,2024-07-03,CASH,COMPLETED,PAYREFCB3279CC06,
PAY006703,C0581,A1433,POL0396,9392.13,ZAR,2024-06-10,DEBIT_ORDER,COMPLETED,PAYREF015AB923F8,
PAY006704,C0824,A1303,,409.14,ZAR,2025-04-09,CARD,COMPLETED,PAYREF6536BD3E6B,
PAY006705,C0859,A0625,POL0260,552.12,ZAR,2025-07-16,DEBIT_ORDER,PENDING,PAYREF6DE2F78878,
PAY006706,C0279,A0363,,3744.63,ZAR,2025-10-26,CARD,COMPLETED,PAYREFBB7D3CF67F,
PAY006707,C0274,A0715,POL0504,327.48,ZAR,2025-03-26,CASH,COMPLETED,PAYREF0CB619933A,
PAY006708,C0668,A0753,,1865.73,ZAR,2025-04-09,MOBILE,COMPLETED,PAYREF79C68067BC,
PAY006709,C0744,A1050,POL0406,6781.66,ZAR,2024-07-03,CARD,COMPLETED,PAYREFB66BB12C77,
PAY006710,C0126,A0305,POL0759,9080.01,ZAR,2024-10-23,CARD,COMPLETED,PAYREFDB8B740B98,
PAY006711,C0137,A0333,,701.03,ZAR,2026-04-11,DEBIT_ORDER,REVERSED,PAYREF76D6C0FBB3,
PAY006712,C0428,A0203,POL0354,1083.51,ZAR,2025-09-25,DEBIT_ORDER,FAILED,PAYREFA8E9DDFF87,Account closed
PAY006713,C0418,A0928,POL0718,737.76,ZAR,2024-02-18,EFT,COMPLETED,PAYREF88F822CA04,
PAY006714,C0010,A0324,POL0278,1077.12,ZAR,2024-01-11,CASH,REVERSED,PAYREF799409AB47,
PAY006715,C0551,A1452,POL0307,4016.92,ZAR,2024-11-07,DEBIT_ORDER,FAILED,PAYREFDAE722E163,Invalid account
PAY006716,C0386,A0466,POL0046,270.61,ZAR,2024-04-12,EFT,COMPLETED,PAYREF6397823AC5,
PAY006717,C0793,A0425,,2096.36,ZAR,2026-04-30,CASH,COMPLETED,PAYREFEDA5AD8344,
PAY006718,C0836,A1185,,901.9,ZAR,2026-01-31,EFT,COMPLETED,PAYREF55F999757F,
PAY006719,C0188,A0814,POL0558,4309.17,ZAR,2024-02-19,DEBIT_ORDER,PENDING,PAYREF37A07367FE,
PAY006720,C0189,A0434,POL0457,4086.4,ZAR,2026-04-22,CARD,COMPLETED,PAYREF419A5432E1,
PAY006721,C0523,A0172,POL0766,729.87,ZAR,2025-01-25,CASH,COMPLETED,PAYREFF06E989A71,
PAY006722,C0662,A0842,POL0348,981.63,ZAR,2024-06-11,CASH,FAILED,PAYREF6F86F4CBC6,Insufficient funds
PAY006723,C0244,A1191,,2677.83,ZAR,2024-08-23,EFT,COMPLETED,PAYREF5682305205,
PAY006724,C0954,A0507,,2931.65,ZAR,2026-06-03,EFT,COMPLETED,PAYREFF0C1938A4D,
PAY006725,C0171,A0048,POL0750,92.53,ZAR,2026-01-22,DEBIT_ORDER,COMPLETED,PAYREF4D5F31CD5A,
PAY006726,C0065,A0350,POL0458,2669.24,ZAR,2026-07-06,DEBIT_ORDER,COMPLETED,PAYREFA84A4037D7,
PAY006727,C0213,A1341,POL0190,5690.09,ZAR,2025-07-02,DEBIT_ORDER,PENDING,PAYREF3480F685B3,
PAY006728,C0017,A0933,,1416.03,ZAR,2025-06-18,EFT,PENDING,PAYREFC900473E81,
PAY006729,C0851,A1241,,2836.08,ZAR,2024-11-30,CARD,FAILED,PAYREFBA90F558F2,Limit exceeded
PAY006730,C0054,A0230,,3939.29,ZAR,2024-06-30,CASH,COMPLETED,PAYREF5DF64B4DA9,
PAY006731,C0655,A0932,POL0310,1368.67,ZAR,2024-12-13,CARD,COMPLETED,PAYREF2C632D8BB6,
PAY006732,C0976,A1485,POL0143,2475.58,ZAR,2025-10-01,CARD,COMPLETED,PAYREFB70760254E,
PAY006733,C0067,A0220,POL0294,1110.63,ZAR,2025-11-25,MOBILE,COMPLETED,PAYREF24B407919A,
PAY006734,C0662,A0941,,1040.89,ZAR,2025-09-11,DEBIT_ORDER,COMPLETED,PAYREF357BAB5F9C,
PAY006735,C0539,A0110,,565.92,ZAR,2024-11-19,CASH,COMPLETED,PAYREFC70C5C912A,
PAY006736,C0989,A1365,,1303.78,ZAR,2026-01-28,CARD,COMPLETED,PAYREF33DCC8E85D,
PAY006737,C0037,A0023,,7236.24,ZAR,2024-08-28,MOBILE,COMPLETED,PAYREFE8659EBC39,
PAY006738,C0138,A0589,POL0436,444.75,ZAR,2025-09-24,CASH,COMPLETED,PAYREF03046DB41B,
PAY006739,C0331,A1469,,2032.2,ZAR,2026-06-08,DEBIT_ORDER,COMPLETED,PAYREF1CE4638F29,
PAY006740,C0317,A0300,POL0468,1511.65,ZAR,2025-02-04,CASH,COMPLETED,PAYREF215E45F48B,
PAY006741,C0454,A0541,,4792.6,ZAR,2025-11-24,MOBILE,COMPLETED,PAYREF4287DAB3F1,
PAY006742,C0328,A0975,POL0471,5784.25,ZAR,2026-06-15,EFT,COMPLETED,PAYREFC7E136AEC7,
PAY006743,C0028,A0928,POL0204,435.16,ZAR,2026-08-14,CASH,COMPLETED,PAYREF76799576E8,
PAY006744,C0843,A0791,POL0437,617.57,ZAR,2024-08-13,EFT,COMPLETED,PAYREFA650089457,
PAY006745,C0880,A1297,POL0631,652.24,ZAR,2024-10-15,DEBIT_ORDER,COMPLETED,PAYREF45EBD2A97B,
PAY006746,C0292,A0689,,675.73,ZAR,2026-01-10,CASH,COMPLETED,PAYREFF93A38BB29,
PAY006747,C0889,A1159,POL0605,736.24,ZAR,2026-08-05,DEBIT_ORDER,COMPLETED,PAYREFE06A11531D,
PAY006748,C0861,A0838,POL0540,1551.64,ZAR,2024-01-01,MOBILE,COMPLETED,PAYREF3C6CD9FB4F,
PAY006749,C0637,A1019,POL0540,468.07,ZAR,2024-02-27,CASH,COMPLETED,PAYREFB77C678739,
PAY006750,C0778,A0431,,538.73,ZAR,2024-10-19,CASH,COMPLETED,PAYREF1094BA7402,
PAY006751,C0240,A0273,,497.41,ZAR,2024-08-20,CARD,PENDING,PAYREF67A92F76CA,
PAY006752,C0808,A0716,POL0429,1794.76,ZAR,2025-11-17,MOBILE,COMPLETED,PAYREF54F414F770,
PAY006753,C0110,A0259,POL0057,1028.89,ZAR,2025-01-01,MOBILE,COMPLETED,PAYREFF14658AA13,
PAY006754,C0241,A1284,,861.52,ZAR,2026-04-15,EFT,COMPLETED,PAYREF61A2103262,
PAY006755,C0363,A0918,POL0344,472.54,ZAR,2026-09-12,DEBIT_ORDER,COMPLETED,PAYREF51EF668D60,
PAY006756,C0802,A1214,POL0465,220.51,ZAR,2024-07-09,CARD,COMPLETED,PAYREF8778685501,
PAY006757,C0079,A1281,,5605.67,ZAR,2024-01-27,CARD,COMPLETED,PAYREF5A1E0AD2A8,
PAY006758,C0968,A1081,,821.62,ZAR,2026-08-30,DEBIT_ORDER,COMPLETED,PAYREF75526D24B3,
PAY006759,C0302,A0508,,16489.72,ZAR,2024-01-21,EFT,COMPLETED,PAYREFCBE184E85A,
PAY006760,C0435,A0057,POL0369,2375.09,ZAR,2026-06-11,CARD,COMPLETED,PAYREFFE3EAF9181,
PAY006761,C0362,A0596,POL0013,6831.18,ZAR,2024-10-09,MOBILE,COMPLETED,PAYREFB613495ADC,
PAY006762,C0328,A0571,POL0412,2961.61,ZAR,2024-10-11,MOBILE,COMPLETED,PAYREF48BBD4A67C,
PAY006763,C0223,A1166,POL0573,1285.0,ZAR,2026-01-06,CASH,COMPLETED,PAYREFFA1F7BEE7E,
PAY006764,C0102,A0953,,603.26,ZAR,2025-07-26,CASH,COMPLETED,PAYREF3080418760,
PAY006765,C0114,A1092,POL0681,412.88,ZAR,2025-06-10,CARD,COMPLETED,PAYREF0D15BD65B8,
PAY006766,C0221,A0967,POL0038,3359.85,ZAR,2026-04-27,MOBILE,COMPLETED,PAYREF13E88A9842,
PAY006767,C0513,A0189,POL0707,1429.43,ZAR,2025-04-09,MOBILE,COMPLETED,PAYREF8A67FF5A59,
PAY006768,C0130,A0912,POL0419,2031.44,ZAR,2024-10-02,DEBIT_ORDER,COMPLETED,PAYREFB5150DEF5F,
PAY006769,C0143,A1382,POL0778,2476.55,ZAR,2025-09-04,DEBIT_ORDER,COMPLETED,PAYREF4146089246,
PAY006770,C0079,A1025,POL0177,1565.52,ZAR,2026-03-22,CARD,PENDING,PAYREF15460F358B,
PAY006771,C0421,A0047,POL0243,684.13,ZAR,2025-10-16,MOBILE,COMPLETED,PAYREFB632F4EE45,
PAY006772,C0172,A1220,POL0074,3019.07,ZAR,2024-12-29,CARD,COMPLETED,PAYREF888D9D8DA6,
PAY006773,C0973,A0953,POL0005,899.48,ZAR,2024-07-17,MOBILE,COMPLETED,PAYREF6F80C86C1C,
PAY006774,C0380,A0333,POL0645,1200.59,ZAR,2024-05-02,EFT,COMPLETED,PAYREF7900693737,
PAY006775,C0487,A0453,POL0636,2247.09,ZAR,2026-05-04,MOBILE,COMPLETED,PAYREFB07BCFD708,
PAY006776,C0049,A0790,,1033.84,ZAR,2026-06-09,EFT,COMPLETED,PAYREFDA0359A826,
PAY006777,C0609,A0196,,178.07,ZAR,2026-09-05,EFT,COMPLETED,PAYREF65C68FD4CA,
PAY006778,C0581,A0038,POL0405,3104.44,ZAR,2025-09-21,DEBIT_ORDER,COMPLETED,PAYREF3B3AC1AE18,
PAY006779,C0702,A0285,,3846.54,ZAR,2025-06-29,CARD,COMPLETED,PAYREFC185532648,
PAY006780,C0362,A0971,POL0378,175.72,ZAR,2024-02-24,EFT,REVERSED,PAYREFEC00EDE793,
PAY006781,C0064,A0195,POL0144,386.34,ZAR,2024-01-05,EFT,COMPLETED,PAYREFDCB52040A7,
PAY006782,C0217,A0078,,8298.91,ZAR,2024-03-24,CARD,COMPLETED,PAYREF96B71B2D92,
PAY006783,C0435,A0417,,1383.03,ZAR,2025-03-04,CASH,COMPLETED,PAYREF608F68F661,
PAY006784,C0475,A0825,POL0461,1100.53,ZAR,2024-03-01,EFT,COMPLETED,PAYREF75CC79C21D,
PAY006785,C0614,A0568,,715.95,ZAR,2024-02-15,MOBILE,COMPLETED,PAYREFD37F79B89F,
PAY006786,C0385,A0177,,391.23,ZAR,2025-10-20,MOBILE,COMPLETED,PAYREF11C351A3F1,
PAY006787,C0508,A0191,,902.87,ZAR,2025-03-05,DEBIT_ORDER,COMPLETED,PAYREF1DDF455D04,
PAY006788,C0492,A0919,POL0038,2905.68,ZAR,2024-07-13,EFT,COMPLETED,PAYREF0B356FEACA,
PAY006789,C0161,A1050,POL0612,1079.57,ZAR,2024-07-25,DEBIT_ORDER,COMPLETED,PAYREF6A2BF1FF80,
PAY006790,C0055,A1100,POL0706,2018.85,ZAR,2024-09-11,DEBIT_ORDER,COMPLETED,PAYREF5CCAA6005A,
PAY006791,C0770,A0167,POL0754,6410.59,ZAR,2026-01-21,EFT,COMPLETED,PAYREFB89929D8AE,
PAY006792,C0373,A1321,POL0411,613.71,ZAR,2025-02-05,CASH,COMPLETED,PAYREF9958829FCE,
PAY006793,C0240,A1177,,1484.56,ZAR,2026-02-05,DEBIT_ORDER,FAILED,PAYREF9097FA25BB,Insufficient funds
PAY006794,C0356,A1019,POL0729,2994.08,ZAR,2025-04-10,CASH,COMPLETED,PAYREF465E75CACC,
PAY006795,C0982,A1093,POL0097,431.43,ZAR,2025-12-03,DEBIT_ORDER,COMPLETED,PAYREF60B42C0793,
PAY006796,C0635,A0614,POL0492,1310.35,ZAR,2024-03-23,CARD,COMPLETED,PAYREF236534A9ED,
PAY006797,C0486,A0789,,7131.84,ZAR,2025-06-24,CARD,PENDING,PAYREF4123208257,
PAY006798,C0683,A1265,,780.36,ZAR,2025-02-19,CARD,COMPLETED,PAYREFE92AD8E49D,
PAY006799,C0962,A0320,,3191.82,ZAR,2025-09-16,CARD,COMPLETED,PAYREFA90C845000,
PAY006800,C0588,A1279,POL0187,952.28,ZAR,2025-09-30,DEBIT_ORDER,COMPLETED,PAYREF838014BD79,
PAY006801,C0370,A1389,POL0452,6631.5,ZAR,2024-04-29,MOBILE,COMPLETED,PAYREF1CCD0CBBF2,
PAY006802,C0049,A1166,,211.56,ZAR,2025-03-30,CARD,PENDING,PAYREF5044825026,
PAY006803,C0168,A1496,,1170.23,ZAR,2026-04-08,MOBILE,FAILED,PAYREF3002E73862,Insufficient funds
PAY006804,C0776,A0474,POL0176,249.92,ZAR,2026-06-12,CARD,COMPLETED,PAYREF1A67FFD006,
PAY006805,C0444,A0721,POL0494,544.09,ZAR,2026-03-08,CARD,COMPLETED,PAYREF38CB4114DD,
PAY006806,C0311,A0770,POL0326,540.87,ZAR,2025-02-19,MOBILE,COMPLETED,PAYREF22AA5E782F,
PAY006807,C0632,A1385,POL0640,839.7,ZAR,2026-05-05,MOBILE,COMPLETED,PAYREF48DD6A05D6,
PAY006808,C0752,A0439,POL0009,334.19,ZAR,2025-10-08,DEBIT_ORDER,PENDING,PAYREF69541625AC,
PAY006809,C0864,A0431,POL0413,1020.72,ZAR,2025-07-06,CASH,COMPLETED,PAYREFAC880F6992,
PAY006810,C0805,A0262,POL0258,1737.96,ZAR,2025-02-01,DEBIT_ORDER,COMPLETED,PAYREF7A598B8CF5,
PAY006811,C0801,A1107,POL0731,237.01,ZAR,2024-05-07,CASH,COMPLETED,PAYREFBB8D5FD7F1,
PAY006812,C0004,A0201,POL0297,581.18,ZAR,2025-08-04,CARD,COMPLETED,PAYREF1318CFBF92,
PAY006813,C0632,A0914,,13918.75,ZAR,2026-04-21,MOBILE,COMPLETED,PAYREFF9CC1CE8E2,
PAY006814,C0682,A0717,POL0194,1524.22,ZAR,2024-09-18,EFT,COMPLETED,PAYREF6D9FACD89A,
PAY006815,C0113,A0385,,178.08,ZAR,2024-01-13,CASH,COMPLETED,PAYREF821643C54B,
PAY006816,C0301,A0469,POL0374,270.3,ZAR,2024-10-12,DEBIT_ORDER,COMPLETED,PAYREFA16A832408,
PAY006817,C0941,A0884,POL0715,1374.58,ZAR,2025-03-31,MOBILE,COMPLETED,PAYREF3371B9642D,
PAY006818,C0791,A0451,POL0165,1212.77,ZAR,2025-12-30,CASH,PENDING,PAYREF115B8BF7A4,
PAY006819,C0419,A0656,POL0127,609.45,ZAR,2024-10-11,CASH,COMPLETED,PAYREFAB651159D8,
PAY006820,C0359,A0090,,9831.19,ZAR,2026-04-13,CARD,COMPLETED,PAYREFF03C41EDC3,
PAY006821,C0282,A0052,POL0764,15043.91,ZAR,2024-02-17,CARD,FAILED,PAYREF5508EE0B42,Technical error
PAY006822,C0307,A1388,POL0385,841.86,ZAR,2025-06-22,CARD,COMPLETED,PAYREF0D0F6C986F,
PAY006823,C0922,A0916,POL0321,2625.32,ZAR,2025-01-24,CASH,COMPLETED,PAYREF4D4DA0CF40,
PAY006824,C0356,A1461,,2760.5,ZAR,2024-02-09,EFT,COMPLETED,PAYREFDFA71B0BAE,
PAY006825,C0452,A0200,POL0711,3152.25,ZAR,2026-01-27,CASH,COMPLETED,PAYREFC14FA50CE6,
PAY006826,C0704,A1012,POL0536,578.2,ZAR,2025-11-27,CASH,COMPLETED,PAYREF5D573CECF8,
PAY006827,C0401,A1240,,7627.0,ZAR,2024-01-26,MOBILE,COMPLETED,PAYREF6872EF1C76,
PAY006828,C0949,A0017,POL0433,1023.93,ZAR,2026-03-13,MOBILE,COMPLETED,PAYREF5046DA2302,
PAY006829,C0606,A0784,,1672.36,ZAR,2025-07-19,MOBILE,COMPLETED,PAYREF6667175B7E,
PAY006830,C0870,A0838,,1098.88,ZAR,2025-06-12,EFT,COMPLETED,PAYREFFB0E642BC8,
PAY006831,C0246,A0894,POL0282,953.67,ZAR,2025-06-10,DEBIT_ORDER,COMPLETED,PAYREFF8FC91B32E,
PAY006832,C0307,A0904,POL0334,1448.67,ZAR,2024-02-10,MOBILE,COMPLETED,PAYREF94927B937F,
PAY006833,C0660,A0007,POL0148,334.99,ZAR,2026-04-06,DEBIT_ORDER,COMPLETED,PAYREF731F39441A,
PAY006834,C0014,A0809,,152.76,ZAR,2026-09-04,DEBIT_ORDER,COMPLETED,PAYREFB46E32942F,
PAY006835,C0230,A0442,POL0375,885.91,ZAR,2026-02-08,EFT,FAILED,PAYREFFBEF5C3FE6,Limit exceeded
PAY006836,C0569,A1033,,454.67,ZAR,2026-01-07,EFT,REVERSED,PAYREFA99BEA56E9,
PAY006837,C0994,A0121,POL0023,1896.0,ZAR,2026-07-24,CARD,COMPLETED,PAYREFFA7984BFB3,
PAY006838,C0136,A1492,POL0385,1692.21,ZAR,2025-10-31,CASH,COMPLETED,PAYREFDD67DC301E,
PAY006839,C0553,A1326,POL0046,1111.52,ZAR,2024-08-05,EFT,COMPLETED,PAYREF271F7D89AC,
PAY006840,C0010,A0538,POL0355,4825.04,ZAR,2025-05-14,CASH,PENDING,PAYREF1C995A7910,
PAY006841,C0635,A0069,,1089.82,ZAR,2025-10-30,CASH,COMPLETED,PAYREFC342166099,
PAY006842,C0300,A1290,,255.15,ZAR,2024-08-19,CASH,COMPLETED,PAYREF6D0E35DD1D,
PAY006843,C0968,A0681,,876.87,ZAR,2024-12-16,EFT,COMPLETED,PAYREFE2A1F19B85,
PAY006844,C0492,A0380,POL0750,3536.77,ZAR,2024-10-14,EFT,COMPLETED,PAYREF5823E1B055,
PAY006845,C0989,A0230,,166.62,ZAR,2024-09-22,CASH,COMPLETED,PAYREF3B54A1C946,
PAY006846,C0684,A0057,,998.21,ZAR,2024-11-30,DEBIT_ORDER,COMPLETED,PAYREFF2F109F4F2,
PAY006847,C0120,A0326,POL0626,1949.76,ZAR,2026-01-09,EFT,COMPLETED,PAYREF3C04E1618E,
PAY006848,C0055,A1265,POL0067,15556.63,ZAR,2025-05-28,DEBIT_ORDER,COMPLETED,PAYREFEDBB7AB092,
PAY006849,C0518,A0902,POL0719,3671.14,ZAR,2024-05-02,CARD,FAILED,PAYREFB359674E36,Account closed
PAY006850,C0038,A1338,POL0447,1252.15,ZAR,2024-09-26,CARD,COMPLETED,PAYREFBDD09AD4BA,
PAY006851,C0756,A0350,POL0334,1845.97,ZAR,2025-03-09,CASH,COMPLETED,PAYREF910B93FE55,
PAY006852,C0274,A0979,POL0522,164.4,ZAR,2026-03-10,MOBILE,COMPLETED,PAYREFB3FE83585B,
PAY006853,C0990,A1336,,383.86,ZAR,2026-03-16,DEBIT_ORDER,COMPLETED,PAYREFC57AA153B0,
PAY006854,C0161,A1256,,2102.65,ZAR,2026-06-26,DEBIT_ORDER,COMPLETED,PAYREF64971672C6,
PAY006855,C0656,A0066,,1288.41,ZAR,2025-09-14,EFT,COMPLETED,PAYREFDFAA996A02,
PAY006856,C0780,A0931,,1463.73,ZAR,2025-02-09,DEBIT_ORDER,COMPLETED,PAYREFD8528CFAED,
PAY006857,C0781,A1357,POL0478,1134.69,ZAR,2025-09-15,EFT,COMPLETED,PAYREFDA155D040D,
PAY006858,C0248,A0196,POL0424,1091.06,ZAR,2024-01-11,CARD,COMPLETED,PAYREF41DAB99D86,
PAY006859,C0407,A0638,,1215.52,ZAR,2026-05-27,DEBIT_ORDER,REVERSED,PAYREFFB1A6E6DF7,
PAY006860,C0608,A0452,POL0139,381.44,ZAR,2024-03-01,MOBILE,FAILED,PAYREF39C60CA73C,Invalid account
PAY006861,C0218,A1112,POL0468,872.25,ZAR,2024-11-05,EFT,COMPLETED,PAYREF71EC8E6303,
PAY006862,C0079,A0802,POL0550,316.05,ZAR,2026-04-10,MOBILE,COMPLETED,PAYREFB06BE5BC48,
PAY006863,C0070,A0483,,590.17,ZAR,2026-02-28,CASH,COMPLETED,PAYREF344CB2397C,
PAY006864,C0634,A0093,POL0730,3626.07,ZAR,2026-01-17,MOBILE,COMPLETED,PAYREF5F5BE92B85,
PAY006865,C0653,A0897,,915.3,ZAR,2024-12-31,CARD,COMPLETED,PAYREFFA33494832,
PAY006866,C0513,A0111,,1989.9,ZAR,2025-03-25,EFT,COMPLETED,PAYREF27DC517CD4,
PAY006867,C0329,A1404,POL0404,1230.65,ZAR,2024-12-03,MOBILE,COMPLETED,PAYREFEE09DEAAF6,
PAY006868,C0445,A1161,POL0637,746.29,ZAR,2024-04-02,DEBIT_ORDER,COMPLETED,PAYREF1BF82CA3CF,
PAY006869,C0601,A0694,POL0447,399.99,ZAR,2025-05-03,CASH,PENDING,PAYREF61DE546458,
PAY006870,C0527,A0456,POL0590,735.05,ZAR,2024-09-02,EFT,COMPLETED,PAYREFF34F6329E8,
PAY006871,C0882,A1127,POL0553,1317.09,ZAR,2026-03-04,DEBIT_ORDER,COMPLETED,PAYREF4DE3D08C1B,
PAY006872,C0801,A0188,,1958.93,ZAR,2025-09-06,MOBILE,COMPLETED,PAYREFE7BB5DB923,
PAY006873,C0228,A0594,POL0750,1239.34,ZAR,2025-02-10,EFT,COMPLETED,PAYREF266D92E299,
PAY006874,C0392,A1368,POL0586,2099.55,ZAR,2024-12-31,MOBILE,COMPLETED,PAYREF7DD8ADB661,
PAY006875,C0258,A0326,POL0386,239.81,ZAR,2025-04-20,MOBILE,COMPLETED,PAYREFE0811ED34E,
PAY006876,C0671,A1406,POL0340,2608.84,ZAR,2024-09-04,DEBIT_ORDER,COMPLETED,PAYREFFBF9C51D63,
PAY006877,C0257,A0820,,354.87,ZAR,2025-08-29,MOBILE,COMPLETED,PAYREF16E83FFC39,
PAY006878,C0504,A0578,POL0590,2932.19,ZAR,2024-04-22,EFT,COMPLETED,PAYREFE23C9A7CB3,
PAY006879,C0903,A1070,POL0590,1812.4,ZAR,2025-10-14,DEBIT_ORDER,COMPLETED,PAYREFDCF24DC8D9,
PAY006880,C0689,A0275,POL0538,168.99,ZAR,2024-10-16,CASH,COMPLETED,PAYREFC070225554,
PAY006881,C0839,A0653,POL0345,2291.5,ZAR,2025-01-26,CASH,COMPLETED,PAYREFC82CFCBC7D,
PAY006882,C0684,A0693,POL0551,2966.38,ZAR,2024-01-26,MOBILE,REVERSED,PAYREF98F403A944,
PAY006883,C0279,A1200,POL0051,3857.9,ZAR,2026-02-11,CARD,COMPLETED,PAYREF1587F3E342,
PAY006884,C0032,A0856,POL0146,508.47,ZAR,2024-03-26,MOBILE,COMPLETED,PAYREFC628E232A0,
PAY006885,C0096,A0731,POL0711,1312.13,ZAR,2026-02-05,EFT,COMPLETED,PAYREF20E50598F4,
PAY006886,C0874,A0316,,2196.12,ZAR,2025-05-25,CARD,COMPLETED,PAYREF408429FEFD,
PAY006887,C0476,A0939,POL0508,2290.05,ZAR,2024-09-17,CASH,COMPLETED,PAYREF4B4F2DCF7B,
PAY006888,C0179,A0408,,1651.63,ZAR,2024-09-20,CASH,COMPLETED,PAYREF508EF85ACF,
PAY006889,C0800,A0744,POL0291,715.77,ZAR,2024-01-13,CARD,COMPLETED,PAYREF31B1062F5C,
PAY006890,C0036,A0465,POL0181,2945.23,ZAR,2025-11-11,CASH,COMPLETED,PAYREFD14FCCDAF6,
PAY006891,C0749,A0306,,2962.59,ZAR,2026-05-29,CASH,REVERSED,PAYREFF4E2C66F81,
PAY006892,C0296,A0602,,939.85,ZAR,2024-10-28,MOBILE,COMPLETED,PAYREF97A774D2A8,
PAY006893,C0354,A0201,POL0635,500.92,ZAR,2025-11-22,DEBIT_ORDER,COMPLETED,PAYREF3A88AF78B5,
PAY006894,C0305,A0541,POL0377,529.59,ZAR,2024-03-19,MOBILE,COMPLETED,PAYREFC4C9541DC2,
PAY006895,C0377,A0752,,4293.33,ZAR,2025-10-15,CARD,COMPLETED,PAYREF09B3561C89,
PAY006896,C0276,A1112,,2837.5,ZAR,2026-02-04,CASH,PENDING,PAYREFCF4BE3A095,
PAY006897,C0781,A0500,POL0299,1074.88,ZAR,2026-06-25,DEBIT_ORDER,COMPLETED,PAYREFCB89E04F48,
PAY006898,C0279,A0410,,898.59,ZAR,2025-01-29,CARD,COMPLETED,PAYREFFA452D24A2,
PAY006899,C0526,A0960,,187.13,ZAR,2024-12-12,MOBILE,COMPLETED,PAYREFA3B250B212,
PAY006900,C0056,A1226,POL0746,1007.87,ZAR,2025-02-08,DEBIT_ORDER,COMPLETED,PAYREF96BE2EDEA4,
PAY006901,C0481,A0853,POL0089,333.25,ZAR,2025-10-24,CARD,COMPLETED,PAYREFC38F9160F0,
PAY006902,C0507,A1151,POL0710,1285.62,ZAR,2026-02-26,CASH,COMPLETED,PAYREF5D38AA0072,
PAY006903,C0534,A0183,POL0215,3587.63,ZAR,2026-07-09,MOBILE,COMPLETED,PAYREF2E7DB7B9E7,
PAY006904,C0011,A0748,,411.39,ZAR,2024-02-20,CASH,COMPLETED,PAYREF5FE571D076,
PAY006905,C0877,A0155,,1392.13,ZAR,2024-01-13,CARD,FAILED,PAYREF16DF113E50,Technical error
PAY006906,C0738,A0505,,2974.35,ZAR,2025-05-08,MOBILE,COMPLETED,PAYREF535B9F34DC,
PAY006907,C0037,A0738,POL0779,1366.89,ZAR,2026-08-28,MOBILE,COMPLETED,PAYREF79DF70CC0C,
PAY006908,C0178,A0631,,649.38,ZAR,2026-03-08,MOBILE,COMPLETED,PAYREF7FD0A0DF6B,
PAY006909,C0142,A0254,POL0042,1108.08,ZAR,2026-08-19,MOBILE,COMPLETED,PAYREF3D54F650C5,
PAY006910,C0575,A0899,,2856.2,ZAR,2024-02-20,EFT,COMPLETED,PAYREF9369F960BF,
PAY006911,C0122,A0195,POL0107,1425.93,ZAR,2025-06-29,CARD,COMPLETED,PAYREFDE6CC3A371,
PAY006912,C0066,A0422,POL0037,1092.94,ZAR,2026-08-08,CASH,COMPLETED,PAYREF1622F4813C,
PAY006913,C0766,A0101,,3484.72,ZAR,2024-07-01,CARD,REVERSED,PAYREF06BCB21136,
PAY006914,C0631,A1284,POL0558,1835.22,ZAR,2025-02-11,MOBILE,COMPLETED,PAYREF506AD1AFA0,
PAY006915,C0258,A0809,,329.34,ZAR,2024-02-17,CASH,COMPLETED,PAYREF1832E051D7,
PAY006916,C0316,A0855,,2061.96,ZAR,2025-05-02,CASH,REVERSED,PAYREFBFF6200EB5,
PAY006917,C0154,A0509,,2834.32,ZAR,2024-12-09,CARD,COMPLETED,PAYREF66FC60089B,
PAY006918,C0855,A0205,POL0472,318.2,ZAR,2026-01-29,EFT,COMPLETED,PAYREF4CFBC5740E,
PAY006919,C0136,A0913,POL0371,113.44,ZAR,2024-12-09,MOBILE,COMPLETED,PAYREF8A3E6DBE5C,
PAY006920,C0359,A0505,POL0484,386.86,ZAR,2026-08-07,DEBIT_ORDER,COMPLETED,PAYREF1571AB4121,
PAY006921,C0986,A1065,POL0213,989.8,ZAR,2024-06-17,CASH,COMPLETED,PAYREF3AE4683C4D,
PAY006922,C0123,A0414,POL0545,3010.28,ZAR,2025-08-19,EFT,COMPLETED,PAYREF269DB6A982,
PAY006923,C0424,A0628,,449.91,ZAR,2024-03-19,CARD,COMPLETED,PAYREF0CE665AF68,
PAY006924,C0024,A1304,POL0322,1910.5,ZAR,2025-08-24,MOBILE,FAILED,PAYREF431D786B7B,Insufficient funds
PAY006925,C0129,A1024,POL0379,60.8,ZAR,2024-02-15,EFT,COMPLETED,PAYREFB9A7AA75F6,
PAY006926,C0558,A0480,POL0739,1313.31,ZAR,2025-05-02,CASH,COMPLETED,PAYREFEC869BF4D4,
PAY006927,C0748,A0322,,730.16,ZAR,2026-04-14,CARD,PENDING,PAYREF31B4124A1A,
PAY006928,C0517,A0685,POL0367,8942.75,ZAR,2025-07-17,CASH,COMPLETED,PAYREFE7958B9C49,
PAY006929,C0498,A0547,POL0073,165.33,ZAR,2026-01-20,MOBILE,REVERSED,PAYREF7C60A8145D,
PAY006930,C0563,A1007,,1080.85,ZAR,2026-06-12,EFT,COMPLETED,PAYREF3BC80BF991,
PAY006931,C0258,A0347,POL0765,164.31,ZAR,2025-04-21,DEBIT_ORDER,COMPLETED,PAYREFDD57DE739B,
PAY006932,C0907,A0371,POL0075,632.89,ZAR,2024-07-25,CASH,COMPLETED,PAYREFE22E5B62B9,
PAY006933,C0282,A1464,POL0395,200.11,ZAR,2025-02-22,DEBIT_ORDER,COMPLETED,PAYREF9CE5EED9F6,
PAY006934,C0878,A1140,,10946.65,ZAR,2025-06-16,MOBILE,FAILED,PAYREF17FB48D1CB,Account closed
PAY006935,C0729,A0033,,768.51,ZAR,2024-09-18,CARD,COMPLETED,PAYREFCCC05E816B,
PAY006936,C0141,A0542,POL0360,888.0,ZAR,2024-02-20,EFT,FAILED,PAYREF450AEC38BA,Limit exceeded
PAY006937,C0658,A0842,POL0461,1050.76,ZAR,2024-03-21,MOBILE,COMPLETED,PAYREF414C8D1948,
PAY006938,C0624,A0086,POL0407,353.44,ZAR,2025-05-10,CASH,COMPLETED,PAYREF30BC4DBC77,
PAY006939,C0123,A1263,POL0313,3150.26,ZAR,2026-05-16,EFT,PENDING,PAYREFA48B47B1E8,
PAY006940,C0408,A1476,POL0611,2080.15,ZAR,2025-11-27,DEBIT_ORDER,COMPLETED,PAYREFD28CAB81AD,
PAY006941,C0444,A0245,POL0471,2746.1,ZAR,2026-06-05,MOBILE,COMPLETED,PAYREFC5EE87B9BB,
PAY006942,C0564,A1108,,324.42,ZAR,2025-07-23,EFT,COMPLETED,PAYREF48EEE5A70D,
PAY006943,C0634,A1197,POL0672,3412.89,ZAR,2024-03-14,EFT,COMPLETED,PAYREFFBAD547D17,
PAY006944,C0393,A0056,POL0248,3040.69,ZAR,2024-07-29,EFT,COMPLETED,PAYREF8739B579E0,
PAY006945,C0660,A0050,POL0223,869.23,ZAR,2025-08-16,EFT,COMPLETED,PAYREF37629AF1A2,
PAY006946,C0532,A0288,POL0042,2683.89,ZAR,2025-12-09,EFT,PENDING,PAYREFEF2FA83462,
PAY006947,C0090,A1033,,1440.39,ZAR,2025-11-18,CARD,COMPLETED,PAYREF44456B9567,
PAY006948,C0352,A1361,,222.74,ZAR,2026-08-03,CASH,COMPLETED,PAYREF0B4A450D0B,
PAY006949,C0812,A1094,POL0167,913.42,ZAR,2026-08-06,EFT,COMPLETED,PAYREF5677EB8AF3,
PAY006950,C0807,A0800,,677.55,ZAR,2024-04-25,EFT,PENDING,PAYREF5D94DD42C0,
PAY006951,C0017,A0003,,1194.42,ZAR,2024-06-04,DEBIT_ORDER,REVERSED,PAYREF1B4D3A41CF,
PAY006952,C0624,A0279,POL0650,3044.6,ZAR,2025-11-20,MOBILE,COMPLETED,PAYREFA55D590771,
PAY006953,C0297,A0974,POL0597,212.44,ZAR,2025-12-03,CARD,COMPLETED,PAYREF38D418F88B,
PAY006954,C0417,A0435,,703.75,ZAR,2024-02-20,DEBIT_ORDER,REVERSED,PAYREF9A447F084B,
PAY006955,C0382,A0580,,482.11,ZAR,2026-06-23,CARD,COMPLETED,PAYREF4C11D39AFC,
PAY006956,C0380,A0636,POL0566,503.26,ZAR,2026-06-23,MOBILE,COMPLETED,PAYREF0372C42A34,
PAY006957,C0037,A0320,,481.49,ZAR,2025-01-22,DEBIT_ORDER,COMPLETED,PAYREFAD1C7D9522,
PAY006958,C0808,A0356,,1174.0,ZAR,2025-05-07,CASH,COMPLETED,PAYREF3A28C6FDFF,
PAY006959,C0129,A1394,POL0704,1850.43,ZAR,2025-08-01,MOBILE,COMPLETED,PAYREF37BDB4CDDE,
PAY006960,C0242,A0718,,1553.59,ZAR,2025-02-04,CASH,COMPLETED,PAYREFECAC4A842C,
PAY006961,C0522,A1373,POL0702,1320.37,ZAR,2025-05-21,MOBILE,COMPLETED,PAYREF81EA0CFFD3,
PAY006962,C0195,A1021,POL0095,2042.12,ZAR,2024-04-05,CASH,FAILED,PAYREF74894E3E03,Limit exceeded
PAY006963,C0377,A0661,POL0626,11852.88,ZAR,2025-04-29,DEBIT_ORDER,COMPLETED,PAYREF4AEEB46523,
PAY006964,C0135,A0842,,1256.26,ZAR,2026-06-30,DEBIT_ORDER,COMPLETED,PAYREFCA29B88614,
PAY006965,C0289,A1138,POL0298,3044.64,ZAR,2025-01-19,CASH,COMPLETED,PAYREFFC1267317B,
PAY006966,C0443,A0922,POL0061,2876.08,ZAR,2025-07-19,EFT,PENDING,PAYREF0C6E27AD7F,
PAY006967,C0808,A1375,,6488.55,ZAR,2026-01-31,MOBILE,COMPLETED,PAYREF3B56DABA28,
PAY006968,C0954,A0666,POL0650,1920.84,ZAR,2024-09-20,CARD,COMPLETED,PAYREF1C200B9193,
PAY006969,C0012,A0389,POL0705,471.39,ZAR,2025-07-25,EFT,COMPLETED,PAYREFF779DCBDD0,
PAY006970,C0866,A0795,POL0074,1487.54,ZAR,2026-03-16,CARD,COMPLETED,PAYREF33D3485598,
PAY006971,C0805,A1376,POL0640,1409.71,ZAR,2025-05-16,MOBILE,COMPLETED,PAYREFBD1B032F7E,
PAY006972,C0367,A1069,,2477.94,ZAR,2025-06-05,MOBILE,COMPLETED,PAYREFC3C448541A,
PAY006973,C0016,A0190,POL0565,457.88,ZAR,2025-02-28,EFT,COMPLETED,PAYREF9E09662BCD,
PAY006974,C0573,A0034,POL0214,3890.61,ZAR,2025-06-18,CASH,PENDING,PAYREF5719F5393E,
PAY006975,C0969,A0896,,1102.39,ZAR,2025-06-17,CARD,FAILED,PAYREF6923966952,Invalid account
PAY006976,C0043,A0928,POL0588,2538.63,ZAR,2026-01-21,CASH,PENDING,PAYREF3BBCD9C7E3,
PAY006977,C0548,A1377,,1494.69,ZAR,2025-11-30,DEBIT_ORDER,COMPLETED,PAYREF67CB2EB159,
PAY006978,C0060,A0905,POL0479,1239.66,ZAR,2025-01-01,MOBILE,COMPLETED,PAYREF7267CF4A66,
PAY006979,C0654,A0914,POL0644,1385.56,ZAR,2026-09-11,MOBILE,COMPLETED,PAYREF6329DF425B,
PAY006980,C0472,A1179,,2147.35,ZAR,2024-08-02,CARD,COMPLETED,PAYREF0641E538D6,
PAY006981,C0798,A0203,,7774.89,ZAR,2025-07-15,CARD,COMPLETED,PAYREF9A5ABF4D19,
PAY006982,C0128,A0507,,145.86,ZAR,2025-02-11,DEBIT_ORDER,COMPLETED,PAYREF21E652859B,
PAY006983,C0120,A1222,POL0054,1881.84,ZAR,2025-02-06,DEBIT_ORDER,COMPLETED,PAYREF85DC77B56A,
PAY006984,C0617,A0351,,1145.93,ZAR,2026-06-09,DEBIT_ORDER,COMPLETED,PAYREFA65E2593ED,
PAY006985,C0440,A1460,POL0059,918.64,ZAR,2025-03-28,CASH,PENDING,PAYREF74FDE1252F,
PAY006986,C0664,A0048,POL0744,103.21,ZAR,2026-06-01,EFT,COMPLETED,PAYREFD86F225081,
PAY006987,C0563,A0216,POL0269,1959.04,ZAR,2024-03-20,CARD,COMPLETED,PAYREF7C509C3342,
PAY006988,C0903,A0837,,967.8,ZAR,2025-08-11,EFT,PENDING,PAYREF1BC87A8BB9,
PAY006989,C0248,A0221,POL0650,476.07,ZAR,2025-10-24,CASH,COMPLETED,PAYREF6DE29426D1,
PAY006990,C0658,A0953,,1144.22,ZAR,2026-06-26,CARD,COMPLETED,PAYREFFD42112783,
PAY006991,C0330,A0819,POL0633,818.28,ZAR,2025-11-17,EFT,COMPLETED,PAYREFCD8F0E12A7,
PAY006992,C0967,A0881,,192.02,ZAR,2026-03-09,CARD,COMPLETED,PAYREF1EC6F0FE30,
PAY006993,C0698,A1439,POL0579,1197.73,ZAR,2024-11-26,CASH,PENDING,PAYREFD1A70CA192,
PAY006994,C0345,A0446,,1958.77,ZAR,2024-05-25,MOBILE,FAILED,PAYREF999828CB87,Technical error
PAY006995,C0174,A0686,POL0614,633.19,ZAR,2024-10-25,CARD,COMPLETED,PAYREF79892A72B2,
PAY006996,C0644,A1469,POL0459,1424.69,ZAR,2025-03-19,MOBILE,COMPLETED,PAYREF5130CD97F9,
PAY006997,C0174,A1091,POL0028,1221.84,ZAR,2025-06-06,EFT,COMPLETED,PAYREF02DF91F791,
PAY006998,C0875,A1327,POL0599,3119.7,ZAR,2024-03-29,EFT,COMPLETED,PAYREFF0D3704D80,
PAY006999,C0355,A1430,POL0148,988.62,ZAR,2024-09-16,MOBILE,COMPLETED,PAYREFB2DE4A8749,
PAY007000,C0281,A0173,POL0587,2443.27,ZAR,2025-06-09,CASH,COMPLETED,PAYREF612C1511B9,
PAY007001,C0872,A1401,POL0758,801.63,ZAR,2025-12-27,CASH,PENDING,PAYREF327E145092,
PAY007002,C0199,A0156,,7842.57,ZAR,2024-09-28,CASH,PENDING,PAYREFD1DF187FFB,
PAY007003,C0303,A1259,POL0331,708.51,ZAR,2026-07-17,CARD,COMPLETED,PAYREFC5AA86F022,
PAY007004,C0918,A1019,POL0685,552.8,ZAR,2025-04-25,EFT,REVERSED,PAYREF384B61CA92,
PAY007005,C0613,A1385,POL0002,991.79,ZAR,2026-04-15,DEBIT_ORDER,COMPLETED,PAYREFC2178CAC60,
PAY007006,C0644,A0581,POL0600,529.53,ZAR,2026-03-20,DEBIT_ORDER,COMPLETED,PAYREFB7C0D838E4,
PAY007007,C0320,A0569,,314.61,ZAR,2026-08-27,CARD,COMPLETED,PAYREF079D39C1BD,
PAY007008,C0564,A0905,,2270.15,ZAR,2024-07-24,MOBILE,COMPLETED,PAYREF17D540BC1A,
PAY007009,C0040,A0877,POL0365,51.28,ZAR,2025-02-01,CARD,PENDING,PAYREFFB04C541AB,
PAY007010,C0390,A1180,POL0400,535.11,ZAR,2025-12-15,CASH,COMPLETED,PAYREF5D0E7487E7,
PAY007011,C0172,A0582,POL0387,286.64,ZAR,2024-01-05,MOBILE,COMPLETED,PAYREF4DB0FFAB1B,
PAY007012,C0505,A0081,,1264.17,ZAR,2024-02-18,CARD,COMPLETED,PAYREFE39C6F6B3B,
PAY007013,C0268,A0162,,122.84,ZAR,2024-05-27,DEBIT_ORDER,COMPLETED,PAYREFCD6B3DBA12,
PAY007014,C0091,A0383,,1896.66,ZAR,2025-06-23,DEBIT_ORDER,COMPLETED,PAYREFC72BB4E1C7,
PAY007015,C0071,A0599,,2113.48,ZAR,2024-01-07,MOBILE,COMPLETED,PAYREFDD3380E11B,
PAY007016,C0945,A1287,POL0620,214.3,ZAR,2024-07-03,MOBILE,COMPLETED,PAYREFFF217CDD8E,
PAY007017,C0710,A0133,POL0197,1326.9,ZAR,2024-12-24,CASH,FAILED,PAYREF68DDFF1DAB,Insufficient funds
PAY007018,C0983,A0881,,1837.31,ZAR,2026-03-04,EFT,COMPLETED,PAYREF9B10A62045,
PAY007019,C0133,A0123,POL0484,2808.2,ZAR,2025-09-09,CARD,COMPLETED,PAYREF6A9EEED660,
PAY007020,C0397,A0254,POL0394,252.41,ZAR,2024-04-07,CARD,COMPLETED,PAYREF5E8E66613B,
PAY007021,C0276,A0773,POL0251,219.29,ZAR,2026-06-24,MOBILE,COMPLETED,PAYREF637A400E4D,
PAY007022,C0339,A0374,,4927.81,ZAR,2026-07-22,EFT,COMPLETED,PAYREF62AE82BE65,
PAY007023,C0765,A0875,,482.08,ZAR,2026-04-11,MOBILE,FAILED,PAYREFC38E9BD505,Limit exceeded
PAY007024,C0976,A0282,,647.16,ZAR,2026-08-07,EFT,COMPLETED,PAYREFF7CF7CD7F6,
PAY007025,C0244,A1235,,2065.43,ZAR,2026-08-31,CASH,COMPLETED,PAYREF93A22CDF94,
PAY007026,C0600,A0057,POL0685,340.63,ZAR,2025-12-22,CASH,COMPLETED,PAYREFC5620F3367,
PAY007027,C0804,A0579,,840.63,ZAR,2025-02-01,DEBIT_ORDER,COMPLETED,PAYREF0146D2D318,
PAY007028,C0649,A0570,,2675.11,ZAR,2026-03-15,DEBIT_ORDER,FAILED,PAYREFC3763F254B,Insufficient funds
PAY007029,C0675,A1238,POL0643,264.78,ZAR,2024-03-25,DEBIT_ORDER,COMPLETED,PAYREF3DED5D9C54,
PAY007030,C0039,A0968,,665.14,ZAR,2024-03-29,CARD,COMPLETED,PAYREF306AD7C6DD,
PAY007031,C0304,A0233,POL0072,355.41,ZAR,2024-05-19,DEBIT_ORDER,REVERSED,PAYREFE1AC179336,
PAY007032,C0031,A0216,POL0727,505.76,ZAR,2026-02-03,DEBIT_ORDER,COMPLETED,PAYREF4B029D380D,
PAY007033,C0144,A1383,,3589.07,ZAR,2025-01-31,DEBIT_ORDER,COMPLETED,PAYREF8720DEEFD2,
PAY007034,C0342,A0590,POL0117,4469.64,ZAR,2026-07-19,CARD,COMPLETED,PAYREF1A87906F65,
PAY007035,C0978,A0940,,1419.18,ZAR,2025-06-19,DEBIT_ORDER,COMPLETED,PAYREF113B9B000A,
PAY007036,C0911,A0976,,1867.23,ZAR,2024-02-19,DEBIT_ORDER,COMPLETED,PAYREFF8E582498B,
PAY007037,C0261,A1444,POL0322,1816.84,ZAR,2025-04-16,CASH,COMPLETED,PAYREF49B3CAD08E,
PAY007038,C0468,A0973,POL0308,559.85,ZAR,2025-05-08,EFT,PENDING,PAYREFF602239FDB,
PAY007039,C0867,A1465,POL0734,1391.52,ZAR,2024-09-23,EFT,COMPLETED,PAYREFB954AF4B65,
PAY007040,C0765,A0936,,300.27,ZAR,2025-11-18,EFT,COMPLETED,PAYREF0DCE8D4310,
PAY007041,C0175,A0157,POL0576,420.49,ZAR,2024-09-23,CASH,FAILED,PAYREF05480BB6EB,Technical error
PAY007042,C0038,A1436,POL0118,1005.46,ZAR,2024-07-22,EFT,COMPLETED,PAYREFA336346383,
PAY007043,C0494,A0417,POL0623,379.57,ZAR,2026-04-26,DEBIT_ORDER,COMPLETED,PAYREF8F64CC6CAF,
PAY007044,C0533,A1235,,307.13,ZAR,2025-03-11,DEBIT_ORDER,COMPLETED,PAYREF8E54EF4154,
PAY007045,C0115,A0368,POL0701,538.13,ZAR,2024-08-13,EFT,COMPLETED,PAYREFD7312153BE,
PAY007046,C0291,A0078,POL0734,3450.7,ZAR,2024-01-20,DEBIT_ORDER,COMPLETED,PAYREF82C88D505E,
PAY007047,C0339,A0784,POL0124,5203.77,ZAR,2026-01-11,DEBIT_ORDER,COMPLETED,PAYREF8935E990CB,
PAY007048,C0659,A1488,POL0636,1061.5,ZAR,2024-01-24,DEBIT_ORDER,COMPLETED,PAYREF6314B40E98,
PAY007049,C0468,A1191,POL0750,1962.94,ZAR,2024-05-08,MOBILE,COMPLETED,PAYREF0F75A36791,
PAY007050,C0551,A0727,POL0312,624.22,ZAR,2024-05-30,MOBILE,COMPLETED,PAYREFA21769741C,
PAY007051,C0874,A0619,POL0261,138.98,ZAR,2026-01-14,CASH,FAILED,PAYREF808173DCC2,Limit exceeded
PAY007052,C0836,A0430,,448.76,ZAR,2024-09-09,CARD,COMPLETED,PAYREFDCC6F15AE2,
PAY007053,C0397,A1171,POL0378,805.66,ZAR,2026-02-23,CASH,COMPLETED,PAYREFCA5475BE38,
PAY007054,C0017,A0065,POL0358,1262.65,ZAR,2026-02-22,EFT,COMPLETED,PAYREFAE45A219D3,
PAY007055,C0332,A0258,,991.31,ZAR,2024-10-21,DEBIT_ORDER,COMPLETED,PAYREF8B776C702A,
PAY007056,C0254,A0286,POL0664,827.45,ZAR,2026-01-10,DEBIT_ORDER,COMPLETED,PAYREF4D25276E5F,
PAY007057,C0573,A0386,POL0279,617.31,ZAR,2025-01-27,MOBILE,COMPLETED,PAYREF2B5FC2E34D,
PAY007058,C0031,A1082,POL0040,1546.67,ZAR,2026-08-25,CASH,COMPLETED,PAYREFED1968D9BB,
PAY007059,C0129,A0687,POL0690,280.37,ZAR,2024-04-08,CASH,COMPLETED,PAYREFD9D13ED5F0,
PAY007060,C0217,A1221,POL0315,2445.64,ZAR,2025-10-18,MOBILE,COMPLETED,PAYREF0C507BC102,
PAY007061,C0480,A1447,,610.12,ZAR,2025-07-30,MOBILE,COMPLETED,PAYREF816245AD0D,
PAY007062,C0157,A0580,POL0668,8665.44,ZAR,2025-01-29,CARD,COMPLETED,PAYREF375525011D,
PAY007063,C0363,A1151,,800.06,ZAR,2025-09-28,MOBILE,COMPLETED,PAYREF179D2B9129,
PAY007064,C0689,A0953,POL0705,678.46,ZAR,2024-02-16,CARD,COMPLETED,PAYREF290D6BBF66,
PAY007065,C0629,A0993,POL0131,624.73,ZAR,2025-04-18,MOBILE,COMPLETED,PAYREF12ADCF0B66,
PAY007066,C0143,A0658,POL0429,685.26,ZAR,2024-03-14,CARD,COMPLETED,PAYREFEDAA00053A,
PAY007067,C0074,A0363,POL0545,2012.69,ZAR,2024-06-19,EFT,COMPLETED,PAYREF005015C785,
PAY007068,C0232,A0091,,1051.24,ZAR,2024-10-18,CARD,COMPLETED,PAYREF8DB3823E39,
PAY007069,C0743,A0987,POL0224,2942.7,ZAR,2024-01-04,EFT,COMPLETED,PAYREFE46FCDD069,
PAY007070,C0966,A1194,,1744.85,ZAR,2026-03-16,DEBIT_ORDER,COMPLETED,PAYREF48DE5886D4,
PAY007071,C0731,A0898,POL0234,1131.72,ZAR,2025-04-20,DEBIT_ORDER,FAILED,PAYREF1C38C4E751,Limit exceeded
PAY007072,C0108,A0731,POL0577,1592.33,ZAR,2024-04-24,EFT,COMPLETED,PAYREF54575D5C32,
PAY007073,C0239,A0099,POL0494,3627.67,ZAR,2025-07-27,CARD,COMPLETED,PAYREF3BEF8BAB54,
PAY007074,C0244,A0086,,2114.76,ZAR,2026-08-03,CASH,COMPLETED,PAYREF3EE26FDF51,
PAY007075,C0290,A1295,,1451.8,ZAR,2026-07-06,CASH,COMPLETED,PAYREF22E75F86B6,
PAY007076,C0103,A0385,POL0688,1673.62,ZAR,2025-11-20,DEBIT_ORDER,COMPLETED,PAYREFC772E69D19,
PAY007077,C0131,A0780,,346.3,ZAR,2025-06-03,DEBIT_ORDER,COMPLETED,PAYREFCCB92CFABC,
PAY007078,C0850,A1430,POL0023,14352.74,ZAR,2026-02-25,DEBIT_ORDER,FAILED,PAYREFD13EF25096,Invalid account
PAY007079,C0785,A0396,,1859.62,ZAR,2026-04-23,EFT,COMPLETED,PAYREFE65A9ECBC3,
PAY007080,C0836,A0355,POL0574,2054.76,ZAR,2025-10-10,EFT,COMPLETED,PAYREF25FFF65716,
PAY007081,C0474,A0017,POL0711,1065.62,ZAR,2026-02-24,CARD,COMPLETED,PAYREF4F1E80CA5E,
PAY007082,C0421,A0163,POL0105,110.21,ZAR,2025-09-02,MOBILE,COMPLETED,PAYREFCACDEF27F0,
PAY007083,C0736,A1053,,841.05,ZAR,2025-04-07,CARD,COMPLETED,PAYREFBCCE162709,
PAY007084,C0990,A0037,POL0751,1183.16,ZAR,2024-01-01,CARD,FAILED,PAYREF9581DD7CFB,Account closed
PAY007085,C0963,A0983,POL0421,481.62,ZAR,2024-08-28,MOBILE,COMPLETED,PAYREFE8846966A9,
PAY007086,C0042,A1115,POL0609,477.44,ZAR,2026-04-06,DEBIT_ORDER,COMPLETED,PAYREFE79D090B59,
PAY007087,C0828,A1360,POL0041,781.14,ZAR,2024-06-14,CASH,COMPLETED,PAYREFAD177A621E,
PAY007088,C0285,A0873,POL0783,2372.1,ZAR,2024-02-12,MOBILE,COMPLETED,PAYREF9D957192BC,
PAY007089,C0987,A1315,,3849.71,ZAR,2024-09-10,EFT,COMPLETED,PAYREFED1FF5E3E3,
PAY007090,C0686,A0203,,1301.1,ZAR,2026-09-05,CASH,COMPLETED,PAYREFC657C609AD,
PAY007091,C0353,A0103,POL0297,621.8,ZAR,2026-07-25,MOBILE,COMPLETED,PAYREF239008AFC7,
PAY007092,C0516,A0255,POL0783,763.27,ZAR,2026-06-14,CARD,COMPLETED,PAYREF45875D8077,
PAY007093,C0473,A1382,POL0365,1211.4,ZAR,2024-08-31,CASH,COMPLETED,PAYREF79C7640C3A,
PAY007094,C0318,A1484,,1363.8,ZAR,2024-01-04,CASH,COMPLETED,PAYREF0FFCD78A06,
PAY007095,C0669,A1430,,1694.19,ZAR,2026-09-03,CARD,COMPLETED,PAYREF6EC4F15536,
PAY007096,C0651,A1019,,706.72,ZAR,2024-02-06,CASH,COMPLETED,PAYREF938AC4B034,
PAY007097,C0167,A0729,POL0358,1861.79,ZAR,2026-07-14,DEBIT_ORDER,COMPLETED,PAYREF10124BB047,
PAY007098,C0433,A0313,POL0292,1720.27,ZAR,2026-03-01,DEBIT_ORDER,PENDING,PAYREFE4C6DE5241,
PAY007099,C0816,A1131,POL0768,738.71,ZAR,2025-11-06,EFT,COMPLETED,PAYREF1191F26936,
PAY007100,C0563,A1062,POL0797,196.47,ZAR,2024-10-02,MOBILE,REVERSED,PAYREFE205517B0F,
PAY007101,C0772,A1395,POL0064,452.62,ZAR,2024-06-17,MOBILE,COMPLETED,PAYREF771D71C451,
PAY007102,C0229,A0256,POL0753,5258.47,ZAR,2025-09-25,CARD,COMPLETED,PAYREFE65B6FBCEB,
PAY007103,C0856,A1308,,201.63,ZAR,2026-05-08,CASH,PENDING,PAYREF45CFD0DA40,
PAY007104,C0126,A1438,,4095.0,ZAR,2025-07-24,CARD,FAILED,PAYREF3F0C6061E0,Invalid account
PAY007105,C0167,A0509,POL0026,194.69,ZAR,2024-07-24,CASH,COMPLETED,PAYREF1EBD33531F,
PAY007106,C0932,A0791,POL0274,506.16,ZAR,2026-05-31,CASH,COMPLETED,PAYREFDCB0D1BB42,
PAY007107,C0124,A0779,POL0618,753.92,ZAR,2026-02-11,CASH,FAILED,PAYREF96DC791C29,Account closed
PAY007108,C0755,A1023,,6517.87,ZAR,2025-05-06,DEBIT_ORDER,COMPLETED,PAYREFFB3F1A644D,
PAY007109,C0932,A0168,POL0765,1125.67,ZAR,2024-02-25,MOBILE,COMPLETED,PAYREF6290C25F56,
PAY007110,C0870,A1358,POL0559,885.36,ZAR,2024-01-29,MOBILE,COMPLETED,PAYREF8AD5D0608C,
PAY007111,C0138,A0220,POL0213,430.37,ZAR,2024-09-22,MOBILE,FAILED,PAYREFAF0B83A97A,Invalid account
PAY007112,C0870,A1365,POL0709,1848.19,ZAR,2026-09-07,CASH,COMPLETED,PAYREF83750BF9E2,
PAY007113,C0323,A0299,POL0085,656.74,ZAR,2024-03-19,CARD,COMPLETED,PAYREFEB02C2C743,
PAY007114,C0023,A1366,,872.18,ZAR,2024-10-27,EFT,COMPLETED,PAYREF2ED0049286,
PAY007115,C0039,A0515,,766.35,ZAR,2025-09-14,DEBIT_ORDER,COMPLETED,PAYREFD18C111920,
PAY007116,C0271,A0024,,2252.65,ZAR,2024-03-24,DEBIT_ORDER,FAILED,PAYREFE42CB5A382,Invalid account
PAY007117,C0870,A0323,,2349.1,ZAR,2026-09-06,MOBILE,COMPLETED,PAYREF17B3118B06,
PAY007118,C0920,A1393,POL0394,450.16,ZAR,2024-04-16,CARD,COMPLETED,PAYREF62CE0340C4,
PAY007119,C0959,A0961,,585.66,ZAR,2024-09-15,DEBIT_ORDER,COMPLETED,PAYREFEB3CBD90A9,
PAY007120,C0952,A1274,POL0082,530.66,ZAR,2026-08-26,EFT,COMPLETED,PAYREF19101D298E,
PAY007121,C0857,A1035,POL0378,1317.32,ZAR,2024-02-28,CARD,COMPLETED,PAYREFA9D18E56C5,
PAY007122,C0465,A1278,POL0720,2715.4,ZAR,2025-12-28,MOBILE,COMPLETED,PAYREF73D7CD867B,
PAY007123,C0489,A1146,POL0421,1334.97,ZAR,2025-10-30,DEBIT_ORDER,COMPLETED,PAYREFAD11F060FB,
PAY007124,C0191,A1131,,122.65,ZAR,2025-08-22,MOBILE,COMPLETED,PAYREF28EFB494CA,
PAY007125,C0952,A0404,,2344.33,ZAR,2025-03-28,MOBILE,COMPLETED,PAYREFB6A638A510,
PAY007126,C0484,A1065,POL0384,284.58,ZAR,2026-01-03,CASH,COMPLETED,PAYREF4FFD54D0A9,
PAY007127,C0056,A1270,,536.34,ZAR,2026-05-10,CASH,COMPLETED,PAYREFFEBA1897D6,
PAY007128,C0605,A1073,POL0098,1337.33,ZAR,2024-08-07,DEBIT_ORDER,FAILED,PAYREF7DB985A32B,Invalid account
PAY007129,C0514,A0215,,1008.39,ZAR,2024-01-21,CARD,PENDING,PAYREF8098611FB0,
PAY007130,C0308,A0352,POL0586,2624.73,ZAR,2026-06-09,DEBIT_ORDER,COMPLETED,PAYREFAC2E5B8955,
PAY007131,C0634,A0891,,595.41,ZAR,2025-03-14,DEBIT_ORDER,COMPLETED,PAYREF1AA3BB7837,
PAY007132,C0379,A1085,,417.13,ZAR,2025-11-09,CARD,COMPLETED,PAYREF66AA163553,
PAY007133,C0621,A1176,,803.0,ZAR,2026-02-21,CASH,COMPLETED,PAYREF6FBC0CB446,
PAY007134,C0734,A0245,,2913.23,ZAR,2025-10-31,MOBILE,COMPLETED,PAYREFC6F1E41BFE,
PAY007135,C0702,A0941,POL0045,2058.38,ZAR,2024-02-24,DEBIT_ORDER,COMPLETED,PAYREF54C910CEBD,
PAY007136,C0241,A1156,,1196.49,ZAR,2025-01-09,CASH,COMPLETED,PAYREF0551AB5175,
PAY007137,C0316,A0780,POL0220,4129.71,ZAR,2025-09-06,DEBIT_ORDER,FAILED,PAYREFBE4A56C571,Invalid account
PAY007138,C0884,A0820,,3445.61,ZAR,2024-03-09,CARD,COMPLETED,PAYREF4AEFD74F93,
PAY007139,C0668,A0004,POL0459,2412.65,ZAR,2025-05-02,DEBIT_ORDER,COMPLETED,PAYREFE5B3B71824,
PAY007140,C0208,A0753,POL0031,337.65,ZAR,2025-06-17,CASH,PENDING,PAYREF2A7DBD8834,
PAY007141,C0645,A0454,,2400.04,ZAR,2024-06-13,DEBIT_ORDER,FAILED,PAYREFEC234A2640,Limit exceeded
PAY007142,C0077,A0706,,895.73,ZAR,2025-06-18,CASH,COMPLETED,PAYREF329E330268,
PAY007143,C0413,A0051,,738.82,ZAR,2026-06-30,DEBIT_ORDER,COMPLETED,PAYREFDE88A6E1AB,
PAY007144,C0853,A0702,POL0086,554.16,ZAR,2024-09-02,MOBILE,COMPLETED,PAYREF492AA923C7,
PAY007145,C0534,A1153,,923.6,ZAR,2024-09-25,CARD,COMPLETED,PAYREF2803888B24,
PAY007146,C0104,A1200,,586.54,ZAR,2026-08-27,EFT,COMPLETED,PAYREF14F71E79BF,
PAY007147,C0430,A0283,POL0302,1299.53,ZAR,2024-11-28,CASH,COMPLETED,PAYREFF3C9B94092,
PAY007148,C0856,A0286,,922.47,ZAR,2025-04-14,CARD,COMPLETED,PAYREFD0B785557F,
PAY007149,C0489,A0602,POL0374,1367.23,ZAR,2025-11-19,DEBIT_ORDER,COMPLETED,PAYREFC8278DBE46,
PAY007150,C0688,A1232,POL0124,1906.97,ZAR,2024-11-06,CASH,FAILED,PAYREF4A339D1DCC,Technical error
PAY007151,C0878,A0627,,817.0,ZAR,2025-07-10,EFT,COMPLETED,PAYREFB4D640EDAC,
PAY007152,C0476,A0005,POL0175,524.64,ZAR,2024-11-02,DEBIT_ORDER,COMPLETED,PAYREFFA34C29028,
PAY007153,C0042,A1447,POL0443,147.47,ZAR,2025-08-13,MOBILE,COMPLETED,PAYREF76C4DB9F34,
PAY007154,C0182,A0359,POL0031,2370.02,ZAR,2024-02-26,EFT,COMPLETED,PAYREF28D018F47B,
PAY007155,C0386,A0948,POL0249,1186.5,ZAR,2025-01-07,CARD,COMPLETED,PAYREF681AB5E8D6,
PAY007156,C0807,A0720,,919.49,ZAR,2024-10-04,CASH,PENDING,PAYREFBBC6526867,
PAY007157,C0556,A1381,POL0177,3540.12,ZAR,2026-06-11,CARD,COMPLETED,PAYREF1E963CFA5E,
PAY007158,C0270,A1155,,302.32,ZAR,2025-10-25,MOBILE,COMPLETED,PAYREF465CDE2A92,
PAY007159,C0161,A0869,,1160.07,ZAR,2025-07-03,EFT,COMPLETED,PAYREFDD3F6A8EBA,
PAY007160,C0260,A0722,POL0206,418.19,ZAR,2024-04-21,CARD,COMPLETED,PAYREF993CDCB45D,
PAY007161,C0666,A0087,POL0012,2113.3,ZAR,2026-06-22,DEBIT_ORDER,FAILED,PAYREF8A6DEF6831,Technical error
PAY007162,C0965,A0689,,118.38,ZAR,2026-05-22,MOBILE,COMPLETED,PAYREF77DEA7B534,
PAY007163,C0884,A0967,POL0392,2450.42,ZAR,2024-07-05,MOBILE,COMPLETED,PAYREFBCD34AAB53,
PAY007164,C0832,A0837,POL0282,2351.15,ZAR,2024-06-24,CASH,PENDING,PAYREF988D9288E3,
PAY007165,C0836,A0510,POL0437,435.71,ZAR,2026-05-02,MOBILE,COMPLETED,PAYREFA3A151009B,
PAY007166,C0688,A1140,,1171.85,ZAR,2025-08-10,CASH,PENDING,PAYREF6EBA15479A,
PAY007167,C0395,A0478,,445.18,ZAR,2025-08-31,CARD,COMPLETED,PAYREF6BFFD31EAC,
PAY007168,C0639,A1290,,1681.76,ZAR,2024-10-02,MOBILE,COMPLETED,PAYREF9AB1640F96,
PAY007169,C0682,A0087,,2490.48,ZAR,2025-09-17,CASH,COMPLETED,PAYREF2C8B2F0645,
PAY007170,C0682,A0498,POL0662,401.42,ZAR,2026-04-18,DEBIT_ORDER,COMPLETED,PAYREF50083927FA,
PAY007171,C0752,A1111,,299.84,ZAR,2025-06-17,EFT,COMPLETED,PAYREF75B57DC03C,
PAY007172,C0748,A1178,,3282.75,ZAR,2026-07-14,CASH,COMPLETED,PAYREFDBD25F2903,
PAY007173,C0855,A1251,POL0255,7640.14,ZAR,2026-09-15,EFT,COMPLETED,PAYREF7A3A52FA93,
PAY007174,C0529,A1446,,1798.03,ZAR,2025-10-08,MOBILE,COMPLETED,PAYREF8059459798,
PAY007175,C0285,A1380,POL0648,1936.12,ZAR,2025-11-30,CASH,COMPLETED,PAYREFCB4C35E498,
PAY007176,C0113,A0318,POL0172,786.79,ZAR,2025-08-31,DEBIT_ORDER,COMPLETED,PAYREF7358FF465D,
PAY007177,C0291,A0037,POL0121,1312.95,ZAR,2025-07-29,CASH,COMPLETED,PAYREF5351025D19,
PAY007178,C0084,A1263,,1557.32,ZAR,2025-08-09,DEBIT_ORDER,COMPLETED,PAYREF8D24E034A9,
PAY007179,C0272,A1256,,913.63,ZAR,2025-01-05,CARD,COMPLETED,PAYREF67425FA664,
PAY007180,C0709,A0494,POL0417,4229.59,ZAR,2026-03-31,CASH,COMPLETED,PAYREF33E67C01B4,
PAY007181,C0094,A1249,POL0537,1308.64,ZAR,2025-10-24,CASH,COMPLETED,PAYREF4F2A2F85C4,
PAY007182,C0817,A1231,POL0154,1488.61,ZAR,2024-08-21,CARD,COMPLETED,PAYREF42C708808B,
PAY007183,C0221,A1438,POL0449,932.66,ZAR,2026-08-21,MOBILE,COMPLETED,PAYREF1548AB55B6,
PAY007184,C0473,A0288,POL0635,1032.42,ZAR,2026-03-07,DEBIT_ORDER,FAILED,PAYREF110FC13B16,Insufficient funds
PAY007185,C0597,A1143,,3709.71,ZAR,2025-10-10,EFT,COMPLETED,PAYREFA975D96B0F,
PAY007186,C0509,A1002,,1268.9,ZAR,2025-05-09,CASH,COMPLETED,PAYREF4534D86A66,
PAY007187,C0473,A0702,,1298.93,ZAR,2024-02-22,CARD,COMPLETED,PAYREF734E43BB12,
PAY007188,C0798,A0047,POL0481,1315.8,ZAR,2025-12-24,CASH,COMPLETED,PAYREF73293D379A,
PAY007189,C0698,A0661,,761.65,ZAR,2024-08-28,CASH,COMPLETED,PAYREF6F8B1E9502,
PAY007190,C0559,A0629,POL0328,268.29,ZAR,2026-03-20,DEBIT_ORDER,COMPLETED,PAYREF77E608A57B,
PAY007191,C0320,A0371,POL0159,5284.72,ZAR,2025-11-18,CASH,COMPLETED,PAYREF8C2F82123F,
PAY007192,C0212,A1073,,3191.65,ZAR,2024-01-07,CASH,COMPLETED,PAYREFDC82A82B28,
PAY007193,C0202,A0711,,3823.97,ZAR,2026-09-08,CASH,COMPLETED,PAYREFA29175621E,
PAY007194,C0881,A1405,POL0529,375.21,ZAR,2026-01-22,MOBILE,COMPLETED,PAYREFDA59BD2669,
PAY007195,C0787,A1245,POL0668,4651.38,ZAR,2024-07-31,MOBILE,COMPLETED,PAYREF1B02C73F10,
PAY007196,C0104,A1372,POL0206,7839.03,ZAR,2024-08-16,CASH,COMPLETED,PAYREFE86C5874BF,
PAY007197,C0513,A0713,,3117.61,ZAR,2024-02-18,DEBIT_ORDER,COMPLETED,PAYREFCB863AAF2C,
PAY007198,C0444,A0733,,5697.73,ZAR,2024-03-27,CARD,FAILED,PAYREF72CB853F00,Insufficient funds
PAY007199,C0682,A0934,,2435.36,ZAR,2025-02-17,CARD,COMPLETED,PAYREFEF2F8B92A0,
PAY007200,C0728,A1467,,470.31,ZAR,2025-01-31,CARD,COMPLETED,PAYREF605298E2F4,
PAY007201,C0399,A0136,,1821.89,ZAR,2026-01-26,CASH,FAILED,PAYREFD5314804A4,Technical error
PAY007202,C0382,A0238,,395.3,ZAR,2026-05-12,DEBIT_ORDER,COMPLETED,PAYREF21EC19D61A,
PAY007203,C0896,A0172,POL0684,603.43,ZAR,2025-11-02,EFT,COMPLETED,PAYREF3D40226FAB,
PAY007204,C0176,A0742,POL0416,1504.6,ZAR,2024-01-16,EFT,FAILED,PAYREF05397DF294,Limit exceeded
PAY007205,C0468,A0099,POL0542,1315.56,ZAR,2025-10-01,EFT,COMPLETED,PAYREF8B5CEC3A18,
PAY007206,C0592,A0365,POL0577,1742.5,ZAR,2026-07-27,CASH,COMPLETED,PAYREF8CBA3F4AD3,
PAY007207,C0600,A0763,,182.71,ZAR,2025-05-11,CARD,FAILED,PAYREF14D914AF8B,Insufficient funds
PAY007208,C0715,A0329,POL0111,939.89,ZAR,2024-09-14,DEBIT_ORDER,COMPLETED,PAYREFA9DB2AE134,
PAY007209,C0888,A1413,,1898.84,ZAR,2025-08-25,DEBIT_ORDER,COMPLETED,PAYREF757F0E9C1A,
PAY007210,C0860,A0388,,2317.8,ZAR,2026-01-29,MOBILE,FAILED,PAYREF679CEE5834,Insufficient funds
PAY007211,C0330,A0915,,2474.45,ZAR,2026-08-31,DEBIT_ORDER,COMPLETED,PAYREF1090B6AB0F,
PAY007212,C0832,A1276,POL0781,1409.88,ZAR,2025-07-09,MOBILE,COMPLETED,PAYREFC4D9A4F704,
PAY007213,C0615,A0986,,750.53,ZAR,2025-09-26,CASH,COMPLETED,PAYREFFE5658DECE,
PAY007214,C0437,A0548,POL0276,1810.7,ZAR,2026-02-27,CARD,COMPLETED,PAYREFC91E28ABDB,
PAY007215,C0776,A0174,,812.64,ZAR,2026-06-05,DEBIT_ORDER,COMPLETED,PAYREFE11DF54098,
PAY007216,C0268,A0245,POL0342,2700.13,ZAR,2024-04-18,CASH,COMPLETED,PAYREFDC6070AAF4,
PAY007217,C0297,A0724,POL0174,1681.28,ZAR,2025-08-15,DEBIT_ORDER,PENDING,PAYREF46400A092D,
PAY007218,C0658,A0283,POL0660,1030.99,ZAR,2024-07-15,MOBILE,COMPLETED,PAYREFC4AF449883,
PAY007219,C0113,A1168,,508.27,ZAR,2024-08-04,CASH,COMPLETED,PAYREF59ACFB388C,
PAY007220,C0617,A0332,POL0553,3359.26,ZAR,2026-01-04,MOBILE,PENDING,PAYREF8AE39165E9,
PAY007221,C0431,A0010,POL0549,1918.02,ZAR,2026-08-15,CASH,COMPLETED,PAYREFE88DDF5FD4,
PAY007222,C0456,A1498,,8981.93,ZAR,2025-02-23,DEBIT_ORDER,COMPLETED,PAYREFA39DA53957,
PAY007223,C0628,A0294,POL0226,1856.07,ZAR,2026-04-16,DEBIT_ORDER,COMPLETED,PAYREFDEF7929CC6,
PAY007224,C0956,A0823,POL0009,2018.11,ZAR,2024-01-21,DEBIT_ORDER,COMPLETED,PAYREFCF1407A494,
PAY007225,C0123,A0030,POL0259,253.34,ZAR,2025-05-08,MOBILE,PENDING,PAYREFD15025FB99,
PAY007226,C0361,A1031,,1495.9,ZAR,2024-09-05,MOBILE,COMPLETED,PAYREFC4F265E7B9,
PAY007227,C0188,A0048,POL0553,799.09,ZAR,2024-06-17,CASH,COMPLETED,PAYREFA72602B6C5,
PAY007228,C0063,A0696,POL0053,2505.97,ZAR,2026-05-28,DEBIT_ORDER,COMPLETED,PAYREF678D887D37,
PAY007229,C0609,A1354,POL0073,1532.54,ZAR,2025-08-10,EFT,COMPLETED,PAYREF03CBB68275,
PAY007230,C0511,A0257,POL0169,2937.38,ZAR,2026-07-14,CASH,COMPLETED,PAYREF4D8937A841,
PAY007231,C0174,A0138,POL0566,9252.0,ZAR,2026-06-20,CARD,COMPLETED,PAYREF2E34A25DD1,
PAY007232,C0775,A1105,POL0671,493.56,ZAR,2026-07-03,MOBILE,COMPLETED,PAYREF3EC77E6862,
PAY007233,C0237,A0612,,2826.25,ZAR,2026-06-06,CASH,COMPLETED,PAYREF8BCAB8B0FC,
PAY007234,C0086,A0105,POL0070,2172.41,ZAR,2025-08-07,CASH,COMPLETED,PAYREF172B4F17A8,
PAY007235,C0975,A1027,POL0294,7937.03,ZAR,2026-02-09,DEBIT_ORDER,COMPLETED,PAYREFAC8579AC79,
PAY007236,C0575,A0216,,2220.27,ZAR,2026-02-01,DEBIT_ORDER,COMPLETED,PAYREF20CCB84EE7,
PAY007237,C0166,A0093,,2001.02,ZAR,2026-07-26,EFT,FAILED,PAYREF37C22B6F38,Technical error
PAY007238,C0743,A0364,,2569.47,ZAR,2024-03-12,CARD,COMPLETED,PAYREFB8C50AB073,
PAY007239,C0835,A0552,POL0249,2755.26,ZAR,2025-03-13,EFT,COMPLETED,PAYREFAF9FE046F4,
PAY007240,C0458,A0845,POL0476,4695.55,ZAR,2024-10-22,CASH,COMPLETED,PAYREF1C97030527,
PAY007241,C0805,A1250,,483.29,ZAR,2026-06-11,MOBILE,COMPLETED,PAYREFFF9049583B,
PAY007242,C0468,A0277,,740.75,ZAR,2025-05-04,CASH,COMPLETED,PAYREF48D35D1791,
PAY007243,C0299,A0976,,6218.51,ZAR,2024-12-20,CARD,PENDING,PAYREFA46C8DEE3E,
PAY007244,C0849,A0752,,154.67,ZAR,2024-02-26,EFT,COMPLETED,PAYREFF29EB83488,
PAY007245,C0144,A0263,,1007.54,ZAR,2026-05-26,MOBILE,COMPLETED,PAYREF63E21E7D1E,
PAY007246,C0362,A1138,POL0130,1273.55,ZAR,2026-03-30,MOBILE,COMPLETED,PAYREFBD3058DABC,
PAY007247,C0533,A0766,POL0150,918.82,ZAR,2024-03-26,CARD,FAILED,PAYREFAAB8C33BBF,Insufficient funds
PAY007248,C0968,A1237,,5329.16,ZAR,2026-02-15,DEBIT_ORDER,COMPLETED,PAYREF6EA862D319,
PAY007249,C0435,A1487,POL0617,1765.06,ZAR,2024-09-13,EFT,COMPLETED,PAYREFCF3A325A1B,
PAY007250,C0911,A1214,POL0716,744.48,ZAR,2025-07-08,CARD,PENDING,PAYREF8EED59CF58,
PAY007251,C0520,A0917,,581.49,ZAR,2025-11-14,DEBIT_ORDER,COMPLETED,PAYREF256C510EAC,
PAY007252,C0966,A0200,POL0307,1453.64,ZAR,2024-08-08,CARD,PENDING,PAYREFF63BD7FFCE,
PAY007253,C0534,A1394,POL0651,3519.08,ZAR,2025-08-27,CASH,COMPLETED,PAYREF4B01364A84,
PAY007254,C0284,A0029,POL0122,1259.42,ZAR,2025-07-06,CARD,COMPLETED,PAYREF93796A3D90,
PAY007255,C0417,A0430,,958.7,ZAR,2024-07-16,CARD,COMPLETED,PAYREF0E1E630F76,
PAY007256,C0281,A0759,POL0209,547.15,ZAR,2025-04-25,DEBIT_ORDER,COMPLETED,PAYREF308253F883,
PAY007257,C0444,A0037,,1594.06,ZAR,2024-06-14,DEBIT_ORDER,COMPLETED,PAYREFC051C0B1C0,
PAY007258,C0657,A1204,POL0243,1508.05,ZAR,2024-09-04,CARD,COMPLETED,PAYREFA0F4268D4A,
PAY007259,C0287,A0653,POL0539,531.54,ZAR,2024-05-27,CARD,PENDING,PAYREFA3CC8F7E94,
PAY007260,C0455,A1133,POL0180,3060.75,ZAR,2024-01-25,DEBIT_ORDER,COMPLETED,PAYREFF531F15C68,
PAY007261,C0308,A0749,POL0474,6039.3,ZAR,2024-09-24,CARD,COMPLETED,PAYREF7959E4ADE9,
PAY007262,C0586,A1385,POL0704,1151.7,ZAR,2026-04-10,DEBIT_ORDER,COMPLETED,PAYREFD85FD790FE,
PAY007263,C0662,A1406,,1483.47,ZAR,2025-12-11,CARD,COMPLETED,PAYREF7C6BB23E91,
PAY007264,C0617,A0128,POL0722,363.24,ZAR,2026-03-21,EFT,COMPLETED,PAYREFB50322BB3E,
PAY007265,C0090,A0743,,2292.02,ZAR,2025-09-01,CASH,COMPLETED,PAYREF1EBBE0900F,
PAY007266,C0317,A1286,POL0560,1744.41,ZAR,2024-04-15,CARD,COMPLETED,PAYREFA84B8157C3,
PAY007267,C0265,A0835,POL0629,791.47,ZAR,2025-03-15,DEBIT_ORDER,COMPLETED,PAYREF4354DE2334,
PAY007268,C0668,A1435,POL0756,521.39,ZAR,2024-09-08,DEBIT_ORDER,COMPLETED,PAYREFA5BA3D77F4,
PAY007269,C0998,A0218,POL0537,6957.46,ZAR,2026-01-24,CARD,FAILED,PAYREFCA1902FFF3,Limit exceeded
PAY007270,C0304,A1178,POL0762,1608.04,ZAR,2025-10-02,MOBILE,COMPLETED,PAYREFD5EE93207E,
PAY007271,C0486,A0667,POL0783,438.05,ZAR,2026-02-26,EFT,COMPLETED,PAYREF4940563381,
PAY007272,C0616,A0200,,2580.0,ZAR,2024-06-19,MOBILE,COMPLETED,PAYREF0637540426,
PAY007273,C0514,A0395,,1379.75,ZAR,2024-09-23,CASH,COMPLETED,PAYREFC50C45F2B2,
PAY007274,C0601,A1385,POL0620,1163.16,ZAR,2024-01-03,CASH,COMPLETED,PAYREFF7E26EA8D8,
PAY007275,C0407,A0845,,2917.72,ZAR,2024-11-14,CARD,COMPLETED,PAYREF49E2567DB6,
PAY007276,C0926,A0536,,80.42,ZAR,2026-07-26,CASH,COMPLETED,PAYREF3DD1F6BCE1,
PAY007277,C0102,A0198,POL0685,180.0,ZAR,2025-02-05,CARD,COMPLETED,PAYREF1DC3DBF2FB,
PAY007278,C0503,A1361,,4355.6,ZAR,2026-04-19,MOBILE,COMPLETED,PAYREF802EE9C641,
PAY007279,C0218,A0419,,963.99,ZAR,2025-06-18,CASH,COMPLETED,PAYREF5B0C9C329B,
PAY007280,C0042,A0813,POL0406,715.68,ZAR,2024-01-14,CASH,COMPLETED,PAYREF0EC7D1011B,
PAY007281,C0927,A0361,POL0055,287.79,ZAR,2025-10-01,CARD,COMPLETED,PAYREF1AAAB1162E,
PAY007282,C0634,A1248,POL0036,1331.22,ZAR,2024-08-27,CARD,COMPLETED,PAYREF76DCA967C2,
PAY007283,C0161,A0400,POL0660,1506.07,ZAR,2024-07-30,MOBILE,COMPLETED,PAYREF228B963F37,
PAY007284,C0367,A0852,,4632.33,ZAR,2024-09-25,CARD,COMPLETED,PAYREFBB8EA3637D,
PAY007285,C0160,A0169,POL0672,1591.52,ZAR,2025-09-11,EFT,COMPLETED,PAYREFDAFD109AD1,
PAY007286,C0664,A1103,POL0306,810.13,ZAR,2024-05-19,DEBIT_ORDER,COMPLETED,PAYREF4AD7D375CE,
PAY007287,C0177,A0110,POL0104,1645.3,ZAR,2024-01-19,MOBILE,COMPLETED,PAYREF37821148F4,
PAY007288,C0150,A1081,,3325.88,ZAR,2025-01-26,MOBILE,COMPLETED,PAYREFD0D94422A4,
PAY007289,C0192,A1313,,2673.7,ZAR,2026-09-05,EFT,COMPLETED,PAYREF7AFBFEB0E2,
PAY007290,C0719,A1329,POL0497,2041.49,ZAR,2026-07-26,CASH,REVERSED,PAYREFA1E9480B8F,
PAY007291,C0922,A0890,,1443.15,ZAR,2024-01-25,DEBIT_ORDER,COMPLETED,PAYREFE018BA266F,
PAY007292,C0343,A0214,,613.19,ZAR,2026-03-19,CASH,COMPLETED,PAYREF4D2FA39B93,
PAY007293,C0530,A1278,POL0183,390.41,ZAR,2025-10-29,EFT,COMPLETED,PAYREF2D4944119D,
PAY007294,C0191,A0584,,333.28,ZAR,2024-11-08,CASH,COMPLETED,PAYREF22F290C79A,
PAY007295,C0968,A1336,POL0091,1626.14,ZAR,2024-02-04,EFT,COMPLETED,PAYREFECFB8BEEDC,
PAY007296,C0534,A0198,,1804.94,ZAR,2024-11-10,DEBIT_ORDER,COMPLETED,PAYREFA11723F5AA,
PAY007297,C0791,A1364,POL0209,3275.76,ZAR,2025-10-23,CARD,COMPLETED,PAYREF038E7B36C1,
PAY007298,C0952,A1481,POL0447,1923.17,ZAR,2025-02-22,CARD,COMPLETED,PAYREF55CA851B8F,
PAY007299,C0870,A1387,POL0506,3136.53,ZAR,2025-05-03,MOBILE,COMPLETED,PAYREFA9651437CA,
PAY007300,C0597,A0906,,962.42,ZAR,2024-10-09,CASH,FAILED,PAYREF090CAB72E1,Account closed
PAY007301,C0757,A0859,,2370.47,ZAR,2026-04-06,MOBILE,COMPLETED,PAYREFFC0DC76019,
PAY007302,C0253,A0841,POL0718,402.84,ZAR,2024-05-19,CARD,COMPLETED,PAYREFC32B78F7A4,
PAY007303,C0321,A0700,,1032.58,ZAR,2026-02-07,EFT,COMPLETED,PAYREFB15621F316,
PAY007304,C0615,A1283,,175.65,ZAR,2025-09-05,CARD,COMPLETED,PAYREFDF790E159F,
PAY007305,C0737,A0926,,1131.82,ZAR,2026-05-16,EFT,COMPLETED,PAYREF340DE972ED,
PAY007306,C0908,A0252,,3732.32,ZAR,2025-04-20,EFT,COMPLETED,PAYREFA834C76C6F,
PAY007307,C0668,A0934,POL0357,1176.4,ZAR,2026-02-10,CARD,COMPLETED,PAYREFE96F8B08EC,
PAY007308,C0350,A0053,POL0026,2257.07,ZAR,2026-01-28,MOBILE,COMPLETED,PAYREF3FDDC20713,
PAY007309,C0001,A0763,POL0233,1441.13,ZAR,2024-06-28,MOBILE,FAILED,PAYREF649C8C2290,Limit exceeded
PAY007310,C0761,A0541,POL0739,619.91,ZAR,2024-12-26,CASH,COMPLETED,PAYREF56D2966420,
PAY007311,C0257,A0149,POL0508,909.92,ZAR,2024-04-12,DEBIT_ORDER,COMPLETED,PAYREF58353359BC,
PAY007312,C0519,A0673,POL0579,3567.73,ZAR,2025-04-19,CARD,COMPLETED,PAYREFE9FDD9310F,
PAY007313,C0167,A1069,POL0325,2245.48,ZAR,2026-06-20,CARD,COMPLETED,PAYREFF69D3E871E,
PAY007314,C0967,A1408,,591.35,ZAR,2026-03-07,MOBILE,COMPLETED,PAYREF3EEAA2CC45,
PAY007315,C0444,A0452,POL0530,273.84,ZAR,2026-05-15,EFT,COMPLETED,PAYREF3C41DA6265,
PAY007316,C0167,A0463,POL0365,1348.63,ZAR,2025-07-02,MOBILE,COMPLETED,PAYREFDB0909B0AA,
PAY007317,C0461,A0836,POL0172,612.85,ZAR,2025-05-31,EFT,COMPLETED,PAYREF35D2F7970C,
PAY007318,C0235,A1118,POL0576,918.34,ZAR,2024-04-17,CARD,COMPLETED,PAYREF10A3AE0F40,
PAY007319,C0674,A0911,,256.1,ZAR,2026-06-17,EFT,COMPLETED,PAYREF088767A0BA,
PAY007320,C0593,A1348,POL0554,3104.95,ZAR,2024-07-26,CARD,FAILED,PAYREFA93B251D3B,Account closed
PAY007321,C0589,A0580,POL0779,995.28,ZAR,2025-02-16,EFT,COMPLETED,PAYREF93DA1EA689,
PAY007322,C0371,A0481,POL0457,1158.24,ZAR,2026-01-20,CASH,COMPLETED,PAYREFFCAB219260,
PAY007323,C0901,A0863,,476.79,ZAR,2026-03-26,DEBIT_ORDER,COMPLETED,PAYREFCE16DF8FD4,
PAY007324,C0492,A0581,POL0056,830.99,ZAR,2024-09-25,DEBIT_ORDER,COMPLETED,PAYREFE006B7FE9F,
PAY007325,C0160,A0376,POL0076,1239.5,ZAR,2025-05-08,MOBILE,COMPLETED,PAYREF40D76E1881,
PAY007326,C0461,A0129,,593.92,ZAR,2024-09-21,CARD,COMPLETED,PAYREF5A80D8F322,
PAY007327,C0564,A0683,POL0621,883.72,ZAR,2024-06-13,CASH,PENDING,PAYREF5C8E6564FA,
PAY007328,C0276,A0870,,4386.52,ZAR,2026-05-19,CASH,COMPLETED,PAYREF1A587FEE36,
PAY007329,C0124,A0988,POL0618,190.56,ZAR,2025-08-12,CARD,COMPLETED,PAYREF5D7CA2042C,
PAY007330,C0625,A0264,,1318.91,ZAR,2024-05-11,CARD,PENDING,PAYREFB1FF43866B,
PAY007331,C0377,A1427,POL0427,499.96,ZAR,2024-06-10,CASH,COMPLETED,PAYREFBA6A4513AB,
PAY007332,C0094,A0789,POL0405,4173.42,ZAR,2025-03-06,DEBIT_ORDER,COMPLETED,PAYREFA2CC8C4E84,
PAY007333,C0345,A1136,POL0224,915.32,ZAR,2024-05-22,CASH,COMPLETED,PAYREF524B900BB4,
PAY007334,C0592,A1463,POL0436,384.85,ZAR,2025-07-13,DEBIT_ORDER,COMPLETED,PAYREFB732E53449,
PAY007335,C0248,A1005,POL0063,883.94,ZAR,2024-10-05,CASH,COMPLETED,PAYREF50EE586232,
PAY007336,C0227,A0661,POL0207,1555.63,ZAR,2025-01-09,EFT,COMPLETED,PAYREFF490054596,
PAY007337,C0122,A1375,POL0730,17599.44,ZAR,2025-05-08,EFT,COMPLETED,PAYREFB6A96AB702,
PAY007338,C0724,A0469,POL0397,132.98,ZAR,2026-01-29,DEBIT_ORDER,COMPLETED,PAYREF2D380CAC8E,
PAY007339,C0998,A0248,POL0048,330.59,ZAR,2026-05-10,DEBIT_ORDER,COMPLETED,PAYREFF1C6B656FC,
PAY007340,C0122,A1121,,4044.93,ZAR,2025-06-01,EFT,COMPLETED,PAYREF209258FC56,
PAY007341,C0881,A0195,POL0044,242.51,ZAR,2024-03-20,MOBILE,COMPLETED,PAYREFEF63F7DAB7,
PAY007342,C0520,A1243,POL0629,1107.25,ZAR,2026-04-26,MOBILE,COMPLETED,PAYREFAB483462A4,
PAY007343,C0311,A1426,POL0786,676.3,ZAR,2024-08-25,DEBIT_ORDER,COMPLETED,PAYREFD9500918F3,
PAY007344,C0091,A0534,,578.0,ZAR,2025-01-10,CASH,COMPLETED,PAYREF0FDA61B8FC,
PAY007345,C0487,A1379,POL0207,923.16,ZAR,2026-08-07,MOBILE,COMPLETED,PAYREFB427E97CC2,
PAY007346,C0105,A0256,POL0444,786.28,ZAR,2024-12-03,DEBIT_ORDER,PENDING,PAYREF221D3BEA41,
PAY007347,C0012,A0673,POL0549,3156.0,ZAR,2025-08-23,CASH,FAILED,PAYREF3326441D1D,Technical error
PAY007348,C0597,A0575,,4139.35,ZAR,2025-04-05,CARD,COMPLETED,PAYREF70DC11FFDA,
PAY007349,C0195,A1334,,1679.59,ZAR,2024-11-15,MOBILE,COMPLETED,PAYREF128864CF1F,
PAY007350,C0791,A0571,POL0210,866.04,ZAR,2024-11-13,EFT,COMPLETED,PAYREF19CD7C37CF,
PAY007351,C0316,A0942,POL0626,1420.08,ZAR,2025-06-22,EFT,COMPLETED,PAYREF7D97670EA5,
PAY007352,C0193,A1033,,2452.9,ZAR,2025-02-18,MOBILE,COMPLETED,PAYREF74F477C177,
PAY007353,C0247,A1300,POL0653,2986.02,ZAR,2026-08-26,CASH,COMPLETED,PAYREF3BE63CDD16,
PAY007354,C0452,A1180,,1587.71,ZAR,2024-07-30,DEBIT_ORDER,COMPLETED,PAYREF0BB3C6F4E2,
PAY007355,C0428,A1112,,5052.62,ZAR,2025-07-30,CARD,COMPLETED,PAYREFF94EE7EB38,
PAY007356,C0587,A1225,POL0402,591.99,ZAR,2024-08-20,MOBILE,COMPLETED,PAYREF54E0D4CADF,
PAY007357,C0137,A1026,,3428.77,ZAR,2026-07-08,DEBIT_ORDER,COMPLETED,PAYREFC2026B5D86,
PAY007358,C0065,A0504,,2218.0,ZAR,2024-03-01,CARD,COMPLETED,PAYREF4AC02EBB1C,
PAY007359,C0428,A0385,,595.86,ZAR,2024-12-01,CASH,FAILED,PAYREF5F28C70608,Account closed
PAY007360,C0871,A0361,POL0389,1383.93,ZAR,2024-07-20,EFT,COMPLETED,PAYREF6282B4D8D0,
PAY007361,C0063,A0898,POL0705,1482.42,ZAR,2024-02-06,DEBIT_ORDER,COMPLETED,PAYREF4E63C39585,
PAY007362,C0054,A0865,,951.43,ZAR,2025-05-23,MOBILE,PENDING,PAYREF6C19244A8D,
PAY007363,C0418,A0829,POL0734,941.11,ZAR,2026-04-07,DEBIT_ORDER,COMPLETED,PAYREF38973979A1,
PAY007364,C0335,A0704,,238.69,ZAR,2026-02-04,CASH,COMPLETED,PAYREFD291BF1E7A,
PAY007365,C0857,A0514,,550.45,ZAR,2024-01-05,CARD,COMPLETED,PAYREF73F53B2681,
PAY007366,C0945,A1261,POL0590,864.05,ZAR,2025-11-04,CASH,COMPLETED,PAYREF6C12F56C66,
PAY007367,C0686,A0524,POL0121,618.58,ZAR,2025-10-05,CASH,REVERSED,PAYREF2A8DA11403,
PAY007368,C0157,A1023,POL0192,466.07,ZAR,2024-07-16,MOBILE,COMPLETED,PAYREF1E3B8B31C2,
PAY007369,C0284,A0735,POL0252,3168.75,ZAR,2026-04-24,DEBIT_ORDER,COMPLETED,PAYREF587AEAF003,
PAY007370,C0230,A1170,POL0744,988.39,ZAR,2025-02-12,EFT,REVERSED,PAYREF5A29C98628,
PAY007371,C0654,A0129,,9573.38,ZAR,2025-03-14,CASH,COMPLETED,PAYREFA06D79BAA1,
PAY007372,C0427,A0574,POL0323,1370.25,ZAR,2025-10-12,EFT,COMPLETED,PAYREFDCE33BEDC9,
PAY007373,C0483,A0155,,3103.09,ZAR,2025-01-02,CASH,COMPLETED,PAYREF3C558E73CA,
PAY007374,C0498,A0026,POL0581,890.58,ZAR,2024-12-15,EFT,COMPLETED,PAYREFDCE72AEB8B,
PAY007375,C0327,A0107,,565.85,ZAR,2024-04-28,DEBIT_ORDER,COMPLETED,PAYREFBFE509E6E7,
PAY007376,C0911,A0803,POL0426,1426.31,ZAR,2024-12-22,EFT,COMPLETED,PAYREF4EE3A95A78,
PAY007377,C0728,A0010,POL0074,4005.87,ZAR,2026-04-24,EFT,COMPLETED,PAYREF67CE464526,
PAY007378,C0463,A0341,POL0399,1003.18,ZAR,2025-05-07,DEBIT_ORDER,COMPLETED,PAYREF66EE7F5C55,
PAY007379,C0304,A0902,,1714.33,ZAR,2024-07-28,MOBILE,COMPLETED,PAYREFE700DC0DEE,
PAY007380,C0113,A0267,POL0169,1418.79,ZAR,2026-02-13,EFT,COMPLETED,PAYREF83218390ED,
PAY007381,C0218,A0101,POL0291,994.26,ZAR,2025-11-07,CARD,COMPLETED,PAYREF76CEC3A367,
PAY007382,C0700,A1064,POL0497,1046.47,ZAR,2026-06-02,EFT,FAILED,PAYREF2892D9FB69,Account closed
PAY007383,C0393,A1196,POL0712,404.04,ZAR,2025-11-13,DEBIT_ORDER,COMPLETED,PAYREF2F59CB3CE6,
PAY007384,C0030,A0287,POL0476,1084.54,ZAR,2025-12-30,EFT,COMPLETED,PAYREF0A507D9BCA,
PAY007385,C0002,A0143,POL0127,2107.58,ZAR,2025-01-21,DEBIT_ORDER,COMPLETED,PAYREFFD4E1EB3F0,
PAY007386,C0407,A0580,POL0667,1473.97,ZAR,2024-07-15,MOBILE,COMPLETED,PAYREF86A1CD6103,
PAY007387,C0014,A0003,,1318.41,ZAR,2024-01-02,EFT,COMPLETED,PAYREFD27FE486A9,
PAY007388,C0047,A1249,,2264.28,ZAR,2025-01-07,DEBIT_ORDER,COMPLETED,PAYREF343D88F3D8,
PAY007389,C0193,A0188,POL0009,1332.66,ZAR,2026-08-09,MOBILE,COMPLETED,PAYREF1844425ED5,
PAY007390,C0079,A0864,POL0437,1112.0,ZAR,2025-12-30,CARD,COMPLETED,PAYREF07562411F0,
PAY007391,C0951,A0146,POL0304,2287.38,ZAR,2025-11-13,EFT,COMPLETED,PAYREFAEFB42036F,
PAY007392,C0201,A0978,POL0113,1257.15,ZAR,2024-06-24,CASH,COMPLETED,PAYREF996A89FEA1,
PAY007393,C0179,A1030,POL0450,865.58,ZAR,2026-05-04,CARD,COMPLETED,PAYREFE24E203959,
PAY007394,C0309,A1351,POL0702,1751.57,ZAR,2024-08-05,MOBILE,COMPLETED,PAYREFBB3F2361A3,
PAY007395,C0749,A1393,POL0240,1058.68,ZAR,2024-04-02,CARD,COMPLETED,PAYREFD06820F43E,
PAY007396,C0103,A0842,,827.56,ZAR,2024-10-13,MOBILE,COMPLETED,PAYREF1E04294CD6,
PAY007397,C0366,A0516,POL0585,1281.03,ZAR,2026-03-10,EFT,COMPLETED,PAYREFF4D90304E9,
PAY007398,C0133,A1409,POL0256,1296.07,ZAR,2025-04-22,EFT,COMPLETED,PAYREF7B770A1A16,
PAY007399,C0738,A0615,POL0401,363.72,ZAR,2025-07-19,MOBILE,COMPLETED,PAYREF3ECB28C88E,
PAY007400,C0330,A1297,,1530.32,ZAR,2024-01-16,CASH,COMPLETED,PAYREF6F45BE0042,
PAY007401,C0450,A1147,POL0757,6950.11,ZAR,2024-04-14,DEBIT_ORDER,COMPLETED,PAYREFA2F67E6245,
PAY007402,C0668,A0741,,411.74,ZAR,2024-10-13,EFT,PENDING,PAYREF66493FE664,
PAY007403,C0300,A0656,POL0138,663.43,ZAR,2026-04-24,EFT,COMPLETED,PAYREFB460F24DD1,
PAY007404,C0302,A1242,,17677.12,ZAR,2025-07-11,CASH,COMPLETED,PAYREF77F6FAB7B9,
PAY007405,C0985,A1188,,481.96,ZAR,2025-03-25,MOBILE,COMPLETED,PAYREFE5338C279F,
PAY007406,C0115,A0196,,3969.48,ZAR,2025-10-08,CARD,REVERSED,PAYREFC47A10DAE2,
PAY007407,C0188,A0737,POL0183,872.44,ZAR,2025-02-28,CASH,COMPLETED,PAYREF5CAD682F5F,
PAY007408,C0889,A0369,POL0395,1164.61,ZAR,2024-01-01,DEBIT_ORDER,COMPLETED,PAYREFC2184E259A,
PAY007409,C0172,A1489,,961.82,ZAR,2026-05-18,DEBIT_ORDER,COMPLETED,PAYREF68F075E6EF,
PAY007410,C0903,A0152,POL0008,1678.58,ZAR,2025-05-12,CARD,COMPLETED,PAYREFD640DA967D,
PAY007411,C0829,A0697,POL0307,225.93,ZAR,2024-03-19,DEBIT_ORDER,PENDING,PAYREFB5ACD64841,
PAY007412,C0315,A0633,,1321.15,ZAR,2024-06-23,EFT,PENDING,PAYREFB314BAB884,
PAY007413,C0350,A1367,,732.63,ZAR,2025-10-19,EFT,COMPLETED,PAYREF7A5CFC6F50,
PAY007414,C0183,A1360,POL0507,170.19,ZAR,2024-07-14,DEBIT_ORDER,COMPLETED,PAYREF2FAB283629,
PAY007415,C0253,A0042,,3364.01,ZAR,2026-05-11,CARD,COMPLETED,PAYREF47155B75B4,
PAY007416,C0856,A0893,,133.29,ZAR,2024-03-01,MOBILE,COMPLETED,PAYREF474ACC9CBB,
PAY007417,C0990,A1296,,9399.82,ZAR,2024-08-04,EFT,FAILED,PAYREF05B10D28E1,Insufficient funds
PAY007418,C0637,A0538,POL0687,2032.36,ZAR,2024-05-14,DEBIT_ORDER,COMPLETED,PAYREFE1B38196E4,
PAY007419,C0533,A0893,,281.18,ZAR,2025-01-21,MOBILE,COMPLETED,PAYREF7118010E60,
PAY007420,C0449,A1277,,4180.11,ZAR,2026-03-31,EFT,COMPLETED,PAYREF5FB2A6A222,
PAY007421,C0690,A0307,POL0085,517.82,ZAR,2024-05-04,CASH,COMPLETED,PAYREFF61C7D7614,
PAY007422,C0256,A0952,POL0543,541.95,ZAR,2025-03-21,MOBILE,COMPLETED,PAYREF1C96C3E3AB,
PAY007423,C0633,A0977,,181.1,ZAR,2024-08-16,MOBILE,PENDING,PAYREFEAEDADC058,
PAY007424,C0398,A0532,,462.22,ZAR,2025-09-30,MOBILE,REVERSED,PAYREF60C4883783,
PAY007425,C0842,A1471,,520.0,ZAR,2024-07-25,EFT,PENDING,PAYREFC52CA93485,
PAY007426,C0552,A1244,,2485.29,ZAR,2024-04-29,MOBILE,COMPLETED,PAYREF16AC3FA0A9,
PAY007427,C0640,A1200,POL0759,3523.44,ZAR,2024-08-02,CASH,COMPLETED,PAYREF4F09AF183A,
PAY007428,C0675,A0721,,317.1,ZAR,2025-06-02,EFT,COMPLETED,PAYREFC095AFB77C,
PAY007429,C0240,A1226,POL0750,1437.33,ZAR,2025-06-25,DEBIT_ORDER,PENDING,PAYREFDFE45F8AB4,
PAY007430,C0660,A1307,POL0647,174.12,ZAR,2024-01-01,CARD,FAILED,PAYREF6B6C4A493E,Technical error
PAY007431,C0187,A0309,POL0131,1442.81,ZAR,2026-02-22,CASH,COMPLETED,PAYREFF810A0AB68,
PAY007432,C0219,A0717,POL0774,9528.86,ZAR,2025-01-07,EFT,FAILED,PAYREF4926A1B2DC,Technical error
PAY007433,C0266,A0948,POL0530,184.97,ZAR,2024-05-06,DEBIT_ORDER,FAILED,PAYREFBEF60B473E,Technical error
PAY007434,C0863,A0636,,397.56,ZAR,2025-04-04,EFT,PENDING,PAYREF374E47EF24,
PAY007435,C0755,A1201,POL0794,2269.41,ZAR,2024-11-12,DEBIT_ORDER,COMPLETED,PAYREFEABB28C912,
PAY007436,C0363,A0354,POL0707,2553.43,ZAR,2025-02-17,MOBILE,COMPLETED,PAYREFC568A0221A,
PAY007437,C0467,A0381,POL0450,427.9,ZAR,2025-11-20,MOBILE,COMPLETED,PAYREF81C3079DB9,
PAY007438,C0343,A0675,POL0101,4786.63,ZAR,2025-02-08,EFT,COMPLETED,PAYREF70EADF8D10,
PAY007439,C0227,A0416,,485.13,ZAR,2024-02-19,EFT,COMPLETED,PAYREF04E00D749E,
PAY007440,C0686,A1033,POL0196,5845.73,ZAR,2025-02-13,CARD,COMPLETED,PAYREF01B79C1D70,
PAY007441,C0581,A0107,POL0328,1752.24,ZAR,2026-01-23,CASH,COMPLETED,PAYREF010C403390,
PAY007442,C0849,A0158,POL0659,3909.7,ZAR,2024-01-02,EFT,COMPLETED,PAYREF4F86F206AF,
PAY007443,C0898,A0968,,1588.95,ZAR,2024-04-03,EFT,COMPLETED,PAYREF5BC969E1B3,
PAY007444,C0279,A1211,,2115.33,ZAR,2025-04-14,DEBIT_ORDER,COMPLETED,PAYREFE8B31F170D,
PAY007445,C0345,A1338,POL0700,2230.84,ZAR,2024-11-28,CASH,COMPLETED,PAYREFC8B9106531,
PAY007446,C0621,A1114,POL0382,3445.37,ZAR,2026-03-30,EFT,COMPLETED,PAYREF0B188D6ABC,
PAY007447,C0699,A0343,POL0149,1061.22,ZAR,2025-09-28,CARD,COMPLETED,PAYREF7337BB1C5A,
PAY007448,C0303,A1172,POL0515,445.9,ZAR,2025-01-25,CASH,COMPLETED,PAYREFAAC582678E,
PAY007449,C0855,A0015,,1013.39,ZAR,2025-12-28,EFT,COMPLETED,PAYREFD97D82517C,
PAY007450,C0304,A0382,POL0109,562.57,ZAR,2025-06-01,CASH,COMPLETED,PAYREF2E6C9057BC,
PAY007451,C0736,A0029,POL0440,600.6,ZAR,2025-08-15,CARD,COMPLETED,PAYREF846824546E,
PAY007452,C0246,A0796,POL0439,5737.49,ZAR,2025-10-17,DEBIT_ORDER,COMPLETED,PAYREFA23B105C73,
PAY007453,C0042,A1435,,2044.13,ZAR,2025-08-13,CARD,COMPLETED,PAYREF3AE31E939B,
PAY007454,C0365,A0295,,1952.25,ZAR,2024-09-05,MOBILE,COMPLETED,PAYREFC4756CC532,
PAY007455,C0709,A1116,POL0413,3205.56,ZAR,2026-05-09,CASH,COMPLETED,PAYREFD5B25F2020,
PAY007456,C0272,A0026,POL0354,2033.49,ZAR,2026-09-01,CASH,COMPLETED,PAYREF3F2BF7B946,
PAY007457,C0029,A1287,POL0671,7094.52,ZAR,2026-04-02,DEBIT_ORDER,COMPLETED,PAYREFE053FBAD28,
PAY007458,C0786,A1306,POL0196,135.01,ZAR,2026-01-27,CARD,COMPLETED,PAYREF550556CF03,
PAY007459,C0421,A0196,POL0595,404.4,ZAR,2024-12-18,EFT,COMPLETED,PAYREF64AED3EA29,
PAY007460,C0611,A0813,POL0773,544.21,ZAR,2025-09-20,MOBILE,COMPLETED,PAYREF8C4A092F38,
PAY007461,C0128,A1301,,277.07,ZAR,2024-07-09,CARD,COMPLETED,PAYREF90894D2864,
PAY007462,C0373,A0115,,1227.73,ZAR,2024-10-12,CASH,COMPLETED,PAYREFA9484B8C14,
PAY007463,C0041,A0945,POL0419,1286.82,ZAR,2024-04-03,CARD,REVERSED,PAYREFD56E05BC93,
PAY007464,C0254,A1033,,7905.68,ZAR,2024-10-05,MOBILE,COMPLETED,PAYREFC2A9D2FADC,
PAY007465,C0157,A1094,POL0168,2707.52,ZAR,2026-04-28,MOBILE,COMPLETED,PAYREF2A7679E16A,
PAY007466,C0542,A0586,POL0656,660.15,ZAR,2024-11-28,MOBILE,COMPLETED,PAYREFAC3B494E93,
PAY007467,C0803,A0766,,1797.87,ZAR,2024-12-26,CASH,COMPLETED,PAYREF286A09605E,
PAY007468,C0151,A0757,POL0038,176.45,ZAR,2026-04-30,MOBILE,COMPLETED,PAYREFC568B66FEB,
PAY007469,C0127,A1328,,1264.28,ZAR,2024-08-26,MOBILE,COMPLETED,PAYREF61DB3C2165,
PAY007470,C0523,A0121,POL0054,1198.45,ZAR,2024-01-09,CASH,COMPLETED,PAYREF517C0B3081,
PAY007471,C0567,A0465,,444.92,ZAR,2025-06-11,DEBIT_ORDER,COMPLETED,PAYREFEBFBF2740A,
PAY007472,C0171,A1284,,896.77,ZAR,2025-08-04,EFT,COMPLETED,PAYREFF0272F6D4E,
PAY007473,C0567,A0148,,548.65,ZAR,2024-12-17,DEBIT_ORDER,COMPLETED,PAYREFF3E1DDDBE4,
PAY007474,C0801,A0278,POL0361,431.58,ZAR,2025-03-27,EFT,COMPLETED,PAYREF8FD9D74415,
PAY007475,C0907,A1339,POL0549,2152.75,ZAR,2025-12-11,EFT,COMPLETED,PAYREF450B85146D,
PAY007476,C0395,A0773,POL0076,3083.78,ZAR,2024-09-07,CASH,PENDING,PAYREF1C6BF3057E,
PAY007477,C0340,A0710,POL0753,1826.21,ZAR,2024-06-08,DEBIT_ORDER,COMPLETED,PAYREFDEFEB9655E,
PAY007478,C0616,A1361,,707.61,ZAR,2025-10-23,CASH,FAILED,PAYREF0DFB541DC6,Account closed
PAY007479,C0382,A0471,POL0731,565.35,ZAR,2024-08-28,CASH,COMPLETED,PAYREF21F06CA504,
PAY007480,C0513,A0912,POL0073,729.97,ZAR,2026-01-07,CASH,COMPLETED,PAYREF0DCB231A11,
PAY007481,C0859,A0888,,880.06,ZAR,2026-02-28,CARD,COMPLETED,PAYREFFBC66162B7,
PAY007482,C0927,A0423,POL0002,458.48,ZAR,2024-09-29,MOBILE,COMPLETED,PAYREFC4C7798146,
PAY007483,C0015,A0391,,3145.8,ZAR,2025-09-29,EFT,COMPLETED,PAYREF8288C22ECF,
PAY007484,C0445,A0358,POL0309,895.81,ZAR,2025-02-24,MOBILE,COMPLETED,PAYREF58E67045DC,
PAY007485,C0594,A0416,POL0269,2356.38,ZAR,2025-12-03,CASH,COMPLETED,PAYREFDEE3C271EC,
PAY007486,C0049,A1161,,270.45,ZAR,2025-07-17,CASH,COMPLETED,PAYREF7373AB65C5,
PAY007487,C0982,A0946,POL0752,550.96,ZAR,2024-04-18,CARD,COMPLETED,PAYREF784C82ACF5,
PAY007488,C0298,A0778,POL0346,2589.95,ZAR,2024-01-27,DEBIT_ORDER,COMPLETED,PAYREF02EAEEBC19,
PAY007489,C0729,A0305,,2626.86,ZAR,2024-05-25,DEBIT_ORDER,COMPLETED,PAYREF552D2750FE,
PAY007490,C0166,A0301,POL0535,329.46,ZAR,2025-09-06,MOBILE,FAILED,PAYREF3D383C110F,Insufficient funds
PAY007491,C0131,A0140,,1484.85,ZAR,2024-06-19,MOBILE,COMPLETED,PAYREF9D3BD0DFD7,
PAY007492,C0635,A0717,,1524.34,ZAR,2024-10-05,CASH,COMPLETED,PAYREF402A787384,
PAY007493,C0562,A0866,,540.12,ZAR,2026-05-13,EFT,COMPLETED,PAYREFAE72FE3EBB,
PAY007494,C0412,A1307,POL0442,1567.12,ZAR,2024-12-30,DEBIT_ORDER,COMPLETED,PAYREF57A5F8D0A2,
PAY007495,C0702,A0131,POL0499,225.78,ZAR,2026-09-14,CASH,COMPLETED,PAYREF512F51A3B2,
PAY007496,C0674,A1475,,434.03,ZAR,2026-05-26,MOBILE,COMPLETED,PAYREF3F332042B0,
PAY007497,C0296,A1142,POL0100,1996.11,ZAR,2025-04-06,CASH,COMPLETED,PAYREF49E81AF205,
PAY007498,C0855,A0846,POL0402,1129.47,ZAR,2025-11-20,CARD,COMPLETED,PAYREFA834F8C523,
PAY007499,C0557,A0251,,1189.66,ZAR,2024-11-17,CASH,COMPLETED,PAYREFD5B1D056C7,
PAY007500,C0223,A1276,POL0617,920.5,ZAR,2025-11-11,CARD,COMPLETED,PAYREF33C7CB1520,
PAY007501,C0337,A0754,POL0060,1876.01,ZAR,2025-10-27,MOBILE,COMPLETED,PAYREF2BE60120C7,
PAY007502,C0001,A1151,POL0448,1968.64,ZAR,2026-08-22,CASH,COMPLETED,PAYREF2210A0EA19,
PAY007503,C0412,A1051,POL0094,2419.94,ZAR,2026-07-29,EFT,COMPLETED,PAYREF35590AD2A1,
PAY007504,C0421,A1113,,1243.48,ZAR,2024-08-01,EFT,COMPLETED,PAYREFA8EE2D8294,
PAY007505,C0240,A0584,,743.66,ZAR,2024-08-04,CASH,COMPLETED,PAYREF27A8477104,
PAY007506,C0179,A1025,,628.28,ZAR,2024-06-29,MOBILE,COMPLETED,PAYREFF269B3CAB0,
PAY007507,C0081,A0859,POL0066,381.13,ZAR,2024-07-23,DEBIT_ORDER,FAILED,PAYREFFA2BD10C07,Invalid account
PAY007508,C0479,A0075,,733.05,ZAR,2024-04-17,DEBIT_ORDER,COMPLETED,PAYREF6843E04664,
PAY007509,C0924,A1453,POL0670,598.01,ZAR,2026-03-20,DEBIT_ORDER,COMPLETED,PAYREFCA0498DC16,
PAY007510,C0150,A0938,,5440.24,ZAR,2024-03-07,CARD,PENDING,PAYREFF6D322209B,
PAY007511,C0287,A0492,,384.93,ZAR,2024-01-26,CARD,COMPLETED,PAYREF4ED1091D86,
PAY007512,C0617,A0563,POL0607,3094.44,ZAR,2024-09-15,CASH,COMPLETED,PAYREFADFB7B944E,
PAY007513,C0546,A0303,POL0525,839.04,ZAR,2024-01-30,DEBIT_ORDER,FAILED,PAYREFE739553F09,Technical error
PAY007514,C0138,A0979,POL0032,892.05,ZAR,2025-09-19,EFT,COMPLETED,PAYREF7C7D456FAF,
PAY007515,C0285,A1362,POL0237,1637.93,ZAR,2024-06-30,CARD,COMPLETED,PAYREFE463CE0EDC,
PAY007516,C0097,A1154,POL0444,265.46,ZAR,2024-11-02,MOBILE,PENDING,PAYREFF585EA9163,
PAY007517,C0648,A1059,,492.76,ZAR,2024-11-20,EFT,COMPLETED,PAYREF2241010399,
PAY007518,C0921,A0437,POL0639,316.99,ZAR,2025-09-04,DEBIT_ORDER,PENDING,PAYREFDC1E15DFE8,
PAY007519,C0491,A1346,,749.75,ZAR,2025-05-06,DEBIT_ORDER,COMPLETED,PAYREF6F879E5083,
PAY007520,C0015,A1390,POL0064,441.78,ZAR,2025-02-26,CARD,COMPLETED,PAYREF0A53014150,
PAY007521,C0895,A0844,,4093.45,ZAR,2024-05-05,CASH,COMPLETED,PAYREFD407C0F28B,
PAY007522,C0951,A0795,POL0605,611.95,ZAR,2025-12-16,EFT,COMPLETED,PAYREF7B1371DF28,
PAY007523,C0985,A0398,,101.65,ZAR,2026-01-18,CASH,COMPLETED,PAYREFB5D802C495,
PAY007524,C0458,A0134,,784.91,ZAR,2024-04-15,CARD,COMPLETED,PAYREFD2125F186E,
PAY007525,C0511,A0374,,2458.87,ZAR,2025-01-08,EFT,COMPLETED,PAYREF3054324DE3,
PAY007526,C0390,A1302,POL0663,5598.58,ZAR,2024-09-03,EFT,COMPLETED,PAYREF8422B4985D,
PAY007527,C0428,A0489,,871.75,ZAR,2026-01-21,EFT,COMPLETED,PAYREF9FE0B7430B,
PAY007528,C0270,A0243,,654.0,ZAR,2026-07-21,DEBIT_ORDER,COMPLETED,PAYREF744A6585C2,
PAY007529,C0710,A1424,POL0620,1080.9,ZAR,2026-04-10,CASH,REVERSED,PAYREF08149AEF0C,
PAY007530,C0233,A0523,POL0683,1660.8,ZAR,2025-01-24,CARD,COMPLETED,PAYREF8CBD43ADA0,
PAY007531,C0465,A0202,POL0171,354.64,ZAR,2024-09-04,MOBILE,COMPLETED,PAYREF1D1E0A3C53,
PAY007532,C0703,A1187,POL0008,858.81,ZAR,2025-02-12,CASH,COMPLETED,PAYREF96BD27A740,
PAY007533,C0039,A0055,POL0368,1043.64,ZAR,2025-10-17,CASH,COMPLETED,PAYREFBB6B9CD83B,
PAY007534,C0517,A1127,POL0142,1148.03,ZAR,2025-07-14,DEBIT_ORDER,COMPLETED,PAYREF4339BC79A0,
PAY007535,C0222,A0858,POL0050,949.05,ZAR,2024-12-19,EFT,COMPLETED,PAYREF522594D50A,
PAY007536,C0986,A1130,POL0646,430.19,ZAR,2025-11-19,CASH,COMPLETED,PAYREF72BCB3BC8D,
PAY007537,C0949,A0672,POL0692,1538.78,ZAR,2026-04-01,CARD,COMPLETED,PAYREF492BE9C0D0,
PAY007538,C0754,A0412,,1048.83,ZAR,2025-10-31,MOBILE,FAILED,PAYREF4E945E5F82,Invalid account
PAY007539,C0556,A0296,,1046.28,ZAR,2025-09-30,CASH,COMPLETED,PAYREFCDBF9F89F9,
PAY007540,C0281,A1255,,371.47,ZAR,2025-07-15,MOBILE,REVERSED,PAYREF631956DE04,
PAY007541,C0946,A1197,,2080.13,ZAR,2026-01-15,DEBIT_ORDER,FAILED,PAYREFDAAFEEA59D,Technical error
PAY007542,C0556,A0810,POL0416,424.99,ZAR,2024-01-18,MOBILE,COMPLETED,PAYREFFFD0BF392F,
PAY007543,C0512,A0594,POL0399,5521.68,ZAR,2025-09-12,EFT,COMPLETED,PAYREF2C2BADDADF,
PAY007544,C0329,A0034,,337.22,ZAR,2024-10-19,CARD,COMPLETED,PAYREFE5F0A86AC6,
PAY007545,C0621,A1484,POL0744,2350.11,ZAR,2025-08-01,EFT,PENDING,PAYREF2E9C4F55B3,
PAY007546,C0035,A1326,,162.69,ZAR,2026-07-14,MOBILE,COMPLETED,PAYREF4F0F375AF6,
PAY007547,C0682,A0224,POL0747,114.63,ZAR,2025-11-06,EFT,COMPLETED,PAYREF8F51AB8522,
PAY007548,C0970,A1328,POL0758,629.69,ZAR,2026-09-07,CASH,COMPLETED,PAYREF4BE40FB203,
PAY007549,C0129,A0612,,114.47,ZAR,2025-08-11,MOBILE,COMPLETED,PAYREF325F5D4703,
PAY007550,C0302,A0371,POL0342,2274.97,ZAR,2025-05-20,CASH,COMPLETED,PAYREFF0AE55C0C9,
PAY007551,C0948,A1463,,1072.98,ZAR,2024-02-14,MOBILE,COMPLETED,PAYREFC16CE1E2E9,
PAY007552,C0915,A0563,POL0363,4451.65,ZAR,2026-04-26,EFT,COMPLETED,PAYREF8949643802,
PAY007553,C0689,A0193,POL0774,927.79,ZAR,2024-10-27,DEBIT_ORDER,COMPLETED,PAYREFF5399D4D60,
PAY007554,C0651,A0907,POL0181,1398.49,ZAR,2025-08-09,EFT,PENDING,PAYREFBCB065C375,
PAY007555,C0187,A1137,POL0193,838.66,ZAR,2024-09-03,CASH,FAILED,PAYREF7DB199E0D0,Limit exceeded
PAY007556,C0364,A0503,POL0432,457.63,ZAR,2024-08-12,EFT,COMPLETED,PAYREF987ABE2D40,
PAY007557,C0749,A0052,POL0124,730.13,ZAR,2025-04-25,DEBIT_ORDER,COMPLETED,PAYREFFF1F1AEB18,
PAY007558,C0456,A0093,,329.0,ZAR,2024-04-15,CASH,COMPLETED,PAYREFC09E751A58,
PAY007559,C0755,A0331,,1615.53,ZAR,2024-03-01,MOBILE,COMPLETED,PAYREF77FF78D22A,
PAY007560,C0129,A0239,,806.06,ZAR,2024-11-23,EFT,FAILED,PAYREF0397C33080,Account closed
PAY007561,C0305,A1012,POL0381,992.03,ZAR,2024-11-15,CASH,COMPLETED,PAYREF22741EA310,
PAY007562,C0309,A0448,POL0528,18466.81,ZAR,2025-08-03,CARD,COMPLETED,PAYREF368FB2B0B1,
PAY007563,C0576,A0240,POL0222,732.86,ZAR,2024-01-06,CARD,PENDING,PAYREF418E294BB3,
PAY007564,C0134,A0748,,1500.81,ZAR,2024-03-19,CARD,PENDING,PAYREF44B3F70E5B,
PAY007565,C0365,A0660,POL0059,1038.84,ZAR,2025-09-16,MOBILE,COMPLETED,PAYREF57B9190F82,
PAY007566,C0186,A0070,POL0665,3489.78,ZAR,2024-10-01,MOBILE,COMPLETED,PAYREFB68430D90C,
PAY007567,C0379,A0377,POL0046,1391.95,ZAR,2026-05-03,CASH,COMPLETED,PAYREF93069CF33E,
PAY007568,C0383,A0072,,835.96,ZAR,2025-10-24,CARD,COMPLETED,PAYREFBD8D59942B,
PAY007569,C0456,A0841,POL0283,10856.47,ZAR,2025-05-07,MOBILE,COMPLETED,PAYREFB50C442EE2,
PAY007570,C0714,A1313,,464.2,ZAR,2024-10-15,CARD,FAILED,PAYREF229D4A2556,Limit exceeded
PAY007571,C0467,A0088,,903.4,ZAR,2024-04-01,DEBIT_ORDER,COMPLETED,PAYREFF8C8908F58,
PAY007572,C0476,A1460,POL0527,2742.11,ZAR,2024-12-24,DEBIT_ORDER,COMPLETED,PAYREF0D94825E5D,
PAY007573,C0042,A0193,POL0362,483.89,ZAR,2024-08-14,CASH,COMPLETED,PAYREFEC67642C0D,
PAY007574,C0440,A0307,,2358.1,ZAR,2025-11-11,CARD,REVERSED,PAYREF7C1EEC0643,
PAY007575,C0194,A1184,,678.94,ZAR,2024-04-06,EFT,COMPLETED,PAYREF7AC81D0B96,
PAY007576,C0703,A0841,,2990.62,ZAR,2024-11-10,DEBIT_ORDER,COMPLETED,PAYREF52AEE1AAB6,
PAY007577,C0250,A0234,POL0718,2913.21,ZAR,2025-11-03,CASH,COMPLETED,PAYREF3408C383C1,
PAY007578,C0124,A1236,,1002.16,ZAR,2024-03-12,DEBIT_ORDER,FAILED,PAYREF65DC52FA61,Limit exceeded
PAY007579,C0881,A1153,POL0701,403.24,ZAR,2025-07-26,CASH,COMPLETED,PAYREF42F140025D,
PAY007580,C0842,A0535,,741.39,ZAR,2025-12-07,CARD,COMPLETED,PAYREF812573EDD7,
PAY007581,C0539,A0424,POL0512,1080.5,ZAR,2026-08-03,CASH,COMPLETED,PAYREF95265A6835,
PAY007582,C0458,A0793,,2665.83,ZAR,2025-02-07,EFT,PENDING,PAYREF1215FD5F7C,
PAY007583,C0692,A1433,POL0707,1511.08,ZAR,2025-09-13,EFT,COMPLETED,PAYREF865A8C5C93,
PAY007584,C0569,A1023,POL0198,1877.9,ZAR,2025-10-14,CARD,COMPLETED,PAYREFA082B238AA,
PAY007585,C0642,A0581,,1555.15,ZAR,2024-09-18,EFT,COMPLETED,PAYREFD5E904C064,
PAY007586,C0144,A0382,,2556.05,ZAR,2025-01-30,CASH,COMPLETED,PAYREF24F8D5F778,
PAY007587,C0729,A0520,POL0785,897.48,ZAR,2026-05-30,EFT,PENDING,PAYREF3DB23B507E,
PAY007588,C0516,A0929,POL0164,1293.22,ZAR,2026-06-23,EFT,COMPLETED,PAYREF1238E049CB,
PAY007589,C0858,A0600,POL0748,1128.2,ZAR,2025-09-06,MOBILE,COMPLETED,PAYREF0149062914,
PAY007590,C0226,A0734,POL0571,707.72,ZAR,2024-10-28,MOBILE,COMPLETED,PAYREF759DEC8193,
PAY007591,C0024,A1062,,3016.06,ZAR,2025-08-26,CASH,COMPLETED,PAYREF7CD9005050,
PAY007592,C0557,A0485,,2953.19,ZAR,2025-03-28,MOBILE,COMPLETED,PAYREF7D71E65082,
PAY007593,C0415,A1493,,3662.09,ZAR,2024-02-16,MOBILE,COMPLETED,PAYREFF0688A69A0,
PAY007594,C0261,A0855,,510.96,ZAR,2024-02-08,EFT,COMPLETED,PAYREFE3D92F96C1,
PAY007595,C0949,A1009,POL0667,1557.46,ZAR,2026-06-17,MOBILE,COMPLETED,PAYREFCF1D8419C6,
PAY007596,C0354,A0585,POL0231,3269.42,ZAR,2025-01-27,DEBIT_ORDER,COMPLETED,PAYREFE88D1449C4,
PAY007597,C0407,A0550,,4929.02,ZAR,2024-09-02,MOBILE,COMPLETED,PAYREFAC0F2D0348,
PAY007598,C0464,A1024,,242.59,ZAR,2024-08-25,DEBIT_ORDER,PENDING,PAYREF8A2AB58A48,
PAY007599,C0473,A1337,POL0480,1093.47,ZAR,2025-09-13,EFT,PENDING,PAYREF85FCD6BD69,
PAY007600,C0576,A0890,,907.58,ZAR,2024-09-12,CASH,COMPLETED,PAYREFDA237C3B75,
PAY007601,C0861,A0801,POL0623,5382.14,ZAR,2026-02-17,DEBIT_ORDER,COMPLETED,PAYREF74472D4C55,
PAY007602,C0476,A0022,POL0743,120.38,ZAR,2024-08-30,MOBILE,FAILED,PAYREFD9C016C6BE,Insufficient funds
PAY007603,C0791,A1208,POL0709,384.78,ZAR,2025-02-14,MOBILE,COMPLETED,PAYREF793B62D114,
PAY007604,C0990,A0806,,4596.42,ZAR,2026-03-07,DEBIT_ORDER,COMPLETED,PAYREFA09D590D66,
PAY007605,C0788,A1433,POL0345,685.59,ZAR,2024-06-12,CASH,COMPLETED,PAYREFE41161EAFE,
PAY007606,C0429,A0853,POL0323,298.43,ZAR,2025-02-05,EFT,PENDING,PAYREFFE3941CE1B,
PAY007607,C0236,A1281,POL0037,4974.29,ZAR,2025-10-29,CASH,COMPLETED,PAYREFF11DD151B6,
PAY007608,C0295,A0865,POL0710,261.96,ZAR,2026-06-22,MOBILE,COMPLETED,PAYREFFA5F39138A,
PAY007609,C0989,A0614,,3047.38,ZAR,2026-06-13,CASH,COMPLETED,PAYREFE7A8E55EBB,
PAY007610,C0769,A0310,POL0081,230.38,ZAR,2024-09-29,CASH,COMPLETED,PAYREF44335A8E77,
PAY007611,C0616,A1219,POL0508,259.17,ZAR,2024-09-04,DEBIT_ORDER,COMPLETED,PAYREFB7385CB795,
PAY007612,C0434,A1219,,1339.62,ZAR,2024-07-24,DEBIT_ORDER,COMPLETED,PAYREF547BEACDFC,
PAY007613,C0124,A0372,POL0357,469.51,ZAR,2024-12-27,CASH,COMPLETED,PAYREF0AEB1C1610,
PAY007614,C0872,A0563,POL0494,1439.91,ZAR,2025-12-21,CARD,COMPLETED,PAYREF00D2D18564,
PAY007615,C0918,A0475,POL0549,6647.82,ZAR,2026-07-21,DEBIT_ORDER,COMPLETED,PAYREF69E582E828,
PAY007616,C0037,A0943,POL0081,939.16,ZAR,2025-06-08,DEBIT_ORDER,COMPLETED,PAYREF0EE97DED5C,
PAY007617,C0514,A0681,POL0317,5584.71,ZAR,2024-03-26,CARD,COMPLETED,PAYREFEB3B71B9FA,
PAY007618,C0043,A0233,,1516.7,ZAR,2025-07-09,EFT,COMPLETED,PAYREFC73DCFCBF3,
PAY007619,C0109,A0868,,2852.28,ZAR,2025-04-17,DEBIT_ORDER,COMPLETED,PAYREF5D6FBE2414,
PAY007620,C0064,A0616,POL0315,104.25,ZAR,2025-04-19,DEBIT_ORDER,PENDING,PAYREFF08BBD9DD7,
PAY007621,C0398,A0427,POL0357,2072.07,ZAR,2026-09-03,EFT,COMPLETED,PAYREFD8A6A59B04,
PAY007622,C0070,A0295,POL0568,1777.15,ZAR,2025-08-04,CASH,COMPLETED,PAYREFE5ED2B7FC5,
PAY007623,C0789,A1287,,765.04,ZAR,2025-09-04,CASH,COMPLETED,PAYREFF420F75C34,
PAY007624,C0452,A0665,POL0291,7299.28,ZAR,2024-05-28,CASH,COMPLETED,PAYREFC80BE51EE7,
PAY007625,C0891,A0938,POL0354,669.67,ZAR,2025-02-14,DEBIT_ORDER,COMPLETED,PAYREF5496EFCB8D,
PAY007626,C0480,A1007,POL0090,219.45,ZAR,2025-12-12,MOBILE,COMPLETED,PAYREFF6BC31F244,
PAY007627,C0988,A0888,POL0581,2396.96,ZAR,2024-01-07,DEBIT_ORDER,COMPLETED,PAYREFC3C778423B,
PAY007628,C0002,A1176,,264.1,ZAR,2025-02-28,EFT,REVERSED,PAYREF359E9B52A4,
PAY007629,C0909,A1195,,1183.92,ZAR,2026-01-12,CASH,COMPLETED,PAYREF5D5641FB9B,
PAY007630,C0975,A0843,POL0467,4187.52,ZAR,2025-10-02,MOBILE,COMPLETED,PAYREF695BDB21AA,
PAY007631,C0127,A0395,POL0241,1805.29,ZAR,2025-06-11,DEBIT_ORDER,FAILED,PAYREF84172A7DB8,Invalid account
PAY007632,C0972,A1456,POL0645,856.29,ZAR,2024-02-26,DEBIT_ORDER,COMPLETED,PAYREF5467521EDD,
PAY007633,C0632,A1111,POL0227,771.91,ZAR,2025-02-22,CARD,FAILED,PAYREFEC5CC4DED0,Technical error
PAY007634,C0951,A0412,POL0225,3886.8,ZAR,2025-01-04,DEBIT_ORDER,COMPLETED,PAYREF24A0B3551F,
PAY007635,C0317,A1002,,323.79,ZAR,2024-10-16,CASH,COMPLETED,PAYREF20391C7851,
PAY007636,C0368,A1324,POL0001,2380.47,ZAR,2025-04-02,DEBIT_ORDER,COMPLETED,PAYREF0372071D77,
PAY007637,C0924,A1206,,9834.08,ZAR,2025-08-04,DEBIT_ORDER,COMPLETED,PAYREF3BFC9316B2,
PAY007638,C0238,A0900,POL0636,1888.31,ZAR,2025-04-27,CASH,COMPLETED,PAYREF75C875640E,
PAY007639,C0569,A0843,,864.35,ZAR,2026-03-11,CASH,FAILED,PAYREF9ED4D1C389,Limit exceeded
PAY007640,C0543,A1182,,934.43,ZAR,2026-07-06,CARD,PENDING,PAYREF43B7F77A4B,
PAY007641,C0636,A0611,POL0342,678.32,ZAR,2024-01-16,CARD,FAILED,PAYREF176BCD7800,Limit exceeded
PAY007642,C0849,A1368,POL0292,571.89,ZAR,2024-08-18,CASH,PENDING,PAYREFA42847833B,
PAY007643,C0852,A1387,,1233.7,ZAR,2026-08-27,CARD,COMPLETED,PAYREF6DE1B445BA,
PAY007644,C0270,A0665,POL0103,2163.5,ZAR,2024-02-08,CASH,FAILED,PAYREFA3816802CA,Technical error
PAY007645,C0777,A0726,,5490.49,ZAR,2025-03-15,EFT,COMPLETED,PAYREFB8557AD0B0,
PAY007646,C0028,A0070,POL0164,155.01,ZAR,2024-01-26,EFT,COMPLETED,PAYREFE470629B91,
PAY007647,C0584,A0674,POL0221,95.67,ZAR,2024-03-08,EFT,COMPLETED,PAYREFA0660BEB29,
PAY007648,C0452,A1115,POL0179,5597.52,ZAR,2025-08-10,EFT,COMPLETED,PAYREFBEC656D79E,
PAY007649,C0824,A1055,POL0306,1161.12,ZAR,2024-03-13,DEBIT_ORDER,COMPLETED,PAYREF31C12090C1,
PAY007650,C0318,A1062,POL0147,1223.55,ZAR,2024-02-12,EFT,COMPLETED,PAYREFC59BD57AC8,
PAY007651,C0186,A1466,,1810.39,ZAR,2024-05-19,MOBILE,COMPLETED,PAYREF544F672AD6,
PAY007652,C0959,A0947,,909.72,ZAR,2024-11-10,CASH,COMPLETED,PAYREF99237695F1,
PAY007653,C0781,A0390,,7904.26,ZAR,2025-10-10,MOBILE,PENDING,PAYREFFCACC94C69,
PAY007654,C0707,A0234,POL0307,1793.33,ZAR,2024-09-09,DEBIT_ORDER,PENDING,PAYREF2BBD192DD9,
PAY007655,C0875,A1040,POL0729,700.92,ZAR,2024-04-21,DEBIT_ORDER,COMPLETED,PAYREF8CADD0E54F,
PAY007656,C0998,A0679,POL0349,766.49,ZAR,2025-03-17,EFT,COMPLETED,PAYREF29DB005E5D,
PAY007657,C0370,A1056,POL0694,950.01,ZAR,2024-03-09,EFT,COMPLETED,PAYREFB4CFBC8729,
PAY007658,C0385,A0057,,504.16,ZAR,2025-05-31,MOBILE,COMPLETED,PAYREF147FFF5338,
PAY007659,C0891,A0563,POL0559,5940.14,ZAR,2025-02-17,DEBIT_ORDER,COMPLETED,PAYREF571D0556D7,
PAY007660,C0681,A1308,POL0783,1241.35,ZAR,2024-04-24,MOBILE,COMPLETED,PAYREFC1C0C66359,
PAY007661,C0642,A1209,POL0031,340.19,ZAR,2026-01-22,MOBILE,COMPLETED,PAYREF59CA30B12D,
PAY007662,C0163,A0370,POL0409,1644.52,ZAR,2026-07-01,CARD,COMPLETED,PAYREFEAACB30F54,
PAY007663,C0884,A0818,POL0280,4624.13,ZAR,2024-05-10,CARD,PENDING,PAYREFB250B2A132,
PAY007664,C0548,A0359,POL0466,3167.88,ZAR,2026-06-25,CARD,COMPLETED,PAYREF76CB2F3596,
PAY007665,C0068,A0017,POL0633,512.96,ZAR,2024-08-30,EFT,COMPLETED,PAYREF16B832A5BE,
PAY007666,C0633,A0667,POL0791,361.74,ZAR,2025-03-18,EFT,COMPLETED,PAYREF8EB7FC65D3,
PAY007667,C0070,A0504,,4570.25,ZAR,2024-02-26,CASH,FAILED,PAYREFC877346E7B,Invalid account
PAY007668,C0692,A1055,POL0527,216.09,ZAR,2024-11-30,CASH,COMPLETED,PAYREF2E5BD9EF70,
PAY007669,C0038,A0661,POL0339,1589.09,ZAR,2024-11-08,EFT,COMPLETED,PAYREFEE622D08AA,
PAY007670,C0899,A0298,,621.09,ZAR,2024-11-04,MOBILE,COMPLETED,PAYREF640CE8D4A6,
PAY007671,C0789,A0365,POL0209,4079.15,ZAR,2025-01-13,EFT,COMPLETED,PAYREFC9287DF110,
PAY007672,C0027,A1269,,381.94,ZAR,2025-04-27,DEBIT_ORDER,FAILED,PAYREF88FC7EB229,Invalid account
PAY007673,C0802,A0322,POL0362,494.49,ZAR,2024-05-17,CARD,COMPLETED,PAYREFB3EDA292C3,
PAY007674,C0565,A1061,POL0351,2032.51,ZAR,2024-07-29,DEBIT_ORDER,COMPLETED,PAYREFFD90368A2E,
PAY007675,C0560,A0326,,2429.68,ZAR,2024-05-28,CASH,COMPLETED,PAYREF800B219FA9,
PAY007676,C0506,A1185,POL0695,4270.97,ZAR,2025-09-22,DEBIT_ORDER,COMPLETED,PAYREF9850F666FA,
PAY007677,C0984,A0252,POL0566,1759.75,ZAR,2026-09-12,MOBILE,COMPLETED,PAYREF93574EE34D,
PAY007678,C0266,A0082,,1555.39,ZAR,2026-02-23,CARD,PENDING,PAYREFFAAFC357BE,
PAY007679,C0724,A0756,POL0186,3131.03,ZAR,2026-02-05,MOBILE,COMPLETED,PAYREF41A511ED24,
PAY007680,C0669,A1072,,278.49,ZAR,2026-01-22,MOBILE,COMPLETED,PAYREFFB2D357870,
PAY007681,C0384,A0183,POL0043,455.02,ZAR,2024-01-23,EFT,COMPLETED,PAYREF374FB38027,
PAY007682,C0031,A0279,,302.84,ZAR,2026-06-06,EFT,COMPLETED,PAYREF76DC1D44F0,
PAY007683,C0386,A1487,POL0255,74.76,ZAR,2026-02-13,CARD,COMPLETED,PAYREF2F3EEF81A6,
PAY007684,C0868,A0459,,2545.69,ZAR,2025-01-12,DEBIT_ORDER,PENDING,PAYREFC53C371DD7,
PAY007685,C0315,A0124,,4581.06,ZAR,2024-06-21,DEBIT_ORDER,COMPLETED,PAYREFF10033BE3D,
PAY007686,C0238,A0627,POL0198,1912.17,ZAR,2026-04-26,CASH,COMPLETED,PAYREF4D0E957630,
PAY007687,C0939,A0959,,1603.71,ZAR,2024-07-30,DEBIT_ORDER,PENDING,PAYREFC3FED68665,
PAY007688,C0774,A1171,POL0488,1193.88,ZAR,2025-03-31,CASH,COMPLETED,PAYREF0CB182DC9A,
PAY007689,C0939,A1238,POL0780,1158.8,ZAR,2025-03-27,MOBILE,COMPLETED,PAYREFFF59A758C3,
PAY007690,C0337,A0904,POL0130,5974.31,ZAR,2025-01-29,DEBIT_ORDER,COMPLETED,PAYREFEE7CC8A25F,
PAY007691,C0851,A0851,POL0516,5162.55,ZAR,2025-06-27,DEBIT_ORDER,PENDING,PAYREFAF3E5CBD64,
PAY007692,C0788,A0123,POL0708,610.92,ZAR,2025-11-23,EFT,COMPLETED,PAYREF410D2ECBC7,
PAY007693,C0174,A1182,POL0397,3323.6,ZAR,2024-01-31,EFT,COMPLETED,PAYREFCFEC96ACFD,
PAY007694,C0043,A0272,POL0495,3749.69,ZAR,2026-02-27,MOBILE,COMPLETED,PAYREFD114DE7032,
PAY007695,C0901,A1167,POL0362,2101.47,ZAR,2026-06-16,CASH,PENDING,PAYREF514A86CCC6,
PAY007696,C0762,A0381,POL0551,1615.79,ZAR,2024-12-27,CASH,COMPLETED,PAYREF786325F0A5,
PAY007697,C0109,A1218,POL0311,1561.3,ZAR,2024-03-20,CARD,COMPLETED,PAYREFDB504593B6,
PAY007698,C0126,A1377,,249.13,ZAR,2026-06-17,DEBIT_ORDER,COMPLETED,PAYREFB2ED415798,
PAY007699,C0183,A0250,POL0635,227.99,ZAR,2025-05-05,EFT,COMPLETED,PAYREF49457F5436,
PAY007700,C0183,A0828,,2400.16,ZAR,2025-07-24,MOBILE,COMPLETED,PAYREFE697535958,
PAY007701,C0479,A1284,POL0663,364.9,ZAR,2024-12-02,CARD,COMPLETED,PAYREF6B635F2FB9,
PAY007702,C0421,A0763,,273.34,ZAR,2025-07-11,MOBILE,COMPLETED,PAYREF7A564B3331,
PAY007703,C0877,A0627,POL0030,137.62,ZAR,2026-06-09,MOBILE,REVERSED,PAYREF2FAA97C974,
PAY007704,C0238,A0336,,681.5,ZAR,2025-12-05,CARD,COMPLETED,PAYREFF84C68C778,
PAY007705,C0070,A1335,,1594.53,ZAR,2024-06-17,DEBIT_ORDER,FAILED,PAYREF87159713DA,Limit exceeded
PAY007706,C0905,A0363,POL0137,1728.35,ZAR,2025-01-17,CASH,COMPLETED,PAYREF8367100F08,
PAY007707,C0667,A0560,,2567.26,ZAR,2026-04-12,MOBILE,COMPLETED,PAYREFB38CCC4748,
PAY007708,C0106,A0715,POL0147,741.37,ZAR,2026-08-21,CASH,COMPLETED,PAYREF2BE07EFEAA,
PAY007709,C0659,A1045,POL0205,1220.82,ZAR,2024-06-16,DEBIT_ORDER,PENDING,PAYREFF0C65D1C47,
PAY007710,C0606,A0921,,2555.03,ZAR,2024-02-26,CARD,COMPLETED,PAYREF8F4FE869C8,
PAY007711,C0395,A0430,POL0581,1744.07,ZAR,2025-02-13,DEBIT_ORDER,COMPLETED,PAYREF89A28102E8,
PAY007712,C0894,A1203,POL0209,611.02,ZAR,2024-06-07,CARD,COMPLETED,PAYREF80B53580ED,
PAY007713,C0035,A0325,,1479.77,ZAR,2024-11-02,EFT,PENDING,PAYREF3B90314AEA,
PAY007714,C0835,A0690,,150.77,ZAR,2024-02-01,EFT,PENDING,PAYREFD1C1C5B990,
PAY007715,C0594,A0084,POL0205,1096.77,ZAR,2025-09-15,CARD,COMPLETED,PAYREF71C37672D3,
PAY007716,C0118,A0597,,590.87,ZAR,2025-01-09,CASH,COMPLETED,PAYREF3D7FA9423B,
PAY007717,C0986,A0726,POL0621,5006.92,ZAR,2024-12-03,DEBIT_ORDER,COMPLETED,PAYREFD4A4D90765,
PAY007718,C0529,A1359,POL0796,412.72,ZAR,2026-06-23,MOBILE,COMPLETED,PAYREF8122D5CA21,
PAY007719,C0447,A0585,POL0297,1232.35,ZAR,2024-06-23,CASH,COMPLETED,PAYREF6CED45F23A,
PAY007720,C0793,A1291,POL0054,714.2,ZAR,2026-02-18,CARD,COMPLETED,PAYREF77BAC37C5A,
PAY007721,C0688,A1001,POL0732,627.52,ZAR,2025-06-04,MOBILE,COMPLETED,PAYREFE961F8E647,
PAY007722,C0068,A1261,,1599.32,ZAR,2025-04-14,CARD,COMPLETED,PAYREF4F7AE2F617,
PAY007723,C0907,A0927,,721.84,ZAR,2026-05-15,MOBILE,COMPLETED,PAYREF59F783703E,
PAY007724,C0635,A0896,,6988.29,ZAR,2024-04-08,CASH,COMPLETED,PAYREF689F71852E,
PAY007725,C0598,A0968,POL0714,152.23,ZAR,2024-01-14,EFT,COMPLETED,PAYREF9557A0FF4A,
PAY007726,C0770,A0314,POL0665,2061.46,ZAR,2026-03-15,MOBILE,COMPLETED,PAYREFEE7BED1355,
PAY007727,C0204,A0288,POL0196,1007.48,ZAR,2025-11-29,MOBILE,COMPLETED,PAYREF7AFDA53126,
PAY007728,C0959,A0101,,1042.82,ZAR,2025-03-02,MOBILE,COMPLETED,PAYREFCEF0069680,
PAY007729,C0786,A0774,POL0249,1483.45,ZAR,2026-04-01,MOBILE,COMPLETED,PAYREFB2889A78AF,
PAY007730,C0844,A1403,,2974.27,ZAR,2024-01-13,CASH,COMPLETED,PAYREF85845BDE83,
PAY007731,C0417,A0458,POL0181,1429.49,ZAR,2025-05-24,EFT,COMPLETED,PAYREFB0D264BCE6,
PAY007732,C0281,A0394,POL0045,2984.93,ZAR,2025-05-07,DEBIT_ORDER,COMPLETED,PAYREF6F6545D077,
PAY007733,C0615,A0120,,1148.72,ZAR,2026-02-17,CASH,PENDING,PAYREF9AEDBDC16D,
PAY007734,C0682,A0246,,389.9,ZAR,2025-01-19,DEBIT_ORDER,COMPLETED,PAYREFF6FAE9F0FD,
PAY007735,C0981,A1481,POL0408,1003.11,ZAR,2024-04-02,DEBIT_ORDER,FAILED,PAYREFB75D1F7373,Insufficient funds
PAY007736,C0984,A0491,POL0342,3473.53,ZAR,2026-04-14,MOBILE,COMPLETED,PAYREF371980D561,
PAY007737,C0608,A0337,POL0645,727.29,ZAR,2024-12-09,CARD,COMPLETED,PAYREF2227A57D19,
PAY007738,C0042,A1486,POL0055,371.37,ZAR,2026-08-21,MOBILE,COMPLETED,PAYREFD633D167C3,
PAY007739,C0296,A1480,,2037.45,ZAR,2026-05-23,DEBIT_ORDER,COMPLETED,PAYREF3C40E9FCDA,
PAY007740,C0605,A0822,,1535.5,ZAR,2026-01-26,CARD,COMPLETED,PAYREF1901928069,
PAY007741,C0086,A0695,,507.31,ZAR,2024-04-05,CARD,COMPLETED,PAYREFF35A3B868C,
PAY007742,C0853,A1397,,868.65,ZAR,2026-06-20,MOBILE,COMPLETED,PAYREF0A079BAAE2,
PAY007743,C0908,A0611,POL0766,914.46,ZAR,2024-11-02,CASH,COMPLETED,PAYREFB581A9D469,
PAY007744,C0402,A0953,,1103.65,ZAR,2026-07-09,CASH,COMPLETED,PAYREFC92114D979,
PAY007745,C0915,A1020,,2093.44,ZAR,2025-06-07,DEBIT_ORDER,COMPLETED,PAYREFB9B22E5D41,
PAY007746,C0544,A1125,,731.28,ZAR,2024-02-10,DEBIT_ORDER,REVERSED,PAYREF360CF34FCE,
PAY007747,C0805,A1131,,2204.47,ZAR,2025-10-01,CASH,COMPLETED,PAYREF601A5C9DBC,
PAY007748,C0227,A0359,POL0259,643.24,ZAR,2026-06-23,EFT,COMPLETED,PAYREF1447F1B320,
PAY007749,C0159,A1144,,5804.03,ZAR,2025-07-22,CARD,COMPLETED,PAYREFD157B09C20,
PAY007750,C0736,A1148,POL0156,5930.44,ZAR,2024-04-17,EFT,PENDING,PAYREF2B2F0AC055,
PAY007751,C0235,A1380,,465.72,ZAR,2025-04-14,EFT,COMPLETED,PAYREF5990F4C4D3,
PAY007752,C0993,A1396,POL0543,321.98,ZAR,2025-09-26,CARD,COMPLETED,PAYREF5F40F2A0C1,
PAY007753,C0925,A0496,,2916.7,ZAR,2025-03-29,CASH,COMPLETED,PAYREFEDC14C1566,
PAY007754,C0737,A0670,POL0604,1419.25,ZAR,2024-03-30,DEBIT_ORDER,COMPLETED,PAYREF9B384291D5,
PAY007755,C0123,A0433,,1903.92,ZAR,2025-12-22,MOBILE,COMPLETED,PAYREF8AD856AE52,
PAY007756,C0245,A0447,POL0260,569.78,ZAR,2025-06-09,DEBIT_ORDER,COMPLETED,PAYREFD173815992,
PAY007757,C0253,A0637,POL0223,960.59,ZAR,2026-07-18,CARD,COMPLETED,PAYREF879D67B333,
PAY007758,C0236,A0784,,776.79,ZAR,2025-12-21,MOBILE,COMPLETED,PAYREF163A903A04,
PAY007759,C0699,A1176,POL0718,1486.53,ZAR,2026-02-15,DEBIT_ORDER,COMPLETED,PAYREFDA3301B361,
PAY007760,C0534,A1399,,315.54,ZAR,2024-05-20,EFT,COMPLETED,PAYREFE5C3317075,
PAY007761,C0428,A0968,,992.94,ZAR,2025-08-30,CARD,COMPLETED,PAYREF4D25788564,
PAY007762,C0681,A0126,POL0572,312.38,ZAR,2026-04-21,CASH,COMPLETED,PAYREF05E2794042,
PAY007763,C0772,A1098,POL0217,654.87,ZAR,2026-05-24,CARD,COMPLETED,PAYREF8DCDC8680B,
PAY007764,C0151,A1212,POL0368,994.91,ZAR,2024-11-13,DEBIT_ORDER,COMPLETED,PAYREF742385C013,
PAY007765,C0413,A1168,,1821.53,ZAR,2024-01-17,EFT,FAILED,PAYREF91DB58E920,Insufficient funds
PAY007766,C0881,A1118,POL0759,1978.95,ZAR,2024-02-28,CARD,COMPLETED,PAYREF667B0D71F2,
PAY007767,C0328,A1253,,2347.05,ZAR,2026-07-08,DEBIT_ORDER,COMPLETED,PAYREFC4A6EE32FD,
PAY007768,C0126,A1468,POL0383,248.94,ZAR,2026-08-28,MOBILE,COMPLETED,PAYREF9ECF21F9FC,
PAY007769,C0591,A0055,,3881.92,ZAR,2026-01-03,EFT,COMPLETED,PAYREF7C2CE9F4EC,
PAY007770,C0363,A0472,POL0392,575.48,ZAR,2024-07-25,CARD,COMPLETED,PAYREF22A8BA1D62,
PAY007771,C0715,A1241,,619.06,ZAR,2025-03-05,EFT,COMPLETED,PAYREFECE1A68F68,
PAY007772,C0918,A1416,,1434.75,ZAR,2024-06-03,DEBIT_ORDER,COMPLETED,PAYREFF7D97795B0,
PAY007773,C0791,A0308,,782.89,ZAR,2024-10-14,CARD,COMPLETED,PAYREF35D453CC95,
PAY007774,C0511,A1300,,1574.71,ZAR,2025-10-26,DEBIT_ORDER,COMPLETED,PAYREF366A6D9406,
PAY007775,C0127,A1297,,1895.79,ZAR,2026-07-22,MOBILE,FAILED,PAYREF722DE7FA9A,Limit exceeded
PAY007776,C0113,A1119,,511.23,ZAR,2025-08-31,DEBIT_ORDER,COMPLETED,PAYREFF1DE3B5DDC,
PAY007777,C0342,A0319,POL0500,912.58,ZAR,2025-06-27,MOBILE,COMPLETED,PAYREFA393B476A8,
PAY007778,C0754,A1362,POL0607,940.0,ZAR,2025-01-26,EFT,COMPLETED,PAYREFEB2F655DEA,
PAY007779,C0518,A0177,,2859.13,ZAR,2026-03-12,EFT,COMPLETED,PAYREFD410EE6DC0,
PAY007780,C0151,A0886,POL0002,688.72,ZAR,2025-09-15,DEBIT_ORDER,FAILED,PAYREFA501764C17,Invalid account
PAY007781,C0988,A1199,,659.38,ZAR,2025-12-22,CASH,COMPLETED,PAYREF11B08CF1BC,
PAY007782,C0375,A1150,,394.8,ZAR,2025-08-07,MOBILE,COMPLETED,PAYREF4BF498D3CA,
PAY007783,C0565,A0061,,441.64,ZAR,2026-06-25,DEBIT_ORDER,REVERSED,PAYREFE7B81D0FF2,
PAY007784,C0340,A0251,,284.12,ZAR,2024-06-07,MOBILE,COMPLETED,PAYREF58ABF14834,
PAY007785,C0684,A0064,,542.91,ZAR,2026-04-22,EFT,COMPLETED,PAYREF8E5027414A,
PAY007786,C0648,A0050,POL0457,5396.82,ZAR,2026-01-31,CASH,COMPLETED,PAYREF1FCFECF76E,
PAY007787,C0071,A1431,,2188.36,ZAR,2024-06-13,CARD,COMPLETED,PAYREF3A4E8BF788,
PAY007788,C0144,A0176,,3933.74,ZAR,2025-01-13,CASH,COMPLETED,PAYREF3C54F2D11B,
PAY007789,C0050,A0162,POL0609,424.05,ZAR,2025-02-27,CARD,COMPLETED,PAYREF461C4E5D2D,
PAY007790,C0301,A0353,,156.38,ZAR,2025-07-30,EFT,COMPLETED,PAYREF2C69AE47C1,
PAY007791,C0877,A0568,POL0672,1504.75,ZAR,2025-04-07,CASH,COMPLETED,PAYREF48DEAD4E4D,
PAY007792,C0248,A1042,,6999.53,ZAR,2024-10-04,CASH,COMPLETED,PAYREFFEE58ABA0D,
PAY007793,C0123,A0335,,674.97,ZAR,2026-07-20,CARD,COMPLETED,PAYREFE1667104F9,
PAY007794,C0777,A0487,POL0691,1214.17,ZAR,2026-08-30,MOBILE,REVERSED,PAYREFFAD821F49F,
PAY007795,C0201,A0524,,228.26,ZAR,2026-02-16,EFT,COMPLETED,PAYREF8E65C52747,
PAY007796,C0201,A0878,POL0784,1128.01,ZAR,2024-06-30,DEBIT_ORDER,COMPLETED,PAYREF6BB44AEDDD,
PAY007797,C0702,A1064,,967.79,ZAR,2026-02-24,EFT,COMPLETED,PAYREFD4AAB01B7B,
PAY007798,C0380,A1034,,135.23,ZAR,2025-06-13,CASH,COMPLETED,PAYREFD2CE2ED054,
PAY007799,C0091,A1275,POL0057,388.64,ZAR,2024-11-22,CASH,COMPLETED,PAYREFA3EFEEB2B8,
PAY007800,C0632,A1272,POL0026,358.98,ZAR,2024-02-28,DEBIT_ORDER,COMPLETED,PAYREFE85CEB030F,
PAY007801,C0184,A1161,POL0677,225.94,ZAR,2024-01-11,EFT,COMPLETED,PAYREF5CEEA82F67,
PAY007802,C0486,A0185,,531.2,ZAR,2024-10-27,EFT,COMPLETED,PAYREF36B1B87B48,
PAY007803,C0133,A1060,POL0067,1823.97,ZAR,2025-07-22,EFT,COMPLETED,PAYREF75772BA157,
PAY007804,C0115,A0893,POL0473,582.2,ZAR,2025-11-25,MOBILE,COMPLETED,PAYREF1F2F426486,
PAY007805,C0031,A1171,POL0229,3458.15,ZAR,2024-02-02,DEBIT_ORDER,COMPLETED,PAYREFBE6DF1B197,
PAY007806,C0343,A0423,,762.99,ZAR,2026-06-03,CASH,COMPLETED,PAYREFBBD0B67607,
PAY007807,C0787,A0164,POL0134,1519.62,ZAR,2025-01-28,DEBIT_ORDER,COMPLETED,PAYREF3C42C304EB,
PAY007808,C0130,A1025,POL0085,1803.49,ZAR,2024-06-25,EFT,PENDING,PAYREF812A54E1EE,
PAY007809,C0014,A1266,,5084.13,ZAR,2026-06-28,EFT,COMPLETED,PAYREFCC81E81E99,
PAY007810,C0875,A0253,,535.87,ZAR,2025-03-26,CARD,COMPLETED,PAYREF79F6DC5BBF,
PAY007811,C0005,A1436,,1706.77,ZAR,2024-04-16,MOBILE,COMPLETED,PAYREFB602B59BFA,
PAY007812,C0402,A0592,POL0699,425.55,ZAR,2026-09-03,CARD,FAILED,PAYREFE1F4788340,Invalid account
PAY007813,C0633,A0601,,6137.03,ZAR,2026-07-01,CASH,COMPLETED,PAYREF9D456BA747,
PAY007814,C0619,A0874,POL0439,387.73,ZAR,2024-01-02,CARD,COMPLETED,PAYREFEF8CCA6A33,
PAY007815,C0153,A0783,,1609.5,ZAR,2025-03-22,EFT,COMPLETED,PAYREF59172B3BFE,
PAY007816,C0010,A0923,POL0663,5215.87,ZAR,2025-11-23,DEBIT_ORDER,COMPLETED,PAYREFC0CE223E86,
PAY007817,C0777,A1370,,331.45,ZAR,2025-08-24,DEBIT_ORDER,PENDING,PAYREFCC8F6B3704,
PAY007818,C0545,A0498,POL0134,1988.42,ZAR,2025-09-04,EFT,COMPLETED,PAYREF28A469A73A,
PAY007819,C0659,A1439,POL0156,406.35,ZAR,2024-05-10,DEBIT_ORDER,COMPLETED,PAYREF815D776B45,
PAY007820,C0654,A1454,POL0537,11252.71,ZAR,2025-02-06,CARD,COMPLETED,PAYREFC403CD4112,
PAY007821,C0439,A0353,POL0106,165.44,ZAR,2024-09-17,MOBILE,FAILED,PAYREF01CAEA922D,Limit exceeded
PAY007822,C0994,A0470,,240.49,ZAR,2026-05-07,CARD,COMPLETED,PAYREFD951E006C0,
PAY007823,C0040,A0290,,357.27,ZAR,2025-07-01,DEBIT_ORDER,COMPLETED,PAYREFA1DFDAF8FB,
PAY007824,C0332,A1252,POL0605,368.96,ZAR,2024-03-03,EFT,COMPLETED,PAYREF4727AE430D,
PAY007825,C0832,A0783,,1846.17,ZAR,2024-01-11,EFT,COMPLETED,PAYREF7C20F9351E,
PAY007826,C0821,A0754,,6632.12,ZAR,2024-06-29,MOBILE,COMPLETED,PAYREFD34717FAA8,
PAY007827,C0974,A0028,POL0645,3481.19,ZAR,2026-08-14,DEBIT_ORDER,COMPLETED,PAYREFDAA76CFEBA,
PAY007828,C0669,A1323,,1385.62,ZAR,2025-07-30,CASH,COMPLETED,PAYREFE07B4151DC,
PAY007829,C0443,A1068,,1107.19,ZAR,2025-12-19,CARD,COMPLETED,PAYREF174342432D,
PAY007830,C0161,A0864,POL0153,598.03,ZAR,2024-03-02,CASH,COMPLETED,PAYREF1C629D554A,
PAY007831,C0940,A0803,POL0169,1621.44,ZAR,2025-09-18,MOBILE,COMPLETED,PAYREF98F64F4E44,
PAY007832,C0662,A1458,POL0666,889.98,ZAR,2026-08-20,EFT,COMPLETED,PAYREF42C3961CA5,
PAY007833,C0505,A0078,POL0519,1325.32,ZAR,2026-08-12,DEBIT_ORDER,FAILED,PAYREF199BE69174,Technical error
PAY007834,C0903,A1051,,522.75,ZAR,2026-09-06,MOBILE,COMPLETED,PAYREF4F2782462A,
PAY007835,C0487,A0993,POL0195,329.7,ZAR,2026-03-18,CASH,COMPLETED,PAYREFC3FD53B461,
PAY007836,C0827,A0188,,1124.92,ZAR,2025-12-04,CARD,COMPLETED,PAYREFE46EED3395,
PAY007837,C0252,A0652,POL0229,1100.33,ZAR,2025-03-22,EFT,FAILED,PAYREF1381A2B483,Invalid account
PAY007838,C0049,A0063,POL0110,604.3,ZAR,2026-04-07,CASH,COMPLETED,PAYREF542FCFD271,
PAY007839,C0706,A1272,,509.53,ZAR,2025-02-13,DEBIT_ORDER,COMPLETED,PAYREF9E49AEB63E,
PAY007840,C0737,A0250,POL0312,1916.79,ZAR,2024-06-02,EFT,REVERSED,PAYREF8A5E02CA8F,
PAY007841,C0451,A1284,,1728.39,ZAR,2025-01-07,DEBIT_ORDER,COMPLETED,PAYREF69B5E507A3,
PAY007842,C0982,A0845,,7162.04,ZAR,2025-06-10,EFT,COMPLETED,PAYREF70906F8D40,
PAY007843,C0285,A0764,POL0319,4363.06,ZAR,2024-06-29,EFT,PENDING,PAYREFF869927E78,
PAY007844,C0734,A0707,,332.34,ZAR,2024-01-05,EFT,COMPLETED,PAYREF94615E5EED,
PAY007845,C0693,A1185,POL0179,906.12,ZAR,2025-03-18,EFT,COMPLETED,PAYREF94077CEB24,
PAY007846,C0730,A0549,POL0649,280.12,ZAR,2025-08-24,EFT,COMPLETED,PAYREFDC6F23D12A,
PAY007847,C0223,A0894,,174.3,ZAR,2026-02-07,EFT,COMPLETED,PAYREF1E371A9654,
PAY007848,C0818,A0334,POL0100,9852.58,ZAR,2024-03-24,EFT,PENDING,PAYREFEDC2812B84,
PAY007849,C0171,A0917,,4818.88,ZAR,2025-05-06,MOBILE,COMPLETED,PAYREFE6A048F257,
PAY007850,C0486,A0961,,584.17,ZAR,2024-05-14,CASH,COMPLETED,PAYREFF219CECAF5,
PAY007851,C0258,A1392,POL0159,3802.36,ZAR,2026-01-08,CARD,COMPLETED,PAYREF3D82D9037A,
PAY007852,C0074,A0439,POL0709,4410.4,ZAR,2025-09-02,EFT,COMPLETED,PAYREF2D0F69D690,
PAY007853,C0779,A0798,POL0565,160.7,ZAR,2025-11-28,CASH,COMPLETED,PAYREFA175BFB1BB,
PAY007854,C0632,A0299,,2567.28,ZAR,2026-03-05,EFT,COMPLETED,PAYREF20735ADCED,
PAY007855,C0141,A0666,POL0331,670.72,ZAR,2024-06-20,CASH,COMPLETED,PAYREF2A58F1D40D,
PAY007856,C0688,A0369,POL0645,1608.56,ZAR,2025-11-10,CARD,FAILED,PAYREFE1097676EE,Invalid account
PAY007857,C0788,A0640,,22244.77,ZAR,2024-10-16,EFT,COMPLETED,PAYREF341090A0B1,
PAY007858,C0825,A1382,,5352.73,ZAR,2025-04-15,EFT,COMPLETED,PAYREF868A61C601,
PAY007859,C0487,A0358,POL0010,964.67,ZAR,2025-05-19,MOBILE,COMPLETED,PAYREF966C221C9F,
PAY007860,C0504,A0134,,4544.5,ZAR,2026-08-05,DEBIT_ORDER,FAILED,PAYREF9956CE8FB6,Invalid account
PAY007861,C0144,A0025,,160.43,ZAR,2026-03-31,DEBIT_ORDER,COMPLETED,PAYREFD8FB38D819,
PAY007862,C0952,A0699,,1814.51,ZAR,2025-02-09,EFT,COMPLETED,PAYREF912BB442D1,
PAY007863,C0361,A0755,POL0207,1858.41,ZAR,2025-02-06,CARD,COMPLETED,PAYREF883958FB49,
PAY007864,C0476,A0680,POL0267,2220.96,ZAR,2025-03-13,MOBILE,PENDING,PAYREF9C6914C00A,
PAY007865,C0581,A0064,,659.52,ZAR,2024-08-29,CARD,COMPLETED,PAYREFD137CF9B26,
PAY007866,C0279,A0890,POL0064,1606.76,ZAR,2024-11-16,DEBIT_ORDER,COMPLETED,PAYREF99AE71B7B1,
PAY007867,C0017,A0308,,2581.1,ZAR,2025-01-11,MOBILE,COMPLETED,PAYREF4A9CC418CF,
PAY007868,C0597,A0390,,107.45,ZAR,2025-03-08,EFT,COMPLETED,PAYREF7030C67ED2,
PAY007869,C0972,A0513,POL0162,799.37,ZAR,2025-02-13,CARD,PENDING,PAYREFB4581B6DB1,
PAY007870,C0236,A1194,POL0505,444.38,ZAR,2026-01-05,DEBIT_ORDER,COMPLETED,PAYREF368BEFF684,
PAY007871,C0508,A0296,,2126.3,ZAR,2024-04-14,CARD,COMPLETED,PAYREF70F307A0DF,
PAY007872,C0609,A0370,POL0044,4349.6,ZAR,2024-02-25,MOBILE,COMPLETED,PAYREF0CDD263635,
PAY007873,C0749,A0893,,594.75,ZAR,2025-02-21,CASH,COMPLETED,PAYREFDD632566AA,
PAY007874,C0110,A0838,POL0534,369.19,ZAR,2024-01-09,CARD,FAILED,PAYREF003B3ED569,Insufficient funds
PAY007875,C0336,A0873,,1232.95,ZAR,2024-06-20,DEBIT_ORDER,COMPLETED,PAYREF8BD4DFCB46,
PAY007876,C0153,A1403,,346.12,ZAR,2024-05-02,CASH,FAILED,PAYREF72FA8F035C,Limit exceeded
PAY007877,C0877,A0025,POL0640,874.43,ZAR,2025-01-12,DEBIT_ORDER,COMPLETED,PAYREF588C1045A0,
PAY007878,C0098,A0327,POL0592,786.91,ZAR,2025-10-08,DEBIT_ORDER,COMPLETED,PAYREF73C1740DFD,
PAY007879,C0990,A0311,POL0639,1958.83,ZAR,2026-01-17,DEBIT_ORDER,COMPLETED,PAYREFFED5179298,
PAY007880,C0328,A0340,,1502.97,ZAR,2024-02-25,EFT,COMPLETED,PAYREFC010B1C4BD,
PAY007881,C0639,A0967,POL0737,1288.71,ZAR,2024-01-09,CARD,COMPLETED,PAYREF3399D896DE,
PAY007882,C0366,A0929,POL0641,5635.55,ZAR,2025-10-26,EFT,COMPLETED,PAYREFFB483AC1DD,
PAY007883,C0513,A0938,POL0798,1436.16,ZAR,2026-03-19,MOBILE,COMPLETED,PAYREF6F91EA0F3D,
PAY007884,C0744,A0694,,722.1,ZAR,2025-07-26,CASH,PENDING,PAYREFD9A0CD4785,
PAY007885,C0963,A0019,POL0205,816.32,ZAR,2026-05-19,DEBIT_ORDER,COMPLETED,PAYREFC6B06F87A5,
PAY007886,C0032,A0595,,510.66,ZAR,2024-01-12,EFT,COMPLETED,PAYREF7488632088,
PAY007887,C0026,A0121,POL0194,395.98,ZAR,2024-06-10,MOBILE,COMPLETED,PAYREF32D879BC86,
PAY007888,C0605,A0876,POL0613,273.32,ZAR,2025-12-13,MOBILE,COMPLETED,PAYREFAFF40527FF,
PAY007889,C0777,A1090,,3409.2,ZAR,2025-01-31,DEBIT_ORDER,COMPLETED,PAYREFD679F42BA6,
PAY007890,C0328,A0713,POL0044,534.69,ZAR,2024-02-13,DEBIT_ORDER,COMPLETED,PAYREF6E4FE818D4,
PAY007891,C0514,A1296,POL0166,1504.05,ZAR,2025-09-24,CARD,FAILED,PAYREFE5CAAF8CCD,Technical error
PAY007892,C0779,A0500,,812.51,ZAR,2025-09-14,DEBIT_ORDER,PENDING,PAYREFE40B46497A,
PAY007893,C0221,A1045,POL0108,1065.05,ZAR,2024-09-17,MOBILE,COMPLETED,PAYREF22A38336FE,
PAY007894,C0546,A1422,POL0058,3476.57,ZAR,2026-04-24,MOBILE,COMPLETED,PAYREF73BE357C62,
PAY007895,C0309,A1010,,1308.53,ZAR,2024-08-03,DEBIT_ORDER,COMPLETED,PAYREF16C68F9D7A,
PAY007896,C0519,A1126,POL0198,435.86,ZAR,2025-03-16,EFT,COMPLETED,PAYREF7925ABE97F,
PAY007897,C0667,A0117,POL0165,623.84,ZAR,2024-07-30,CARD,COMPLETED,PAYREF510C628113,
PAY007898,C0877,A0467,,2591.38,ZAR,2026-03-27,DEBIT_ORDER,COMPLETED,PAYREF44DD0AC9C5,
PAY007899,C0852,A0804,POL0422,1777.88,ZAR,2026-07-31,MOBILE,PENDING,PAYREFB2381CE1BB,
PAY007900,C0118,A0331,POL0248,2758.42,ZAR,2026-01-16,DEBIT_ORDER,COMPLETED,PAYREF4B302C7CC4,
PAY007901,C0706,A0451,,863.94,ZAR,2024-05-03,EFT,FAILED,PAYREF91477B6F14,Limit exceeded
PAY007902,C0599,A0659,POL0487,271.5,ZAR,2025-03-11,EFT,COMPLETED,PAYREFF3F88551BB,
PAY007903,C0898,A1068,,1820.1,ZAR,2026-08-19,MOBILE,PENDING,PAYREFF44CCCFF26,
PAY007904,C0842,A1121,POL0560,1412.08,ZAR,2025-01-17,EFT,COMPLETED,PAYREF7912C0A277,
PAY007905,C0104,A1111,POL0218,1449.55,ZAR,2025-09-13,MOBILE,COMPLETED,PAYREF497090615E,
PAY007906,C0285,A1204,,275.41,ZAR,2026-05-18,CASH,FAILED,PAYREF117758F38B,Invalid account
PAY007907,C0587,A0673,POL0362,578.12,ZAR,2024-06-30,DEBIT_ORDER,COMPLETED,PAYREF4CB18FF8C6,
PAY007908,C0431,A1400,POL0425,429.08,ZAR,2025-05-10,DEBIT_ORDER,COMPLETED,PAYREF82D2947DB6,
PAY007909,C0098,A0063,,1634.95,ZAR,2024-08-08,CARD,COMPLETED,PAYREFE0C4CA7975,
PAY007910,C0386,A0812,POL0245,1692.22,ZAR,2026-05-20,DEBIT_ORDER,COMPLETED,PAYREFB62CD130C9,
PAY007911,C0614,A0183,,1049.96,ZAR,2025-05-23,CASH,COMPLETED,PAYREF26BC2B4B09,
PAY007912,C0884,A0483,,2885.88,ZAR,2024-04-25,CARD,COMPLETED,PAYREFA85F361213,
PAY007913,C0208,A1095,,4869.33,ZAR,2026-01-26,MOBILE,COMPLETED,PAYREFBE8F5F37E9,
PAY007914,C0617,A0745,POL0284,1560.96,ZAR,2025-01-29,DEBIT_ORDER,COMPLETED,PAYREF9BE002456F,
PAY007915,C0701,A0164,POL0208,2145.38,ZAR,2024-04-04,CARD,PENDING,PAYREF187F413210,
PAY007916,C0309,A1305,,638.07,ZAR,2025-01-11,CASH,COMPLETED,PAYREF428EEB4C9B,
PAY007917,C0020,A0513,,530.9,ZAR,2024-01-14,MOBILE,COMPLETED,PAYREF7A5E23BB35,
PAY007918,C0547,A0802,POL0252,3010.15,ZAR,2026-01-17,DEBIT_ORDER,COMPLETED,PAYREF6EB92D48EC,
PAY007919,C0157,A0582,,457.26,ZAR,2024-08-28,CASH,COMPLETED,PAYREF43D644F6DE,
PAY007920,C0431,A0067,POL0088,2201.87,ZAR,2024-10-27,CARD,COMPLETED,PAYREF23A8B3727E,
PAY007921,C0922,A1264,POL0556,6120.94,ZAR,2026-01-07,DEBIT_ORDER,COMPLETED,PAYREFBF38167E9E,
PAY007922,C0074,A1347,POL0436,2107.97,ZAR,2024-02-13,DEBIT_ORDER,COMPLETED,PAYREF6644E8E6CB,
PAY007923,C0616,A0237,POL0135,1011.38,ZAR,2024-11-07,CASH,COMPLETED,PAYREF175EBBBE02,
PAY007924,C0532,A1085,POL0548,287.06,ZAR,2024-02-22,DEBIT_ORDER,COMPLETED,PAYREF494BE0BA0B,
PAY007925,C0487,A0136,,1291.17,ZAR,2024-07-29,DEBIT_ORDER,COMPLETED,PAYREF1A65805C54,
PAY007926,C0868,A0138,,3008.2,ZAR,2024-10-28,MOBILE,COMPLETED,PAYREFFC20C0F0EE,
PAY007927,C0192,A0797,,916.94,ZAR,2025-05-02,EFT,COMPLETED,PAYREF002FB54565,
PAY007928,C0276,A0424,POL0774,3045.72,ZAR,2025-07-08,MOBILE,PENDING,PAYREF2B14435F64,
PAY007929,C0821,A1488,POL0317,1579.75,ZAR,2025-06-14,CARD,COMPLETED,PAYREFAE44DFFA88,
PAY007930,C0092,A1257,,1467.54,ZAR,2025-10-13,CARD,COMPLETED,PAYREF21D6F7243A,
PAY007931,C0429,A0344,POL0531,798.88,ZAR,2026-06-29,CARD,COMPLETED,PAYREF7FF3A80218,
PAY007932,C0047,A0829,POL0790,255.69,ZAR,2024-06-23,CARD,COMPLETED,PAYREFAB3D6E5C6A,
PAY007933,C0975,A1353,POL0101,716.87,ZAR,2024-01-31,DEBIT_ORDER,COMPLETED,PAYREFB596688933,
PAY007934,C0787,A0089,POL0097,711.19,ZAR,2025-07-21,CARD,COMPLETED,PAYREFC803FDAF65,
PAY007935,C0689,A0499,,1949.72,ZAR,2024-05-29,DEBIT_ORDER,COMPLETED,PAYREFC57E84BD26,
PAY007936,C0336,A0457,POL0568,1080.06,ZAR,2025-01-04,CARD,COMPLETED,PAYREF7B47D57389,
PAY007937,C0431,A0304,POL0329,3239.48,ZAR,2024-02-01,MOBILE,COMPLETED,PAYREFBF65E26C50,
PAY007938,C0007,A0832,POL0219,1452.95,ZAR,2024-05-08,CARD,COMPLETED,PAYREFAA9ADED510,
PAY007939,C0143,A0584,POL0483,662.25,ZAR,2026-05-28,DEBIT_ORDER,COMPLETED,PAYREF5B85A38301,
PAY007940,C0902,A1379,,485.47,ZAR,2024-10-11,CARD,FAILED,PAYREF4CFF0D5ABC,Technical error
PAY007941,C0721,A0375,POL0303,599.82,ZAR,2024-11-22,CARD,FAILED,PAYREF574AA29EFA,Limit exceeded
PAY007942,C0186,A0917,POL0065,1287.9,ZAR,2025-09-08,EFT,COMPLETED,PAYREF6D9BD3EB9C,
PAY007943,C0285,A1069,,755.37,ZAR,2024-07-27,MOBILE,COMPLETED,PAYREF7887126DEA,
PAY007944,C0393,A0659,,373.74,ZAR,2026-03-27,DEBIT_ORDER,COMPLETED,PAYREFA105D4A3DC,
PAY007945,C0816,A0525,POL0383,3001.05,ZAR,2025-09-16,EFT,PENDING,PAYREF26B24E32B1,
PAY007946,C0537,A0421,,1277.05,ZAR,2025-09-05,EFT,PENDING,PAYREFC4CF32E077,
PAY007947,C0704,A0208,,1443.35,ZAR,2024-04-22,CARD,FAILED,PAYREF9B064A9BA7,Invalid account
PAY007948,C0036,A0757,POL0782,481.73,ZAR,2024-08-24,CASH,COMPLETED,PAYREF8E6013D659,
PAY007949,C0808,A0376,POL0315,386.99,ZAR,2024-07-14,EFT,REVERSED,PAYREF78CBE150E0,
PAY007950,C0359,A1249,POL0500,932.4,ZAR,2026-08-14,CASH,COMPLETED,PAYREF2B4870B6B5,
PAY007951,C0853,A0041,,144.28,ZAR,2024-06-21,EFT,COMPLETED,PAYREFB6F1E9AABD,
PAY007952,C0276,A0935,POL0479,2391.83,ZAR,2026-04-30,CARD,REVERSED,PAYREF23BC0AA589,
PAY007953,C0552,A1423,POL0532,542.39,ZAR,2026-04-26,MOBILE,COMPLETED,PAYREF951AFF4F29,
PAY007954,C0609,A0636,POL0738,839.07,ZAR,2026-05-27,CASH,COMPLETED,PAYREFC1E0A761A1,
PAY007955,C0629,A1350,,1680.62,ZAR,2024-08-15,EFT,REVERSED,PAYREFCEB0830565,
PAY007956,C0690,A1049,POL0496,876.0,ZAR,2025-12-31,EFT,COMPLETED,PAYREF7E4F3E647D,
PAY007957,C0677,A1213,POL0296,340.91,ZAR,2024-01-17,MOBILE,COMPLETED,PAYREFEC91297D29,
PAY007958,C0359,A0633,,4942.86,ZAR,2025-02-28,MOBILE,COMPLETED,PAYREF9CAE3C8360,
PAY007959,C0064,A0051,POL0117,236.85,ZAR,2024-01-01,CASH,COMPLETED,PAYREF7C502033FB,
PAY007960,C0565,A0783,POL0369,117.15,ZAR,2025-02-26,CASH,COMPLETED,PAYREF663259DAF1,
PAY007961,C0182,A1364,POL0755,2629.64,ZAR,2024-09-18,CARD,COMPLETED,PAYREF8B4F3A90D3,
PAY007962,C0527,A1380,POL0696,254.82,ZAR,2024-04-29,CASH,PENDING,PAYREF339B8E17AF,
PAY007963,C0447,A0240,,3838.29,ZAR,2024-12-15,CASH,COMPLETED,PAYREFB9D89CA226,
PAY007964,C0017,A0473,POL0760,1598.61,ZAR,2025-07-26,MOBILE,COMPLETED,PAYREF4613098738,
PAY007965,C0878,A0904,POL0374,1455.35,ZAR,2025-02-02,CASH,COMPLETED,PAYREF868CC988E2,
PAY007966,C0088,A0152,,620.78,ZAR,2024-04-24,CASH,FAILED,PAYREF99086E63AB,Invalid account
PAY007967,C0224,A0751,POL0718,480.39,ZAR,2025-02-01,DEBIT_ORDER,COMPLETED,PAYREF8CECAEC122,
PAY007968,C0341,A0250,POL0539,752.76,ZAR,2026-02-17,CASH,COMPLETED,PAYREFEF0A145F2F,
PAY007969,C0070,A0538,,456.13,ZAR,2024-08-31,EFT,COMPLETED,PAYREF70829BB0F1,
PAY007970,C0694,A0779,POL0761,3668.98,ZAR,2026-02-15,DEBIT_ORDER,COMPLETED,PAYREFAC573B0FAA,
PAY007971,C0329,A1156,,521.78,ZAR,2026-07-16,DEBIT_ORDER,COMPLETED,PAYREF3FEDFAFDEA,
PAY007972,C0418,A0968,,1819.56,ZAR,2024-05-29,MOBILE,COMPLETED,PAYREFEAB8362EA1,
PAY007973,C0926,A1253,POL0774,2996.52,ZAR,2024-04-06,CASH,COMPLETED,PAYREF67E4D8C655,
PAY007974,C0715,A0050,POL0224,454.33,ZAR,2024-01-16,CARD,COMPLETED,PAYREFD01BC3A41F,
PAY007975,C0483,A1370,,1598.13,ZAR,2024-04-12,EFT,COMPLETED,PAYREFE15487367D,
PAY007976,C0420,A1335,POL0219,448.59,ZAR,2026-01-12,DEBIT_ORDER,COMPLETED,PAYREF5FFFFDDEAA,
PAY007977,C0236,A0597,POL0308,921.93,ZAR,2024-06-26,EFT,COMPLETED,PAYREF327CE5791E,
PAY007978,C0707,A0049,POL0414,693.23,ZAR,2025-06-02,MOBILE,FAILED,PAYREFBC15EE5FD7,Limit exceeded
PAY007979,C0007,A0227,POL0081,547.06,ZAR,2025-05-18,MOBILE,COMPLETED,PAYREF5FF3992BD8,
PAY007980,C0403,A0469,,1284.07,ZAR,2026-02-21,CARD,COMPLETED,PAYREF5D8F4CC858,
PAY007981,C0291,A0578,,325.67,ZAR,2025-07-28,CARD,COMPLETED,PAYREF41BFA8304D,
PAY007982,C0480,A0232,POL0354,2777.28,ZAR,2025-12-17,CARD,COMPLETED,PAYREFA5FF95D238,
PAY007983,C0563,A1052,POL0455,371.84,ZAR,2026-04-19,EFT,COMPLETED,PAYREF76F04841F6,
PAY007984,C0399,A0046,,308.87,ZAR,2025-07-25,CARD,COMPLETED,PAYREF5FDDACABA7,
PAY007985,C0354,A0686,,852.1,ZAR,2024-11-22,CARD,COMPLETED,PAYREFB8394B2086,
PAY007986,C0411,A0592,,755.59,ZAR,2024-01-25,CASH,COMPLETED,PAYREF08AACC25F0,
PAY007987,C0342,A0390,POL0076,1564.87,ZAR,2025-10-09,CARD,COMPLETED,PAYREFEA3E17B29B,
PAY007988,C0330,A1175,,1193.72,ZAR,2025-11-15,CARD,COMPLETED,PAYREF7AA153E468,
PAY007989,C0114,A0179,POL0169,215.43,ZAR,2026-07-06,EFT,COMPLETED,PAYREF83DC87FAAB,
PAY007990,C0479,A0892,POL0179,2941.18,ZAR,2026-03-07,CASH,COMPLETED,PAYREFBD4FBACED3,
PAY007991,C0102,A0360,,831.03,ZAR,2024-07-01,EFT,COMPLETED,PAYREF87DF99A37D,
PAY007992,C0656,A0262,POL0087,1396.13,ZAR,2024-07-14,CASH,COMPLETED,PAYREF4D74EBA5B8,
PAY007993,C0366,A0927,POL0153,9918.48,ZAR,2025-01-23,CASH,COMPLETED,PAYREFDA82B82B39,
PAY007994,C0728,A0633,POL0209,3969.69,ZAR,2024-02-05,CARD,COMPLETED,PAYREF7DEAE38C48,
PAY007995,C0487,A0454,,1353.61,ZAR,2024-12-10,CARD,COMPLETED,PAYREF87A48D4BDA,
PAY007996,C0874,A1432,,277.81,ZAR,2024-11-30,CASH,COMPLETED,PAYREFCA82AC14E8,
PAY007997,C0311,A0844,POL0478,282.5,ZAR,2025-08-30,MOBILE,COMPLETED,PAYREFE42DDAD483,
PAY007998,C0183,A0698,POL0241,3505.35,ZAR,2025-08-07,DEBIT_ORDER,COMPLETED,PAYREF562CDDDB33,
PAY007999,C0900,A0367,,733.76,ZAR,2026-07-22,MOBILE,COMPLETED,PAYREFCA2746E058,
PAY008000,C0549,A0961,POL0288,926.66,ZAR,2024-08-22,DEBIT_ORDER,COMPLETED,PAYREFB1B32A92A9,
PAY008001,C0125,A1044,POL0222,348.81,ZAR,2025-10-18,DEBIT_ORDER,REVERSED,PAYREF3BA93D059F,
PAY008002,C0132,A0110,POL0180,1712.74,ZAR,2026-03-30,CASH,COMPLETED,PAYREFC085F7D90C,
PAY008003,C0082,A0703,,3433.77,ZAR,2025-10-30,MOBILE,COMPLETED,PAYREF336165683C,
PAY008004,C0800,A0922,POL0664,5031.89,ZAR,2024-03-24,CARD,PENDING,PAYREFFDD6342BB9,
PAY008005,C0355,A0115,POL0775,700.54,ZAR,2025-10-17,CASH,COMPLETED,PAYREF63613457A2,
PAY008006,C0494,A1223,POL0533,2089.91,ZAR,2025-07-28,CARD,COMPLETED,PAYREFA3299BE24E,
PAY008007,C0341,A0277,POL0361,997.16,ZAR,2025-06-19,DEBIT_ORDER,COMPLETED,PAYREF1A75EF5006,
PAY008008,C0458,A0090,POL0526,2644.61,ZAR,2025-04-21,EFT,COMPLETED,PAYREFDE54E3FBA9,
PAY008009,C0585,A0152,,1092.29,ZAR,2024-09-25,CARD,PENDING,PAYREF44F79406DF,
PAY008010,C0283,A1431,POL0194,481.0,ZAR,2026-03-27,DEBIT_ORDER,COMPLETED,PAYREFD6EAE7EEEC,
PAY008011,C0036,A0848,POL0587,4105.81,ZAR,2025-04-14,CARD,COMPLETED,PAYREF4B40168E06,
PAY008012,C0761,A0531,,1210.2,ZAR,2026-07-12,MOBILE,COMPLETED,PAYREFE29C88FF95,
PAY008013,C0918,A0213,,771.66,ZAR,2025-10-09,MOBILE,COMPLETED,PAYREFBCCC373885,
PAY008014,C0731,A0015,POL0416,1310.0,ZAR,2024-06-25,CASH,COMPLETED,PAYREF0E30EEDD3E,
PAY008015,C0435,A0909,,524.98,ZAR,2025-05-01,MOBILE,COMPLETED,PAYREF8DC5A933A5,
PAY008016,C0356,A0927,,1661.13,ZAR,2024-11-13,EFT,COMPLETED,PAYREF3B5FE4BF80,
PAY008017,C0437,A0075,,901.18,ZAR,2026-03-17,DEBIT_ORDER,REVERSED,PAYREFB6D73ED909,
PAY008018,C0116,A0157,,495.32,ZAR,2025-07-09,CASH,COMPLETED,PAYREFB5982ABF91,
PAY008019,C0037,A0016,,11812.33,ZAR,2026-04-27,CASH,COMPLETED,PAYREF094CADBCBF,
PAY008020,C0082,A0879,,400.5,ZAR,2026-08-07,MOBILE,COMPLETED,PAYREF3081BDFC12,
PAY008021,C0634,A1358,POL0578,1561.31,ZAR,2026-04-21,CARD,COMPLETED,PAYREF9FD18793B1,
PAY008022,C0635,A0574,POL0503,1160.72,ZAR,2024-06-24,EFT,FAILED,PAYREF30CFC39653,Limit exceeded
PAY008023,C0970,A0775,,393.23,ZAR,2026-08-18,DEBIT_ORDER,COMPLETED,PAYREF65E5AC04A4,
PAY008024,C0012,A0530,POL0590,782.64,ZAR,2024-08-23,CASH,PENDING,PAYREF56716669A3,
PAY008025,C0506,A0902,POL0256,286.42,ZAR,2024-03-14,EFT,FAILED,PAYREF9188E8B7A4,Limit exceeded
PAY008026,C0412,A0714,POL0689,8660.17,ZAR,2026-06-05,CASH,COMPLETED,PAYREF5756428E93,
PAY008027,C0237,A1454,POL0372,838.86,ZAR,2025-04-25,CARD,COMPLETED,PAYREF3FB3B26953,
PAY008028,C0684,A0361,,913.41,ZAR,2025-10-23,CASH,COMPLETED,PAYREFBA11E7BF56,
PAY008029,C0085,A0744,,7671.01,ZAR,2025-10-14,CARD,COMPLETED,PAYREFA7B772D46B,
PAY008030,C0402,A0313,,481.07,ZAR,2025-05-30,DEBIT_ORDER,FAILED,PAYREF9DA099B607,Invalid account
PAY008031,C0124,A0527,POL0777,4001.44,ZAR,2025-06-25,DEBIT_ORDER,COMPLETED,PAYREFFC123FCB84,
PAY008032,C0985,A1318,,1983.32,ZAR,2024-10-31,MOBILE,COMPLETED,PAYREFC2883740DA,
PAY008033,C0533,A0809,,151.57,ZAR,2025-04-09,EFT,COMPLETED,PAYREF723EF43158,
PAY008034,C0575,A0561,POL0061,756.66,ZAR,2025-07-06,EFT,COMPLETED,PAYREFE1CBC3B437,
PAY008035,C0447,A0085,POL0248,1696.98,ZAR,2025-04-01,CARD,COMPLETED,PAYREFECD0C129C7,
PAY008036,C0050,A0358,POL0710,1136.34,ZAR,2024-10-02,CARD,COMPLETED,PAYREFCF8982E3BA,
PAY008037,C0532,A0667,POL0529,1139.4,ZAR,2024-04-30,CARD,COMPLETED,PAYREF5AA4E4C89F,
PAY008038,C0968,A1274,,597.55,ZAR,2025-01-17,EFT,COMPLETED,PAYREF838D9678F8,
PAY008039,C0653,A1114,,537.61,ZAR,2025-10-13,DEBIT_ORDER,COMPLETED,PAYREF0A5ACF33DE,
PAY008040,C0032,A0019,POL0642,805.6,ZAR,2025-09-21,CASH,COMPLETED,PAYREFA2E603ED66,
PAY008041,C0593,A0018,POL0131,7795.56,ZAR,2026-01-25,CASH,COMPLETED,PAYREFB3CE70FE8A,
PAY008042,C0554,A1491,POL0528,442.45,ZAR,2024-06-27,CARD,PENDING,PAYREF3D7907E7BA,
PAY008043,C0685,A0404,POL0598,677.08,ZAR,2024-07-26,CARD,COMPLETED,PAYREF16AA4905F4,
PAY008044,C0301,A0396,,1128.73,ZAR,2025-12-18,CASH,COMPLETED,PAYREF1838B48F02,
PAY008045,C0299,A0234,POL0734,253.88,ZAR,2024-11-14,CASH,COMPLETED,PAYREF4CCE9BA1DF,
PAY008046,C0940,A1356,,1689.1,ZAR,2026-06-20,EFT,COMPLETED,PAYREF7401A62767,
PAY008047,C0131,A0450,POL0170,302.47,ZAR,2026-08-01,EFT,COMPLETED,PAYREFCA0CC5DC02,
PAY008048,C0240,A0288,,369.72,ZAR,2026-02-02,EFT,COMPLETED,PAYREF0CBF4FC9C0,
PAY008049,C0012,A0273,POL0123,352.39,ZAR,2026-04-27,DEBIT_ORDER,COMPLETED,PAYREF93C4231E6F,
PAY008050,C0176,A0927,POL0603,212.6,ZAR,2026-01-18,MOBILE,COMPLETED,PAYREF3E68FE052A,
PAY008051,C0006,A0788,,3898.43,ZAR,2025-12-22,EFT,COMPLETED,PAYREFE99A1E11E3,
PAY008052,C0444,A0734,,1847.5,ZAR,2026-04-06,CARD,COMPLETED,PAYREF122BB308D6,
PAY008053,C0866,A1395,POL0200,2758.35,ZAR,2024-08-13,CARD,COMPLETED,PAYREF852CA0EFA1,
PAY008054,C0175,A1071,POL0651,2518.11,ZAR,2024-05-15,DEBIT_ORDER,COMPLETED,PAYREF6A38074052,
PAY008055,C0248,A0712,POL0571,926.94,ZAR,2025-08-02,EFT,FAILED,PAYREF6D0F436C4F,Insufficient funds
PAY008056,C0909,A0236,POL0068,1064.73,ZAR,2025-07-08,CARD,COMPLETED,PAYREF751201AC79,
PAY008057,C0737,A0211,,3022.12,ZAR,2024-04-11,MOBILE,COMPLETED,PAYREFDC4E05A5F0,
PAY008058,C0288,A0613,POL0749,5644.46,ZAR,2026-02-06,CARD,COMPLETED,PAYREF870BF78835,
PAY008059,C0821,A1081,,311.66,ZAR,2026-05-25,CARD,COMPLETED,PAYREFF88700E986,
PAY008060,C0183,A0014,POL0333,13629.11,ZAR,2025-06-23,CARD,COMPLETED,PAYREFD5828D7D3F,
PAY008061,C0576,A0125,,294.23,ZAR,2024-07-28,EFT,COMPLETED,PAYREFF7E7FA2ADD,
PAY008062,C0032,A0837,POL0409,690.93,ZAR,2026-02-08,MOBILE,COMPLETED,PAYREFFE77F95855,
PAY008063,C0966,A1036,,1180.94,ZAR,2026-02-21,CARD,COMPLETED,PAYREF50002FA75A,
PAY008064,C0684,A0083,POL0440,1294.53,ZAR,2026-01-23,EFT,COMPLETED,PAYREF63DE503635,
PAY008065,C0381,A1030,,7815.25,ZAR,2024-09-25,MOBILE,COMPLETED,PAYREF7E5519D16C,
PAY008066,C0824,A1026,,3016.66,ZAR,2025-09-04,DEBIT_ORDER,COMPLETED,PAYREF1F295CA8BB,
PAY008067,C0073,A0425,,1657.12,ZAR,2024-12-14,MOBILE,REVERSED,PAYREFC436F7E2D7,
PAY008068,C0170,A0873,,3088.66,ZAR,2026-03-21,MOBILE,COMPLETED,PAYREFAAFEEB4EFD,
PAY008069,C0079,A1246,POL0582,1549.6,ZAR,2026-07-15,EFT,COMPLETED,PAYREF9592DCD81C,
PAY008070,C0635,A0129,POL0707,558.13,ZAR,2026-06-03,EFT,COMPLETED,PAYREF2625395B71,
PAY008071,C0472,A0359,POL0584,1782.26,ZAR,2024-10-13,EFT,COMPLETED,PAYREF88142E9294,
PAY008072,C0454,A0260,POL0035,1173.27,ZAR,2025-09-10,CASH,FAILED,PAYREF2CCB9D86B0,Insufficient funds
PAY008073,C0093,A0736,,472.08,ZAR,2026-06-16,MOBILE,COMPLETED,PAYREFE99FE1BA44,
PAY008074,C0327,A1441,POL0198,3876.9,ZAR,2024-09-21,CARD,COMPLETED,PAYREF20FFB221AA,
PAY008075,C0736,A1174,,1038.51,ZAR,2024-12-30,DEBIT_ORDER,COMPLETED,PAYREFEECC984CE0,
PAY008076,C0789,A0569,,357.63,ZAR,2024-09-03,DEBIT_ORDER,COMPLETED,PAYREFE9938187A0,
PAY008077,C0434,A0272,POL0497,418.78,ZAR,2026-07-26,CASH,COMPLETED,PAYREF8CD7E13F52,
PAY008078,C0208,A1064,POL0064,1872.44,ZAR,2024-03-15,DEBIT_ORDER,COMPLETED,PAYREF6068550400,
PAY008079,C0168,A0867,POL0301,3132.02,ZAR,2024-10-08,DEBIT_ORDER,PENDING,PAYREF6CADFC2D85,
PAY008080,C0338,A1167,POL0541,1775.17,ZAR,2024-10-20,CARD,COMPLETED,PAYREF80C18B6549,
PAY008081,C0253,A1013,POL0281,1783.32,ZAR,2025-07-08,CASH,COMPLETED,PAYREF5A2B13FCE8,
PAY008082,C0329,A1015,,487.69,ZAR,2025-04-23,CASH,COMPLETED,PAYREF4734C633EB,
PAY008083,C0430,A1126,POL0244,1203.37,ZAR,2024-03-07,CARD,COMPLETED,PAYREFE19D63E2B2,
PAY008084,C0247,A0647,POL0574,788.31,ZAR,2026-01-29,EFT,COMPLETED,PAYREF2A7725E253,
PAY008085,C0042,A0925,POL0726,902.38,ZAR,2025-02-25,DEBIT_ORDER,COMPLETED,PAYREF5A0983A7D8,
PAY008086,C0290,A0221,POL0305,980.64,ZAR,2025-04-14,DEBIT_ORDER,COMPLETED,PAYREFC44086D794,
PAY008087,C0521,A1353,POL0700,566.83,ZAR,2024-07-01,CARD,COMPLETED,PAYREFB1922F5D24,
PAY008088,C0161,A1258,,2325.44,ZAR,2026-02-10,CASH,REVERSED,PAYREF72897B31EB,
PAY008089,C0560,A1258,POL0546,399.77,ZAR,2026-04-05,CARD,COMPLETED,PAYREFA953A67A08,
PAY008090,C0555,A1098,,299.28,ZAR,2025-09-29,MOBILE,PENDING,PAYREFBC0999D136,
PAY008091,C0065,A1249,POL0718,500.09,ZAR,2024-05-11,DEBIT_ORDER,COMPLETED,PAYREF3286C22434,
PAY008092,C0576,A0430,,2652.86,ZAR,2025-01-08,CASH,FAILED,PAYREFC41318AAB9,Insufficient funds
PAY008093,C0597,A0152,POL0185,1539.42,ZAR,2024-01-21,MOBILE,FAILED,PAYREF1D1C8DD0CA,Invalid account
PAY008094,C0698,A1445,POL0760,184.34,ZAR,2025-04-10,DEBIT_ORDER,COMPLETED,PAYREF46A1792D61,
PAY008095,C0383,A1405,,1992.76,ZAR,2025-03-19,DEBIT_ORDER,FAILED,PAYREF158C4C8639,Technical error
PAY008096,C0359,A1397,POL0647,1044.71,ZAR,2024-05-01,EFT,COMPLETED,PAYREF219CAF7D31,
PAY008097,C0171,A0239,,722.43,ZAR,2024-04-25,CASH,COMPLETED,PAYREF555382F642,
PAY008098,C0616,A0172,,860.94,ZAR,2026-07-31,CASH,COMPLETED,PAYREFDA0248906F,
PAY008099,C0675,A1050,POL0740,288.98,ZAR,2024-08-26,CASH,COMPLETED,PAYREFCA7957A5AD,
PAY008100,C0401,A1284,,1304.06,ZAR,2024-07-13,CARD,COMPLETED,PAYREF542A75FD16,
PAY008101,C0292,A1068,POL0358,308.72,ZAR,2025-01-10,MOBILE,COMPLETED,PAYREF83C94CD7F9,
PAY008102,C0412,A0442,,772.78,ZAR,2025-08-16,EFT,COMPLETED,PAYREF74EFB1F804,
PAY008103,C0775,A1499,,773.78,ZAR,2024-09-19,CASH,COMPLETED,PAYREF004BCD3A92,
PAY008104,C0949,A0270,POL0010,2368.26,ZAR,2026-03-04,CASH,COMPLETED,PAYREFAF7A9028F0,
PAY008105,C0559,A0877,,1141.1,ZAR,2024-10-05,DEBIT_ORDER,COMPLETED,PAYREF739320E5FA,
PAY008106,C0336,A1241,POL0579,2221.62,ZAR,2024-04-25,MOBILE,COMPLETED,PAYREFE9ABAE523D,
PAY008107,C0253,A0830,POL0404,331.71,ZAR,2024-09-01,EFT,COMPLETED,PAYREFF19EF075C6,
PAY008108,C0051,A1404,,984.56,ZAR,2024-12-16,CASH,PENDING,PAYREF7F1D1C1E14,
PAY008109,C0104,A1492,,1863.7,ZAR,2025-09-02,DEBIT_ORDER,FAILED,PAYREF8B69EE02F1,Technical error
PAY008110,C0858,A0061,,3798.26,ZAR,2024-06-11,EFT,COMPLETED,PAYREFE3203DC3CC,
PAY008111,C0709,A0950,POL0383,351.01,ZAR,2026-07-12,EFT,REVERSED,PAYREF126C2E517A,
PAY008112,C0317,A0877,POL0059,472.98,ZAR,2026-03-19,EFT,COMPLETED,PAYREFC0A072AA12,
PAY008113,C0480,A0291,POL0298,1817.63,ZAR,2026-04-08,DEBIT_ORDER,COMPLETED,PAYREF9D26D5DB40,
PAY008114,C0358,A0054,POL0599,5495.0,ZAR,2025-08-13,EFT,COMPLETED,PAYREF57F2BEBF2E,
PAY008115,C0642,A0630,POL0509,1459.54,ZAR,2025-12-25,CASH,COMPLETED,PAYREFD7A4A916E3,
PAY008116,C0288,A1011,,361.42,ZAR,2024-10-16,EFT,COMPLETED,PAYREFF6709FE6FA,
PAY008117,C0941,A1085,,368.54,ZAR,2026-07-05,DEBIT_ORDER,COMPLETED,PAYREF75383DE785,
PAY008118,C0423,A1371,POL0295,1254.94,ZAR,2026-08-17,CARD,COMPLETED,PAYREF750EAB9088,
PAY008119,C0726,A1212,,1568.03,ZAR,2024-07-13,CARD,COMPLETED,PAYREF616D7CACD1,
PAY008120,C0194,A0024,,878.95,ZAR,2026-06-01,MOBILE,COMPLETED,PAYREF81FA5775EB,
PAY008121,C0073,A1364,POL0761,372.76,ZAR,2024-02-24,CARD,PENDING,PAYREFA612C7794D,
PAY008122,C0772,A1185,POL0653,3299.13,ZAR,2025-05-18,EFT,COMPLETED,PAYREF63B985525B,
PAY008123,C0383,A1478,,773.77,ZAR,2025-11-08,CARD,COMPLETED,PAYREF1D524D02EC,
PAY008124,C0777,A0920,POL0659,1857.46,ZAR,2025-07-08,EFT,COMPLETED,PAYREF62BF475BF5,
PAY008125,C0475,A0877,POL0691,186.2,ZAR,2025-12-31,CASH,PENDING,PAYREF662FCD3641,
PAY008126,C0646,A1011,,3645.16,ZAR,2025-02-15,EFT,FAILED,PAYREF67C4A09FF2,Invalid account
PAY008127,C0951,A0547,POL0790,552.91,ZAR,2024-03-13,CARD,COMPLETED,PAYREF40683F52C4,
PAY008128,C0954,A1227,POL0556,4207.75,ZAR,2025-09-19,CARD,COMPLETED,PAYREFC4D7EF2885,
PAY008129,C0367,A1328,POL0278,2023.81,ZAR,2026-07-14,CARD,COMPLETED,PAYREFFB12B19913,
PAY008130,C0617,A0103,,262.76,ZAR,2025-11-27,CASH,COMPLETED,PAYREF203884749C,
PAY008131,C0612,A0416,POL0193,1401.82,ZAR,2026-02-03,CASH,COMPLETED,PAYREFDE59233BDB,
PAY008132,C0737,A0202,,5747.57,ZAR,2024-01-10,CARD,COMPLETED,PAYREF681132A416,
PAY008133,C0597,A0057,,603.1,ZAR,2025-08-31,MOBILE,PENDING,PAYREFD7F813DF43,
PAY008134,C0435,A1500,,5757.89,ZAR,2025-01-16,MOBILE,COMPLETED,PAYREFD69E7695D1,
PAY008135,C0344,A0116,,1612.81,ZAR,2025-12-27,CARD,PENDING,PAYREFBBD63F9C93,
PAY008136,C0064,A0334,POL0062,4189.59,ZAR,2024-03-24,MOBILE,COMPLETED,PAYREF4729BCA237,
PAY008137,C0411,A0420,,1286.25,ZAR,2024-08-18,DEBIT_ORDER,COMPLETED,PAYREF42CFF5CEDB,
PAY008138,C0651,A0834,POL0110,968.77,ZAR,2025-01-08,CARD,COMPLETED,PAYREF5C2E1C4B17,
PAY008139,C0587,A0062,,6885.43,ZAR,2025-11-13,DEBIT_ORDER,COMPLETED,PAYREF6D50E4665A,
PAY008140,C0694,A0800,POL0315,2256.12,ZAR,2025-12-18,CARD,COMPLETED,PAYREF72E68E3E7F,
PAY008141,C0233,A0002,POL0270,866.69,ZAR,2024-12-26,DEBIT_ORDER,COMPLETED,PAYREF0FFB56FAD4,
PAY008142,C0855,A1101,POL0354,1675.53,ZAR,2026-07-14,EFT,REVERSED,PAYREF68B8C29CA7,
PAY008143,C0146,A1263,,623.38,ZAR,2025-04-18,MOBILE,COMPLETED,PAYREF8352D60BBC,
PAY008144,C0586,A0568,POL0794,1221.56,ZAR,2026-03-14,CASH,REVERSED,PAYREFF3D88C0167,
PAY008145,C0301,A0128,POL0005,3625.04,ZAR,2024-04-01,DEBIT_ORDER,PENDING,PAYREF966A952E1A,
PAY008146,C0332,A1441,,932.76,ZAR,2025-02-08,CARD,COMPLETED,PAYREFA8E225981E,
PAY008147,C0135,A0654,,457.36,ZAR,2024-06-30,CASH,COMPLETED,PAYREF734ED10726,
PAY008148,C0383,A1275,,417.01,ZAR,2024-12-29,MOBILE,COMPLETED,PAYREF90B601FDC3,
PAY008149,C0450,A1151,,1180.41,ZAR,2026-09-09,MOBILE,COMPLETED,PAYREFBA42355113,
PAY008150,C0781,A0931,POL0708,489.04,ZAR,2025-07-26,CARD,COMPLETED,PAYREF2CDFCF387B,
PAY008151,C0764,A1199,POL0360,261.72,ZAR,2026-02-14,EFT,COMPLETED,PAYREFC343D24A96,
PAY008152,C0079,A0518,,330.77,ZAR,2025-08-03,CASH,COMPLETED,PAYREFDD9D4F42ED,
PAY008153,C0399,A0173,POL0268,3551.41,ZAR,2026-04-06,MOBILE,COMPLETED,PAYREF061A108E25,
PAY008154,C0139,A0211,POL0167,951.11,ZAR,2024-03-14,MOBILE,COMPLETED,PAYREFDDC5B794FE,
PAY008155,C0486,A0684,,1161.84,ZAR,2025-04-06,DEBIT_ORDER,COMPLETED,PAYREFAD0132B575,
PAY008156,C0418,A0359,,417.13,ZAR,2025-10-04,MOBILE,COMPLETED,PAYREFAF5671EF7C,
PAY008157,C0096,A0174,POL0366,613.09,ZAR,2024-06-15,CASH,COMPLETED,PAYREF65E180EB46,
PAY008158,C0391,A0315,,593.62,ZAR,2025-03-27,MOBILE,COMPLETED,PAYREFE732E910E8,
PAY008159,C0739,A1063,POL0416,831.5,ZAR,2025-04-15,MOBILE,COMPLETED,PAYREF7603539523,
PAY008160,C0307,A1063,,208.85,ZAR,2025-03-23,DEBIT_ORDER,COMPLETED,PAYREFCD19E0CB39,
PAY008161,C0747,A0223,,3260.63,ZAR,2026-06-20,CARD,COMPLETED,PAYREFF804130CEE,
PAY008162,C0300,A1383,POL0199,1078.77,ZAR,2024-11-25,CARD,COMPLETED,PAYREFFEB43383EE,
PAY008163,C0050,A1042,POL0413,1342.23,ZAR,2025-08-07,EFT,COMPLETED,PAYREF5A880E8D59,
PAY008164,C0793,A1045,POL0569,2736.24,ZAR,2024-08-02,EFT,FAILED,PAYREF2471D51465,Account closed
PAY008165,C0041,A0840,,2534.48,ZAR,2024-05-29,CASH,COMPLETED,PAYREFB0F8634896,
PAY008166,C0311,A0961,,617.03,ZAR,2024-11-29,DEBIT_ORDER,COMPLETED,PAYREF939A7C3AB0,
PAY008167,C0670,A0599,POL0479,2007.14,ZAR,2024-08-07,CARD,COMPLETED,PAYREFC1F8E81FDD,
PAY008168,C0360,A0140,POL0696,1986.6,ZAR,2026-06-30,DEBIT_ORDER,COMPLETED,PAYREF698A39FAA8,
PAY008169,C0906,A0847,POL0571,1504.15,ZAR,2025-07-11,EFT,COMPLETED,PAYREFF672D04323,
PAY008170,C0090,A0074,POL0146,3168.84,ZAR,2026-08-09,CARD,COMPLETED,PAYREFC069B9C827,
PAY008171,C0998,A0001,,2439.46,ZAR,2024-03-29,MOBILE,PENDING,PAYREF6EE37C91EB,
PAY008172,C0031,A0389,POL0600,2269.62,ZAR,2026-04-16,CASH,COMPLETED,PAYREF9FAB1EBE40,
PAY008173,C0356,A1163,POL0292,4295.32,ZAR,2025-11-27,EFT,COMPLETED,PAYREF7E606F51BA,
PAY008174,C0070,A1185,POL0771,1128.52,ZAR,2025-06-29,DEBIT_ORDER,COMPLETED,PAYREF141B1CBC1A,
PAY008175,C0469,A0211,POL0736,1161.85,ZAR,2026-07-09,MOBILE,COMPLETED,PAYREF95AD1F1C69,
PAY008176,C0375,A0498,POL0111,2487.92,ZAR,2025-06-01,EFT,PENDING,PAYREF1B20FD7ED4,
PAY008177,C0785,A1418,,917.4,ZAR,2024-03-20,CARD,COMPLETED,PAYREF34915FCC52,
PAY008178,C0597,A0447,,1775.09,ZAR,2024-12-04,EFT,COMPLETED,PAYREF4115624912,
PAY008179,C0659,A0437,,626.34,ZAR,2025-05-02,MOBILE,COMPLETED,PAYREFE2A3C95034,
PAY008180,C0707,A0923,POL0650,112.22,ZAR,2025-08-14,DEBIT_ORDER,COMPLETED,PAYREF3B6163BCE1,
PAY008181,C0114,A0504,,1993.95,ZAR,2024-10-19,CARD,COMPLETED,PAYREF86FF92BC6A,
PAY008182,C0644,A0139,POL0633,233.07,ZAR,2025-09-08,EFT,COMPLETED,PAYREF8AD7EF4CB4,
PAY008183,C0867,A0504,POL0325,545.05,ZAR,2026-07-19,CARD,COMPLETED,PAYREF0959DBAB67,
PAY008184,C0592,A0295,POL0663,2489.93,ZAR,2024-12-04,DEBIT_ORDER,COMPLETED,PAYREFC8293B639B,
PAY008185,C0132,A0433,POL0213,2519.37,ZAR,2026-03-27,EFT,COMPLETED,PAYREFACA6CDEF8A,
PAY008186,C0128,A0464,,3552.02,ZAR,2025-02-02,DEBIT_ORDER,FAILED,PAYREF9DEAD838BA,Limit exceeded
PAY008187,C0081,A0494,POL0647,145.51,ZAR,2024-12-20,MOBILE,COMPLETED,PAYREF9BE67BE37A,
PAY008188,C0652,A1272,POL0483,1474.41,ZAR,2025-07-15,EFT,PENDING,PAYREF732C175FA4,
PAY008189,C0584,A0293,POL0751,847.52,ZAR,2025-05-04,CARD,REVERSED,PAYREF275971492B,
PAY008190,C0778,A0648,,2946.04,ZAR,2025-10-14,CASH,COMPLETED,PAYREF210A1CB4DC,
PAY008191,C0788,A1218,POL0410,4799.95,ZAR,2025-05-25,DEBIT_ORDER,COMPLETED,PAYREFA86A0BCCE3,
PAY008192,C0550,A0396,POL0228,296.21,ZAR,2024-08-10,CASH,FAILED,PAYREF0D2B20EA48,Invalid account
PAY008193,C0102,A0625,,1114.19,ZAR,2026-01-03,CARD,COMPLETED,PAYREFF20D5E22FD,
PAY008194,C0199,A1338,POL0410,2521.56,ZAR,2025-04-10,EFT,COMPLETED,PAYREF05B41F961E,
PAY008195,C0639,A0665,POL0691,782.11,ZAR,2024-11-03,MOBILE,PENDING,PAYREFE3C4787C0D,
PAY008196,C0696,A0870,,6283.58,ZAR,2025-06-04,DEBIT_ORDER,COMPLETED,PAYREFFC7617C6B6,
PAY008197,C0922,A1044,,734.02,ZAR,2026-05-27,MOBILE,COMPLETED,PAYREF980EC29379,
PAY008198,C0484,A0998,POL0387,812.24,ZAR,2024-01-19,CASH,COMPLETED,PAYREFD12F0E8604,
PAY008199,C0354,A0738,POL0498,374.91,ZAR,2025-02-17,MOBILE,PENDING,PAYREF0EBDE4A69B,
PAY008200,C0238,A0032,,1279.11,ZAR,2026-03-24,CARD,COMPLETED,PAYREFDA9C20ECFF,
PAY008201,C0517,A0677,POL0532,53.61,ZAR,2025-11-26,DEBIT_ORDER,COMPLETED,PAYREF012542D41D,
PAY008202,C0958,A0490,,855.97,ZAR,2025-05-20,MOBILE,COMPLETED,PAYREF39F654F87E,
PAY008203,C0253,A1285,POL0338,3900.93,ZAR,2024-04-08,CASH,COMPLETED,PAYREF7ACE8565E3,
PAY008204,C0158,A0524,,271.3,ZAR,2025-08-11,CASH,COMPLETED,PAYREF8789CAB27F,
PAY008205,C0529,A0587,,217.39,ZAR,2024-09-16,CASH,COMPLETED,PAYREF471DACE063,
PAY008206,C0069,A0363,,3348.35,ZAR,2025-07-27,DEBIT_ORDER,COMPLETED,PAYREF85BCF5DB1A,
PAY008207,C0544,A1335,POL0107,3834.15,ZAR,2025-10-31,CASH,COMPLETED,PAYREF124F96A943,
PAY008208,C0877,A0656,POL0279,282.68,ZAR,2025-11-28,MOBILE,COMPLETED,PAYREFC99A26C860,
PAY008209,C0871,A1167,POL0694,6202.74,ZAR,2026-07-15,EFT,COMPLETED,PAYREF30F2835C9B,
PAY008210,C0282,A0786,POL0592,1689.95,ZAR,2024-08-12,CASH,COMPLETED,PAYREF69E520BC3A,
PAY008211,C0308,A0497,,3129.86,ZAR,2025-01-22,DEBIT_ORDER,COMPLETED,PAYREF12BA15F1BA,
PAY008212,C0371,A1154,POL0666,496.77,ZAR,2025-02-11,CARD,COMPLETED,PAYREF5F3599870A,
PAY008213,C0289,A0102,POL0262,4861.29,ZAR,2026-02-27,MOBILE,COMPLETED,PAYREF5911FB2F28,
PAY008214,C0279,A1149,,838.81,ZAR,2025-05-06,DEBIT_ORDER,COMPLETED,PAYREFDE61EECA1A,
PAY008215,C0659,A0570,,802.69,ZAR,2026-06-02,CARD,COMPLETED,PAYREF964DA7947F,
PAY008216,C0386,A1349,,1776.46,ZAR,2026-04-11,EFT,COMPLETED,PAYREFACF2219697,
PAY008217,C0197,A1237,,740.98,ZAR,2024-01-10,EFT,COMPLETED,PAYREF65DEFADAB9,
PAY008218,C0138,A0865,POL0216,239.68,ZAR,2024-02-26,EFT,COMPLETED,PAYREF896E0DC4D4,
PAY008219,C0182,A1489,,1251.09,ZAR,2025-05-30,DEBIT_ORDER,COMPLETED,PAYREF25F35E85AA,
PAY008220,C0476,A1472,POL0491,797.72,ZAR,2024-02-12,MOBILE,COMPLETED,PAYREFFDC6561F3E,
PAY008221,C0089,A1104,,508.82,ZAR,2025-05-24,DEBIT_ORDER,COMPLETED,PAYREF31194354A8,
PAY008222,C0770,A1459,POL0536,3791.54,ZAR,2024-03-28,CASH,COMPLETED,PAYREFFD7F4890EA,
PAY008223,C0071,A1179,POL0455,11995.98,ZAR,2026-03-25,EFT,COMPLETED,PAYREFE8BF5F6E69,
PAY008224,C0558,A1034,POL0102,437.41,ZAR,2025-10-02,DEBIT_ORDER,COMPLETED,PAYREFDAD5D9450F,
PAY008225,C0395,A0768,POL0708,1336.01,ZAR,2025-08-05,CARD,COMPLETED,PAYREF9461F4A758,
PAY008226,C0085,A0857,POL0319,736.24,ZAR,2026-05-29,CARD,COMPLETED,PAYREFA4186EF10C,
PAY008227,C0357,A0914,,10811.86,ZAR,2024-05-01,CARD,REVERSED,PAYREFBA4A239C21,
PAY008228,C0295,A0326,,1793.16,ZAR,2026-06-12,CARD,COMPLETED,PAYREF41414575D1,
PAY008229,C0028,A1227,,2770.98,ZAR,2024-12-05,DEBIT_ORDER,COMPLETED,PAYREF9C40EC828A,
PAY008230,C0037,A1438,POL0425,3575.4,ZAR,2025-04-01,EFT,PENDING,PAYREF894F59B228,
PAY008231,C0549,A0777,POL0223,1249.07,ZAR,2024-09-12,CASH,COMPLETED,PAYREFCD75528BE4,
PAY008232,C0304,A0391,POL0074,910.16,ZAR,2026-02-22,MOBILE,COMPLETED,PAYREFE4108EFCAC,
PAY008233,C0832,A0227,POL0356,5008.7,ZAR,2025-01-11,DEBIT_ORDER,COMPLETED,PAYREFFA3A44CA09,
PAY008234,C0887,A1157,POL0634,2387.23,ZAR,2024-06-09,MOBILE,COMPLETED,PAYREFF3D46DF016,
PAY008235,C0706,A1412,,470.64,ZAR,2025-12-11,EFT,COMPLETED,PAYREFA90FC2D9A1,
PAY008236,C0631,A0616,,531.55,ZAR,2026-07-26,MOBILE,COMPLETED,PAYREF5E9E7B1131,
PAY008237,C0908,A0923,POL0472,742.74,ZAR,2025-06-21,CASH,COMPLETED,PAYREF7DEB12487D,
PAY008238,C0485,A0677,POL0394,3495.45,ZAR,2024-02-27,EFT,COMPLETED,PAYREF4AAE8ACFC1,
PAY008239,C0424,A0507,,4785.99,ZAR,2024-01-26,EFT,COMPLETED,PAYREFF55423E8E5,
PAY008240,C0040,A0751,,9430.73,ZAR,2026-05-18,CARD,COMPLETED,PAYREFD2D8BF40BC,
PAY008241,C0539,A0927,POL0516,539.85,ZAR,2025-11-07,EFT,COMPLETED,PAYREF6E16790656,
PAY008242,C0476,A0823,POL0136,1261.69,ZAR,2026-08-03,CASH,PENDING,PAYREF5BB0B50C28,
PAY008243,C0698,A0801,POL0028,734.95,ZAR,2026-02-17,MOBILE,COMPLETED,PAYREF42FE146C4A,
PAY008244,C0426,A1322,POL0787,913.84,ZAR,2026-02-28,MOBILE,REVERSED,PAYREF8717CF254D,
PAY008245,C0084,A0636,POL0644,2779.09,ZAR,2025-07-28,CARD,COMPLETED,PAYREF9BE7275BE8,
PAY008246,C0599,A0957,POL0326,1047.46,ZAR,2025-05-29,DEBIT_ORDER,COMPLETED,PAYREF135C71E331,
PAY008247,C0356,A1302,POL0738,4088.19,ZAR,2025-07-16,MOBILE,COMPLETED,PAYREF23F95AA33C,
PAY008248,C0350,A1314,,654.39,ZAR,2025-02-24,EFT,FAILED,PAYREFFC21B9334A,Invalid account
PAY008249,C0489,A0041,POL0278,2301.73,ZAR,2024-07-12,CASH,COMPLETED,PAYREFF1D73A4C5A,
PAY008250,C0244,A1331,,704.33,ZAR,2024-05-01,CARD,COMPLETED,PAYREF9C42F026B0,
PAY008251,C0522,A0590,POL0165,174.65,ZAR,2024-08-01,MOBILE,COMPLETED,PAYREFFCFCB2B26E,
PAY008252,C0453,A0770,,394.86,ZAR,2025-10-06,MOBILE,COMPLETED,PAYREF993CD56335,
PAY008253,C0209,A0669,POL0424,1241.57,ZAR,2025-05-08,EFT,COMPLETED,PAYREF57F0453A98,
PAY008254,C0909,A0963,,7491.3,ZAR,2026-06-17,CASH,COMPLETED,PAYREFC354A25102,
PAY008255,C0878,A0655,POL0608,692.57,ZAR,2025-03-07,DEBIT_ORDER,COMPLETED,PAYREFC5C8D4920F,
PAY008256,C0379,A0426,POL0522,925.94,ZAR,2025-11-04,DEBIT_ORDER,COMPLETED,PAYREFFA99E39987,
PAY008257,C0585,A0884,,1789.46,ZAR,2025-07-17,CARD,COMPLETED,PAYREFFD6BFF17AC,
PAY008258,C0150,A1176,POL0303,602.19,ZAR,2025-02-20,CASH,COMPLETED,PAYREF47435C8732,
PAY008259,C0804,A1401,POL0482,676.03,ZAR,2025-04-06,MOBILE,COMPLETED,PAYREFF7AAB1E149,
PAY008260,C0265,A0473,POL0720,1178.64,ZAR,2025-11-23,EFT,FAILED,PAYREF61AE8F2EDC,Insufficient funds
PAY008261,C0476,A0471,POL0063,708.7,ZAR,2024-12-28,CASH,COMPLETED,PAYREF8AAA605E92,
PAY008262,C0444,A1127,,184.38,ZAR,2024-03-14,CASH,COMPLETED,PAYREF90E3888159,
PAY008263,C0041,A0705,,572.4,ZAR,2025-03-16,EFT,PENDING,PAYREFC27EE2C0A1,
PAY008264,C0459,A0492,,2028.23,ZAR,2025-03-09,MOBILE,COMPLETED,PAYREF00793D6F78,
PAY008265,C0268,A1469,,2092.27,ZAR,2026-03-16,CASH,COMPLETED,PAYREFB947FC69F8,
PAY008266,C0649,A1300,POL0669,4172.35,ZAR,2025-09-10,DEBIT_ORDER,PENDING,PAYREFC6FB83A43F,
PAY008267,C0533,A1371,,3848.87,ZAR,2025-07-17,DEBIT_ORDER,COMPLETED,PAYREF56AEE19F8F,
PAY008268,C0281,A0479,,445.77,ZAR,2025-08-01,CARD,COMPLETED,PAYREF1ACE8F610D,
PAY008269,C0055,A1233,POL0225,520.39,ZAR,2025-04-03,CARD,COMPLETED,PAYREFF43CD8EACE,
PAY008270,C0903,A0859,POL0671,543.87,ZAR,2024-03-21,DEBIT_ORDER,COMPLETED,PAYREF5F7A90C36C,
PAY008271,C0462,A1066,POL0287,941.94,ZAR,2024-11-12,CARD,COMPLETED,PAYREF7DF3EDF984,
PAY008272,C0720,A0956,POL0769,588.0,ZAR,2024-04-10,EFT,COMPLETED,PAYREFB5BC52FF2D,
PAY008273,C0219,A0149,POL0464,921.01,ZAR,2026-06-01,CARD,FAILED,PAYREF296E984D9D,Insufficient funds
PAY008274,C0312,A1117,POL0462,458.43,ZAR,2025-01-15,CARD,COMPLETED,PAYREFF557637DF3,
PAY008275,C0144,A0372,POL0706,2402.84,ZAR,2025-04-08,MOBILE,COMPLETED,PAYREF5CDEA27583,
PAY008276,C0755,A0547,POL0752,424.94,ZAR,2024-11-28,MOBILE,PENDING,PAYREFF719200CB5,
PAY008277,C0988,A1132,,404.41,ZAR,2025-07-20,MOBILE,COMPLETED,PAYREFC494799AB9,
PAY008278,C0585,A1311,POL0472,1844.99,ZAR,2025-08-15,EFT,COMPLETED,PAYREF22706370E4,
PAY008279,C0646,A0169,POL0557,2258.15,ZAR,2025-12-25,CASH,COMPLETED,PAYREF6E072C113C,
PAY008280,C0606,A0643,POL0533,875.57,ZAR,2025-06-24,MOBILE,COMPLETED,PAYREF6A72098FCC,
PAY008281,C0885,A0559,POL0229,2614.92,ZAR,2025-03-09,MOBILE,COMPLETED,PAYREF3D0A2FE8B6,
PAY008282,C0217,A0847,,2432.77,ZAR,2026-04-02,CASH,FAILED,PAYREFADA0BFAF87,Technical error
PAY008283,C0367,A0003,POL0491,7325.66,ZAR,2026-05-26,EFT,COMPLETED,PAYREF75260E2EFB,
PAY008284,C0940,A0989,POL0453,2282.27,ZAR,2024-10-29,MOBILE,COMPLETED,PAYREF126C586B21,
PAY008285,C0744,A0526,,6046.31,ZAR,2024-07-15,CASH,COMPLETED,PAYREF72C4CF0C6D,
PAY008286,C0604,A0831,,1166.69,ZAR,2025-05-07,DEBIT_ORDER,PENDING,PAYREFD56E3703BE,
PAY008287,C0798,A1097,,4445.4,ZAR,2024-03-24,MOBILE,COMPLETED,PAYREFF6DE16D6AF,
PAY008288,C0221,A0116,POL0591,4540.38,ZAR,2026-01-25,DEBIT_ORDER,COMPLETED,PAYREF5D2838C066,
PAY008289,C0218,A0692,POL0247,950.88,ZAR,2024-07-14,EFT,COMPLETED,PAYREFE0E1EB0C96,
PAY008290,C0056,A1144,,550.85,ZAR,2026-05-22,DEBIT_ORDER,COMPLETED,PAYREF7216C1C186,
PAY008291,C0256,A1474,POL0362,656.76,ZAR,2026-09-01,CASH,COMPLETED,PAYREFC0E7025C4D,
PAY008292,C0920,A0490,,1660.92,ZAR,2025-01-13,CASH,COMPLETED,PAYREFDDFDF30D48,
PAY008293,C0463,A0753,POL0148,347.34,ZAR,2025-02-03,CARD,COMPLETED,PAYREF4F63AF7554,
PAY008294,C0940,A0231,POL0261,696.64,ZAR,2024-03-29,MOBILE,COMPLETED,PAYREFBB19AEB186,
PAY008295,C0554,A0343,POL0425,3630.88,ZAR,2025-01-24,EFT,COMPLETED,PAYREF907D960566,
PAY008296,C0385,A0438,,2136.31,ZAR,2025-03-16,MOBILE,COMPLETED,PAYREF385C666AB9,
PAY008297,C0775,A0435,POL0330,104.31,ZAR,2024-05-10,CASH,COMPLETED,PAYREFB9AB5238B4,
PAY008298,C0328,A0146,,289.27,ZAR,2024-10-05,EFT,COMPLETED,PAYREFD33D77341F,
PAY008299,C0887,A0102,POL0261,9498.47,ZAR,2026-06-03,CASH,FAILED,PAYREF8FE63BF8ED,Technical error
PAY008300,C0307,A0622,,3567.31,ZAR,2024-10-12,MOBILE,COMPLETED,PAYREF1E6901293C,
PAY008301,C0113,A1261,POL0417,612.21,ZAR,2025-04-29,CASH,FAILED,PAYREF7EA336B7D4,Invalid account
PAY008302,C0265,A0279,POL0127,247.54,ZAR,2024-11-13,EFT,COMPLETED,PAYREF2437C052D3,
PAY008303,C0998,A1274,POL0357,314.35,ZAR,2024-02-06,MOBILE,COMPLETED,PAYREFF5B1F4E092,
PAY008304,C0180,A0226,,1824.68,ZAR,2025-02-12,CARD,COMPLETED,PAYREF023D5A079D,
PAY008305,C0800,A0218,,7918.27,ZAR,2025-11-28,DEBIT_ORDER,REVERSED,PAYREFD26A71EF1D,
PAY008306,C0565,A1336,POL0320,7429.82,ZAR,2024-01-27,CARD,REVERSED,PAYREF0BDFCAD9B7,
PAY008307,C0167,A0145,POL0344,226.86,ZAR,2025-09-02,EFT,COMPLETED,PAYREFD9262A5384,
PAY008308,C0998,A0281,,815.85,ZAR,2024-12-16,CASH,COMPLETED,PAYREFFD1489ABF1,
PAY008309,C0678,A0129,POL0252,465.43,ZAR,2024-08-28,CARD,COMPLETED,PAYREF37B2BAB236,
PAY008310,C0509,A1329,,1257.59,ZAR,2024-12-03,CASH,COMPLETED,PAYREFD0544EFB1D,
PAY008311,C0455,A0960,,289.73,ZAR,2025-12-17,MOBILE,PENDING,PAYREF0A8EBD3ED5,
PAY008312,C0176,A0018,POL0011,635.35,ZAR,2024-03-20,CASH,COMPLETED,PAYREF38FF6D46D1,
PAY008313,C0387,A1375,POL0390,460.7,ZAR,2024-11-10,DEBIT_ORDER,COMPLETED,PAYREF60A3CBAF18,
PAY008314,C0244,A1496,,1851.23,ZAR,2025-05-10,EFT,COMPLETED,PAYREF61E5112CBD,
PAY008315,C0345,A1008,,655.33,ZAR,2025-11-21,CASH,COMPLETED,PAYREF3DCE31BF08,
PAY008316,C0415,A1494,POL0208,756.59,ZAR,2024-01-12,CARD,COMPLETED,PAYREF63D2C1A221,
PAY008317,C0031,A0717,POL0187,1827.89,ZAR,2026-09-10,MOBILE,PENDING,PAYREFF1ED59E60C,
PAY008318,C0487,A0791,,5667.6,ZAR,2024-01-30,MOBILE,FAILED,PAYREFD34BFD81E0,Account closed
PAY008319,C0437,A0271,POL0312,9097.69,ZAR,2025-10-02,MOBILE,FAILED,PAYREF709AFD4444,Technical error
PAY008320,C0554,A0390,,1730.24,ZAR,2025-01-05,MOBILE,COMPLETED,PAYREF9D0E577A8C,
PAY008321,C0741,A0766,POL0443,1003.68,ZAR,2025-04-27,CASH,COMPLETED,PAYREFB0724B4A78,
PAY008322,C0266,A1071,POL0364,4089.78,ZAR,2024-05-08,EFT,COMPLETED,PAYREFF6CCD68C0A,
PAY008323,C0521,A0461,,3523.34,ZAR,2024-01-01,CASH,FAILED,PAYREFD1BE1F4EC9,Account closed
PAY008324,C0429,A0944,,2648.66,ZAR,2026-04-18,EFT,COMPLETED,PAYREFC3F1923C37,
PAY008325,C0253,A0895,,226.03,ZAR,2025-12-02,MOBILE,COMPLETED,PAYREFE7DBAE9B96,
PAY008326,C0633,A0792,,3670.84,ZAR,2024-04-30,DEBIT_ORDER,COMPLETED,PAYREF6A21454627,
PAY008327,C0280,A0094,,1569.01,ZAR,2024-06-10,EFT,COMPLETED,PAYREF7B7CF30FC3,
PAY008328,C0830,A1130,,448.67,ZAR,2026-05-08,CASH,COMPLETED,PAYREF4BA6F10C7A,
PAY008329,C0965,A1206,,560.1,ZAR,2024-10-24,MOBILE,COMPLETED,PAYREF8179DE7AEE,
PAY008330,C0749,A1047,,1962.61,ZAR,2024-07-23,EFT,COMPLETED,PAYREFDBF2C377AC,
PAY008331,C0594,A0093,,88.98,ZAR,2024-12-13,CARD,FAILED,PAYREF1AE7901EE3,Invalid account
PAY008332,C0830,A0571,,967.32,ZAR,2026-07-29,DEBIT_ORDER,COMPLETED,PAYREFF5631B0486,
PAY008333,C0741,A0864,POL0421,569.6,ZAR,2025-11-20,CARD,FAILED,PAYREF66B0004C53,Limit exceeded
PAY008334,C0648,A0230,POL0203,514.43,ZAR,2025-02-19,CARD,COMPLETED,PAYREF29D1DE2E41,
PAY008335,C0292,A0079,POL0159,694.23,ZAR,2026-01-14,DEBIT_ORDER,COMPLETED,PAYREFF13BFE53CB,
PAY008336,C0429,A1179,POL0679,249.78,ZAR,2024-10-29,MOBILE,COMPLETED,PAYREF610CA840EF,
PAY008337,C0653,A0067,POL0192,3141.58,ZAR,2024-09-11,CASH,COMPLETED,PAYREFBA83CECB29,
PAY008338,C0613,A1466,POL0088,130.6,ZAR,2025-12-14,CARD,COMPLETED,PAYREF62ED96715C,
PAY008339,C0785,A0573,POL0289,1298.92,ZAR,2025-06-01,CASH,COMPLETED,PAYREF6239F1E721,
PAY008340,C0632,A0530,POL0161,469.86,ZAR,2026-08-28,MOBILE,COMPLETED,PAYREFBC22C72A4F,
PAY008341,C0938,A0932,,7971.11,ZAR,2024-04-02,CARD,FAILED,PAYREF5FA87608D6,Limit exceeded
PAY008342,C0158,A0636,POL0450,1121.8,ZAR,2026-08-21,DEBIT_ORDER,COMPLETED,PAYREF5C94928B7E,
PAY008343,C0060,A1111,POL0721,131.19,ZAR,2025-12-20,CARD,COMPLETED,PAYREF3A102FD07B,
PAY008344,C0607,A1192,POL0427,1894.71,ZAR,2025-04-09,DEBIT_ORDER,COMPLETED,PAYREFEC7BA6F135,
PAY008345,C0379,A0317,POL0101,367.76,ZAR,2025-01-05,CARD,COMPLETED,PAYREFA0BAC9FA00,
PAY008346,C0230,A0494,POL0202,2936.25,ZAR,2025-08-22,CARD,FAILED,PAYREF7C0C734C1A,Technical error
PAY008347,C0700,A0092,,2033.92,ZAR,2024-11-06,MOBILE,COMPLETED,PAYREF6A5961C425,
PAY008348,C0866,A0627,,4781.91,ZAR,2024-07-31,EFT,PENDING,PAYREF822A463BBB,
PAY008349,C0138,A1065,POL0054,1322.17,ZAR,2024-03-28,CARD,COMPLETED,PAYREF13E67182A1,
PAY008350,C0941,A0641,POL0355,2487.79,ZAR,2024-03-08,CASH,COMPLETED,PAYREF671DB2AD5E,
PAY008351,C0669,A0560,POL0384,1144.54,ZAR,2025-05-19,EFT,COMPLETED,PAYREF1D1658F12E,
PAY008352,C0785,A0174,,608.1,ZAR,2026-05-22,DEBIT_ORDER,COMPLETED,PAYREFCE3A18DF9E,
PAY008353,C0551,A0712,,3183.56,ZAR,2026-02-25,EFT,COMPLETED,PAYREF8590859770,
PAY008354,C0362,A1320,,320.38,ZAR,2024-04-18,MOBILE,COMPLETED,PAYREF25AD55A51D,
PAY008355,C0066,A1076,,1057.53,ZAR,2024-07-03,DEBIT_ORDER,COMPLETED,PAYREF91A818B60F,
PAY008356,C0109,A1265,,621.06,ZAR,2026-08-12,EFT,FAILED,PAYREFD63A0EADF0,Technical error
PAY008357,C0065,A1080,,2545.53,ZAR,2025-04-04,CASH,COMPLETED,PAYREFC684BE020C,
PAY008358,C0989,A1289,,425.52,ZAR,2026-06-08,DEBIT_ORDER,COMPLETED,PAYREF15BBFEDFEA,
PAY008359,C0640,A0295,,728.63,ZAR,2024-12-17,MOBILE,PENDING,PAYREF097DB0B63E,
PAY008360,C0824,A0896,POL0005,1145.86,ZAR,2024-07-10,MOBILE,REVERSED,PAYREF47B4D428DC,
PAY008361,C0928,A0132,POL0566,4854.8,ZAR,2025-03-26,EFT,COMPLETED,PAYREFE0D7465F61,
PAY008362,C0577,A0060,POL0577,643.86,ZAR,2024-02-04,EFT,COMPLETED,PAYREFBEB4676FF6,
PAY008363,C0456,A1316,POL0127,734.44,ZAR,2024-12-10,CASH,COMPLETED,PAYREF74621B777B,
PAY008364,C0462,A0909,POL0592,284.8,ZAR,2026-08-05,CARD,COMPLETED,PAYREF3AED3363C4,
PAY008365,C0878,A0734,POL0343,410.35,ZAR,2026-04-22,MOBILE,COMPLETED,PAYREF3F3788BC54,
PAY008366,C0534,A0079,,1657.36,ZAR,2024-07-18,CASH,COMPLETED,PAYREFF00567CB73,
PAY008367,C0096,A1029,POL0224,1132.37,ZAR,2024-06-02,CARD,COMPLETED,PAYREF20B17224EA,
PAY008368,C0642,A0864,,1150.67,ZAR,2025-05-24,CASH,COMPLETED,PAYREF4046E85430,
PAY008369,C0951,A0319,POL0385,6255.49,ZAR,2026-07-12,EFT,COMPLETED,PAYREF569C6EE174,
PAY008370,C0861,A0824,,205.97,ZAR,2024-06-26,CASH,COMPLETED,PAYREF8A947A88E0,
PAY008371,C0312,A0397,POL0274,11134.7,ZAR,2024-06-23,EFT,COMPLETED,PAYREF1903311086,
PAY008372,C0142,A1452,,3562.7,ZAR,2025-11-06,MOBILE,COMPLETED,PAYREFE3A433D01D,
PAY008373,C0361,A0159,POL0087,791.72,ZAR,2025-10-06,DEBIT_ORDER,COMPLETED,PAYREF64CFA67AB7,
PAY008374,C0613,A0675,POL0380,1621.7,ZAR,2025-01-21,CARD,COMPLETED,PAYREF8A47BCF430,
PAY008375,C0492,A1039,,553.99,ZAR,2024-09-20,MOBILE,COMPLETED,PAYREFE0E319A9A6,
PAY008376,C0105,A0541,,1509.05,ZAR,2026-07-27,CASH,COMPLETED,PAYREF785A1CA925,
PAY008377,C0170,A0846,POL0501,9412.97,ZAR,2025-08-03,CARD,COMPLETED,PAYREF794FF5C92B,
PAY008378,C0434,A1065,,574.62,ZAR,2024-04-24,EFT,COMPLETED,PAYREF5147E0D918,
PAY008379,C0449,A0526,,869.57,ZAR,2025-12-29,MOBILE,PENDING,PAYREF2DD4A4C194,
PAY008380,C0871,A0447,POL0137,514.52,ZAR,2025-07-01,MOBILE,COMPLETED,PAYREFA36CB9C46B,
PAY008381,C0698,A0907,,604.19,ZAR,2024-09-02,EFT,COMPLETED,PAYREFBBDEF7A3E8,
PAY008382,C0636,A0030,,733.12,ZAR,2026-02-24,EFT,COMPLETED,PAYREF72334FF4FC,
PAY008383,C0038,A0864,POL0684,366.91,ZAR,2025-03-09,EFT,COMPLETED,PAYREF14F3B5AB1E,
PAY008384,C0547,A0266,,842.51,ZAR,2025-10-11,CASH,COMPLETED,PAYREF9BBC4E057E,
PAY008385,C0228,A1295,,1157.75,ZAR,2026-02-07,MOBILE,COMPLETED,PAYREF6C20B49352,
PAY008386,C0339,A0522,POL0530,732.78,ZAR,2024-01-07,MOBILE,COMPLETED,PAYREF0E0F13F28B,
PAY008387,C0764,A0515,POL0261,110.05,ZAR,2026-02-19,CARD,COMPLETED,PAYREF5A9ECB00DD,
PAY008388,C0367,A0821,POL0641,939.81,ZAR,2025-05-17,EFT,COMPLETED,PAYREF8B3D841BA9,
PAY008389,C0724,A1421,POL0607,1046.0,ZAR,2026-03-22,MOBILE,COMPLETED,PAYREFAEF83B4A58,
PAY008390,C0543,A1179,,7313.97,ZAR,2024-03-10,CARD,FAILED,PAYREF5E27E8B755,Insufficient funds
PAY008391,C0607,A0823,,1126.44,ZAR,2024-07-03,CASH,COMPLETED,PAYREF6ACC7601A3,
PAY008392,C0174,A0259,POL0784,2795.0,ZAR,2026-06-21,MOBILE,PENDING,PAYREF697E516542,
PAY008393,C0730,A0208,POL0757,716.44,ZAR,2026-06-25,CARD,COMPLETED,PAYREF2AEAC0ACE6,
PAY008394,C0756,A0265,POL0694,4016.53,ZAR,2025-06-23,EFT,COMPLETED,PAYREF456403BEC3,
PAY008395,C0612,A0275,POL0595,426.43,ZAR,2024-03-22,MOBILE,COMPLETED,PAYREF9BC781AE69,
PAY008396,C0974,A0571,POL0275,1817.09,ZAR,2026-08-15,CASH,COMPLETED,PAYREF2BE594F0AD,
PAY008397,C0479,A0746,POL0480,2541.13,ZAR,2025-01-05,EFT,REVERSED,PAYREF0D7D1C8A63,
PAY008398,C0023,A0808,POL0439,2194.27,ZAR,2026-02-27,CASH,COMPLETED,PAYREF0D621C250E,
PAY008399,C0852,A0722,POL0179,9548.6,ZAR,2024-06-21,MOBILE,FAILED,PAYREF3F01AD53FD,Insufficient funds
PAY008400,C0038,A0371,,611.33,ZAR,2026-01-14,CARD,REVERSED,PAYREFF0BF2FF914,
PAY008401,C0696,A0468,POL0066,4508.79,ZAR,2024-05-28,DEBIT_ORDER,COMPLETED,PAYREFD895000F34,
PAY008402,C0891,A0149,,3482.99,ZAR,2026-05-07,MOBILE,COMPLETED,PAYREF8804856EEC,
PAY008403,C0443,A0650,,1152.24,ZAR,2024-07-09,CARD,COMPLETED,PAYREF1369449AC4,
PAY008404,C0940,A0660,POL0551,6899.89,ZAR,2024-12-27,CASH,COMPLETED,PAYREFADDDB50937,
PAY008405,C0748,A1302,POL0128,947.14,ZAR,2025-05-03,CARD,COMPLETED,PAYREFD174065211,
PAY008406,C0573,A0001,POL0554,1121.38,ZAR,2025-03-03,DEBIT_ORDER,COMPLETED,PAYREFD552B39C3F,
PAY008407,C0153,A1181,POL0034,1090.64,ZAR,2024-11-08,DEBIT_ORDER,PENDING,PAYREF9123C61FAD,
PAY008408,C0221,A0946,POL0423,306.99,ZAR,2024-04-23,DEBIT_ORDER,COMPLETED,PAYREFFC9527F4D1,
PAY008409,C0786,A0804,POL0080,2348.46,ZAR,2025-02-28,EFT,COMPLETED,PAYREFA5B99BEB8C,
PAY008410,C0438,A1111,,2009.01,ZAR,2025-03-17,CARD,COMPLETED,PAYREF9BBD74B284,
PAY008411,C0481,A1049,,987.64,ZAR,2026-07-01,CASH,COMPLETED,PAYREF4D2FA9D180,
PAY008412,C0737,A0867,,6390.29,ZAR,2025-10-19,DEBIT_ORDER,FAILED,PAYREF8A0CEBB211,Insufficient funds
PAY008413,C0143,A0388,,708.24,ZAR,2026-09-01,CASH,COMPLETED,PAYREFBF63417792,
PAY008414,C0180,A0805,POL0552,194.46,ZAR,2026-05-02,EFT,COMPLETED,PAYREFACD5D09920,
PAY008415,C0633,A0002,POL0618,7348.17,ZAR,2024-12-13,DEBIT_ORDER,FAILED,PAYREF394AC403DB,Technical error
PAY008416,C0983,A0143,,3014.26,ZAR,2024-05-30,CARD,COMPLETED,PAYREFDBEFFF81A9,
PAY008417,C0057,A0249,POL0296,2050.92,ZAR,2025-02-21,MOBILE,COMPLETED,PAYREF72323E4781,
PAY008418,C0067,A0123,,780.98,ZAR,2025-08-04,EFT,COMPLETED,PAYREFBB6B1339E6,
PAY008419,C0226,A1285,POL0723,1543.94,ZAR,2026-07-25,EFT,COMPLETED,PAYREFE3DA261FB1,
PAY008420,C0635,A0747,,310.95,ZAR,2025-03-22,DEBIT_ORDER,REVERSED,PAYREF2A515D8A3C,
PAY008421,C0870,A0282,POL0570,875.55,ZAR,2024-04-10,DEBIT_ORDER,COMPLETED,PAYREFACCE600F53,
PAY008422,C0161,A0088,POL0400,444.21,ZAR,2024-08-13,EFT,COMPLETED,PAYREF0F0479B9E0,
PAY008423,C0926,A0417,,1424.93,ZAR,2025-08-22,DEBIT_ORDER,COMPLETED,PAYREFAA8B15562A,
PAY008424,C0560,A0508,,2761.33,ZAR,2025-05-14,CARD,COMPLETED,PAYREF8B4C41BAB2,
PAY008425,C0586,A1448,POL0292,384.67,ZAR,2024-04-09,DEBIT_ORDER,COMPLETED,PAYREF54180D63A6,
PAY008426,C0842,A0347,POL0232,2264.05,ZAR,2026-01-28,CARD,COMPLETED,PAYREF887EFA4892,
PAY008427,C0949,A0522,,1339.09,ZAR,2024-11-14,EFT,COMPLETED,PAYREF3E81EBBD29,
PAY008428,C0474,A0378,POL0437,2172.97,ZAR,2025-05-11,EFT,REVERSED,PAYREFFB0093554C,
PAY008429,C0655,A1264,POL0480,860.73,ZAR,2026-08-20,CASH,COMPLETED,PAYREF4A796FEACF,
PAY008430,C0894,A0008,POL0552,2217.23,ZAR,2024-07-05,MOBILE,COMPLETED,PAYREFFBAB514876,
PAY008431,C0053,A0918,POL0531,546.86,ZAR,2024-10-10,CASH,PENDING,PAYREF08C61A13C6,
PAY008432,C0999,A0205,POL0088,203.92,ZAR,2025-04-09,CARD,COMPLETED,PAYREF09096C30DC,
PAY008433,C0258,A0140,POL0115,256.23,ZAR,2025-06-14,CARD,PENDING,PAYREF2CA7F098B4,
PAY008434,C0530,A0926,POL0192,663.3,ZAR,2025-08-07,EFT,COMPLETED,PAYREFE317DFF5EA,
PAY008435,C0272,A0184,POL0288,218.65,ZAR,2026-02-17,MOBILE,COMPLETED,PAYREF3D59E60CE7,
PAY008436,C0999,A0772,,5168.68,ZAR,2025-12-24,MOBILE,COMPLETED,PAYREF8A409193A0,
PAY008437,C0451,A0889,,1009.46,ZAR,2024-01-11,MOBILE,PENDING,PAYREF4D52282CB6,
PAY008438,C0461,A0740,,2749.77,ZAR,2025-08-28,CARD,COMPLETED,PAYREF817EADD460,
PAY008439,C0485,A1288,,2409.24,ZAR,2025-08-27,CARD,COMPLETED,PAYREF525285F28E,
PAY008440,C0166,A1049,POL0338,1103.69,ZAR,2026-03-02,EFT,COMPLETED,PAYREF291A466DD5,
PAY008441,C0408,A0717,POL0085,37666.7,ZAR,2026-06-03,CASH,COMPLETED,PAYREFF6E5777DF7,
PAY008442,C0183,A0812,POL0206,20489.04,ZAR,2024-12-26,DEBIT_ORDER,COMPLETED,PAYREFF2A2A50E3B,
PAY008443,C0352,A0264,POL0411,4411.16,ZAR,2025-09-13,CARD,PENDING,PAYREF065E1990F5,
PAY008444,C0184,A1292,POL0613,443.55,ZAR,2024-01-19,CARD,FAILED,PAYREF111FED8626,Invalid account
PAY008445,C0023,A1158,POL0269,4596.12,ZAR,2026-07-13,EFT,COMPLETED,PAYREFC340DA6C8B,
PAY008446,C0731,A0983,POL0243,190.85,ZAR,2024-11-23,CARD,COMPLETED,PAYREF511C57F045,
PAY008447,C0793,A0873,POL0190,4432.62,ZAR,2026-06-12,EFT,COMPLETED,PAYREF2175598E1D,
PAY008448,C0289,A0956,POL0537,85.1,ZAR,2026-01-03,EFT,COMPLETED,PAYREF3A0C721AC5,
PAY008449,C0736,A0603,POL0200,797.15,ZAR,2025-11-16,MOBILE,COMPLETED,PAYREF224FD8FCF6,
PAY008450,C0450,A0037,POL0362,3674.32,ZAR,2024-03-10,EFT,COMPLETED,PAYREFFA451B6B14,
PAY008451,C0389,A1431,POL0239,1611.95,ZAR,2024-09-10,CARD,COMPLETED,PAYREFB7DC65B770,
PAY008452,C0662,A0424,POL0783,249.99,ZAR,2025-03-20,CARD,COMPLETED,PAYREF6D295B6065,
PAY008453,C0198,A0328,POL0319,1300.23,ZAR,2026-06-19,CARD,FAILED,PAYREF6DC25F517C,Technical error
PAY008454,C0968,A0080,POL0007,1612.63,ZAR,2025-11-09,CASH,COMPLETED,PAYREFCF443F3244,
PAY008455,C0338,A0450,POL0305,1345.86,ZAR,2024-07-30,CARD,COMPLETED,PAYREF0A46A5AB32,
PAY008456,C0037,A0711,,729.76,ZAR,2024-11-16,DEBIT_ORDER,COMPLETED,PAYREF2B104C23A9,
PAY008457,C0902,A0654,,2578.81,ZAR,2025-03-04,CARD,COMPLETED,PAYREF999962EF7B,
PAY008458,C0171,A1209,POL0448,3445.8,ZAR,2024-01-05,MOBILE,COMPLETED,PAYREF7790EEEA6E,
PAY008459,C0063,A1046,POL0711,939.93,ZAR,2026-07-24,CARD,COMPLETED,PAYREFFED8CBAE41,
PAY008460,C0096,A1204,,5012.32,ZAR,2026-07-02,MOBILE,COMPLETED,PAYREFE397FF39BC,
PAY008461,C0997,A0547,POL0594,937.99,ZAR,2025-02-22,CARD,COMPLETED,PAYREF7D513A5A19,
PAY008462,C0709,A0658,POL0575,671.95,ZAR,2025-04-04,MOBILE,COMPLETED,PAYREF71311762A8,
PAY008463,C0296,A0342,,4259.51,ZAR,2025-02-04,EFT,COMPLETED,PAYREFE22C26D625,
PAY008464,C0229,A1107,,4106.9,ZAR,2024-12-23,CASH,COMPLETED,PAYREF183F13D91C,
PAY008465,C0754,A0343,,589.86,ZAR,2025-01-29,MOBILE,PENDING,PAYREF6154A71C2E,
PAY008466,C0696,A1025,POL0070,510.17,ZAR,2025-11-12,MOBILE,PENDING,PAYREF169442C079,
PAY008467,C0786,A1407,POL0655,6402.12,ZAR,2024-10-16,CARD,PENDING,PAYREFEC4DF5BA28,
PAY008468,C0299,A0585,,989.64,ZAR,2024-02-09,DEBIT_ORDER,COMPLETED,PAYREF3C5002623F,
PAY008469,C0972,A1458,POL0091,1100.24,ZAR,2026-01-02,CASH,COMPLETED,PAYREF7B4C6483D7,
PAY008470,C0562,A0053,POL0086,852.14,ZAR,2025-11-01,DEBIT_ORDER,COMPLETED,PAYREF69CE8F04F1,
PAY008471,C0444,A0972,,4111.78,ZAR,2025-03-08,CARD,COMPLETED,PAYREF2796F4772E,
PAY008472,C0659,A0145,POL0740,9359.73,ZAR,2025-05-22,DEBIT_ORDER,REVERSED,PAYREF66157DC43D,
PAY008473,C0843,A0555,POL0462,1176.13,ZAR,2025-04-20,MOBILE,COMPLETED,PAYREF66457D436D,
PAY008474,C0285,A0182,POL0736,12304.52,ZAR,2024-12-14,CASH,COMPLETED,PAYREFD7C0C83771,
PAY008475,C0439,A1377,POL0147,629.86,ZAR,2026-05-31,CARD,COMPLETED,PAYREF96702B0DDA,
PAY008476,C0236,A0634,,826.5,ZAR,2024-03-22,CASH,COMPLETED,PAYREFF118AEE6C0,
PAY008477,C0902,A1146,POL0595,2149.71,ZAR,2026-03-24,DEBIT_ORDER,COMPLETED,PAYREF14869B0A09,
PAY008478,C0704,A0024,POL0345,484.45,ZAR,2026-03-24,CARD,COMPLETED,PAYREF8D298705C3,
PAY008479,C0070,A0063,,2122.21,ZAR,2024-03-25,CASH,COMPLETED,PAYREF6DD6CC8682,
PAY008480,C0182,A0912,,652.95,ZAR,2026-01-07,CASH,COMPLETED,PAYREFBD34F8747D,
PAY008481,C0326,A0244,POL0004,234.13,ZAR,2024-11-19,CASH,COMPLETED,PAYREFA3EE031C61,
PAY008482,C0810,A0498,,192.0,ZAR,2024-04-23,CARD,PENDING,PAYREF338DBA5711,
PAY008483,C0424,A0570,POL0089,793.31,ZAR,2026-01-20,CASH,COMPLETED,PAYREFDF6CE22CD8,
PAY008484,C0122,A0500,,1665.05,ZAR,2024-11-07,EFT,FAILED,PAYREFFF15156F14,Insufficient funds
PAY008485,C0307,A1090,,281.13,ZAR,2025-08-29,CARD,COMPLETED,PAYREF4947113DBD,
PAY008486,C0832,A0603,POL0742,1311.06,ZAR,2025-02-08,MOBILE,COMPLETED,PAYREF641A9C52B8,
PAY008487,C0223,A0905,,1314.78,ZAR,2026-07-23,CARD,COMPLETED,PAYREFE8D3105F7F,
PAY008488,C0649,A0087,,927.37,ZAR,2026-04-13,CASH,COMPLETED,PAYREFCC7307E21F,
PAY008489,C0714,A0617,POL0189,434.31,ZAR,2024-07-07,EFT,COMPLETED,PAYREFEFBFA77AFB,
PAY008490,C0232,A0079,POL0352,1394.42,ZAR,2025-06-07,CARD,COMPLETED,PAYREFA78684261A,
PAY008491,C0804,A1056,POL0791,951.14,ZAR,2025-07-30,EFT,COMPLETED,PAYREFA75D3C6134,
PAY008492,C0607,A1060,,2927.03,ZAR,2025-10-20,EFT,COMPLETED,PAYREFDEFC558877,
PAY008493,C0107,A0895,POL0513,301.03,ZAR,2026-03-11,DEBIT_ORDER,COMPLETED,PAYREFD5C8EA096D,
PAY008494,C0116,A0294,POL0143,1229.01,ZAR,2024-03-05,MOBILE,COMPLETED,PAYREF12CA730094,
PAY008495,C0297,A0516,,307.4,ZAR,2024-11-08,CARD,REVERSED,PAYREF2121B5C116,
PAY008496,C0970,A0660,POL0060,865.17,ZAR,2025-07-22,CASH,COMPLETED,PAYREFDB50F20025,
PAY008497,C0484,A1075,,366.84,ZAR,2024-11-06,EFT,COMPLETED,PAYREFB37768C0DF,
PAY008498,C0123,A0237,POL0454,438.22,ZAR,2025-10-29,DEBIT_ORDER,FAILED,PAYREFFD15795511,Limit exceeded
PAY008499,C0015,A0432,,1092.42,ZAR,2025-01-22,CARD,PENDING,PAYREF70584932CA,
PAY008500,C0364,A0386,,622.89,ZAR,2024-01-14,CASH,COMPLETED,PAYREF2E0442F686,
PAY008501,C0699,A0361,POL0299,4753.78,ZAR,2025-04-30,DEBIT_ORDER,PENDING,PAYREF4A1D8C5345,
PAY008502,C0910,A0697,POL0606,3565.88,ZAR,2025-09-27,MOBILE,PENDING,PAYREF90D92B8488,
PAY008503,C0632,A1147,,2452.23,ZAR,2024-04-04,MOBILE,COMPLETED,PAYREF84BA6F1326,
PAY008504,C0253,A0294,,2404.16,ZAR,2026-03-26,DEBIT_ORDER,FAILED,PAYREFA36E89CEDA,Limit exceeded
PAY008505,C0903,A0270,,1249.21,ZAR,2026-02-08,DEBIT_ORDER,COMPLETED,PAYREF4A4F9C72F8,
PAY008506,C0968,A0549,POL0516,4043.22,ZAR,2025-03-07,MOBILE,COMPLETED,PAYREFC08D3492C6,
PAY008507,C0014,A0890,,817.26,ZAR,2025-11-02,MOBILE,PENDING,PAYREF1BF40EC1E8,
PAY008508,C0418,A1456,,9130.47,ZAR,2026-02-23,MOBILE,COMPLETED,PAYREFDFE070EEFF,
PAY008509,C0629,A0120,,427.44,ZAR,2026-09-07,CASH,COMPLETED,PAYREF62D26748C8,
PAY008510,C0398,A0916,POL0627,354.67,ZAR,2026-06-23,MOBILE,COMPLETED,PAYREFB4F5DBB7AA,
PAY008511,C0982,A0289,POL0616,271.79,ZAR,2024-08-29,DEBIT_ORDER,COMPLETED,PAYREF1C8AAB3768,
PAY008512,C0093,A1477,POL0487,323.48,ZAR,2024-11-16,CARD,COMPLETED,PAYREF5E0FA539A4,
PAY008513,C0615,A0157,,215.0,ZAR,2026-01-21,CASH,FAILED,PAYREFB2317D860D,Technical error
PAY008514,C0775,A0677,POL0469,1358.45,ZAR,2026-07-11,CARD,COMPLETED,PAYREFC14E832342,
PAY008515,C0513,A1042,,2575.56,ZAR,2026-05-23,MOBILE,COMPLETED,PAYREF1247D672D1,
PAY008516,C0681,A1136,,1134.72,ZAR,2026-02-17,CASH,COMPLETED,PAYREF1C3F6B7889,
PAY008517,C0720,A0503,,274.43,ZAR,2026-09-06,MOBILE,COMPLETED,PAYREFF2A553AD6F,
PAY008518,C0399,A0517,,685.62,ZAR,2024-03-29,MOBILE,FAILED,PAYREF8214A0100A,Account closed
PAY008519,C0856,A0565,,2543.98,ZAR,2025-04-15,EFT,COMPLETED,PAYREF3D1E30F179,
PAY008520,C0692,A1100,POL0743,779.05,ZAR,2025-08-27,DEBIT_ORDER,COMPLETED,PAYREF6CFE6365BB,
PAY008521,C0091,A1454,,493.55,ZAR,2024-07-01,CARD,COMPLETED,PAYREF3AF71F624A,
PAY008522,C0606,A0170,POL0723,241.34,ZAR,2025-01-07,MOBILE,COMPLETED,PAYREFF9E6B356EC,
PAY008523,C0154,A0216,POL0328,718.57,ZAR,2025-03-01,EFT,COMPLETED,PAYREFE81385C545,
PAY008524,C0700,A0660,,543.18,ZAR,2025-06-22,CARD,COMPLETED,PAYREFB92F4F335C,
PAY008525,C0419,A0303,POL0151,1005.89,ZAR,2025-11-22,CASH,FAILED,PAYREF8D8C5565E6,Account closed
PAY008526,C0514,A0723,POL0203,1765.84,ZAR,2024-05-23,CASH,COMPLETED,PAYREFD90E801288,
PAY008527,C0229,A1369,POL0031,826.77,ZAR,2025-06-06,CASH,COMPLETED,PAYREF5B360F454D,
PAY008528,C0041,A0793,POL0599,1319.23,ZAR,2025-07-31,MOBILE,COMPLETED,PAYREF2B063C7E2D,
PAY008529,C0652,A0989,POL0209,1758.13,ZAR,2024-10-05,DEBIT_ORDER,COMPLETED,PAYREF88F799FF97,
PAY008530,C0328,A1490,POL0623,320.6,ZAR,2025-02-05,CARD,COMPLETED,PAYREF7BC334901E,
PAY008531,C0402,A1112,POL0560,7230.34,ZAR,2025-06-18,EFT,COMPLETED,PAYREF1D084DA018,
PAY008532,C0143,A0755,POL0403,522.47,ZAR,2025-05-26,EFT,FAILED,PAYREF05965D3481,Account closed
PAY008533,C0094,A1373,POL0646,1838.23,ZAR,2025-06-04,DEBIT_ORDER,COMPLETED,PAYREFE42B061BA2,
PAY008534,C0637,A0864,POL0408,352.14,ZAR,2026-06-03,EFT,COMPLETED,PAYREFA3D8467C6C,
PAY008535,C0186,A1261,POL0493,1224.32,ZAR,2025-04-14,EFT,COMPLETED,PAYREF307DAE7479,
PAY008536,C0970,A1414,POL0076,1269.95,ZAR,2025-10-19,EFT,COMPLETED,PAYREF86325E670F,
PAY008537,C0279,A1153,POL0535,5762.34,ZAR,2024-02-29,EFT,FAILED,PAYREF69B131F6FF,Technical error
PAY008538,C0596,A0677,POL0471,869.03,ZAR,2024-10-05,MOBILE,PENDING,PAYREF6A0F3CE144,
PAY008539,C0362,A0426,POL0421,4021.74,ZAR,2025-01-08,CASH,COMPLETED,PAYREFB310F560AB,
PAY008540,C0043,A0364,,1466.24,ZAR,2025-05-09,EFT,COMPLETED,PAYREF339187B41C,
PAY008541,C0023,A0750,,6989.1,ZAR,2026-01-07,DEBIT_ORDER,COMPLETED,PAYREFF52612498B,
PAY008542,C0453,A1393,POL0069,184.92,ZAR,2024-08-13,EFT,COMPLETED,PAYREFD1CD538D2A,
PAY008543,C0279,A0578,,1776.09,ZAR,2026-08-16,DEBIT_ORDER,COMPLETED,PAYREF861ADC4056,
PAY008544,C0240,A0898,POL0797,75.72,ZAR,2025-01-13,EFT,COMPLETED,PAYREF4B458DA25D,
PAY008545,C0280,A1264,,1034.77,ZAR,2025-11-16,CARD,FAILED,PAYREFC9D13B51C0,Account closed
PAY008546,C0719,A1353,POL0434,3044.2,ZAR,2025-05-29,CARD,COMPLETED,PAYREF3F961871F9,
PAY008547,C0836,A0798,,4654.63,ZAR,2024-11-01,CASH,COMPLETED,PAYREF0B977561AF,
PAY008548,C0381,A1348,POL0680,2295.31,ZAR,2024-02-15,DEBIT_ORDER,COMPLETED,PAYREF3B422F3CAF,
PAY008549,C0774,A1025,POL0541,820.11,ZAR,2024-04-17,CASH,COMPLETED,PAYREF1C6C3086DA,
PAY008550,C0835,A0185,POL0740,1891.51,ZAR,2025-01-21,EFT,COMPLETED,PAYREFFA3212B32A,
PAY008551,C0151,A0827,POL0459,13580.3,ZAR,2024-03-20,EFT,COMPLETED,PAYREFE8787F9131,
PAY008552,C0902,A1280,POL0731,1182.49,ZAR,2024-11-12,MOBILE,COMPLETED,PAYREF2E9DB2710E,
PAY008553,C0969,A0086,POL0731,2867.04,ZAR,2024-07-06,CASH,COMPLETED,PAYREF5C7C6FF564,
PAY008554,C0530,A0155,,713.83,ZAR,2026-01-11,DEBIT_ORDER,COMPLETED,PAYREF49576E728E,
PAY008555,C0887,A1468,POL0584,3198.47,ZAR,2026-02-01,EFT,COMPLETED,PAYREF878A77DEDB,
PAY008556,C0222,A0435,,2713.67,ZAR,2025-09-03,MOBILE,COMPLETED,PAYREF3185734F3E,
PAY008557,C0182,A0385,POL0622,595.55,ZAR,2024-12-22,MOBILE,PENDING,PAYREF95CDC87D6D,
PAY008558,C0320,A0372,POL0432,2385.84,ZAR,2024-03-04,CASH,COMPLETED,PAYREFC7B35214D7,
PAY008559,C0248,A1108,POL0187,2501.85,ZAR,2026-07-14,CASH,COMPLETED,PAYREF7FBD0719B5,
PAY008560,C0382,A0564,POL0525,2298.34,ZAR,2026-05-22,MOBILE,COMPLETED,PAYREF6F5CB97802,
PAY008561,C0970,A1196,POL0499,1052.43,ZAR,2025-01-28,DEBIT_ORDER,COMPLETED,PAYREF90BCED2F30,
PAY008562,C0573,A1145,,3748.43,ZAR,2025-01-02,EFT,FAILED,PAYREF12FB6C5B9A,Limit exceeded
PAY008563,C0012,A0264,,430.55,ZAR,2025-01-12,MOBILE,COMPLETED,PAYREF407DC8C6EA,
PAY008564,C0190,A0867,,1107.38,ZAR,2026-09-09,CASH,FAILED,PAYREF62A04F8FEF,Insufficient funds
PAY008565,C0161,A0498,POL0770,1225.87,ZAR,2025-08-29,CARD,COMPLETED,PAYREF6CEC011F14,
PAY008566,C0872,A0172,POL0788,3538.2,ZAR,2024-08-11,DEBIT_ORDER,PENDING,PAYREF46566C6E32,
PAY008567,C0726,A0946,,417.18,ZAR,2026-07-27,CARD,COMPLETED,PAYREF7ED5EC9455,
PAY008568,C0648,A0794,,1395.62,ZAR,2025-01-08,DEBIT_ORDER,COMPLETED,PAYREFBA894C6CF5,
PAY008569,C0222,A1092,,670.26,ZAR,2024-12-06,EFT,COMPLETED,PAYREF094C067541,
PAY008570,C0562,A0977,,1223.48,ZAR,2024-04-22,MOBILE,COMPLETED,PAYREFAC31D3B51C,
PAY008571,C0632,A0282,,1623.42,ZAR,2025-05-13,CARD,COMPLETED,PAYREFADD0542C77,
PAY008572,C0107,A0048,POL0512,305.39,ZAR,2024-03-01,MOBILE,COMPLETED,PAYREF77F4B6E880,
PAY008573,C0159,A0868,POL0760,3881.82,ZAR,2026-08-15,CASH,FAILED,PAYREF0A65E45796,Insufficient funds
PAY008574,C0988,A0358,POL0476,1682.16,ZAR,2024-06-26,MOBILE,COMPLETED,PAYREF796588EFFB,
PAY008575,C0560,A0653,POL0377,464.71,ZAR,2024-03-07,EFT,COMPLETED,PAYREFAD0CC01FFF,
PAY008576,C0701,A1230,,779.63,ZAR,2024-05-15,DEBIT_ORDER,COMPLETED,PAYREFC040AE2DC4,
PAY008577,C0506,A0376,POL0621,4886.33,ZAR,2026-05-22,EFT,COMPLETED,PAYREFC53594FBDE,
PAY008578,C0895,A1278,POL0189,1662.12,ZAR,2024-04-20,MOBILE,FAILED,PAYREF50E55ED03E,Insufficient funds
PAY008579,C0017,A1411,,417.85,ZAR,2024-01-06,DEBIT_ORDER,COMPLETED,PAYREFD3C48F39C1,
PAY008580,C0073,A1129,,500.94,ZAR,2026-01-29,MOBILE,PENDING,PAYREFE8951E8764,
PAY008581,C0940,A1404,POL0228,2048.35,ZAR,2026-07-14,EFT,COMPLETED,PAYREFFAC0E0C665,
PAY008582,C0134,A0887,POL0449,2309.52,ZAR,2024-08-19,DEBIT_ORDER,PENDING,PAYREFBA952A0764,
PAY008583,C0483,A0427,,1576.35,ZAR,2024-08-05,MOBILE,FAILED,PAYREF2ABB105E99,Account closed
PAY008584,C0642,A0275,POL0353,819.37,ZAR,2024-05-10,MOBILE,REVERSED,PAYREF659AA8FB0F,
PAY008585,C0258,A0742,,2464.35,ZAR,2025-02-01,MOBILE,COMPLETED,PAYREFF0C6B04383,
PAY008586,C0729,A1086,,802.8,ZAR,2025-11-22,CASH,COMPLETED,PAYREF8ED024B9E8,
PAY008587,C0082,A0874,POL0507,466.52,ZAR,2024-04-15,MOBILE,COMPLETED,PAYREF1189CB708C,
PAY008588,C0662,A0370,,5359.44,ZAR,2025-11-28,CARD,COMPLETED,PAYREF86C4355C9C,
PAY008589,C0252,A0205,,1787.9,ZAR,2024-05-25,CASH,COMPLETED,PAYREFE2FA1944D3,
PAY008590,C0946,A0037,,500.3,ZAR,2024-10-26,CASH,COMPLETED,PAYREFA05DA125EA,
PAY008591,C0999,A0971,POL0786,1254.2,ZAR,2025-06-03,MOBILE,COMPLETED,PAYREF9879AF7FF7,
PAY008592,C0103,A0477,,1126.98,ZAR,2026-09-02,CARD,FAILED,PAYREFE54D9DD15E,Insufficient funds
PAY008593,C0697,A0709,,772.85,ZAR,2024-04-14,CARD,COMPLETED,PAYREF948FF46D31,
PAY008594,C0428,A1111,POL0524,1385.13,ZAR,2026-07-26,CARD,COMPLETED,PAYREF95812C5E70,
PAY008595,C0363,A1441,POL0074,433.32,ZAR,2025-09-09,DEBIT_ORDER,REVERSED,PAYREF80CE2E7AD4,
PAY008596,C0391,A1276,,2627.11,ZAR,2025-03-26,CARD,COMPLETED,PAYREF1E44555EAB,
PAY008597,C0899,A0606,,1089.9,ZAR,2026-02-02,CASH,COMPLETED,PAYREFCF44CC7049,
PAY008598,C0805,A0478,POL0409,219.32,ZAR,2024-06-27,EFT,COMPLETED,PAYREFA41BB5281E,
PAY008599,C0444,A0254,,872.92,ZAR,2024-12-25,EFT,FAILED,PAYREFA2C6B29236,Invalid account
PAY008600,C0729,A0374,,592.37,ZAR,2025-10-22,EFT,COMPLETED,PAYREFB449BC2F0E,
PAY008601,C0767,A0193,POL0264,55.12,ZAR,2025-11-13,MOBILE,COMPLETED,PAYREF53E93BDB74,
PAY008602,C0486,A0289,POL0533,938.41,ZAR,2026-08-16,MOBILE,COMPLETED,PAYREFE04FE2910D,
PAY008603,C0741,A0082,POL0114,3092.63,ZAR,2026-07-23,CASH,COMPLETED,PAYREFEC940FD07F,
PAY008604,C0565,A0179,,984.55,ZAR,2025-07-15,CASH,COMPLETED,PAYREF74482B3082,
PAY008605,C0268,A0348,POL0565,2226.41,ZAR,2025-11-29,MOBILE,COMPLETED,PAYREF5AEE72FEC0,
PAY008606,C0074,A0022,POL0101,1105.99,ZAR,2025-03-30,CARD,COMPLETED,PAYREFB46102FB59,
PAY008607,C0802,A1296,,694.8,ZAR,2024-04-06,MOBILE,COMPLETED,PAYREF32962E2CD8,
PAY008608,C0178,A0997,POL0296,527.63,ZAR,2025-11-06,MOBILE,COMPLETED,PAYREF858DA96FCF,
PAY008609,C0558,A1362,POL0378,304.05,ZAR,2024-09-09,MOBILE,COMPLETED,PAYREF96CFB61922,
PAY008610,C0699,A1137,,2767.68,ZAR,2025-12-12,CARD,COMPLETED,PAYREF91ED3F944F,
PAY008611,C0604,A0074,POL0068,2277.31,ZAR,2024-05-02,CASH,PENDING,PAYREF6DFEC365D6,
PAY008612,C0006,A1071,POL0218,830.23,ZAR,2024-05-11,CARD,COMPLETED,PAYREFDCA49399F2,
PAY008613,C0838,A1382,,144.86,ZAR,2024-08-17,DEBIT_ORDER,COMPLETED,PAYREF159E7FE976,
PAY008614,C0303,A0678,,1758.27,ZAR,2025-02-09,CARD,COMPLETED,PAYREF67D63E3A34,
PAY008615,C0304,A0569,POL0115,443.73,ZAR,2024-11-18,CASH,COMPLETED,PAYREF030D195DF9,
PAY008616,C0652,A0683,POL0479,1266.34,ZAR,2024-04-03,DEBIT_ORDER,FAILED,PAYREF6E9CDE68B7,Account closed
PAY008617,C0386,A0134,,234.8,ZAR,2026-01-28,EFT,COMPLETED,PAYREFD071EBC719,
PAY008618,C0775,A0971,,1202.31,ZAR,2024-06-16,EFT,PENDING,PAYREF65F2705FCE,
PAY008619,C0451,A1068,POL0026,961.68,ZAR,2025-01-03,DEBIT_ORDER,COMPLETED,PAYREF38F3501FA3,
PAY008620,C0805,A0225,POL0158,98.52,ZAR,2026-07-01,CASH,COMPLETED,PAYREF6535CC2D0B,
PAY008621,C0416,A1106,,5530.09,ZAR,2025-10-15,EFT,COMPLETED,PAYREF5C47B00A24,
PAY008622,C0573,A0439,POL0440,791.8,ZAR,2025-01-22,EFT,COMPLETED,PAYREF7BA21EC3F1,
PAY008623,C0965,A1349,POL0389,846.18,ZAR,2024-04-10,CASH,COMPLETED,PAYREF1538F25161,
PAY008624,C0836,A0769,POL0063,1871.84,ZAR,2025-12-18,CARD,COMPLETED,PAYREFE13D9E4087,
PAY008625,C0189,A0678,,1042.45,ZAR,2025-01-25,MOBILE,FAILED,PAYREF258CB3787F,Invalid account
PAY008626,C0551,A0868,,1578.1,ZAR,2025-03-08,DEBIT_ORDER,FAILED,PAYREF547BA389E2,Insufficient funds
PAY008627,C0781,A0378,POL0558,349.19,ZAR,2024-12-18,MOBILE,PENDING,PAYREF152B465A84,
PAY008628,C0688,A0342,POL0530,951.29,ZAR,2025-11-30,CASH,COMPLETED,PAYREF38767FF88E,
PAY008629,C0686,A0787,,162.5,ZAR,2026-07-24,MOBILE,COMPLETED,PAYREFBBEB1133B3,
PAY008630,C0465,A0383,POL0197,864.67,ZAR,2024-08-28,DEBIT_ORDER,FAILED,PAYREFEBC3D6E24B,Technical error
PAY008631,C0418,A0166,POL0287,4652.07,ZAR,2025-11-03,CARD,COMPLETED,PAYREFDEF5FAC93D,
PAY008632,C0549,A0081,,243.23,ZAR,2025-09-30,CARD,COMPLETED,PAYREFC82F512759,
PAY008633,C0842,A0176,,772.21,ZAR,2024-04-25,CARD,COMPLETED,PAYREF23D94C6F20,
PAY008634,C0599,A1415,POL0079,131.11,ZAR,2025-07-08,DEBIT_ORDER,PENDING,PAYREFF463AB2E63,
PAY008635,C0361,A0118,POL0732,1105.38,ZAR,2024-06-06,MOBILE,FAILED,PAYREF1FD065DB50,Invalid account
PAY008636,C0530,A1081,,1747.91,ZAR,2025-06-17,CASH,COMPLETED,PAYREFEC1861D32B,
PAY008637,C0123,A0456,,1609.17,ZAR,2024-09-09,CARD,COMPLETED,PAYREFCBD04E5693,
PAY008638,C0106,A0947,POL0633,600.72,ZAR,2025-01-10,DEBIT_ORDER,COMPLETED,PAYREFC4B354403B,
PAY008639,C0454,A1455,POL0331,128.49,ZAR,2024-05-14,CASH,COMPLETED,PAYREF05EFBBB0CE,
PAY008640,C0318,A0929,,316.85,ZAR,2024-02-06,DEBIT_ORDER,COMPLETED,PAYREFA8B4F874A3,
PAY008641,C0443,A0531,,3852.49,ZAR,2024-03-30,CASH,COMPLETED,PAYREFBBA97DD17D,
PAY008642,C0019,A1212,POL0684,2641.17,ZAR,2026-03-22,EFT,COMPLETED,PAYREF2F7FFD9FFD,
PAY008643,C0402,A0655,POL0253,1000.91,ZAR,2026-08-11,DEBIT_ORDER,COMPLETED,PAYREF9AFF76B88A,
PAY008644,C0064,A0405,POL0190,1289.87,ZAR,2025-06-19,MOBILE,COMPLETED,PAYREFB83785E4E6,
PAY008645,C0482,A0467,,392.44,ZAR,2024-08-24,CASH,COMPLETED,PAYREF360E4F4A55,
PAY008646,C0709,A1426,POL0670,3986.36,ZAR,2026-03-11,EFT,COMPLETED,PAYREF2CFBC89FFD,
PAY008647,C0927,A0613,POL0388,534.24,ZAR,2024-12-31,EFT,PENDING,PAYREF626FDB646B,
PAY008648,C0888,A0277,POL0344,1698.12,ZAR,2024-05-19,DEBIT_ORDER,COMPLETED,PAYREF19997BEBE8,
PAY008649,C0302,A1031,,290.64,ZAR,2024-06-08,EFT,FAILED,PAYREF288D637ACE,Insufficient funds
PAY008650,C0109,A1352,POL0321,917.63,ZAR,2025-06-21,DEBIT_ORDER,COMPLETED,PAYREF18D39ADD52,
PAY008651,C0411,A0899,POL0352,3821.65,ZAR,2026-03-21,DEBIT_ORDER,COMPLETED,PAYREF6CD45156EC,
PAY008652,C0238,A1263,POL0547,425.42,ZAR,2026-08-28,CARD,COMPLETED,PAYREFF34FA98DE0,
PAY008653,C0431,A0636,,2320.08,ZAR,2025-09-08,DEBIT_ORDER,COMPLETED,PAYREFF6B458C35C,
PAY008654,C0608,A0945,,372.13,ZAR,2026-02-24,MOBILE,FAILED,PAYREF1936E992E8,Technical error
PAY008655,C0969,A0116,,445.01,ZAR,2025-02-20,DEBIT_ORDER,COMPLETED,PAYREF8DD062C314,
PAY008656,C0752,A0014,POL0083,1086.83,ZAR,2025-12-18,MOBILE,COMPLETED,PAYREFBB995918AD,
PAY008657,C0379,A1361,POL0200,2897.61,ZAR,2025-07-29,DEBIT_ORDER,COMPLETED,PAYREF86CA506090,
PAY008658,C0693,A1224,,813.88,ZAR,2024-02-29,EFT,FAILED,PAYREFBAB55A38CB,Invalid account
PAY008659,C0867,A1140,,2035.66,ZAR,2025-09-19,MOBILE,COMPLETED,PAYREF6868D545AD,
PAY008660,C0069,A0881,POL0422,3443.13,ZAR,2025-09-05,DEBIT_ORDER,PENDING,PAYREF19AB29A33E,
PAY008661,C0124,A0356,,507.17,ZAR,2026-03-19,CARD,COMPLETED,PAYREF6081EB729D,
PAY008662,C0479,A1029,,238.61,ZAR,2026-01-13,EFT,COMPLETED,PAYREF909BC04512,
PAY008663,C0812,A1090,,768.53,ZAR,2026-02-25,MOBILE,COMPLETED,PAYREF969C838568,
PAY008664,C0620,A0132,,3917.03,ZAR,2025-08-09,MOBILE,COMPLETED,PAYREF2C37184CD9,
PAY008665,C0781,A0763,POL0650,486.55,ZAR,2025-01-16,MOBILE,COMPLETED,PAYREF880739FCCC,
PAY008666,C0265,A1250,POL0476,3025.86,ZAR,2024-03-06,CARD,COMPLETED,PAYREF04EDF82854,
PAY008667,C0932,A1108,POL0322,843.45,ZAR,2026-01-01,MOBILE,COMPLETED,PAYREF1D69DD78E9,
PAY008668,C0487,A1177,POL0225,6350.01,ZAR,2026-04-23,DEBIT_ORDER,COMPLETED,PAYREF1925B024B2,
PAY008669,C0413,A0703,,10357.04,ZAR,2026-06-13,CASH,PENDING,PAYREF8D660D33B1,
PAY008670,C0357,A0130,,3076.24,ZAR,2024-01-20,CARD,COMPLETED,PAYREF0F1ABBAA3C,
PAY008671,C0307,A0133,POL0365,211.32,ZAR,2026-09-09,CASH,COMPLETED,PAYREF8834F322D3,
PAY008672,C0671,A0642,,99.16,ZAR,2025-09-05,CARD,COMPLETED,PAYREF8E022CEBAA,
PAY008673,C0197,A1227,POL0417,1165.82,ZAR,2025-03-21,EFT,COMPLETED,PAYREF378AC34C12,
PAY008674,C0506,A1476,,2715.28,ZAR,2026-06-25,CASH,COMPLETED,PAYREF777C9A0589,
PAY008675,C0421,A1335,POL0398,1809.87,ZAR,2026-04-09,MOBILE,COMPLETED,PAYREF4F32CC5CB0,
PAY008676,C0647,A1166,,531.87,ZAR,2025-11-28,CASH,COMPLETED,PAYREFEE02A58C00,
PAY008677,C0365,A0468,POL0601,248.15,ZAR,2026-01-21,EFT,COMPLETED,PAYREF0EE9865EAD,
PAY008678,C0489,A1469,POL0654,2778.85,ZAR,2026-05-19,CASH,COMPLETED,PAYREF86728BD419,
PAY008679,C0428,A0344,POL0322,7034.62,ZAR,2024-06-04,CARD,REVERSED,PAYREF2EF2FFC0D7,
PAY008680,C0186,A1176,,561.13,ZAR,2025-04-26,CASH,REVERSED,PAYREFFEAFC4CC6F,
PAY008681,C0332,A0252,POL0061,2502.92,ZAR,2024-03-09,CASH,COMPLETED,PAYREF877FF15E33,
PAY008682,C0380,A0548,POL0585,14808.17,ZAR,2025-07-12,CARD,FAILED,PAYREFAC57D0E575,Limit exceeded
PAY008683,C0262,A1248,,907.12,ZAR,2025-08-28,CASH,COMPLETED,PAYREF71356491AD,
PAY008684,C0132,A0637,POL0221,925.67,ZAR,2026-03-08,CASH,FAILED,PAYREF79007F40EC,Invalid account
PAY008685,C0096,A1330,,1919.33,ZAR,2024-04-06,CARD,COMPLETED,PAYREF0C8193A9EE,
PAY008686,C0924,A1259,,825.22,ZAR,2026-08-23,EFT,COMPLETED,PAYREF5DFC3DB061,
PAY008687,C0281,A0935,POL0341,4184.88,ZAR,2024-06-19,CASH,COMPLETED,PAYREF188146B015,
PAY008688,C0651,A0417,,732.16,ZAR,2024-10-18,EFT,COMPLETED,PAYREF331BA69EA3,
PAY008689,C0993,A0627,,1063.11,ZAR,2025-10-01,CARD,COMPLETED,PAYREF7A951612ED,
PAY008690,C0437,A0813,,259.19,ZAR,2024-12-04,CARD,COMPLETED,PAYREF55C2695714,
PAY008691,C0454,A0621,,866.46,ZAR,2024-05-16,CASH,COMPLETED,PAYREF7E12C2EEEC,
PAY008692,C0041,A0319,POL0217,400.38,ZAR,2024-05-31,DEBIT_ORDER,COMPLETED,PAYREFE945648980,
PAY008693,C0321,A0211,POL0574,1550.08,ZAR,2025-12-06,MOBILE,COMPLETED,PAYREFF83F72EEA1,
PAY008694,C0827,A0956,POL0576,207.63,ZAR,2026-09-04,EFT,COMPLETED,PAYREF2A855467A4,
PAY008695,C0146,A0453,,2921.6,ZAR,2025-03-05,DEBIT_ORDER,FAILED,PAYREF1E11C09059,Account closed
PAY008696,C0780,A0841,POL0790,458.9,ZAR,2026-04-26,EFT,PENDING,PAYREFB7AD0E3CB5,
PAY008697,C0222,A1488,,6529.78,ZAR,2024-07-09,MOBILE,COMPLETED,PAYREF3F6DCF74B1,
PAY008698,C0716,A0294,POL0069,4318.91,ZAR,2026-05-14,CASH,COMPLETED,PAYREFE41F8EA500,
PAY008699,C0803,A0890,,1873.65,ZAR,2026-04-19,EFT,PENDING,PAYREF4EB7B73A52,
PAY008700,C0939,A0964,,235.57,ZAR,2024-01-08,CARD,COMPLETED,PAYREF879221E48F,
PAY008701,C0356,A1153,,585.29,ZAR,2024-05-15,CARD,COMPLETED,PAYREFCCAD0C6569,
PAY008702,C0177,A0989,,447.52,ZAR,2026-04-06,CASH,COMPLETED,PAYREF6460D99BD8,
PAY008703,C0928,A0122,POL0049,507.18,ZAR,2025-12-17,EFT,COMPLETED,PAYREF1C135A776C,
PAY008704,C0233,A1428,POL0326,5307.02,ZAR,2024-09-08,CARD,COMPLETED,PAYREF0B67B02278,
PAY008705,C0105,A1360,POL0005,941.39,ZAR,2026-01-02,DEBIT_ORDER,PENDING,PAYREFFDA8EEC4A6,
PAY008706,C0779,A0513,POL0094,568.01,ZAR,2026-02-02,EFT,COMPLETED,PAYREFFEFB33692A,
PAY008707,C0484,A0400,,519.1,ZAR,2024-01-12,CASH,COMPLETED,PAYREFBB0C25708F,
PAY008708,C0906,A0569,POL0744,644.3,ZAR,2026-09-05,MOBILE,COMPLETED,PAYREF618151CAD8,
PAY008709,C0110,A0993,,1867.99,ZAR,2026-03-02,MOBILE,COMPLETED,PAYREFC33C8BADA7,
PAY008710,C0918,A0676,,215.49,ZAR,2026-07-21,EFT,PENDING,PAYREFA94344BDE1,
PAY008711,C0967,A1236,,1209.76,ZAR,2026-01-19,MOBILE,COMPLETED,PAYREF20E1FAC4D7,
PAY008712,C0015,A0028,POL0741,1674.96,ZAR,2026-01-05,CARD,PENDING,PAYREF2C815D09F0,
PAY008713,C0990,A1498,POL0374,193.38,ZAR,2024-09-24,MOBILE,COMPLETED,PAYREFA28394F8A6,
PAY008714,C0093,A1011,,265.73,ZAR,2026-07-03,CARD,COMPLETED,PAYREF18DFA21070,
PAY008715,C0680,A0987,,1045.54,ZAR,2024-04-12,CARD,COMPLETED,PAYREFB123A0FF89,
PAY008716,C0184,A0891,POL0219,4633.11,ZAR,2024-02-15,CARD,COMPLETED,PAYREF627A38C7FA,
PAY008717,C0208,A0642,,3650.9,ZAR,2025-11-22,CARD,COMPLETED,PAYREF151891C6CD,
PAY008718,C0074,A0582,POL0563,596.77,ZAR,2024-08-19,DEBIT_ORDER,COMPLETED,PAYREF606828393A,
PAY008719,C0798,A0586,POL0243,4488.57,ZAR,2024-04-26,EFT,COMPLETED,PAYREF29D257FBE6,
PAY008720,C0331,A0235,POL0129,796.62,ZAR,2025-04-23,CARD,COMPLETED,PAYREF953679C9DB,
PAY008721,C0611,A1433,POL0202,789.81,ZAR,2024-06-05,CASH,COMPLETED,PAYREF77B8790000,
PAY008722,C0816,A0352,POL0115,1204.74,ZAR,2025-09-10,DEBIT_ORDER,COMPLETED,PAYREF396735FE34,
PAY008723,C0673,A0890,POL0784,2538.85,ZAR,2024-07-04,CARD,COMPLETED,PAYREF613D63DFE6,
PAY008724,C0304,A1043,POL0418,596.45,ZAR,2024-02-19,EFT,COMPLETED,PAYREF5CCF43BE43,
PAY008725,C0414,A0108,POL0195,736.53,ZAR,2024-02-10,DEBIT_ORDER,COMPLETED,PAYREF00001F62D8,
PAY008726,C0423,A0079,POL0087,314.77,ZAR,2025-04-03,DEBIT_ORDER,COMPLETED,PAYREF4421DAD8E0,
PAY008727,C0738,A0745,,1557.79,ZAR,2025-05-23,CARD,COMPLETED,PAYREFA70BCE3849,
PAY008728,C0658,A0044,POL0266,2788.72,ZAR,2024-12-05,EFT,COMPLETED,PAYREF2A61C22F80,
PAY008729,C0390,A1219,,2964.98,ZAR,2024-06-10,CASH,FAILED,PAYREF732F6E0BD0,Technical error
PAY008730,C0316,A1194,POL0574,279.62,ZAR,2026-05-14,MOBILE,COMPLETED,PAYREFDAA7CC3DBE,
PAY008731,C0500,A1466,POL0724,747.78,ZAR,2025-12-30,DEBIT_ORDER,FAILED,PAYREFCEE8A08E54,Technical error
PAY008732,C0302,A0263,,3810.32,ZAR,2025-05-16,DEBIT_ORDER,COMPLETED,PAYREFAF5B4AC5E8,
PAY008733,C0033,A1030,POL0772,1383.22,ZAR,2024-11-14,CASH,COMPLETED,PAYREFA65CE8F46D,
PAY008734,C0808,A0640,POL0562,1134.68,ZAR,2024-02-23,MOBILE,PENDING,PAYREF81EC46D2FA,
PAY008735,C0338,A0202,,1108.25,ZAR,2026-01-03,DEBIT_ORDER,COMPLETED,PAYREFF4BE4120B3,
PAY008736,C0617,A0130,POL0436,1884.58,ZAR,2024-11-30,CASH,COMPLETED,PAYREF95788ADF47,
PAY008737,C0138,A0213,POL0118,1459.6,ZAR,2024-05-16,MOBILE,COMPLETED,PAYREFE1D0166343,
PAY008738,C0038,A1144,,616.84,ZAR,2026-03-01,MOBILE,COMPLETED,PAYREFCE51C48A31,
PAY008739,C0599,A0240,POL0624,2646.68,ZAR,2025-04-10,EFT,COMPLETED,PAYREFAB5F930ADF,
PAY008740,C0094,A1359,,329.35,ZAR,2026-06-27,CASH,COMPLETED,PAYREF1E788D169A,
PAY008741,C0311,A0801,POL0089,4113.89,ZAR,2024-07-11,CASH,COMPLETED,PAYREFDB8FFD760E,
PAY008742,C0866,A0481,POL0770,447.67,ZAR,2025-06-08,DEBIT_ORDER,PENDING,PAYREF5AC62CDD55,
PAY008743,C0040,A0745,,1896.74,ZAR,2024-12-24,CASH,COMPLETED,PAYREF405EBDED7E,
PAY008744,C0902,A0033,,930.05,ZAR,2024-05-14,CARD,COMPLETED,PAYREF3D89A40FB5,
PAY008745,C0195,A0447,,681.04,ZAR,2024-01-22,CASH,COMPLETED,PAYREF3A695E45EA,
PAY008746,C0631,A1055,,4262.33,ZAR,2024-01-07,MOBILE,COMPLETED,PAYREF72FF3F8E96,
PAY008747,C0163,A0117,POL0758,2305.16,ZAR,2025-05-30,CARD,COMPLETED,PAYREFA603174615,
PAY008748,C0596,A0093,POL0632,1033.85,ZAR,2024-06-26,CASH,PENDING,PAYREFD09FFE74D0,
PAY008749,C0941,A1252,,6280.29,ZAR,2026-08-30,MOBILE,FAILED,PAYREF511EA23977,Account closed
PAY008750,C0381,A0946,,2921.2,ZAR,2024-10-06,EFT,COMPLETED,PAYREF5CBD79AAED,
PAY008751,C0154,A1280,,490.06,ZAR,2025-02-25,CARD,COMPLETED,PAYREF4A15C99A0E,
PAY008752,C0462,A0813,POL0521,114.39,ZAR,2025-03-23,CARD,COMPLETED,PAYREFFBC35B3702,
PAY008753,C0714,A1032,POL0557,1220.31,ZAR,2025-04-13,MOBILE,FAILED,PAYREF9B277F0AC3,Invalid account
PAY008754,C0367,A1433,POL0197,4374.28,ZAR,2025-02-27,MOBILE,PENDING,PAYREF5C18D1125D,
PAY008755,C0097,A1492,POL0136,2019.59,ZAR,2024-07-18,MOBILE,COMPLETED,PAYREFA686396B4D,
PAY008756,C0151,A0810,POL0401,5292.06,ZAR,2026-05-23,EFT,COMPLETED,PAYREF86637AF654,
PAY008757,C0217,A0153,,602.86,ZAR,2024-05-01,CARD,REVERSED,PAYREFFE67E633B2,
PAY008758,C0562,A0151,,975.33,ZAR,2026-01-29,CARD,COMPLETED,PAYREF6286FACCD6,
PAY008759,C0375,A0938,POL0427,999.3,ZAR,2024-12-19,CASH,COMPLETED,PAYREFD99527B76B,
PAY008760,C0604,A0639,POL0447,1395.8,ZAR,2026-05-12,CARD,COMPLETED,PAYREFD9F2137AFB,
PAY008761,C0246,A0862,POL0030,2362.42,ZAR,2024-01-30,EFT,COMPLETED,PAYREF92D0439344,
PAY008762,C0671,A0371,,5610.36,ZAR,2026-08-22,DEBIT_ORDER,COMPLETED,PAYREFBCE34323BF,
PAY008763,C0208,A0389,,6923.62,ZAR,2024-06-20,DEBIT_ORDER,COMPLETED,PAYREF347B678180,
PAY008764,C0212,A0784,,5805.56,ZAR,2025-01-11,DEBIT_ORDER,COMPLETED,PAYREFFFC63876D5,
PAY008765,C0282,A0266,POL0424,2141.11,ZAR,2025-05-29,CASH,COMPLETED,PAYREF5BD58418BF,
PAY008766,C0276,A1323,POL0402,778.82,ZAR,2024-05-19,CASH,COMPLETED,PAYREF0460976FFF,
PAY008767,C0446,A0822,POL0669,1374.57,ZAR,2025-04-18,MOBILE,COMPLETED,PAYREF832CC7141E,
PAY008768,C0272,A0603,POL0082,2111.67,ZAR,2024-11-16,CARD,COMPLETED,PAYREFBF74CA7DEA,
PAY008769,C0054,A0482,POL0448,1255.22,ZAR,2026-02-28,DEBIT_ORDER,COMPLETED,PAYREF03511B7484,
PAY008770,C0836,A0727,POL0615,439.75,ZAR,2024-11-15,MOBILE,PENDING,PAYREF0E2ACE5D30,
PAY008771,C0050,A1299,POL0442,690.65,ZAR,2024-08-31,DEBIT_ORDER,COMPLETED,PAYREF59C4A1BE55,
PAY008772,C0986,A1236,,2612.45,ZAR,2024-12-08,CASH,COMPLETED,PAYREF90DA939ACE,
PAY008773,C0506,A1239,,857.05,ZAR,2026-02-14,DEBIT_ORDER,COMPLETED,PAYREFBD4FE69780,
PAY008774,C0084,A1081,POL0266,1123.47,ZAR,2026-03-20,CASH,COMPLETED,PAYREFC7AEB5FAF1,
PAY008775,C0678,A1149,,1013.92,ZAR,2024-12-20,CARD,COMPLETED,PAYREF2BEA9CC363,
PAY008776,C0981,A0864,,449.35,ZAR,2024-01-24,CARD,COMPLETED,PAYREFB9B006C2A5,
PAY008777,C0871,A1216,,924.02,ZAR,2026-02-27,CARD,COMPLETED,PAYREF2438DF7CB4,
PAY008778,C0611,A1013,POL0794,693.8,ZAR,2024-09-25,MOBILE,COMPLETED,PAYREFCD89E5B463,
PAY008779,C0660,A0756,POL0017,549.05,ZAR,2024-03-11,MOBILE,COMPLETED,PAYREF28452AC81F,
PAY008780,C0212,A0562,POL0733,380.58,ZAR,2024-02-25,MOBILE,COMPLETED,PAYREFC09FD1B24D,
PAY008781,C0479,A0980,,991.68,ZAR,2026-06-28,CARD,COMPLETED,PAYREFB1C453CD41,
PAY008782,C0812,A0490,POL0189,2034.84,ZAR,2024-01-29,MOBILE,PENDING,PAYREFB01A1BE942,
PAY008783,C0546,A0819,,3362.97,ZAR,2025-01-27,CASH,COMPLETED,PAYREF352900F4CD,
PAY008784,C0019,A0620,POL0075,272.01,ZAR,2024-01-01,DEBIT_ORDER,COMPLETED,PAYREF5DBD6B8197,
PAY008785,C0135,A0210,POL0585,5466.55,ZAR,2026-08-12,DEBIT_ORDER,COMPLETED,PAYREF2D079E17E5,
PAY008786,C0737,A0815,POL0772,1469.89,ZAR,2025-02-27,CASH,COMPLETED,PAYREF3BF8C8C560,
PAY008787,C0657,A0612,POL0045,355.3,ZAR,2024-03-25,DEBIT_ORDER,COMPLETED,PAYREFD2AE33E6C2,
PAY008788,C0328,A1055,POL0529,732.38,ZAR,2026-06-12,CARD,COMPLETED,PAYREF13DC4F9337,
PAY008789,C0959,A1078,POL0194,167.77,ZAR,2026-03-08,EFT,COMPLETED,PAYREFBADB7A0D9A,
PAY008790,C0807,A0959,,216.64,ZAR,2024-08-02,CASH,COMPLETED,PAYREFCC8D749512,
PAY008791,C0606,A0724,,6132.91,ZAR,2025-08-11,MOBILE,COMPLETED,PAYREF605C8EF53D,
PAY008792,C0789,A0944,POL0093,544.95,ZAR,2025-07-27,CASH,COMPLETED,PAYREF8E5E5770FD,
PAY008793,C0386,A1435,,1875.99,ZAR,2024-04-18,DEBIT_ORDER,COMPLETED,PAYREFD03D0FDAD2,
PAY008794,C0136,A1399,POL0307,981.23,ZAR,2025-01-17,MOBILE,COMPLETED,PAYREFF43D249D01,
PAY008795,C0226,A1233,POL0500,1116.34,ZAR,2025-12-03,CASH,COMPLETED,PAYREF32CFA8723A,
PAY008796,C0763,A0411,,1584.5,ZAR,2024-05-09,CARD,COMPLETED,PAYREF3C21D399E2,
PAY008797,C0926,A0077,,136.45,ZAR,2026-09-04,MOBILE,PENDING,PAYREF0CE316FA41,
PAY008798,C0774,A0262,POL0667,4099.18,ZAR,2026-01-18,CASH,COMPLETED,PAYREFB627B4C266,
PAY008799,C0721,A1088,POL0261,993.56,ZAR,2024-08-09,CARD,COMPLETED,PAYREF052BE1993D,
PAY008800,C0143,A0935,,662.3,ZAR,2024-03-18,CASH,COMPLETED,PAYREFB5A680E871,
PAY008801,C0902,A0144,POL0786,1751.11,ZAR,2026-01-26,EFT,COMPLETED,PAYREF59F5A943D3,
PAY008802,C0303,A0202,POL0523,533.19,ZAR,2025-08-01,CASH,COMPLETED,PAYREF0234655C83,
PAY008803,C0401,A0190,POL0042,1350.48,ZAR,2025-02-26,EFT,COMPLETED,PAYREF58374847B5,
PAY008804,C0280,A0036,POL0699,929.46,ZAR,2026-08-08,DEBIT_ORDER,COMPLETED,PAYREF50EBC3D1E4,
PAY008805,C0143,A0710,,2232.8,ZAR,2024-12-23,MOBILE,COMPLETED,PAYREFFE7B137638,
PAY008806,C0836,A0441,,885.41,ZAR,2025-01-17,MOBILE,COMPLETED,PAYREFEFCDF56B97,
PAY008807,C0593,A1096,POL0065,391.5,ZAR,2026-02-18,CARD,COMPLETED,PAYREFEC464D7752,
PAY008808,C0998,A1334,,1575.52,ZAR,2026-05-02,CARD,COMPLETED,PAYREF5E36DAB091,
PAY008809,C0864,A0670,POL0046,836.63,ZAR,2026-08-19,EFT,COMPLETED,PAYREF307B9AAD53,
PAY008810,C0686,A1262,POL0404,177.51,ZAR,2025-06-16,CASH,COMPLETED,PAYREF4553398892,
PAY008811,C0208,A0955,,1336.3,ZAR,2026-06-11,CASH,COMPLETED,PAYREF6A410AE970,
PAY008812,C0082,A0020,POL0495,640.7,ZAR,2025-02-20,DEBIT_ORDER,COMPLETED,PAYREFB2B18F18D2,
PAY008813,C0339,A0118,POL0645,1549.61,ZAR,2025-03-07,CARD,COMPLETED,PAYREFF6096BB0D8,
PAY008814,C0303,A0761,POL0247,466.36,ZAR,2026-05-14,MOBILE,COMPLETED,PAYREFFE67978D82,
PAY008815,C0296,A0685,POL0635,328.2,ZAR,2025-01-23,DEBIT_ORDER,COMPLETED,PAYREF5A6617769A,
PAY008816,C0054,A0138,,3569.3,ZAR,2026-03-25,MOBILE,COMPLETED,PAYREFE7F5AAB01B,
PAY008817,C0613,A1115,,2548.21,ZAR,2025-11-03,CARD,PENDING,PAYREF28748A93EC,
PAY008818,C0237,A0510,,1089.44,ZAR,2025-03-24,EFT,COMPLETED,PAYREF27E07A9F5A,
PAY008819,C0434,A0104,,1698.95,ZAR,2025-12-07,CASH,COMPLETED,PAYREFED821E4EF1,
PAY008820,C0276,A0586,POL0378,2466.15,ZAR,2024-09-25,DEBIT_ORDER,COMPLETED,PAYREF8F3E048EF8,
PAY008821,C0601,A1353,POL0470,1085.52,ZAR,2026-05-30,DEBIT_ORDER,COMPLETED,PAYREF564A35B61E,
PAY008822,C0469,A1151,POL0101,327.5,ZAR,2024-04-20,EFT,COMPLETED,PAYREFA8AA99A3BA,
PAY008823,C0979,A0357,POL0253,1479.51,ZAR,2024-05-16,MOBILE,COMPLETED,PAYREF98AAF9CBAB,
PAY008824,C0599,A0286,POL0227,2987.59,ZAR,2024-11-26,DEBIT_ORDER,COMPLETED,PAYREF401FE69F4E,
PAY008825,C0451,A0410,,1984.62,ZAR,2025-02-11,EFT,COMPLETED,PAYREF9C43E91E3E,
PAY008826,C0415,A0673,POL0618,1163.63,ZAR,2026-07-29,MOBILE,COMPLETED,PAYREFDAF12F19F3,
PAY008827,C0191,A0067,,1930.03,ZAR,2025-11-08,EFT,PENDING,PAYREF00AA303A45,
PAY008828,C0303,A1151,POL0711,877.22,ZAR,2025-09-15,MOBILE,COMPLETED,PAYREF25F261F62F,
PAY008829,C0959,A0200,POL0589,3115.59,ZAR,2025-05-16,EFT,FAILED,PAYREF71158BCB19,Technical error
PAY008830,C0785,A0701,,4218.27,ZAR,2024-11-30,DEBIT_ORDER,FAILED,PAYREFC749C9F379,Limit exceeded
PAY008831,C0179,A0676,POL0769,300.01,ZAR,2025-08-21,CASH,COMPLETED,PAYREFD34B0C8DE5,
PAY008832,C0987,A1088,,3347.38,ZAR,2024-09-04,EFT,COMPLETED,PAYREFB5CA5808B9,
PAY008833,C0729,A0685,POL0667,10273.1,ZAR,2025-08-26,EFT,COMPLETED,PAYREF006644ED68,
PAY008834,C0208,A1117,,1854.9,ZAR,2026-02-07,MOBILE,COMPLETED,PAYREF0226CF0B2F,
PAY008835,C0217,A0437,POL0746,2932.93,ZAR,2026-07-01,CARD,COMPLETED,PAYREF900B354ED3,
PAY008836,C0662,A0920,POL0162,574.16,ZAR,2025-12-27,EFT,COMPLETED,PAYREF798131D0D1,
PAY008837,C0518,A1116,,662.68,ZAR,2024-10-31,CASH,COMPLETED,PAYREF4EF851EAC8,
PAY008838,C0047,A0486,POL0455,889.35,ZAR,2026-08-25,CASH,REVERSED,PAYREFD1BCD67383,
PAY008839,C0015,A0735,POL0166,733.3,ZAR,2025-04-03,CARD,FAILED,PAYREF16BCB9329D,Limit exceeded
PAY008840,C0323,A0690,POL0022,295.35,ZAR,2025-09-01,CARD,COMPLETED,PAYREFE59AAB97DA,
PAY008841,C0393,A1072,,922.73,ZAR,2024-02-23,CASH,FAILED,PAYREF9B2A8369A8,Invalid account
PAY008842,C0615,A0571,,2531.03,ZAR,2026-07-19,CASH,PENDING,PAYREFB6FF391617,
PAY008843,C0739,A0812,POL0071,299.31,ZAR,2025-03-20,MOBILE,COMPLETED,PAYREF3168F4925E,
PAY008844,C0611,A1008,,1311.77,ZAR,2025-02-17,CARD,COMPLETED,PAYREFF119125FDD,
PAY008845,C0232,A1496,POL0574,1272.13,ZAR,2024-04-20,EFT,COMPLETED,PAYREF7A976BFCF4,
PAY008846,C0280,A0925,POL0389,811.34,ZAR,2025-03-23,DEBIT_ORDER,COMPLETED,PAYREF685E343EBD,
PAY008847,C0928,A1356,POL0078,1801.77,ZAR,2024-10-22,DEBIT_ORDER,COMPLETED,PAYREFBB913F9513,
PAY008848,C0795,A1234,,1640.34,ZAR,2024-06-09,MOBILE,COMPLETED,PAYREFFE8F5DB7D4,
PAY008849,C0040,A0310,,755.64,ZAR,2024-07-16,EFT,COMPLETED,PAYREFE1BF6BC9D5,
PAY008850,C0675,A1055,POL0499,3168.11,ZAR,2024-09-17,DEBIT_ORDER,COMPLETED,PAYREFFD2F631FD3,
PAY008851,C0686,A0865,,1921.02,ZAR,2026-02-01,CARD,COMPLETED,PAYREF8C062BE5C6,
PAY008852,C0966,A1231,POL0168,5289.48,ZAR,2025-10-30,DEBIT_ORDER,COMPLETED,PAYREFB4EEBC4D1A,
PAY008853,C0629,A1294,,1026.15,ZAR,2026-07-16,MOBILE,COMPLETED,PAYREFBFCABA2876,
PAY008854,C0179,A1141,,794.92,ZAR,2025-10-04,MOBILE,COMPLETED,PAYREFAF2EDF977D,
PAY008855,C0411,A1082,POL0328,890.28,ZAR,2024-12-11,MOBILE,COMPLETED,PAYREFB6C0E6EF40,
PAY008856,C0258,A0123,POL0530,3562.85,ZAR,2024-01-18,CARD,COMPLETED,PAYREF426D62510D,
PAY008857,C0040,A1179,POL0246,945.11,ZAR,2026-06-21,MOBILE,COMPLETED,PAYREF4F722D66C7,
PAY008858,C0549,A0233,POL0510,1004.61,ZAR,2026-06-30,MOBILE,COMPLETED,PAYREFEE126C3DE7,
PAY008859,C0144,A1468,POL0299,7792.94,ZAR,2024-09-05,CARD,COMPLETED,PAYREF014AD774E1,
PAY008860,C0608,A0498,,285.87,ZAR,2025-08-04,MOBILE,COMPLETED,PAYREF4BB97069A9,
PAY008861,C0342,A0269,POL0371,1566.85,ZAR,2026-03-26,MOBILE,COMPLETED,PAYREFCBA009ADB2,
PAY008862,C0066,A0404,,1031.27,ZAR,2024-12-09,CASH,COMPLETED,PAYREF2C1CCA2F9E,
PAY008863,C0142,A1224,POL0268,853.54,ZAR,2024-10-17,CASH,COMPLETED,PAYREF241DFEF16E,
PAY008864,C0204,A1306,POL0294,422.69,ZAR,2024-03-30,CASH,COMPLETED,PAYREFF5E8DABCF4,
PAY008865,C0950,A0477,POL0066,564.58,ZAR,2026-03-29,EFT,FAILED,PAYREF57A41DD435,Insufficient funds
PAY008866,C0757,A0797,,729.17,ZAR,2025-09-26,DEBIT_ORDER,COMPLETED,PAYREF870B9577C7,
PAY008867,C0421,A1149,POL0033,1800.36,ZAR,2024-01-18,CASH,COMPLETED,PAYREF85BB8FA641,
PAY008868,C0352,A0579,POL0266,2572.01,ZAR,2024-10-31,CASH,COMPLETED,PAYREFBAF5157C6B,
PAY008869,C0037,A1496,,185.15,ZAR,2025-09-24,DEBIT_ORDER,COMPLETED,PAYREF07839CBB36,
PAY008870,C0749,A0305,POL0184,329.78,ZAR,2025-09-14,CARD,PENDING,PAYREFDC69F28D48,
PAY008871,C0593,A0820,POL0208,1896.73,ZAR,2026-01-13,EFT,COMPLETED,PAYREF0094DAEA33,
PAY008872,C0678,A1235,POL0262,2063.71,ZAR,2024-01-25,CASH,COMPLETED,PAYREFAA23CA2249,
PAY008873,C0328,A0594,,253.75,ZAR,2024-03-08,CASH,COMPLETED,PAYREFD306E14109,
PAY008874,C0350,A0877,POL0682,2628.82,ZAR,2024-03-16,MOBILE,COMPLETED,PAYREFD6532E0570,
PAY008875,C0433,A0782,,1081.42,ZAR,2024-08-08,CARD,COMPLETED,PAYREF31D984DE46,
PAY008876,C0440,A1245,POL0298,2314.78,ZAR,2025-12-21,MOBILE,COMPLETED,PAYREF81061A1E24,
PAY008877,C0703,A0042,,467.9,ZAR,2025-12-05,EFT,COMPLETED,PAYREF266AC06AE2,
PAY008878,C0483,A1234,POL0312,273.14,ZAR,2026-01-14,CARD,COMPLETED,PAYREFDED123DDDE,
PAY008879,C0016,A0438,,805.41,ZAR,2025-04-02,CASH,COMPLETED,PAYREF4B1F926CCA,
PAY008880,C0124,A0871,,841.95,ZAR,2026-01-27,DEBIT_ORDER,COMPLETED,PAYREF5F9F519251,
PAY008881,C0785,A1290,POL0257,796.18,ZAR,2024-09-11,CARD,COMPLETED,PAYREFA388499624,
PAY008882,C0556,A0688,,742.34,ZAR,2025-08-23,CASH,COMPLETED,PAYREF6B2205854A,
PAY008883,C0704,A1293,POL0650,5960.38,ZAR,2026-06-06,EFT,COMPLETED,PAYREF18DFCEF977,
PAY008884,C0386,A0484,POL0179,200.38,ZAR,2025-06-02,CASH,COMPLETED,PAYREF9FBCF00203,
PAY008885,C0097,A0932,POL0268,471.13,ZAR,2026-04-10,DEBIT_ORDER,COMPLETED,PAYREFA3CD5920BA,
PAY008886,C0228,A0348,,721.56,ZAR,2025-02-20,CASH,COMPLETED,PAYREFBF023C79AD,
PAY008887,C0361,A0450,POL0591,1123.25,ZAR,2025-02-26,DEBIT_ORDER,FAILED,PAYREFDD24625C7A,Account closed
PAY008888,C0384,A0566,POL0069,2232.8,ZAR,2024-10-22,DEBIT_ORDER,COMPLETED,PAYREF6C4DFE2666,
PAY008889,C0649,A0876,,2605.45,ZAR,2025-02-17,MOBILE,COMPLETED,PAYREF52042B7996,
PAY008890,C0658,A0533,,3218.03,ZAR,2024-09-09,DEBIT_ORDER,COMPLETED,PAYREF3930FAC331,
PAY008891,C0093,A0007,POL0502,1774.82,ZAR,2024-05-27,MOBILE,COMPLETED,PAYREF5065503B3B,
PAY008892,C0386,A1459,,194.41,ZAR,2025-12-31,EFT,COMPLETED,PAYREF46D55ECF5D,
PAY008893,C0188,A0945,,207.6,ZAR,2025-08-26,EFT,COMPLETED,PAYREF1185E5A4B5,
PAY008894,C0815,A0031,,3454.01,ZAR,2024-11-12,CARD,COMPLETED,PAYREF837B9AC6D0,
PAY008895,C0068,A0912,,3237.73,ZAR,2024-02-27,EFT,COMPLETED,PAYREF74E4C038C0,
PAY008896,C0585,A0717,POL0330,2071.49,ZAR,2024-06-02,CARD,COMPLETED,PAYREF59C07525FE,
PAY008897,C0491,A0299,POL0295,482.86,ZAR,2025-05-26,EFT,COMPLETED,PAYREFEAF83EBC4B,
PAY008898,C0161,A0032,POL0120,794.31,ZAR,2025-03-24,EFT,COMPLETED,PAYREF3BD4CDFD70,
PAY008899,C0242,A0892,POL0460,735.93,ZAR,2024-05-02,DEBIT_ORDER,COMPLETED,PAYREF01D1863E5B,
PAY008900,C0474,A0319,POL0535,393.57,ZAR,2025-04-10,EFT,COMPLETED,PAYREF6E78D5130C,
PAY008901,C0198,A0433,POL0388,1420.9,ZAR,2025-01-12,CARD,COMPLETED,PAYREF09600EB477,
PAY008902,C0726,A0706,,9466.08,ZAR,2026-02-23,CARD,COMPLETED,PAYREFA2193715B8,
PAY008903,C0151,A0705,POL0471,668.06,ZAR,2024-08-31,CARD,COMPLETED,PAYREF02117B9468,
PAY008904,C0232,A1006,POL0767,4010.91,ZAR,2026-06-12,DEBIT_ORDER,COMPLETED,PAYREFA6EB568D5D,
PAY008905,C0850,A1338,POL0794,452.44,ZAR,2024-09-03,DEBIT_ORDER,FAILED,PAYREFB82B888FFD,Account closed
PAY008906,C0160,A0412,,235.88,ZAR,2026-01-10,DEBIT_ORDER,COMPLETED,PAYREFD07C22BACD,
PAY008907,C0130,A1265,POL0599,2943.92,ZAR,2024-04-24,EFT,PENDING,PAYREFDFBFA43C57,
PAY008908,C0631,A1477,,881.11,ZAR,2024-05-09,EFT,COMPLETED,PAYREF30B2EAC58B,
PAY008909,C0344,A0113,POL0156,3909.83,ZAR,2025-02-02,CASH,COMPLETED,PAYREFAB9F10E09E,
PAY008910,C0277,A1339,POL0248,4773.78,ZAR,2025-12-06,CASH,COMPLETED,PAYREF9E60506E3C,
PAY008911,C0357,A0601,POL0257,830.14,ZAR,2025-08-15,MOBILE,FAILED,PAYREF29DE9CB3E8,Invalid account
PAY008912,C0192,A1208,POL0219,4200.74,ZAR,2024-02-25,CARD,COMPLETED,PAYREFE90DF89345,
PAY008913,C0860,A0541,POL0131,456.66,ZAR,2024-10-02,MOBILE,REVERSED,PAYREF33669F753B,
PAY008914,C0624,A0861,POL0739,449.53,ZAR,2025-08-13,MOBILE,COMPLETED,PAYREFF85D7D4009,
PAY008915,C0485,A1050,POL0149,3204.38,ZAR,2025-09-05,EFT,COMPLETED,PAYREF869C11479A,
PAY008916,C0066,A1367,,233.27,ZAR,2024-02-27,MOBILE,COMPLETED,PAYREF8FB33D6534,
PAY008917,C0287,A1085,POL0724,1094.92,ZAR,2025-06-14,CARD,COMPLETED,PAYREF505D1A57A7,
PAY008918,C0542,A1170,POL0096,3826.3,ZAR,2026-03-05,CARD,COMPLETED,PAYREF3C356EB9F0,
PAY008919,C0522,A0727,,4092.01,ZAR,2025-04-17,CASH,REVERSED,PAYREF14CBE91F23,
PAY008920,C0167,A0386,POL0439,711.47,ZAR,2025-02-18,CARD,REVERSED,PAYREFF4F7210266,
PAY008921,C0486,A0163,POL0153,3008.6,ZAR,2024-11-07,CASH,COMPLETED,PAYREFA69FD033C5,
PAY008922,C0265,A0352,POL0800,356.76,ZAR,2024-04-14,CASH,COMPLETED,PAYREFFF211040DA,
PAY008923,C0012,A1480,POL0267,562.63,ZAR,2026-06-04,CASH,COMPLETED,PAYREF6DF2186267,
PAY008924,C0775,A0159,POL0286,1380.79,ZAR,2025-07-21,CARD,COMPLETED,PAYREFE8E592DAD3,
PAY008925,C0721,A0173,POL0494,1599.99,ZAR,2024-03-07,EFT,COMPLETED,PAYREF7B7BF5E73C,
PAY008926,C0241,A0846,POL0325,384.63,ZAR,2024-12-02,CASH,COMPLETED,PAYREFB66C582201,
PAY008927,C0589,A1069,,7060.54,ZAR,2025-06-19,MOBILE,COMPLETED,PAYREF45ADAEE6B2,
PAY008928,C0394,A0728,POL0639,167.76,ZAR,2025-04-23,CASH,COMPLETED,PAYREF4729347196,
PAY008929,C0129,A0756,POL0416,1157.72,ZAR,2024-03-04,EFT,COMPLETED,PAYREF5C29E7E92D,
PAY008930,C0235,A0946,,1333.96,ZAR,2024-02-19,CARD,COMPLETED,PAYREF2F5DA0D22E,
PAY008931,C0290,A0350,,191.15,ZAR,2026-05-24,DEBIT_ORDER,COMPLETED,PAYREFDD95352C31,
PAY008932,C0909,A0149,POL0103,4122.15,ZAR,2026-09-10,CARD,FAILED,PAYREF757B2A7004,Limit exceeded
PAY008933,C0539,A0159,POL0477,522.97,ZAR,2025-03-25,EFT,FAILED,PAYREFFD28191BD4,Account closed
PAY008934,C0720,A0622,POL0745,1210.1,ZAR,2025-04-20,CARD,COMPLETED,PAYREF9504CA27E2,
PAY008935,C0857,A0437,,1522.39,ZAR,2026-03-13,CARD,COMPLETED,PAYREFC6FD3B1594,
PAY008936,C0006,A1031,,256.14,ZAR,2025-01-30,MOBILE,COMPLETED,PAYREF8A710D2A20,
PAY008937,C0272,A0501,POL0769,375.35,ZAR,2024-01-06,DEBIT_ORDER,COMPLETED,PAYREF10F390881E,
PAY008938,C0872,A0347,POL0029,5234.51,ZAR,2024-07-07,CARD,COMPLETED,PAYREF2D7AA48679,
PAY008939,C0192,A0603,POL0044,1026.76,ZAR,2025-12-24,MOBILE,COMPLETED,PAYREF34DD35BB30,
PAY008940,C0621,A0493,POL0159,73.92,ZAR,2024-08-23,DEBIT_ORDER,COMPLETED,PAYREF1B8C4FA1E3,
PAY008941,C0559,A1221,POL0413,810.85,ZAR,2024-08-28,DEBIT_ORDER,COMPLETED,PAYREFDEBE8612B5,
PAY008942,C0180,A0374,POL0700,1061.14,ZAR,2026-03-10,CASH,COMPLETED,PAYREF638617E68C,
PAY008943,C0392,A1007,POL0259,1365.63,ZAR,2024-09-29,EFT,COMPLETED,PAYREF3A20F39227,
PAY008944,C0299,A0505,POL0252,148.58,ZAR,2025-01-22,CASH,COMPLETED,PAYREF9D6A805C22,
PAY008945,C0474,A0724,POL0081,1064.96,ZAR,2026-03-19,CARD,COMPLETED,PAYREF234D65FA1E,
PAY008946,C0631,A0815,,476.92,ZAR,2024-04-25,CASH,COMPLETED,PAYREF19F0A3E335,
PAY008947,C0511,A1032,,1367.9,ZAR,2024-07-27,MOBILE,COMPLETED,PAYREF43ED4B8F6E,
PAY008948,C0483,A0181,,1819.53,ZAR,2024-09-09,EFT,COMPLETED,PAYREFBC0BB0FE25,
PAY008949,C0340,A0918,POL0659,1635.97,ZAR,2024-05-20,DEBIT_ORDER,COMPLETED,PAYREFDEAAAF437F,
PAY008950,C0420,A0588,,4464.77,ZAR,2025-03-17,CASH,FAILED,PAYREFB247677657,Insufficient funds
PAY008951,C0979,A0216,POL0662,9804.24,ZAR,2024-06-19,MOBILE,COMPLETED,PAYREFD63D215EB1,
PAY008952,C0170,A0600,POL0646,352.97,ZAR,2025-10-15,MOBILE,FAILED,PAYREF416C32BC70,Limit exceeded
PAY008953,C0737,A1434,POL0382,748.46,ZAR,2024-04-19,DEBIT_ORDER,COMPLETED,PAYREFDDEA9FCFB2,
PAY008954,C0210,A0533,POL0286,2305.52,ZAR,2025-10-28,CARD,COMPLETED,PAYREFB1E79BBE37,
PAY008955,C0565,A0889,POL0548,966.04,ZAR,2025-12-21,DEBIT_ORDER,COMPLETED,PAYREF04B6B9B1F3,
PAY008956,C0295,A1490,,72.04,ZAR,2025-03-05,CASH,COMPLETED,PAYREF97F32B6587,
PAY008957,C0171,A0440,,904.56,ZAR,2026-07-21,MOBILE,COMPLETED,PAYREFD45E4BD12B,
PAY008958,C0484,A0376,POL0541,3767.42,ZAR,2026-05-25,DEBIT_ORDER,REVERSED,PAYREF9028530C36,
PAY008959,C0824,A0170,POL0479,271.85,ZAR,2024-03-09,CARD,COMPLETED,PAYREF2057746328,
PAY008960,C0656,A1417,POL0379,1367.18,ZAR,2026-04-21,EFT,COMPLETED,PAYREF203DCEFA92,
PAY008961,C0431,A1413,POL0570,162.82,ZAR,2024-02-22,DEBIT_ORDER,FAILED,PAYREFB30B8889D6,Technical error
PAY008962,C0766,A0066,POL0173,2617.64,ZAR,2025-07-18,EFT,COMPLETED,PAYREFFEC319220C,
PAY008963,C0136,A0214,POL0254,1396.28,ZAR,2024-09-23,MOBILE,REVERSED,PAYREF1D392D5142,
PAY008964,C0055,A1007,,621.36,ZAR,2024-01-29,CARD,COMPLETED,PAYREFD75FA6FE23,
PAY008965,C0882,A0665,POL0585,722.02,ZAR,2026-04-15,MOBILE,PENDING,PAYREFDCA97CEDC5,
PAY008966,C0114,A0577,POL0263,244.92,ZAR,2025-03-04,MOBILE,COMPLETED,PAYREF2116425C6E,
PAY008967,C0297,A0165,POL0688,3003.8,ZAR,2024-08-13,MOBILE,COMPLETED,PAYREFFCEF588012,
PAY008968,C0770,A0598,,493.07,ZAR,2024-01-08,MOBILE,COMPLETED,PAYREF0E7C468F49,
PAY008969,C0827,A1192,POL0052,1808.58,ZAR,2026-04-23,CARD,FAILED,PAYREF70D4FD2AC4,Technical error
PAY008970,C0047,A0499,,419.09,ZAR,2024-05-08,DEBIT_ORDER,COMPLETED,PAYREF420B619BE3,
PAY008971,C0446,A0714,POL0368,9881.33,ZAR,2026-08-13,EFT,COMPLETED,PAYREF5A3D6D5A72,
PAY008972,C0611,A1118,POL0255,5216.93,ZAR,2025-11-02,DEBIT_ORDER,COMPLETED,PAYREF73682ACD19,
PAY008973,C0910,A0605,POL0623,8723.23,ZAR,2024-06-21,CARD,COMPLETED,PAYREFCCBE0921EE,
PAY008974,C0056,A0678,POL0308,9803.84,ZAR,2026-01-19,EFT,COMPLETED,PAYREF659B4B1814,
PAY008975,C0579,A0840,,581.42,ZAR,2026-08-26,DEBIT_ORDER,COMPLETED,PAYREF43923A055D,
PAY008976,C0479,A0274,POL0068,452.99,ZAR,2024-03-11,CARD,COMPLETED,PAYREF72ABD77CF5,
PAY008977,C0896,A0065,POL0324,8317.65,ZAR,2026-07-16,DEBIT_ORDER,COMPLETED,PAYREF83C90C8C2F,
PAY008978,C0156,A0928,POL0417,952.35,ZAR,2024-08-23,EFT,FAILED,PAYREFFEDF2C9FF0,Account closed
PAY008979,C0681,A0139,POL0440,2523.04,ZAR,2024-11-23,EFT,COMPLETED,PAYREF746DA8C6BF,
PAY008980,C0934,A1072,POL0516,589.53,ZAR,2026-06-26,MOBILE,COMPLETED,PAYREF7F96F9CC3B,
PAY008981,C0932,A1264,POL0004,599.3,ZAR,2024-06-14,CASH,COMPLETED,PAYREF5DE7DCD286,
PAY008982,C0427,A0937,,2514.82,ZAR,2025-04-04,EFT,COMPLETED,PAYREFC2412A9AEF,
PAY008983,C0328,A1063,POL0651,152.95,ZAR,2024-05-19,EFT,COMPLETED,PAYREF4C3ADFC6DE,
PAY008984,C0804,A0028,POL0603,2399.88,ZAR,2026-02-26,MOBILE,COMPLETED,PAYREFADBB1A046B,
PAY008985,C0098,A0401,POL0438,1852.84,ZAR,2025-08-27,DEBIT_ORDER,COMPLETED,PAYREFDB4518C892,
PAY008986,C0331,A0929,POL0643,645.38,ZAR,2025-05-18,CASH,COMPLETED,PAYREFBBA6590F27,
PAY008987,C0429,A1325,,1123.48,ZAR,2024-12-23,CASH,COMPLETED,PAYREF4019BA2A5C,
PAY008988,C0635,A0174,POL0673,1314.03,ZAR,2024-01-15,EFT,COMPLETED,PAYREF703E8ABE02,
PAY008989,C0822,A0492,,1389.96,ZAR,2026-08-23,CARD,COMPLETED,PAYREFC941B864ED,
PAY008990,C0164,A0532,POL0025,2186.69,ZAR,2026-07-25,EFT,COMPLETED,PAYREFD0F661E792,
PAY008991,C0266,A0408,POL0638,485.42,ZAR,2025-08-28,MOBILE,REVERSED,PAYREF2584AA7469,
PAY008992,C0607,A0500,POL0543,16280.54,ZAR,2024-04-18,MOBILE,COMPLETED,PAYREF4C94F9CFF6,
PAY008993,C0894,A0263,POL0386,892.84,ZAR,2026-08-22,DEBIT_ORDER,PENDING,PAYREF3D5249CA81,
PAY008994,C0366,A1072,POL0612,962.28,ZAR,2026-06-30,CARD,PENDING,PAYREF63CCC5D934,
PAY008995,C0707,A1374,POL0253,7667.07,ZAR,2024-10-15,CASH,COMPLETED,PAYREF735238DF85,
PAY008996,C0972,A1294,POL0415,176.08,ZAR,2025-05-10,CASH,COMPLETED,PAYREFFAEE4EB8D0,
PAY008997,C0097,A0420,,7587.49,ZAR,2025-07-16,MOBILE,COMPLETED,PAYREFEB1A3A2C3B,
PAY008998,C0202,A1087,,1204.07,ZAR,2026-01-16,DEBIT_ORDER,COMPLETED,PAYREFF89F2274FD,
PAY008999,C0609,A1027,POL0275,645.37,ZAR,2026-03-31,CASH,COMPLETED,PAYREFF902AA1EAA,
PAY009000,C0282,A1054,POL0131,357.93,ZAR,2026-04-09,CASH,COMPLETED,PAYREF95E05AFB50,
PAY009001,C0288,A0158,POL0456,308.25,ZAR,2026-01-21,CARD,COMPLETED,PAYREFB27FAB39EF,
PAY009002,C0230,A1036,POL0629,779.13,ZAR,2026-08-17,CASH,COMPLETED,PAYREF351DE610D5,
PAY009003,C0915,A0341,POL0647,1448.06,ZAR,2025-09-22,CARD,COMPLETED,PAYREF7C708F8D52,
PAY009004,C0602,A0564,,2043.66,ZAR,2024-07-19,CASH,COMPLETED,PAYREF585910F680,
PAY009005,C0421,A1081,POL0282,1430.84,ZAR,2025-05-18,DEBIT_ORDER,FAILED,PAYREFB66D8CD650,Technical error
PAY009006,C0522,A0603,POL0199,658.39,ZAR,2025-07-19,DEBIT_ORDER,COMPLETED,PAYREFE2F2D0F7C2,
PAY009007,C0656,A0214,,4186.05,ZAR,2025-03-06,DEBIT_ORDER,COMPLETED,PAYREFFCC20F9C03,
PAY009008,C0102,A0310,,15895.69,ZAR,2026-06-24,CASH,COMPLETED,PAYREF609CFF5DD9,
PAY009009,C0323,A0514,POL0152,4888.42,ZAR,2025-06-13,CARD,COMPLETED,PAYREF56159DA165,
PAY009010,C0015,A1255,POL0404,765.64,ZAR,2025-06-24,DEBIT_ORDER,COMPLETED,PAYREFEA40CA54A1,
PAY009011,C0887,A0031,,1811.8,ZAR,2025-12-26,EFT,COMPLETED,PAYREF9F5183FD49,
PAY009012,C0182,A1092,POL0795,1931.74,ZAR,2026-06-17,MOBILE,COMPLETED,PAYREF9CB0BA60D9,
PAY009013,C0828,A0448,,5451.67,ZAR,2024-07-27,CASH,COMPLETED,PAYREF2EEE01BF28,
PAY009014,C0194,A1034,POL0587,781.97,ZAR,2026-03-31,CASH,COMPLETED,PAYREF8B1913EC3F,
PAY009015,C0092,A0583,,417.83,ZAR,2024-01-14,DEBIT_ORDER,COMPLETED,PAYREF5CE99260F8,
PAY009016,C0004,A1180,,3407.9,ZAR,2024-12-15,CARD,COMPLETED,PAYREF2BD272CCA8,
PAY009017,C0769,A0036,POL0315,1646.45,ZAR,2024-11-17,CARD,COMPLETED,PAYREF28E1CF0929,
PAY009018,C0599,A1329,POL0017,361.85,ZAR,2025-04-28,MOBILE,COMPLETED,PAYREF0B15EF1A41,
PAY009019,C0769,A0888,POL0215,2220.69,ZAR,2026-01-29,MOBILE,COMPLETED,PAYREF996B7288B3,
PAY009020,C0743,A0062,POL0668,6892.96,ZAR,2025-09-06,EFT,REVERSED,PAYREF1746878A2D,
PAY009021,C0514,A1386,POL0285,547.98,ZAR,2025-11-18,CASH,COMPLETED,PAYREFE761CDA02E,
PAY009022,C0512,A0083,POL0059,449.89,ZAR,2024-04-15,MOBILE,PENDING,PAYREF6D96B1EECC,
PAY009023,C0719,A0193,POL0757,1130.1,ZAR,2024-06-12,CASH,PENDING,PAYREF03AD6FF1AC,
PAY009024,C0141,A1118,,2165.27,ZAR,2025-06-30,DEBIT_ORDER,COMPLETED,PAYREFC47D4BA67D,
PAY009025,C0517,A0538,POL0708,1017.48,ZAR,2025-01-10,MOBILE,COMPLETED,PAYREF8D4ADCAF58,
PAY009026,C0978,A0548,,3409.86,ZAR,2026-07-30,MOBILE,COMPLETED,PAYREF231F4D0E4E,
PAY009027,C0709,A0551,POL0616,1423.26,ZAR,2024-10-26,EFT,COMPLETED,PAYREF1E0C7CD984,
PAY009028,C0743,A0189,,3015.9,ZAR,2025-11-05,DEBIT_ORDER,COMPLETED,PAYREFE29A951D27,
PAY009029,C0009,A0586,POL0618,533.35,ZAR,2026-08-04,CASH,COMPLETED,PAYREF22A8FF49E9,
PAY009030,C0467,A1139,POL0587,321.27,ZAR,2026-06-10,CASH,COMPLETED,PAYREF0046E48882,
PAY009031,C0922,A1274,,780.52,ZAR,2024-10-18,CASH,COMPLETED,PAYREF8AD32DFDA2,
PAY009032,C0261,A1191,,285.3,ZAR,2024-03-01,CARD,COMPLETED,PAYREF62E848DB0B,
PAY009033,C0073,A0535,,1651.31,ZAR,2025-01-15,CARD,COMPLETED,PAYREFE8DD898A06,
PAY009034,C0617,A0592,POL0591,145.95,ZAR,2024-06-07,EFT,FAILED,PAYREF0A66EDFEAD,Invalid account
PAY009035,C0186,A0268,POL0443,697.34,ZAR,2024-03-11,DEBIT_ORDER,COMPLETED,PAYREFBDFAED802E,
PAY009036,C0093,A1463,POL0512,823.89,ZAR,2025-04-28,MOBILE,COMPLETED,PAYREF6A429AD3D0,
PAY009037,C0465,A0413,,385.05,ZAR,2025-11-10,MOBILE,COMPLETED,PAYREF26EE039316,
PAY009038,C0316,A0933,,807.26,ZAR,2024-11-13,CASH,COMPLETED,PAYREFEB96DF081C,
PAY009039,C0787,A0432,POL0315,1101.33,ZAR,2025-02-10,EFT,PENDING,PAYREFED41DB6970,
PAY009040,C0976,A0359,POL0289,3901.95,ZAR,2026-09-03,CASH,COMPLETED,PAYREF46FFC4C2A2,
PAY009041,C0287,A1120,POL0471,387.32,ZAR,2025-04-21,DEBIT_ORDER,COMPLETED,PAYREFE6DD52CC08,
PAY009042,C0786,A0239,,1567.66,ZAR,2025-04-01,MOBILE,COMPLETED,PAYREFC34AE8B98C,
PAY009043,C0054,A1124,,1911.72,ZAR,2026-02-06,MOBILE,COMPLETED,PAYREF6C6BB57523,
PAY009044,C0297,A0836,POL0184,1073.66,ZAR,2024-08-31,DEBIT_ORDER,COMPLETED,PAYREF648CA147BB,
PAY009045,C0539,A1097,POL0593,666.45,ZAR,2025-04-15,DEBIT_ORDER,COMPLETED,PAYREF8936C90206,
PAY009046,C0163,A1371,,351.08,ZAR,2026-03-01,EFT,FAILED,PAYREF9B434628D6,Technical error
PAY009047,C0439,A1364,,7321.46,ZAR,2025-04-24,DEBIT_ORDER,COMPLETED,PAYREFEB4E3E00CD,
PAY009048,C0116,A1440,POL0563,1179.26,ZAR,2026-01-18,EFT,COMPLETED,PAYREFDF9A8498AB,
PAY009049,C0950,A0375,POL0521,799.87,ZAR,2024-03-17,MOBILE,COMPLETED,PAYREF560E161EB7,
PAY009050,C0142,A0857,,9150.37,ZAR,2024-08-09,CARD,COMPLETED,PAYREF318F3981A2,
PAY009051,C0726,A0980,POL0473,1369.62,ZAR,2024-05-07,CARD,COMPLETED,PAYREF137E598D0D,
PAY009052,C0514,A0564,POL0290,13953.67,ZAR,2025-12-20,CASH,COMPLETED,PAYREFC9735D6B51,
PAY009053,C0701,A0177,POL0321,266.05,ZAR,2026-06-20,MOBILE,PENDING,PAYREF96C21C64EE,
PAY009054,C0175,A1076,POL0627,865.11,ZAR,2024-06-29,MOBILE,COMPLETED,PAYREFF32E0740A1,
PAY009055,C0268,A0933,,278.66,ZAR,2024-12-04,MOBILE,PENDING,PAYREF17536D0671,
PAY009056,C0252,A1329,,970.56,ZAR,2025-10-20,MOBILE,COMPLETED,PAYREFE10E79D53D,
PAY009057,C0719,A0054,POL0722,965.93,ZAR,2026-08-08,CARD,REVERSED,PAYREFB513FFF956,
PAY009058,C0586,A0356,,693.65,ZAR,2025-10-23,CASH,COMPLETED,PAYREF797CA37C82,
PAY009059,C0523,A0192,,1157.35,ZAR,2024-04-24,EFT,PENDING,PAYREFEA546DBFBB,
PAY009060,C0670,A0983,,728.29,ZAR,2024-08-10,DEBIT_ORDER,COMPLETED,PAYREFD08AD37ABE,
PAY009061,C0004,A0036,POL0115,982.03,ZAR,2024-05-02,MOBILE,COMPLETED,PAYREFF46DA39679,
PAY009062,C0445,A1467,POL0630,515.02,ZAR,2024-02-26,DEBIT_ORDER,COMPLETED,PAYREF986BBD08CB,
PAY009063,C0591,A0081,,4641.63,ZAR,2026-08-02,CARD,COMPLETED,PAYREF74EFA2D9AE,
PAY009064,C0813,A0996,,361.86,ZAR,2025-01-27,CARD,COMPLETED,PAYREF5EA39E11DF,
PAY009065,C0160,A1383,POL0325,1356.09,ZAR,2025-05-02,CASH,FAILED,PAYREF458E7E5B27,Invalid account
PAY009066,C0664,A1205,,332.74,ZAR,2024-09-18,CASH,COMPLETED,PAYREF482FF98D8E,
PAY009067,C0814,A0621,POL0542,475.83,ZAR,2024-07-29,CARD,COMPLETED,PAYREF2768FBB8CC,
PAY009068,C0353,A0120,,529.4,ZAR,2025-06-15,EFT,FAILED,PAYREF41A888A1CC,Account closed
PAY009069,C0591,A0942,,961.24,ZAR,2026-07-25,MOBILE,COMPLETED,PAYREF99DF8D7FF3,
PAY009070,C0006,A0257,,1306.91,ZAR,2025-11-10,EFT,COMPLETED,PAYREF8DC99666A7,
PAY009071,C0327,A1413,POL0708,362.59,ZAR,2024-05-02,CASH,COMPLETED,PAYREF145679D2FD,
PAY009072,C0640,A1210,,725.23,ZAR,2026-05-27,MOBILE,COMPLETED,PAYREFA9AE412AB7,
PAY009073,C0450,A1168,,407.02,ZAR,2024-10-25,EFT,REVERSED,PAYREF7503B514CD,
PAY009074,C0202,A0491,POL0403,389.43,ZAR,2025-09-28,MOBILE,COMPLETED,PAYREF7827B9D0CD,
PAY009075,C0909,A0606,POL0156,3406.91,ZAR,2026-06-11,DEBIT_ORDER,COMPLETED,PAYREF16D945BA07,
PAY009076,C0187,A1448,POL0702,272.6,ZAR,2026-04-24,MOBILE,COMPLETED,PAYREF31B134F5B4,
PAY009077,C0318,A0733,POL0728,1181.67,ZAR,2024-08-13,MOBILE,COMPLETED,PAYREF77B4A6EA7B,
PAY009078,C0126,A0603,POL0556,5991.36,ZAR,2026-03-25,EFT,COMPLETED,PAYREFBEAAE4F57D,
PAY009079,C0199,A0569,POL0067,3663.44,ZAR,2024-05-29,CASH,PENDING,PAYREF6514EDC228,
PAY009080,C0492,A0678,,1678.0,ZAR,2026-03-28,DEBIT_ORDER,COMPLETED,PAYREF2445EF1A11,
PAY009081,C0365,A0066,,1078.95,ZAR,2025-08-27,CARD,COMPLETED,PAYREFD5AE861B4F,
PAY009082,C0370,A0099,,2290.77,ZAR,2024-07-06,DEBIT_ORDER,COMPLETED,PAYREFE41095EA80,
PAY009083,C0639,A1233,,1586.67,ZAR,2024-12-01,CARD,COMPLETED,PAYREF127A941555,
PAY009084,C0291,A0595,,4548.83,ZAR,2026-05-18,MOBILE,COMPLETED,PAYREF2D0D047921,
PAY009085,C0620,A1450,POL0241,959.37,ZAR,2025-10-31,EFT,PENDING,PAYREFCA69B2E453,
PAY009086,C0428,A0543,POL0475,2984.24,ZAR,2026-01-04,EFT,REVERSED,PAYREF8CF352F8A8,
PAY009087,C0183,A0254,,791.77,ZAR,2024-07-04,EFT,COMPLETED,PAYREF33702EC4A5,
PAY009088,C0682,A1278,POL0383,7284.44,ZAR,2025-08-10,EFT,FAILED,PAYREF4F71C4974D,Account closed
PAY009089,C0450,A0183,POL0600,932.77,ZAR,2025-07-01,CARD,COMPLETED,PAYREF2363B926C4,
PAY009090,C0731,A0468,POL0297,217.25,ZAR,2025-04-30,DEBIT_ORDER,COMPLETED,PAYREFA8B9674031,
PAY009091,C0295,A1328,,1185.25,ZAR,2025-02-12,CARD,COMPLETED,PAYREFED468612D0,
PAY009092,C0014,A1270,,2355.72,ZAR,2024-10-27,MOBILE,COMPLETED,PAYREFC39602DBBF,
PAY009093,C0594,A0753,,5589.7,ZAR,2025-06-29,CARD,COMPLETED,PAYREFF79F552A0C,
PAY009094,C0407,A1333,,404.98,ZAR,2025-01-20,EFT,COMPLETED,PAYREF9105AF845A,
PAY009095,C0127,A0343,POL0130,191.63,ZAR,2025-02-08,MOBILE,COMPLETED,PAYREFA6BBB0ADCF,
PAY009096,C0338,A0296,,1802.11,ZAR,2025-07-03,CARD,COMPLETED,PAYREF9AE70219FF,
PAY009097,C0630,A0769,,1747.2,ZAR,2024-02-22,MOBILE,COMPLETED,PAYREF3262B1B19C,
PAY009098,C0208,A1415,,267.45,ZAR,2026-02-17,DEBIT_ORDER,REVERSED,PAYREF88F3E98CAF,
PAY009099,C0934,A1304,POL0603,788.71,ZAR,2025-02-09,CASH,COMPLETED,PAYREF185298CBB1,
PAY009100,C0518,A0217,,824.89,ZAR,2024-04-10,DEBIT_ORDER,FAILED,PAYREF8CCB61C135,Limit exceeded
PAY009101,C0594,A0008,,2497.69,ZAR,2024-03-26,CASH,FAILED,PAYREF895B20E45C,Account closed
PAY009102,C0933,A0186,POL0296,725.09,ZAR,2025-06-11,MOBILE,COMPLETED,PAYREF1118B8075C,
PAY009103,C0727,A0649,,709.45,ZAR,2026-01-24,CASH,COMPLETED,PAYREF2AE6F04FD8,
PAY009104,C0604,A1077,,1229.82,ZAR,2025-09-11,EFT,COMPLETED,PAYREF097B66EF3A,
PAY009105,C0008,A0311,,276.41,ZAR,2025-12-22,CARD,PENDING,PAYREF55813136BD,
PAY009106,C0968,A1162,POL0075,7337.71,ZAR,2025-02-07,DEBIT_ORDER,COMPLETED,PAYREF81F370C1F0,
PAY009107,C0365,A1005,POL0105,2790.76,ZAR,2026-06-15,DEBIT_ORDER,COMPLETED,PAYREF3B1C705944,
PAY009108,C0556,A0172,,543.59,ZAR,2024-01-15,CASH,COMPLETED,PAYREF2CCE60CD94,
PAY009109,C0735,A0334,POL0691,358.66,ZAR,2025-05-06,EFT,COMPLETED,PAYREF9E25FACA0E,
PAY009110,C0802,A0692,POL0239,387.55,ZAR,2026-07-15,CASH,COMPLETED,PAYREFCA4F40FA08,
PAY009111,C0853,A1339,POL0610,1971.88,ZAR,2024-04-11,CASH,COMPLETED,PAYREFB37F2C94CE,
PAY009112,C0821,A0523,POL0047,399.26,ZAR,2026-03-15,CASH,COMPLETED,PAYREFAC3E56EC5E,
PAY009113,C0182,A0125,,854.63,ZAR,2025-02-26,EFT,COMPLETED,PAYREF3346D72915,
PAY009114,C0284,A1173,POL0700,202.18,ZAR,2025-02-11,CARD,COMPLETED,PAYREFB88A3EBC27,
PAY009115,C0180,A1376,,1884.21,ZAR,2026-03-02,CASH,PENDING,PAYREFD848EE66DA,
PAY009116,C0427,A1446,POL0073,1956.18,ZAR,2025-02-26,MOBILE,COMPLETED,PAYREF01927AD4D9,
PAY009117,C0247,A0315,POL0640,911.81,ZAR,2026-05-05,CARD,FAILED,PAYREF01364CCEA9,Technical error
PAY009118,C0656,A1088,,1330.83,ZAR,2026-03-30,CASH,COMPLETED,PAYREF359C8D08B0,
PAY009119,C0440,A1407,,2430.23,ZAR,2026-05-14,CASH,COMPLETED,PAYREFFBD6B7CE02,
PAY009120,C0720,A1302,POL0569,1295.53,ZAR,2026-04-27,CARD,COMPLETED,PAYREFE3C17D7342,
PAY009121,C0921,A0555,POL0767,2394.32,ZAR,2024-07-16,EFT,COMPLETED,PAYREF69EC773C09,
PAY009122,C0136,A0942,POL0019,341.05,ZAR,2025-10-22,DEBIT_ORDER,COMPLETED,PAYREFE9F75BC83B,
PAY009123,C0573,A1124,POL0694,1601.5,ZAR,2025-06-14,CASH,PENDING,PAYREF9ADB5B8715,
PAY009124,C0997,A0917,POL0565,1330.69,ZAR,2026-03-16,CASH,COMPLETED,PAYREFF36A2075D2,
PAY009125,C0891,A0982,POL0581,3648.18,ZAR,2025-03-16,MOBILE,COMPLETED,PAYREF44CAC2C68C,
PAY009126,C0791,A1124,POL0372,1130.45,ZAR,2024-06-18,CARD,COMPLETED,PAYREF48D107265C,
PAY009127,C0933,A0202,POL0784,994.9,ZAR,2024-06-26,CARD,COMPLETED,PAYREF0FDF84CFAC,
PAY009128,C0586,A0721,POL0166,628.21,ZAR,2024-06-13,DEBIT_ORDER,COMPLETED,PAYREF245C1E46D4,
PAY009129,C0262,A1382,POL0260,4871.85,ZAR,2025-09-30,MOBILE,COMPLETED,PAYREFC49E4B6337,
PAY009130,C0024,A1441,POL0596,103.94,ZAR,2024-12-22,CASH,COMPLETED,PAYREF4E8D979613,
PAY009131,C0537,A0696,POL0426,1828.35,ZAR,2025-02-01,EFT,FAILED,PAYREF4CBDC57375,Technical error
PAY009132,C0673,A0301,POL0234,1074.51,ZAR,2024-07-03,CARD,COMPLETED,PAYREF9E17B7326C,
PAY009133,C0298,A0514,POL0342,912.68,ZAR,2026-08-28,CARD,COMPLETED,PAYREF2D1191E061,
PAY009134,C0625,A0703,,788.93,ZAR,2025-06-10,CARD,COMPLETED,PAYREF79E53FEDD2,
PAY009135,C0270,A0362,,1037.06,ZAR,2025-09-20,MOBILE,COMPLETED,PAYREFC078BD9B66,
PAY009136,C0998,A0056,,1769.67,ZAR,2024-02-12,CARD,REVERSED,PAYREFAA7E3E3DDC,
PAY009137,C0653,A0278,POL0397,495.2,ZAR,2025-09-05,CARD,COMPLETED,PAYREF0B20F0C6D9,
PAY009138,C0142,A0722,,1255.17,ZAR,2026-02-23,CASH,COMPLETED,PAYREFC904C64995,
PAY009139,C0071,A1444,POL0307,1557.38,ZAR,2024-12-30,EFT,COMPLETED,PAYREFB1228EDDFB,
PAY009140,C0983,A0157,,422.53,ZAR,2026-02-03,MOBILE,COMPLETED,PAYREF18A8EBB2BA,
PAY009141,C0124,A0215,POL0365,1815.06,ZAR,2024-01-12,CARD,COMPLETED,PAYREF887C2F19CF,
PAY009142,C0652,A0332,,1570.14,ZAR,2026-01-30,DEBIT_ORDER,COMPLETED,PAYREF3D86A77DE8,
PAY009143,C0033,A1293,POL0173,493.26,ZAR,2025-11-06,DEBIT_ORDER,COMPLETED,PAYREF91FF56CDB7,
PAY009144,C0645,A0065,,334.26,ZAR,2024-02-28,DEBIT_ORDER,COMPLETED,PAYREF8C1ADBB592,
PAY009145,C0701,A0051,POL0254,486.82,ZAR,2026-07-02,MOBILE,COMPLETED,PAYREF24D0CE046A,
PAY009146,C0102,A1070,POL0538,1255.61,ZAR,2026-05-13,CASH,COMPLETED,PAYREF7D7625E001,
PAY009147,C0371,A0791,POL0341,1016.45,ZAR,2024-02-25,CASH,COMPLETED,PAYREF760677D5A9,
PAY009148,C0371,A0928,,4420.13,ZAR,2025-12-18,EFT,COMPLETED,PAYREF081A509578,
PAY009149,C0123,A0534,POL0718,759.66,ZAR,2024-12-10,CARD,COMPLETED,PAYREFF40BED85CB,
PAY009150,C0063,A1333,POL0101,450.74,ZAR,2026-05-04,MOBILE,COMPLETED,PAYREFB8618520F0,
PAY009151,C0103,A0268,,2115.45,ZAR,2026-03-25,CASH,COMPLETED,PAYREF849F323B67,
PAY009152,C0412,A0547,POL0649,411.57,ZAR,2026-04-03,EFT,COMPLETED,PAYREF7DF0F79DDB,
PAY009153,C0143,A0092,,497.29,ZAR,2025-04-15,MOBILE,PENDING,PAYREF8717DBBFA3,
PAY009154,C0107,A0079,,503.84,ZAR,2026-06-01,EFT,COMPLETED,PAYREF115C07F19F,
PAY009155,C0268,A0858,,54.74,ZAR,2024-09-04,DEBIT_ORDER,COMPLETED,PAYREFD9DCFE49F2,
PAY009156,C0816,A0925,POL0076,1933.07,ZAR,2024-01-14,EFT,COMPLETED,PAYREFB52CA898CA,
PAY009157,C0398,A0857,,2807.31,ZAR,2024-11-10,CARD,COMPLETED,PAYREFBDE2B29DB8,
PAY009158,C0569,A0291,POL0267,2742.67,ZAR,2025-01-11,CARD,COMPLETED,PAYREF4B0BFA7E77,
PAY009159,C0747,A0893,POL0357,7225.91,ZAR,2025-12-28,DEBIT_ORDER,COMPLETED,PAYREF650808BE0F,
PAY009160,C0258,A0534,,4949.44,ZAR,2025-04-08,EFT,COMPLETED,PAYREF6106F4079C,
PAY009161,C0067,A0885,,785.27,ZAR,2025-03-25,DEBIT_ORDER,FAILED,PAYREF54093A7C68,Insufficient funds
PAY009162,C0023,A0931,,3325.05,ZAR,2025-10-11,CARD,COMPLETED,PAYREF120CB444CB,
PAY009163,C0302,A1230,POL0234,994.62,ZAR,2024-06-18,MOBILE,PENDING,PAYREF4969EEE22E,
PAY009164,C0659,A0707,POL0036,716.25,ZAR,2025-11-04,CARD,COMPLETED,PAYREFA41BA05733,
PAY009165,C0197,A0305,POL0133,515.13,ZAR,2025-11-18,EFT,COMPLETED,PAYREF9D4967A0EF,
PAY009166,C0513,A0941,POL0405,839.14,ZAR,2025-05-08,CASH,PENDING,PAYREF4FAF724804,
PAY009167,C0049,A1085,,1523.81,ZAR,2025-12-19,MOBILE,COMPLETED,PAYREF0C55297AAE,
PAY009168,C0230,A1392,POL0216,5330.17,ZAR,2026-02-06,EFT,COMPLETED,PAYREF1AB224322B,
PAY009169,C0081,A0780,POL0574,2272.52,ZAR,2025-02-22,DEBIT_ORDER,COMPLETED,PAYREFF3578CDCC1,
PAY009170,C0373,A1379,POL0569,507.09,ZAR,2024-11-11,MOBILE,COMPLETED,PAYREF3856DA4EEA,
PAY009171,C0824,A0894,POL0518,386.01,ZAR,2026-07-18,DEBIT_ORDER,COMPLETED,PAYREF5712A8E03E,
PAY009172,C0822,A0674,,1936.32,ZAR,2025-02-15,EFT,COMPLETED,PAYREF5F7C604C21,
PAY009173,C0777,A1023,POL0490,2703.69,ZAR,2024-02-12,EFT,COMPLETED,PAYREF9ACE955C75,
PAY009174,C0392,A0321,,3742.38,ZAR,2026-06-10,CASH,COMPLETED,PAYREFC2EE56DAC6,
PAY009175,C0553,A1356,,838.19,ZAR,2025-11-26,CARD,COMPLETED,PAYREFA461F30B6B,
PAY009176,C0099,A0960,POL0591,1753.73,ZAR,2026-01-04,MOBILE,COMPLETED,PAYREF05A66CFB9B,
PAY009177,C0481,A0758,POL0285,2580.73,ZAR,2026-02-08,MOBILE,COMPLETED,PAYREF9C191602D9,
PAY009178,C0729,A1114,POL0279,283.99,ZAR,2026-04-06,CARD,PENDING,PAYREF8F8C4E835D,
PAY009179,C0105,A0729,POL0087,1447.76,ZAR,2024-01-16,EFT,COMPLETED,PAYREFDD184144B3,
PAY009180,C0727,A1243,POL0552,2709.03,ZAR,2024-11-26,EFT,COMPLETED,PAYREFC8224EFCF5,
PAY009181,C0636,A0753,POL0191,1826.93,ZAR,2025-03-31,CASH,COMPLETED,PAYREF3D7441CD8C,
PAY009182,C0129,A1047,POL0209,1011.67,ZAR,2024-09-16,DEBIT_ORDER,COMPLETED,PAYREFE3179F4BFC,
PAY009183,C0280,A1138,POL0011,14912.35,ZAR,2026-01-01,CARD,COMPLETED,PAYREF977A19F0BF,
PAY009184,C0838,A0806,POL0395,7559.19,ZAR,2026-09-09,CASH,COMPLETED,PAYREF564A68C2B1,
PAY009185,C0219,A0284,POL0529,1106.99,ZAR,2024-05-27,MOBILE,COMPLETED,PAYREF5429BE0709,
PAY009186,C0067,A0870,POL0239,907.12,ZAR,2026-04-12,DEBIT_ORDER,COMPLETED,PAYREFF71C03C98A,
PAY009187,C0692,A0479,,2208.96,ZAR,2024-11-11,CARD,COMPLETED,PAYREFD8FE6EEE4A,
PAY009188,C0560,A1497,,1035.33,ZAR,2025-02-16,CARD,COMPLETED,PAYREF0CE3793B0A,
PAY009189,C0945,A0711,POL0338,3910.98,ZAR,2024-10-11,MOBILE,COMPLETED,PAYREF38E0C9725C,
PAY009190,C0315,A0137,,308.82,ZAR,2024-12-14,CARD,PENDING,PAYREF63C64DBC4C,
PAY009191,C0292,A1449,POL0680,862.04,ZAR,2025-05-01,EFT,COMPLETED,PAYREF7742C1CB21,
PAY009192,C0684,A1295,POL0165,2176.01,ZAR,2026-05-25,CASH,COMPLETED,PAYREF6A7148E036,
PAY009193,C0640,A0310,,2992.15,ZAR,2024-11-25,MOBILE,COMPLETED,PAYREFEECBEC8113,
PAY009194,C0459,A0211,POL0725,249.41,ZAR,2025-03-04,CASH,FAILED,PAYREF2874CDBC91,Insufficient funds
PAY009195,C0341,A1049,POL0363,422.39,ZAR,2025-06-13,CASH,COMPLETED,PAYREF755EEC4D11,
PAY009196,C0778,A0829,POL0555,205.15,ZAR,2026-07-29,CASH,COMPLETED,PAYREFF11C9DCC19,
PAY009197,C0114,A0747,POL0211,457.98,ZAR,2025-04-27,CASH,COMPLETED,PAYREFACB6AEBD11,
PAY009198,C0433,A0392,POL0214,305.76,ZAR,2024-06-24,DEBIT_ORDER,COMPLETED,PAYREF143612FB28,
PAY009199,C0818,A0351,POL0630,1880.2,ZAR,2026-04-03,EFT,COMPLETED,PAYREFF7AF9FACAC,
PAY009200,C0468,A1092,POL0784,1378.85,ZAR,2026-07-19,DEBIT_ORDER,COMPLETED,PAYREFC5CA2A325F,
PAY009201,C0232,A1230,,940.27,ZAR,2025-12-03,CARD,COMPLETED,PAYREFA055C0ADBF,
PAY009202,C0987,A0456,POL0306,1125.63,ZAR,2025-12-13,MOBILE,COMPLETED,PAYREFEB73B27693,
PAY009203,C0342,A0609,POL0221,3620.04,ZAR,2024-03-20,CARD,COMPLETED,PAYREF8335CC3C46,
PAY009204,C0277,A0607,,386.73,ZAR,2025-01-31,MOBILE,COMPLETED,PAYREF67D6DEE1EC,
PAY009205,C0174,A0075,POL0726,159.14,ZAR,2024-12-21,DEBIT_ORDER,COMPLETED,PAYREF7A87E9C001,
PAY009206,C0197,A0628,POL0354,2231.68,ZAR,2025-05-03,CARD,COMPLETED,PAYREFB98F7C004D,
PAY009207,C0749,A0495,POL0447,741.77,ZAR,2025-01-15,DEBIT_ORDER,COMPLETED,PAYREF7CAD1EE088,
PAY009208,C0756,A0223,POL0013,396.06,ZAR,2024-05-08,EFT,COMPLETED,PAYREF93B992AE0D,
PAY009209,C0798,A0420,,1908.38,ZAR,2026-04-26,CASH,COMPLETED,PAYREFA866E7961F,
PAY009210,C0027,A1081,,153.29,ZAR,2025-03-22,CASH,COMPLETED,PAYREF8EAF5A3026,
PAY009211,C0702,A1417,POL0157,465.17,ZAR,2024-03-16,CARD,COMPLETED,PAYREF4233FAABE1,
PAY009212,C0545,A1104,POL0740,100.62,ZAR,2025-07-21,EFT,COMPLETED,PAYREF731434890D,
PAY009213,C0011,A1163,POL0577,1420.97,ZAR,2024-05-20,MOBILE,COMPLETED,PAYREF2B6F47B3FF,
PAY009214,C0818,A1066,,5290.62,ZAR,2026-06-25,MOBILE,COMPLETED,PAYREF2F693139B1,
PAY009215,C0339,A0951,,618.21,ZAR,2024-12-30,CARD,COMPLETED,PAYREF437B3CDAA4,
PAY009216,C0091,A0151,POL0753,496.93,ZAR,2024-09-20,DEBIT_ORDER,COMPLETED,PAYREF7322472E1F,
PAY009217,C0331,A0817,POL0069,6532.56,ZAR,2026-09-04,EFT,COMPLETED,PAYREF0924D3533A,
PAY009218,C0371,A0518,,2053.78,ZAR,2025-05-21,MOBILE,COMPLETED,PAYREF9BAFD88A03,
PAY009219,C0963,A1499,,11854.22,ZAR,2025-01-15,MOBILE,REVERSED,PAYREFDD4E6B89EC,
PAY009220,C0479,A0404,POL0121,1287.94,ZAR,2026-04-27,CASH,PENDING,PAYREFB359E825D9,
PAY009221,C0889,A0692,POL0003,1375.59,ZAR,2025-10-16,CASH,COMPLETED,PAYREF4FB1E539D1,
PAY009222,C0454,A0056,,4650.96,ZAR,2024-10-04,CASH,PENDING,PAYREFE11F2CB573,
PAY009223,C0452,A0554,POL0639,945.18,ZAR,2024-09-29,CARD,COMPLETED,PAYREF9F9D56B978,
PAY009224,C0332,A0398,POL0239,1404.16,ZAR,2025-08-23,CARD,PENDING,PAYREFE253DCC34D,
PAY009225,C0435,A0623,,97.39,ZAR,2026-08-29,MOBILE,COMPLETED,PAYREF786C6E06BA,
PAY009226,C0395,A0982,,6233.57,ZAR,2025-12-16,DEBIT_ORDER,COMPLETED,PAYREFEAB316ECF7,
PAY009227,C0902,A0041,POL0306,1621.12,ZAR,2024-04-19,EFT,COMPLETED,PAYREF689C78BE9C,
PAY009228,C0959,A1454,POL0074,984.98,ZAR,2026-02-19,CARD,COMPLETED,PAYREFF9F8138B54,
PAY009229,C0492,A0186,POL0733,2717.17,ZAR,2025-10-06,CASH,COMPLETED,PAYREF4C77245704,
PAY009230,C0109,A1032,POL0210,336.48,ZAR,2026-07-14,EFT,COMPLETED,PAYREF46785C4CB9,
PAY009231,C0284,A1260,,631.83,ZAR,2024-10-15,DEBIT_ORDER,FAILED,PAYREF0E23695DA3,Insufficient funds
PAY009232,C0512,A1013,,1907.09,ZAR,2026-06-21,DEBIT_ORDER,COMPLETED,PAYREFA5405F0A6C,
PAY009233,C0342,A0685,POL0782,1145.99,ZAR,2025-11-27,DEBIT_ORDER,COMPLETED,PAYREFDE9BA8EC0F,
PAY009234,C0085,A0100,POL0727,1714.08,ZAR,2025-10-30,EFT,COMPLETED,PAYREF94034AB42F,
PAY009235,C0828,A1496,POL0265,1407.12,ZAR,2026-05-15,EFT,COMPLETED,PAYREF4083B58068,
PAY009236,C0428,A0180,,2060.17,ZAR,2026-03-05,CARD,COMPLETED,PAYREFF22E8865FA,
PAY009237,C0384,A0644,POL0112,292.71,ZAR,2024-08-18,CARD,COMPLETED,PAYREFF4FF965A0A,
PAY009238,C0123,A1037,POL0405,3936.88,ZAR,2024-10-06,CARD,COMPLETED,PAYREF93A29807F9,
PAY009239,C0895,A0119,,675.95,ZAR,2024-06-27,CARD,PENDING,PAYREFAAEE14542B,
PAY009240,C0812,A1239,POL0200,1161.81,ZAR,2024-08-09,MOBILE,COMPLETED,PAYREF68711FAB76,
PAY009241,C0223,A0679,,601.38,ZAR,2025-11-21,MOBILE,COMPLETED,PAYREF2466B6FB5D,
PAY009242,C0338,A0202,,822.7,ZAR,2024-12-08,CARD,COMPLETED,PAYREF163A1D7D51,
PAY009243,C0901,A0062,POL0780,1378.97,ZAR,2024-10-14,MOBILE,COMPLETED,PAYREFA2B3A5F99D,
PAY009244,C0090,A0738,POL0148,2287.39,ZAR,2026-05-06,MOBILE,COMPLETED,PAYREF6AF3FAC76B,
PAY009245,C0545,A0807,,2700.6,ZAR,2026-01-15,CARD,PENDING,PAYREFC8B2A349AC,
PAY009246,C0818,A0971,POL0300,1690.05,ZAR,2025-03-07,EFT,REVERSED,PAYREF06F5C0FA3A,
PAY009247,C0222,A0652,POL0604,604.38,ZAR,2025-07-17,EFT,COMPLETED,PAYREFED337BECB8,
PAY009248,C0629,A1072,,1586.76,ZAR,2026-04-21,CASH,COMPLETED,PAYREFE143CEEC07,
PAY009249,C0492,A1489,,1394.5,ZAR,2026-02-15,DEBIT_ORDER,COMPLETED,PAYREFF07E6F6EC5,
PAY009250,C0305,A0547,,1163.36,ZAR,2024-02-08,MOBILE,FAILED,PAYREFF0695C7713,Invalid account
PAY009251,C0743,A0561,POL0395,1870.99,ZAR,2024-11-01,EFT,COMPLETED,PAYREFB609B7482D,
PAY009252,C0741,A0740,POL0381,306.2,ZAR,2026-05-11,CASH,COMPLETED,PAYREFCC572D8D17,
PAY009253,C0381,A0117,POL0225,144.47,ZAR,2026-09-05,MOBILE,COMPLETED,PAYREF1194A30B7A,
PAY009254,C0903,A0439,,3604.72,ZAR,2025-10-31,DEBIT_ORDER,COMPLETED,PAYREFE953A160EE,
PAY009255,C0985,A0433,POL0078,961.63,ZAR,2024-11-09,CARD,COMPLETED,PAYREF46F1485D21,
PAY009256,C0191,A0638,POL0422,1662.25,ZAR,2024-07-09,CASH,COMPLETED,PAYREFBF968309E0,
PAY009257,C0015,A0624,,460.56,ZAR,2024-04-01,CASH,COMPLETED,PAYREFCA8D30D340,
PAY009258,C0219,A1493,POL0274,3874.7,ZAR,2026-05-10,EFT,COMPLETED,PAYREFD873A494C2,
PAY009259,C0189,A1206,,1556.32,ZAR,2025-02-12,EFT,COMPLETED,PAYREFBBDF444616,
PAY009260,C0696,A0036,,916.43,ZAR,2025-07-05,EFT,PENDING,PAYREF3C333013A8,
PAY009261,C0475,A0955,,1459.42,ZAR,2025-02-24,CARD,COMPLETED,PAYREFBB3D49C2CF,
PAY009262,C0194,A1459,POL0776,192.15,ZAR,2025-05-05,MOBILE,COMPLETED,PAYREF934140D247,
PAY009263,C0416,A0020,POL0596,1592.61,ZAR,2024-09-18,CASH,COMPLETED,PAYREF5AE75FA3F2,
PAY009264,C0830,A0531,POL0525,4850.45,ZAR,2025-07-17,MOBILE,COMPLETED,PAYREFD300F43398,
PAY009265,C0730,A0497,POL0670,1503.09,ZAR,2024-11-29,MOBILE,COMPLETED,PAYREF6FB6706819,
PAY009266,C0486,A1232,POL0039,1321.0,ZAR,2025-06-10,CARD,PENDING,PAYREF4923450AD1,
PAY009267,C0481,A1388,POL0545,798.69,ZAR,2024-02-14,EFT,COMPLETED,PAYREF0E00770009,
PAY009268,C0125,A0892,POL0493,3238.16,ZAR,2026-08-07,MOBILE,COMPLETED,PAYREF6957718F5F,
PAY009269,C0992,A0424,POL0749,3755.62,ZAR,2026-01-06,CASH,COMPLETED,PAYREFB9B92F3418,
PAY009270,C0300,A0065,,711.98,ZAR,2026-08-07,DEBIT_ORDER,COMPLETED,PAYREF93BFDEE817,
PAY009271,C0229,A0727,,1569.71,ZAR,2026-05-16,CARD,COMPLETED,PAYREF5A27F21144,
PAY009272,C0127,A0181,POL0153,1383.28,ZAR,2024-06-08,CARD,COMPLETED,PAYREFB606757522,
PAY009273,C0597,A1027,,1638.88,ZAR,2025-08-18,CARD,COMPLETED,PAYREFE0226680D5,
PAY009274,C0184,A0453,,506.37,ZAR,2026-03-20,EFT,COMPLETED,PAYREF377C6B707F,
PAY009275,C0465,A0776,POL0580,3438.45,ZAR,2025-06-29,CARD,COMPLETED,PAYREFDB20EDBABE,
PAY009276,C0281,A1381,POL0377,1929.89,ZAR,2024-02-28,CASH,COMPLETED,PAYREFCB3E5EFD55,
PAY009277,C0581,A1205,,3649.72,ZAR,2026-07-20,CASH,COMPLETED,PAYREF7187177459,
PAY009278,C0019,A0258,POL0444,359.48,ZAR,2025-02-03,DEBIT_ORDER,COMPLETED,PAYREF4B6F7651D5,
PAY009279,C0187,A0189,POL0398,381.23,ZAR,2026-01-01,DEBIT_ORDER,COMPLETED,PAYREFD872071CF5,
PAY009280,C0352,A0670,,8598.95,ZAR,2024-05-14,EFT,COMPLETED,PAYREF4F7223B00B,
PAY009281,C0613,A0471,POL0546,3453.45,ZAR,2024-04-17,MOBILE,COMPLETED,PAYREFD29C9A81FD,
PAY009282,C0053,A0871,POL0148,485.37,ZAR,2025-10-04,MOBILE,COMPLETED,PAYREFEA27B5FC3A,
PAY009283,C0743,A1300,,2612.73,ZAR,2026-08-25,MOBILE,COMPLETED,PAYREFA892B623DA,
PAY009284,C0774,A0084,POL0140,688.27,ZAR,2026-01-28,CASH,COMPLETED,PAYREFB2C25F0BB2,
PAY009285,C0469,A1347,,200.6,ZAR,2025-11-11,CASH,COMPLETED,PAYREF612B833BBB,
PAY009286,C0614,A0362,POL0031,134.26,ZAR,2026-03-01,MOBILE,COMPLETED,PAYREF8D1101A04E,
PAY009287,C0970,A0105,,1072.78,ZAR,2025-12-01,EFT,COMPLETED,PAYREFD976773388,
PAY009288,C0765,A0949,,5222.86,ZAR,2026-06-23,MOBILE,COMPLETED,PAYREF006B3DBC09,
PAY009289,C0245,A0515,POL0797,5021.02,ZAR,2026-08-06,MOBILE,REVERSED,PAYREFDAD9E979CA,
PAY009290,C0825,A0204,POL0525,3866.65,ZAR,2025-07-22,MOBILE,COMPLETED,PAYREF1FFF253C37,
PAY009291,C0532,A0278,,2514.96,ZAR,2026-08-22,EFT,FAILED,PAYREF712743C9F7,Limit exceeded
PAY009292,C0411,A0096,POL0329,1506.23,ZAR,2025-02-25,MOBILE,COMPLETED,PAYREF07B9E24BE1,
PAY009293,C0172,A0008,,3470.19,ZAR,2024-09-07,MOBILE,COMPLETED,PAYREF94D090CC16,
PAY009294,C0091,A1011,,146.81,ZAR,2025-05-08,CARD,COMPLETED,PAYREFC90A5B7E5A,
PAY009295,C0485,A0452,POL0567,2950.67,ZAR,2024-12-25,MOBILE,REVERSED,PAYREF120670E3A0,
PAY009296,C0108,A0811,,357.45,ZAR,2024-12-16,MOBILE,COMPLETED,PAYREF1664AFC220,
PAY009297,C0866,A0107,,440.22,ZAR,2026-01-26,CARD,COMPLETED,PAYREF2897D37829,
PAY009298,C0567,A0012,POL0211,2199.21,ZAR,2025-02-19,EFT,COMPLETED,PAYREF08CBCA76C9,
PAY009299,C0434,A0232,,2775.9,ZAR,2026-01-26,EFT,COMPLETED,PAYREFEB265706AA,
PAY009300,C0948,A0768,,596.03,ZAR,2025-01-10,CARD,COMPLETED,PAYREFFC6762A8A5,
PAY009301,C0594,A0506,POL0774,2092.66,ZAR,2026-07-06,CARD,COMPLETED,PAYREF9EF823A302,
PAY009302,C0212,A0116,POL0692,1925.48,ZAR,2024-01-14,MOBILE,COMPLETED,PAYREF2BFB8C3AED,
PAY009303,C0090,A0498,POL0626,803.8,ZAR,2025-03-06,CARD,COMPLETED,PAYREF36D6832BE7,
PAY009304,C0272,A0671,POL0438,1279.02,ZAR,2025-05-22,CASH,COMPLETED,PAYREF8D0A83C26A,
PAY009305,C0331,A0656,POL0711,8785.73,ZAR,2024-07-14,CASH,COMPLETED,PAYREFE4D90907E7,
PAY009306,C0744,A0105,,827.52,ZAR,2024-02-22,MOBILE,COMPLETED,PAYREF71BEF13CEE,
PAY009307,C0413,A0370,POL0718,856.55,ZAR,2024-03-23,DEBIT_ORDER,COMPLETED,PAYREF68667FFC54,
PAY009308,C0298,A1414,POL0630,1274.12,ZAR,2026-04-01,CARD,COMPLETED,PAYREF24B3F93B7D,
PAY009309,C0423,A0789,,913.28,ZAR,2024-09-15,DEBIT_ORDER,COMPLETED,PAYREFCBB893BD07,
PAY009310,C0219,A0932,POL0155,2417.53,ZAR,2026-01-19,DEBIT_ORDER,COMPLETED,PAYREFA58553B25C,
PAY009311,C0543,A0702,POL0167,4765.91,ZAR,2025-04-27,EFT,COMPLETED,PAYREFEF18EBEE2D,
PAY009312,C0868,A0563,,856.91,ZAR,2024-07-05,DEBIT_ORDER,FAILED,PAYREF1704F98F56,Account closed
PAY009313,C0081,A1242,POL0193,465.55,ZAR,2024-05-25,CARD,COMPLETED,PAYREFC218116700,
PAY009314,C0941,A1135,,7902.29,ZAR,2026-05-15,DEBIT_ORDER,COMPLETED,PAYREF14D88D1A92,
PAY009315,C0416,A0719,POL0450,1236.21,ZAR,2026-06-08,EFT,COMPLETED,PAYREF62E5395BA9,
PAY009316,C0096,A1098,,199.43,ZAR,2026-01-02,CARD,COMPLETED,PAYREF48C4C18289,
PAY009317,C0926,A0225,POL0375,7060.52,ZAR,2025-04-20,DEBIT_ORDER,PENDING,PAYREFB9A658616C,
PAY009318,C0480,A0034,,3381.88,ZAR,2024-03-26,EFT,COMPLETED,PAYREFDDA8F4ADB2,
PAY009319,C0411,A1488,POL0269,5438.96,ZAR,2026-06-07,CASH,FAILED,PAYREF164A3C68B8,Technical error
PAY009320,C0801,A0741,POL0365,4602.01,ZAR,2025-11-07,MOBILE,PENDING,PAYREFE64AB1DD0D,
PAY009321,C0186,A0265,POL0640,15444.19,ZAR,2025-10-27,CARD,COMPLETED,PAYREF22803E9CEC,
PAY009322,C0831,A1192,POL0375,388.8,ZAR,2024-04-16,MOBILE,COMPLETED,PAYREF4765819664,
PAY009323,C0053,A0892,,494.9,ZAR,2025-09-15,CASH,COMPLETED,PAYREFD661FEEFC4,
PAY009324,C0367,A0338,POL0112,670.31,ZAR,2026-04-13,CARD,COMPLETED,PAYREFAD19F02909,
PAY009325,C0764,A0466,,651.42,ZAR,2024-03-12,CASH,COMPLETED,PAYREF2955A9C984,
PAY009326,C0038,A1017,,1240.1,ZAR,2025-12-06,EFT,COMPLETED,PAYREF8086DDEBDB,
PAY009327,C0092,A0907,POL0377,671.89,ZAR,2024-09-05,MOBILE,COMPLETED,PAYREF7D86A2031A,
PAY009328,C0965,A0630,,333.77,ZAR,2024-03-24,EFT,COMPLETED,PAYREFD9523EEF1C,
PAY009329,C0697,A0439,POL0643,457.4,ZAR,2026-08-04,EFT,COMPLETED,PAYREFDCF14014D6,
PAY009330,C0988,A0875,,817.5,ZAR,2026-01-05,MOBILE,COMPLETED,PAYREF61D9AE53BB,
PAY009331,C0160,A1406,POL0202,3443.7,ZAR,2024-03-21,CARD,FAILED,PAYREF12A1985C0A,Account closed
PAY009332,C0764,A1145,POL0523,616.89,ZAR,2025-03-01,DEBIT_ORDER,FAILED,PAYREF451277E6FC,Insufficient funds
PAY009333,C0250,A1301,POL0752,2465.05,ZAR,2025-05-20,CARD,COMPLETED,PAYREFDE19F23126,
PAY009334,C0153,A0126,,292.58,ZAR,2024-06-17,EFT,COMPLETED,PAYREF3A0688E0BE,
PAY009335,C0895,A1267,POL0473,44.75,ZAR,2024-01-22,DEBIT_ORDER,COMPLETED,PAYREFFB8B8DB7B5,
PAY009336,C0150,A0730,,959.9,ZAR,2026-04-15,DEBIT_ORDER,FAILED,PAYREFBCDABB635B,Limit exceeded
PAY009337,C0610,A0219,,595.85,ZAR,2025-09-30,EFT,COMPLETED,PAYREF53E75FBBF4,
PAY009338,C0824,A0567,,454.08,ZAR,2024-10-11,CARD,REVERSED,PAYREF4B339AE274,
PAY009339,C0465,A0764,POL0102,403.89,ZAR,2024-01-16,MOBILE,COMPLETED,PAYREF8511A53010,
PAY009340,C0006,A0794,POL0034,540.49,ZAR,2026-03-15,CASH,PENDING,PAYREF0941C614A9,
PAY009341,C0807,A0380,,408.56,ZAR,2024-08-21,MOBILE,COMPLETED,PAYREF934532A16A,
PAY009342,C0250,A1208,POL0040,447.32,ZAR,2026-08-14,MOBILE,REVERSED,PAYREFD79CC71C0B,
PAY009343,C0575,A0391,,281.79,ZAR,2025-12-14,DEBIT_ORDER,COMPLETED,PAYREF05BA02D143,
PAY009344,C0195,A1423,,130.4,ZAR,2025-04-20,MOBILE,COMPLETED,PAYREFC98B229095,
PAY009345,C0752,A0297,,120.37,ZAR,2026-03-01,CARD,REVERSED,PAYREF8C4A882285,
PAY009346,C0657,A0581,POL0678,12849.87,ZAR,2024-09-10,CASH,PENDING,PAYREFFDD55D9AF4,
PAY009347,C0387,A0608,POL0533,1029.42,ZAR,2026-06-20,CASH,COMPLETED,PAYREF5070D3E86E,
PAY009348,C0877,A1313,POL0556,5036.88,ZAR,2025-11-06,DEBIT_ORDER,COMPLETED,PAYREFB0F3B84BE5,
PAY009349,C0160,A0565,,918.19,ZAR,2025-02-22,CARD,COMPLETED,PAYREFC6C6235083,
PAY009350,C0284,A0925,POL0571,949.3,ZAR,2025-08-27,CASH,COMPLETED,PAYREF9D6A8979C7,
PAY009351,C0302,A1151,POL0477,1490.21,ZAR,2025-06-02,EFT,COMPLETED,PAYREFF8F42BE9A2,
PAY009352,C0666,A0946,,2079.89,ZAR,2024-09-01,MOBILE,COMPLETED,PAYREFE0847D305A,
PAY009353,C0979,A1346,,315.24,ZAR,2026-01-07,DEBIT_ORDER,COMPLETED,PAYREFE68D7D1E2F,
PAY009354,C0858,A1103,POL0298,750.11,ZAR,2025-03-30,DEBIT_ORDER,COMPLETED,PAYREF218798B5D3,
PAY009355,C0652,A0407,POL0112,1487.4,ZAR,2025-09-30,DEBIT_ORDER,PENDING,PAYREF4B3C632556,
PAY009356,C0039,A0004,,158.61,ZAR,2025-07-08,CARD,COMPLETED,PAYREF9AEF49C97C,
PAY009357,C0931,A0309,POL0650,4013.18,ZAR,2026-02-07,DEBIT_ORDER,COMPLETED,PAYREFD777B2BBEF,
PAY009358,C0032,A1358,,3174.03,ZAR,2025-10-01,DEBIT_ORDER,COMPLETED,PAYREFBEBA5444CC,
PAY009359,C0682,A0175,,134.05,ZAR,2024-07-10,CASH,COMPLETED,PAYREFD588FA753A,
PAY009360,C0204,A0050,POL0483,455.32,ZAR,2026-06-19,CASH,FAILED,PAYREFBFC35AADCD,Technical error
PAY009361,C0118,A1129,POL0336,1217.86,ZAR,2025-05-24,CASH,COMPLETED,PAYREFD0AFC249B2,
PAY009362,C0542,A1242,,2544.89,ZAR,2024-06-03,EFT,COMPLETED,PAYREF51A8465748,
PAY009363,C0133,A1423,POL0468,5044.87,ZAR,2025-03-21,CASH,COMPLETED,PAYREF38D3EC86F4,
PAY009364,C0972,A0933,,579.79,ZAR,2025-05-20,MOBILE,COMPLETED,PAYREFED0BA25447,
PAY009365,C0784,A0807,POL0240,11363.6,ZAR,2025-06-17,CASH,COMPLETED,PAYREF3A3A87E7BA,
PAY009366,C0539,A1059,,1044.44,ZAR,2025-07-03,DEBIT_ORDER,COMPLETED,PAYREF8E52B2654A,
PAY009367,C0199,A1139,POL0744,876.44,ZAR,2024-09-30,MOBILE,COMPLETED,PAYREF436F716AA4,
PAY009368,C0014,A1087,POL0075,1923.16,ZAR,2026-01-07,EFT,COMPLETED,PAYREFFAA6CB6060,
PAY009369,C0984,A1478,POL0021,1496.36,ZAR,2025-11-20,CASH,COMPLETED,PAYREFE1FAF2A059,
PAY009370,C0762,A0224,,1415.0,ZAR,2025-07-17,MOBILE,COMPLETED,PAYREF1FB724E146,
PAY009371,C0516,A0668,POL0725,8072.04,ZAR,2025-01-29,CASH,COMPLETED,PAYREFA3A707426C,
PAY009372,C0209,A1286,,1404.41,ZAR,2024-03-11,DEBIT_ORDER,COMPLETED,PAYREF6628CC04D7,
PAY009373,C0720,A0916,POL0796,409.82,ZAR,2026-06-23,EFT,FAILED,PAYREF273A173794,Account closed
PAY009374,C0015,A0045,POL0445,473.54,ZAR,2026-07-28,MOBILE,FAILED,PAYREF13A755211D,Account closed
PAY009375,C0135,A0287,POL0014,4782.05,ZAR,2025-06-23,EFT,COMPLETED,PAYREFA380FF8081,
PAY009376,C0992,A0455,,2172.92,ZAR,2025-04-07,MOBILE,COMPLETED,PAYREFDD3539E65B,
PAY009377,C0283,A0452,,231.29,ZAR,2024-07-18,DEBIT_ORDER,COMPLETED,PAYREF68958EDEF6,
PAY009378,C0871,A1061,POL0719,220.19,ZAR,2024-09-10,EFT,REVERSED,PAYREF65915D1B7D,
PAY009379,C0435,A1063,POL0257,1124.46,ZAR,2025-08-21,CASH,COMPLETED,PAYREF9A5A7711B8,
PAY009380,C0038,A1228,,2031.42,ZAR,2025-01-08,CARD,FAILED,PAYREFE2D23AE64B,Account closed
PAY009381,C0458,A0645,,556.66,ZAR,2026-04-18,MOBILE,COMPLETED,PAYREF04C888FC0A,
PAY009382,C0381,A1025,,204.35,ZAR,2025-08-07,CARD,COMPLETED,PAYREF99BF76A6BA,
PAY009383,C0636,A1190,POL0351,355.96,ZAR,2026-05-31,CARD,COMPLETED,PAYREF814919B5D6,
PAY009384,C0678,A0667,POL0688,5685.94,ZAR,2026-02-08,MOBILE,COMPLETED,PAYREF261A1DA882,
PAY009385,C0932,A1167,,1802.57,ZAR,2026-01-13,EFT,COMPLETED,PAYREFEB08C32DF5,
PAY009386,C0698,A1208,POL0257,2981.2,ZAR,2025-03-08,DEBIT_ORDER,COMPLETED,PAYREF5A140C5E54,
PAY009387,C0767,A0100,POL0261,3515.7,ZAR,2024-03-27,CARD,COMPLETED,PAYREF446803382F,
PAY009388,C0379,A1417,POL0676,586.4,ZAR,2025-05-01,DEBIT_ORDER,PENDING,PAYREF2B1853F8C3,
PAY009389,C0626,A0185,,755.19,ZAR,2026-05-29,EFT,COMPLETED,PAYREF33D1496E8C,
PAY009390,C0452,A0078,POL0148,927.04,ZAR,2025-07-03,MOBILE,PENDING,PAYREF442EED43CE,
PAY009391,C0701,A0318,POL0182,1663.51,ZAR,2024-05-20,MOBILE,COMPLETED,PAYREF13B3834733,
PAY009392,C0238,A1336,POL0620,3260.07,ZAR,2025-03-05,MOBILE,COMPLETED,PAYREF737AC79456,
PAY009393,C0968,A1196,,7114.44,ZAR,2025-06-22,EFT,REVERSED,PAYREFFE32016460,
PAY009394,C0956,A0137,,2475.76,ZAR,2025-07-13,DEBIT_ORDER,COMPLETED,PAYREFC2B891EA43,
PAY009395,C0069,A0620,POL0363,2493.86,ZAR,2024-08-30,CARD,COMPLETED,PAYREF9D66CCFAA3,
PAY009396,C0628,A0264,,7529.85,ZAR,2025-04-29,MOBILE,COMPLETED,PAYREF69B26EF323,
PAY009397,C0447,A1421,POL0319,893.32,ZAR,2024-03-01,CARD,COMPLETED,PAYREFA8B0923B94,
PAY009398,C0647,A1470,POL0625,3601.13,ZAR,2026-08-25,MOBILE,COMPLETED,PAYREFF225AC1C25,
PAY009399,C0613,A1074,POL0165,1955.27,ZAR,2025-11-08,MOBILE,COMPLETED,PAYREFF28A0B0A75,
PAY009400,C0932,A1374,POL0626,2028.3,ZAR,2024-06-21,CARD,PENDING,PAYREF6476AAC32D,
PAY009401,C0168,A0585,POL0678,884.9,ZAR,2025-03-22,CASH,COMPLETED,PAYREFA20B1AD1BF,
PAY009402,C0270,A1057,POL0550,271.99,ZAR,2024-10-06,MOBILE,COMPLETED,PAYREF8D9002A414,
PAY009403,C0296,A0631,POL0614,1548.18,ZAR,2025-04-17,EFT,COMPLETED,PAYREFE69D168A96,
PAY009404,C0358,A1121,POL0140,1554.77,ZAR,2026-09-05,EFT,COMPLETED,PAYREF5C981524DC,
PAY009405,C0258,A0464,POL0534,616.81,ZAR,2024-05-14,EFT,COMPLETED,PAYREF6C9A4F4C0B,
PAY009406,C0680,A0054,,995.52,ZAR,2026-02-14,CASH,COMPLETED,PAYREF67BA89C014,
PAY009407,C0428,A1165,,454.0,ZAR,2025-01-26,MOBILE,PENDING,PAYREFCDE40664C4,
PAY009408,C0188,A1007,POL0595,457.87,ZAR,2025-07-01,DEBIT_ORDER,COMPLETED,PAYREF4F6620B999,
PAY009409,C0870,A0491,,677.92,ZAR,2024-09-29,CASH,COMPLETED,PAYREF440BD0BE13,
PAY009410,C0920,A1270,,290.49,ZAR,2026-06-07,CASH,COMPLETED,PAYREF99AAF3A9E2,
PAY009411,C0332,A1175,POL0172,611.87,ZAR,2025-03-17,DEBIT_ORDER,COMPLETED,PAYREFFF2DCB5EE5,
PAY009412,C0443,A0772,POL0414,2238.89,ZAR,2025-07-29,MOBILE,FAILED,PAYREFF408C32FC7,Invalid account
PAY009413,C0135,A0963,POL0026,4703.76,ZAR,2026-06-26,DEBIT_ORDER,COMPLETED,PAYREFE59B1883B6,
PAY009414,C0379,A0621,POL0430,8738.01,ZAR,2025-12-14,EFT,COMPLETED,PAYREF60D3A0DE2B,
PAY009415,C0588,A0353,POL0767,735.0,ZAR,2024-01-04,EFT,COMPLETED,PAYREFD79B037A60,
PAY009416,C0341,A0611,,3641.34,ZAR,2024-07-30,CARD,COMPLETED,PAYREF6AFCCA1DE5,
PAY009417,C0693,A1102,,1534.83,ZAR,2025-11-13,EFT,COMPLETED,PAYREF684D1E493B,
PAY009418,C0714,A0247,POL0362,864.93,ZAR,2025-07-04,MOBILE,COMPLETED,PAYREF8F9C5C197D,
PAY009419,C0781,A1465,,1639.59,ZAR,2024-09-01,MOBILE,COMPLETED,PAYREFF9C17B478A,
PAY009420,C0651,A0968,,3301.48,ZAR,2024-04-25,EFT,COMPLETED,PAYREF45733DDD6E,
PAY009421,C0029,A1416,POL0192,666.27,ZAR,2024-01-16,DEBIT_ORDER,FAILED,PAYREF0E07B57BE4,Invalid account
PAY009422,C0013,A0877,,651.11,ZAR,2026-01-06,DEBIT_ORDER,FAILED,PAYREF9E9D20FAD8,Technical error
PAY009423,C0597,A1314,,727.94,ZAR,2026-05-17,CASH,COMPLETED,PAYREFD5FE70C4D7,
PAY009424,C0037,A0701,POL0232,585.95,ZAR,2026-03-16,EFT,COMPLETED,PAYREFEF5F8AD545,
PAY009425,C0240,A0535,,3636.88,ZAR,2025-04-13,CARD,COMPLETED,PAYREFF83ACF7A41,
PAY009426,C0157,A1345,POL0529,510.89,ZAR,2024-06-14,EFT,COMPLETED,PAYREF3C5749F5CC,
PAY009427,C0815,A1032,POL0438,609.35,ZAR,2026-05-28,CARD,PENDING,PAYREFCA922C85F0,
PAY009428,C0336,A0098,POL0765,1496.98,ZAR,2025-11-30,CASH,COMPLETED,PAYREFE88F076A65,
PAY009429,C0747,A0795,POL0183,1380.67,ZAR,2024-09-30,MOBILE,COMPLETED,PAYREF5E78B2EA24,
PAY009430,C0807,A0960,,727.89,ZAR,2026-06-15,CARD,PENDING,PAYREFEE64BD30AF,
PAY009431,C0967,A1481,,5905.39,ZAR,2026-07-23,MOBILE,COMPLETED,PAYREFE1D50CEF39,
PAY009432,C0276,A0042,POL0315,583.69,ZAR,2025-11-24,EFT,COMPLETED,PAYREFD7BC8CEE91,
PAY009433,C0527,A0213,POL0771,924.19,ZAR,2025-08-15,CARD,COMPLETED,PAYREF30DCE18820,
PAY009434,C0698,A0306,POL0718,159.69,ZAR,2024-01-20,DEBIT_ORDER,COMPLETED,PAYREF51F877A572,
PAY009435,C0602,A1094,,808.36,ZAR,2024-05-10,CARD,COMPLETED,PAYREF59B205EFE5,
PAY009436,C0474,A0149,POL0006,292.08,ZAR,2025-09-24,MOBILE,COMPLETED,PAYREF9CB3B3EBD2,
PAY009437,C0909,A0988,POL0308,438.66,ZAR,2025-09-29,DEBIT_ORDER,COMPLETED,PAYREFC2A1E85CFC,
PAY009438,C0734,A1047,,155.11,ZAR,2024-06-08,CARD,COMPLETED,PAYREFC0471BD237,
PAY009439,C0440,A1308,,449.21,ZAR,2024-08-12,DEBIT_ORDER,PENDING,PAYREFD0315E4F3E,
PAY009440,C0098,A0780,,1017.33,ZAR,2024-02-11,CARD,REVERSED,PAYREF1CE08C949D,
PAY009441,C0340,A0201,POL0290,859.04,ZAR,2026-06-24,CASH,COMPLETED,PAYREF0DF3CCA1D6,
PAY009442,C0529,A0593,POL0675,724.32,ZAR,2024-10-06,CARD,COMPLETED,PAYREF1F269651F6,
PAY009443,C0484,A0140,POL0238,792.42,ZAR,2026-06-05,CARD,COMPLETED,PAYREF024FFEF4FC,
PAY009444,C0379,A1140,POL0781,661.83,ZAR,2024-03-31,CASH,COMPLETED,PAYREF9CC59F78B6,
PAY009445,C0239,A0857,POL0029,1059.33,ZAR,2026-07-04,DEBIT_ORDER,COMPLETED,PAYREFDDF057A04A,
PAY009446,C0450,A0384,POL0198,982.18,ZAR,2026-04-02,DEBIT_ORDER,COMPLETED,PAYREFF5A618E6F5,
PAY009447,C0645,A0858,,1443.72,ZAR,2026-08-11,DEBIT_ORDER,COMPLETED,PAYREF2B4DD1B661,
PAY009448,C0924,A1193,,896.98,ZAR,2025-12-19,CARD,COMPLETED,PAYREFD49B42CEA7,
PAY009449,C0546,A0957,,710.76,ZAR,2026-08-28,CARD,COMPLETED,PAYREF641BBD0E7D,
PAY009450,C0533,A0422,POL0366,2388.03,ZAR,2026-06-12,EFT,COMPLETED,PAYREFDE63E6DEAC,
PAY009451,C0878,A0557,POL0281,2003.95,ZAR,2025-11-04,CARD,COMPLETED,PAYREF99AF859226,
PAY009452,C0516,A1015,POL0132,1061.64,ZAR,2024-12-19,CASH,COMPLETED,PAYREF77D0FA9204,
PAY009453,C0954,A0202,,3623.17,ZAR,2026-05-31,DEBIT_ORDER,COMPLETED,PAYREFDE59BD0502,
PAY009454,C0556,A0889,POL0797,1191.12,ZAR,2025-09-21,DEBIT_ORDER,COMPLETED,PAYREF677C443C87,
PAY009455,C0948,A0004,POL0616,933.39,ZAR,2024-02-29,MOBILE,PENDING,PAYREFF3E5DB1A0F,
PAY009456,C0371,A0825,,1023.94,ZAR,2026-07-20,DEBIT_ORDER,FAILED,PAYREFF45C8D8097,Account closed
PAY009457,C0659,A1237,POL0382,1293.51,ZAR,2024-05-12,EFT,COMPLETED,PAYREFFD5F800285,
PAY009458,C0507,A0939,POL0034,438.25,ZAR,2024-08-30,DEBIT_ORDER,COMPLETED,PAYREFC1E5E5FC26,
PAY009459,C0401,A0185,,168.41,ZAR,2024-08-31,EFT,REVERSED,PAYREF1B9DBBA1EB,
PAY009460,C0156,A0861,,1453.12,ZAR,2024-02-27,EFT,COMPLETED,PAYREF580FC6FE51,
PAY009461,C0254,A0743,,2525.1,ZAR,2024-03-05,EFT,FAILED,PAYREF915CFBF034,Limit exceeded
PAY009462,C0513,A0362,,403.04,ZAR,2024-01-17,MOBILE,FAILED,PAYREF46DC2B4277,Account closed
PAY009463,C0248,A0636,,3206.94,ZAR,2024-07-18,CARD,COMPLETED,PAYREF70122CB064,
PAY009464,C0301,A0979,POL0260,211.36,ZAR,2024-02-29,CARD,PENDING,PAYREF783983BDDB,
PAY009465,C0484,A0676,POL0240,627.17,ZAR,2026-04-29,CASH,COMPLETED,PAYREF1495A24B93,
PAY009466,C0716,A0457,,6039.13,ZAR,2025-09-04,EFT,COMPLETED,PAYREFDE3F8D3C7E,
PAY009467,C0998,A0108,POL0217,1565.46,ZAR,2026-04-25,EFT,COMPLETED,PAYREF7D9ED14258,
PAY009468,C0990,A0384,,810.4,ZAR,2026-05-28,EFT,COMPLETED,PAYREFDB2760D7DF,
PAY009469,C0608,A0260,POL0545,1411.33,ZAR,2026-01-09,DEBIT_ORDER,COMPLETED,PAYREFC5411F9C37,
PAY009470,C0041,A1475,POL0637,3627.66,ZAR,2026-04-27,MOBILE,COMPLETED,PAYREF77DA273119,
PAY009471,C0667,A1228,POL0193,258.49,ZAR,2024-08-08,CASH,COMPLETED,PAYREFB2C856F444,
PAY009472,C0298,A0137,POL0389,4096.38,ZAR,2025-12-12,EFT,COMPLETED,PAYREF94861817DA,
PAY009473,C0814,A0989,POL0272,671.8,ZAR,2024-01-15,DEBIT_ORDER,COMPLETED,PAYREFAB4DC429DE,
PAY009474,C0462,A0167,POL0446,2226.94,ZAR,2025-02-03,CASH,FAILED,PAYREF7B962B4303,Insufficient funds
PAY009475,C0330,A1427,POL0237,593.35,ZAR,2026-02-26,CARD,COMPLETED,PAYREF633336FB35,
PAY009476,C0065,A1479,POL0539,5906.0,ZAR,2025-10-17,MOBILE,COMPLETED,PAYREF0099254D90,
PAY009477,C0483,A1231,POL0033,1062.99,ZAR,2026-01-03,MOBILE,COMPLETED,PAYREF259D4988F8,
PAY009478,C0163,A0778,POL0549,290.38,ZAR,2025-06-22,EFT,COMPLETED,PAYREFF6BDE6F4F4,
PAY009479,C0945,A1129,,1754.74,ZAR,2026-07-18,CASH,COMPLETED,PAYREF296880500F,
PAY009480,C0497,A1461,POL0411,4028.82,ZAR,2024-09-02,DEBIT_ORDER,COMPLETED,PAYREFDC89FAC7F1,
PAY009481,C0091,A0851,POL0274,3598.47,ZAR,2024-09-09,MOBILE,COMPLETED,PAYREFC7FB4D22BB,
PAY009482,C0392,A0700,,1204.12,ZAR,2024-07-09,DEBIT_ORDER,COMPLETED,PAYREF51A2E0C4D8,
PAY009483,C0949,A0796,,2470.25,ZAR,2026-01-04,DEBIT_ORDER,COMPLETED,PAYREF5501C02B39,
PAY009484,C0096,A0121,POL0332,719.41,ZAR,2025-09-01,MOBILE,FAILED,PAYREF111A3A5814,Technical error
PAY009485,C0680,A0845,POL0146,1980.37,ZAR,2025-05-03,CARD,COMPLETED,PAYREFF910FB7FB4,
PAY009486,C0993,A0598,POL0532,1576.26,ZAR,2024-11-20,MOBILE,COMPLETED,PAYREF7439C3BA19,
PAY009487,C0714,A1056,,60.63,ZAR,2025-09-22,CASH,COMPLETED,PAYREF40C9F7DF05,
PAY009488,C0480,A0189,POL0188,403.18,ZAR,2024-03-31,MOBILE,COMPLETED,PAYREF021C312257,
PAY009489,C0683,A0589,,1349.98,ZAR,2024-11-07,CARD,COMPLETED,PAYREF1CCF93DAF1,
PAY009490,C0818,A1194,POL0601,1293.35,ZAR,2026-04-23,MOBILE,COMPLETED,PAYREF12D3E0218D,
PAY009491,C0946,A0902,,1065.2,ZAR,2024-06-14,CARD,COMPLETED,PAYREFBE84414C1A,
PAY009492,C0832,A0490,,1199.16,ZAR,2026-06-24,MOBILE,COMPLETED,PAYREFAF4FCA3AC5,
PAY009493,C0958,A0387,POL0446,3668.98,ZAR,2025-11-07,EFT,COMPLETED,PAYREFADEA4CF90E,
PAY009494,C0183,A1019,POL0006,1562.62,ZAR,2025-11-09,CASH,PENDING,PAYREF10A9FBAAF0,
PAY009495,C0475,A1101,POL0303,106.42,ZAR,2026-05-14,DEBIT_ORDER,COMPLETED,PAYREF54740575F3,
PAY009496,C0017,A0924,POL0313,7690.26,ZAR,2024-07-13,CARD,COMPLETED,PAYREF5FE0DFCA4B,
PAY009497,C0649,A0432,POL0236,162.95,ZAR,2024-11-27,EFT,COMPLETED,PAYREF08E789CD2E,
PAY009498,C0350,A1277,,2858.76,ZAR,2026-05-14,EFT,COMPLETED,PAYREF8B156BA3B2,
PAY009499,C0921,A0287,,229.45,ZAR,2026-03-29,CARD,COMPLETED,PAYREFA29DBC248A,
PAY009500,C0071,A0070,POL0062,4552.54,ZAR,2026-04-20,DEBIT_ORDER,COMPLETED,PAYREF954C888DEC,
PAY009501,C0972,A1261,POL0670,830.48,ZAR,2025-09-15,EFT,PENDING,PAYREF2943293429,
PAY009502,C0997,A0511,,1610.46,ZAR,2026-08-20,CASH,COMPLETED,PAYREFDCB14FF8A9,
PAY009503,C0593,A1362,,150.48,ZAR,2024-08-29,MOBILE,COMPLETED,PAYREF2A7D5D9C38,
PAY009504,C0539,A1196,POL0800,2274.61,ZAR,2024-05-03,CASH,COMPLETED,PAYREF871BF0B2F2,
PAY009505,C0921,A1028,,1662.87,ZAR,2025-08-10,MOBILE,FAILED,PAYREF52A78EE3DD,Limit exceeded
PAY009506,C0298,A0242,POL0688,2033.11,ZAR,2025-12-11,EFT,COMPLETED,PAYREF914446CB02,
PAY009507,C0817,A0848,POL0535,2834.49,ZAR,2025-01-02,MOBILE,REVERSED,PAYREFDF9F6581CD,
PAY009508,C0167,A0995,,1310.95,ZAR,2025-04-24,EFT,COMPLETED,PAYREFA9CC65C44B,
PAY009509,C0982,A0221,POL0085,888.28,ZAR,2026-06-29,CASH,COMPLETED,PAYREF99A5977F65,
PAY009510,C0412,A0958,POL0769,487.4,ZAR,2025-05-07,MOBILE,COMPLETED,PAYREF469FC06EBD,
PAY009511,C0774,A0285,,704.08,ZAR,2025-11-27,CARD,PENDING,PAYREF845C0402AF,
PAY009512,C0175,A0640,POL0329,3664.67,ZAR,2025-08-03,MOBILE,COMPLETED,PAYREFD3B2C5EB87,
PAY009513,C0998,A0417,,474.48,ZAR,2024-12-28,MOBILE,COMPLETED,PAYREF3CC5701DC5,
PAY009514,C0167,A0786,,173.63,ZAR,2026-07-26,DEBIT_ORDER,COMPLETED,PAYREFD6B8D669CD,
PAY009515,C0979,A0039,,408.49,ZAR,2026-04-15,DEBIT_ORDER,COMPLETED,PAYREF08694F9689,
PAY009516,C0544,A0160,POL0704,2010.31,ZAR,2024-02-22,CASH,COMPLETED,PAYREF1800E3C585,
PAY009517,C0683,A0498,POL0250,810.09,ZAR,2024-12-16,MOBILE,COMPLETED,PAYREFACDC445934,
PAY009518,C0791,A0132,,2007.2,ZAR,2025-01-30,EFT,COMPLETED,PAYREFF524A58DA7,
PAY009519,C0702,A1001,POL0585,148.34,ZAR,2024-01-27,CASH,COMPLETED,PAYREFB6227C6767,
PAY009520,C0598,A0817,POL0596,55.56,ZAR,2024-06-10,EFT,PENDING,PAYREF4E7D976D1D,
PAY009521,C0067,A0233,,1428.11,ZAR,2026-03-18,DEBIT_ORDER,COMPLETED,PAYREF8606A8F65A,
PAY009522,C0795,A1307,,2994.98,ZAR,2024-07-12,MOBILE,COMPLETED,PAYREF1CE6913AC9,
PAY009523,C0445,A0448,,198.15,ZAR,2025-07-26,DEBIT_ORDER,COMPLETED,PAYREF058B055FBD,
PAY009524,C0365,A0311,,1855.75,ZAR,2024-03-17,MOBILE,COMPLETED,PAYREF163C146B63,
PAY009525,C0520,A0170,POL0510,3605.67,ZAR,2024-09-02,CASH,COMPLETED,PAYREF1C9D60AD21,
PAY009526,C0573,A0219,POL0262,1091.84,ZAR,2025-02-01,DEBIT_ORDER,FAILED,PAYREF1A1138A5CB,Limit exceeded
PAY009527,C0634,A0778,POL0244,2700.23,ZAR,2024-05-08,CASH,COMPLETED,PAYREF0EA7FE6C58,
PAY009528,C0115,A0270,,1326.64,ZAR,2024-10-19,EFT,COMPLETED,PAYREF154EBC4420,
PAY009529,C0785,A1149,,843.08,ZAR,2025-04-22,CASH,COMPLETED,PAYREF9E0041B8C4,
PAY009530,C0238,A1477,,2492.44,ZAR,2024-03-12,CARD,COMPLETED,PAYREF3281CB167F,
PAY009531,C0127,A0967,POL0623,7426.41,ZAR,2024-03-29,MOBILE,COMPLETED,PAYREF1C8F17F38E,
PAY009532,C0560,A0545,,627.76,ZAR,2024-10-18,DEBIT_ORDER,COMPLETED,PAYREFC79BD68282,
PAY009533,C0923,A0740,POL0651,1004.52,ZAR,2024-09-13,MOBILE,FAILED,PAYREF1DBDDA170C,Insufficient funds
PAY009534,C0956,A1423,POL0344,407.2,ZAR,2024-09-04,CARD,COMPLETED,PAYREF50C018C504,
PAY009535,C0749,A0747,POL0364,1280.77,ZAR,2026-05-27,CARD,COMPLETED,PAYREF129EC3662E,
PAY009536,C0894,A0189,POL0741,937.86,ZAR,2025-02-24,MOBILE,COMPLETED,PAYREF60B7C2067C,
PAY009537,C0364,A0710,,3492.78,ZAR,2025-08-03,DEBIT_ORDER,COMPLETED,PAYREF3F513FF514,
PAY009538,C0019,A0413,POL0339,4535.76,ZAR,2025-01-15,CARD,COMPLETED,PAYREF6839C546D3,
PAY009539,C0903,A0635,,2411.45,ZAR,2024-09-25,DEBIT_ORDER,COMPLETED,PAYREF85F06D696B,
PAY009540,C0135,A0516,,3123.67,ZAR,2025-11-11,MOBILE,COMPLETED,PAYREF7873BC4643,
PAY009541,C0600,A0581,,541.94,ZAR,2025-01-24,DEBIT_ORDER,COMPLETED,PAYREFA14AA84066,
PAY009542,C0611,A0585,POL0341,422.03,ZAR,2025-12-09,EFT,COMPLETED,PAYREFFB195D2F94,
PAY009543,C0495,A1411,POL0223,1697.34,ZAR,2024-06-13,CARD,COMPLETED,PAYREF3C539793DB,
PAY009544,C0804,A0979,POL0337,1118.81,ZAR,2025-12-14,CARD,COMPLETED,PAYREF6D2F166302,
PAY009545,C0509,A0129,POL0011,8096.51,ZAR,2024-03-02,EFT,REVERSED,PAYREF85D8A4899D,
PAY009546,C0784,A1431,POL0637,160.51,ZAR,2026-08-07,CASH,FAILED,PAYREFF566028CD1,Account closed
PAY009547,C0703,A0735,,2037.71,ZAR,2025-07-02,MOBILE,COMPLETED,PAYREF8F6ECD404E,
PAY009548,C0244,A0571,POL0560,2004.3,ZAR,2024-06-04,DEBIT_ORDER,COMPLETED,PAYREF91DAC35E15,
PAY009549,C0978,A0534,,511.86,ZAR,2025-01-16,CASH,COMPLETED,PAYREFEB4118FE55,
PAY009550,C0085,A1234,POL0310,416.72,ZAR,2024-07-20,MOBILE,COMPLETED,PAYREF1CE0B2F99C,
PAY009551,C0225,A0057,POL0280,781.13,ZAR,2025-05-04,EFT,COMPLETED,PAYREFB5ADBEED71,
PAY009552,C0241,A0572,POL0087,212.4,ZAR,2025-03-09,CASH,COMPLETED,PAYREF15C12D4D2D,
PAY009553,C0403,A0654,POL0027,4709.48,ZAR,2026-06-28,CARD,COMPLETED,PAYREFBBD7FB5DD0,
PAY009554,C0317,A0500,,16329.51,ZAR,2024-07-13,DEBIT_ORDER,COMPLETED,PAYREF494476378D,
PAY009555,C0297,A0202,POL0479,779.55,ZAR,2024-10-26,DEBIT_ORDER,COMPLETED,PAYREF1709876BA8,
PAY009556,C0803,A0766,POL0388,578.65,ZAR,2024-10-23,DEBIT_ORDER,COMPLETED,PAYREF82F4844450,
PAY009557,C0403,A0359,,295.64,ZAR,2026-02-02,DEBIT_ORDER,COMPLETED,PAYREFA589A2DD2B,
PAY009558,C0272,A0972,,366.45,ZAR,2026-07-08,CASH,COMPLETED,PAYREF0DCCADBD3C,
PAY009559,C0381,A0104,POL0040,608.23,ZAR,2025-12-11,CARD,COMPLETED,PAYREF240DAF48A8,
PAY009560,C0553,A0474,POL0651,3673.01,ZAR,2024-01-20,DEBIT_ORDER,COMPLETED,PAYREFD9B7398986,
PAY009561,C0337,A1190,POL0393,26715.72,ZAR,2024-06-28,MOBILE,COMPLETED,PAYREF175D1D0544,
PAY009562,C0363,A1318,,532.28,ZAR,2026-03-15,MOBILE,FAILED,PAYREFFF4A94A071,Invalid account
PAY009563,C0602,A1404,POL0677,444.94,ZAR,2025-09-22,MOBILE,COMPLETED,PAYREF36C00A7E4C,
PAY009564,C0928,A0745,,341.04,ZAR,2024-09-30,EFT,COMPLETED,PAYREF865DC5E182,
PAY009565,C0940,A0481,POL0446,1721.22,ZAR,2024-12-14,CASH,REVERSED,PAYREF0B547B4D3B,
PAY009566,C0952,A0760,POL0212,1547.23,ZAR,2025-06-17,DEBIT_ORDER,PENDING,PAYREF788319A6C2,
PAY009567,C0023,A1208,POL0152,1213.09,ZAR,2026-07-14,DEBIT_ORDER,COMPLETED,PAYREF6DE82CD517,
PAY009568,C0648,A0751,POL0438,703.24,ZAR,2024-11-05,MOBILE,COMPLETED,PAYREFB6AC144DC4,
PAY009569,C0526,A0348,POL0168,4269.3,ZAR,2026-09-14,EFT,COMPLETED,PAYREFC8F558C430,
PAY009570,C0143,A0963,POL0567,2354.92,ZAR,2026-07-02,DEBIT_ORDER,COMPLETED,PAYREF65C54EF624,
PAY009571,C0277,A0006,POL0344,2254.91,ZAR,2025-09-19,DEBIT_ORDER,COMPLETED,PAYREF40AAB3A0B4,
PAY009572,C0092,A1117,POL0173,1588.01,ZAR,2024-11-13,MOBILE,COMPLETED,PAYREF1DC9303D01,
PAY009573,C0855,A0237,POL0287,907.43,ZAR,2024-05-17,DEBIT_ORDER,COMPLETED,PAYREF4908A83589,
PAY009574,C0789,A0163,,536.37,ZAR,2024-02-20,CASH,COMPLETED,PAYREF0124BED9ED,
PAY009575,C0637,A1432,POL0087,1844.39,ZAR,2024-11-17,CARD,COMPLETED,PAYREF986C8BB3B7,
PAY009576,C0424,A0116,,1674.32,ZAR,2025-04-10,CASH,COMPLETED,PAYREF2231A32F59,
PAY009577,C0836,A0992,POL0088,1933.7,ZAR,2026-07-26,DEBIT_ORDER,FAILED,PAYREF59755FD071,Account closed
PAY009578,C0880,A0750,,229.42,ZAR,2025-06-03,EFT,COMPLETED,PAYREFF8CE65B3AB,
PAY009579,C0132,A0511,POL0704,1539.6,ZAR,2024-11-07,CARD,COMPLETED,PAYREFF236C01802,
PAY009580,C0138,A1415,POL0358,805.4,ZAR,2024-02-19,CASH,COMPLETED,PAYREF3D63E342A6,
PAY009581,C0105,A0512,POL0477,455.5,ZAR,2026-06-26,MOBILE,COMPLETED,PAYREF51837AB48B,
PAY009582,C0786,A0898,,2272.03,ZAR,2026-07-19,EFT,COMPLETED,PAYREFEDB0BF29AC,
PAY009583,C0563,A1196,,1309.33,ZAR,2024-10-10,CARD,COMPLETED,PAYREF0F819DC5E0,
PAY009584,C0882,A0918,,11546.34,ZAR,2025-12-27,DEBIT_ORDER,PENDING,PAYREF741F84EB8A,
PAY009585,C0104,A0596,POL0004,1780.2,ZAR,2025-07-23,CARD,FAILED,PAYREF764BFC61BA,Insufficient funds
PAY009586,C0239,A0139,,814.67,ZAR,2025-03-04,EFT,COMPLETED,PAYREFC799B5AC05,
PAY009587,C0199,A0598,POL0593,984.09,ZAR,2026-06-06,CASH,COMPLETED,PAYREFE208F93BEA,
PAY009588,C0300,A1155,POL0007,339.71,ZAR,2026-03-21,CASH,COMPLETED,PAYREF5A300BDD27,
PAY009589,C0682,A0180,,3755.02,ZAR,2026-01-03,MOBILE,COMPLETED,PAYREF47481B9AE5,
PAY009590,C0039,A1184,,1502.65,ZAR,2024-09-12,EFT,COMPLETED,PAYREFB0C2A4B88F,
PAY009591,C0503,A0760,,1528.63,ZAR,2024-04-12,CARD,COMPLETED,PAYREF777428D8FA,
PAY009592,C0999,A0671,POL0588,378.34,ZAR,2025-08-30,DEBIT_ORDER,COMPLETED,PAYREFAC8E63182E,
PAY009593,C0302,A0995,POL0646,2389.89,ZAR,2026-06-01,CASH,COMPLETED,PAYREFB2FA7B02FB,
PAY009594,C0487,A1462,POL0103,430.35,ZAR,2025-02-07,CARD,PENDING,PAYREF1A3F3132E8,
PAY009595,C0479,A0314,,630.23,ZAR,2024-02-16,MOBILE,COMPLETED,PAYREFD07A812927,
PAY009596,C0354,A1436,POL0384,1243.19,ZAR,2024-06-04,CASH,COMPLETED,PAYREFBD02DCA39D,
PAY009597,C0598,A0774,,613.42,ZAR,2025-03-18,CARD,COMPLETED,PAYREFD7806726BF,
PAY009598,C0629,A0814,POL0701,496.54,ZAR,2026-01-16,CASH,COMPLETED,PAYREF7DB5F565D4,
PAY009599,C0743,A0767,,1043.01,ZAR,2025-09-24,MOBILE,FAILED,PAYREF1DD6F99C7E,Account closed
PAY009600,C0505,A0726,,3010.94,ZAR,2026-03-02,CARD,COMPLETED,PAYREF04EBD6B044,
PAY009601,C0336,A0478,,2684.03,ZAR,2026-09-08,DEBIT_ORDER,COMPLETED,PAYREF32E0F10DBB,
PAY009602,C0328,A0068,,2224.78,ZAR,2026-06-13,DEBIT_ORDER,COMPLETED,PAYREF66B20F9869,
PAY009603,C0621,A1342,POL0575,1783.33,ZAR,2026-04-30,EFT,COMPLETED,PAYREFAAAB3D7183,
PAY009604,C0484,A0127,POL0143,681.6,ZAR,2024-07-18,CARD,COMPLETED,PAYREF25DBE1EE90,
PAY009605,C0902,A0145,POL0601,3363.95,ZAR,2026-05-30,CASH,COMPLETED,PAYREF4E8EE27185,
PAY009606,C0704,A1244,POL0574,193.27,ZAR,2025-04-15,DEBIT_ORDER,COMPLETED,PAYREF0385353014,
PAY009607,C0668,A0340,POL0531,1692.21,ZAR,2024-10-31,EFT,COMPLETED,PAYREFE1831CF7EA,
PAY009608,C0282,A1159,,2543.5,ZAR,2026-08-06,EFT,COMPLETED,PAYREFFB425262F9,
PAY009609,C0166,A0111,POL0375,1001.96,ZAR,2024-03-22,MOBILE,COMPLETED,PAYREF6F8B3A0926,
PAY009610,C0838,A1181,POL0135,532.57,ZAR,2025-11-15,MOBILE,COMPLETED,PAYREF3CFF179885,
PAY009611,C0577,A1023,,1056.74,ZAR,2024-02-07,CARD,COMPLETED,PAYREFA5AB5CA156,
PAY009612,C0992,A0056,POL0200,514.09,ZAR,2025-07-17,CARD,COMPLETED,PAYREF03F1B7680A,
PAY009613,C0825,A0412,,1834.01,ZAR,2025-03-21,CARD,COMPLETED,PAYREFDA762AD591,
PAY009614,C0071,A0704,POL0731,2823.5,ZAR,2025-11-25,DEBIT_ORDER,COMPLETED,PAYREF500D40A19E,
PAY009615,C0414,A0176,POL0329,1714.18,ZAR,2024-12-24,EFT,COMPLETED,PAYREF28345633B4,
PAY009616,C0589,A1451,,1615.07,ZAR,2024-11-30,CARD,COMPLETED,PAYREFE2D22B9E0E,
PAY009617,C0115,A0791,,2345.65,ZAR,2024-08-28,DEBIT_ORDER,COMPLETED,PAYREFC16645332A,
PAY009618,C0330,A1335,POL0688,2633.03,ZAR,2025-09-18,DEBIT_ORDER,COMPLETED,PAYREF9D478DFA1F,
PAY009619,C0554,A1339,,503.57,ZAR,2024-02-12,EFT,COMPLETED,PAYREFE2D037B9A7,
PAY009620,C0530,A0087,,235.57,ZAR,2025-10-16,EFT,FAILED,PAYREF15CD6A1078,Insufficient funds
PAY009621,C0130,A0347,,1447.92,ZAR,2025-11-17,CASH,COMPLETED,PAYREF9A078E518D,
PAY009622,C0738,A1337,,2763.87,ZAR,2025-06-27,DEBIT_ORDER,COMPLETED,PAYREFD36C2D6BDF,
PAY009623,C0010,A0150,POL0195,225.68,ZAR,2024-02-27,MOBILE,COMPLETED,PAYREFFEDFF4C733,
PAY009624,C0933,A1490,,1174.78,ZAR,2026-04-01,CARD,COMPLETED,PAYREFA7DCC1EBB5,
PAY009625,C0549,A1448,,3389.15,ZAR,2025-09-30,EFT,COMPLETED,PAYREF46EBE5FC63,
PAY009626,C0129,A0461,POL0228,976.08,ZAR,2025-02-06,EFT,COMPLETED,PAYREF3AB33CDB38,
PAY009627,C0354,A0286,POL0280,5019.74,ZAR,2026-03-07,MOBILE,PENDING,PAYREF93E40D594A,
PAY009628,C0765,A0169,POL0247,4162.37,ZAR,2024-04-24,MOBILE,REVERSED,PAYREFEDA671020D,
PAY009629,C0104,A1341,POL0720,913.5,ZAR,2026-06-27,EFT,COMPLETED,PAYREFF2C750EB64,
PAY009630,C0894,A0748,,759.2,ZAR,2026-05-16,MOBILE,REVERSED,PAYREF248FF6C45B,
PAY009631,C0607,A0150,POL0489,773.3,ZAR,2024-06-09,CASH,COMPLETED,PAYREFE9C9A7EF82,
PAY009632,C0403,A0869,POL0719,1254.95,ZAR,2024-04-28,DEBIT_ORDER,COMPLETED,PAYREF1955E6B28B,
PAY009633,C0683,A0848,,339.17,ZAR,2026-05-11,CASH,COMPLETED,PAYREFEBE2AEE0C9,
PAY009634,C0430,A1254,,281.92,ZAR,2024-03-17,DEBIT_ORDER,COMPLETED,PAYREF8E7A6132D6,
PAY009635,C0424,A0157,POL0152,113.13,ZAR,2026-05-17,CARD,COMPLETED,PAYREF3F02BE86CB,
PAY009636,C0191,A1447,POL0381,1073.68,ZAR,2026-02-04,DEBIT_ORDER,COMPLETED,PAYREF972F7F70E3,
PAY009637,C0645,A1377,,8424.38,ZAR,2024-07-09,CARD,COMPLETED,PAYREF9628B96BB0,
PAY009638,C0141,A0085,POL0641,149.83,ZAR,2024-08-28,MOBILE,FAILED,PAYREF5703C901B8,Technical error
PAY009639,C0626,A1078,POL0394,912.18,ZAR,2024-09-24,DEBIT_ORDER,COMPLETED,PAYREF01BCBEA43E,
PAY009640,C0766,A1160,POL0489,885.18,ZAR,2024-09-05,CARD,FAILED,PAYREFB15CF72FDA,Account closed
PAY009641,C0736,A0390,POL0418,941.93,ZAR,2026-08-19,CARD,COMPLETED,PAYREF0FBFE59DB2,
PAY009642,C0533,A0317,POL0244,3853.75,ZAR,2024-09-29,EFT,COMPLETED,PAYREFB3173D87BD,
PAY009643,C0766,A0072,POL0539,451.06,ZAR,2024-03-25,CARD,COMPLETED,PAYREF9A75E2EEAC,
PAY009644,C0232,A0827,,156.61,ZAR,2026-06-18,EFT,REVERSED,PAYREF79B63E12F3,
PAY009645,C0277,A0959,POL0638,642.72,ZAR,2025-05-02,CASH,PENDING,PAYREF0890959D44,
PAY009646,C0660,A1081,POL0556,562.37,ZAR,2024-07-25,CASH,COMPLETED,PAYREF447348DF6E,
PAY009647,C0710,A0064,POL0682,117.81,ZAR,2026-02-20,DEBIT_ORDER,COMPLETED,PAYREFD8C76C4988,
PAY009648,C0983,A0098,,1401.76,ZAR,2025-08-06,DEBIT_ORDER,COMPLETED,PAYREF46B0EED8D5,
PAY009649,C0081,A0659,POL0306,334.95,ZAR,2026-07-07,CASH,COMPLETED,PAYREF33302F30AC,
PAY009650,C0497,A0326,POL0667,1009.19,ZAR,2026-07-07,CASH,COMPLETED,PAYREF7A36424F00,
PAY009651,C0362,A0444,POL0679,762.93,ZAR,2025-11-19,CASH,COMPLETED,PAYREF836A611DFF,
PAY009652,C0562,A0133,POL0665,374.65,ZAR,2025-08-15,DEBIT_ORDER,COMPLETED,PAYREFF90F63168B,
PAY009653,C0138,A0210,,2672.12,ZAR,2024-10-22,MOBILE,COMPLETED,PAYREF6B3D4B2C6E,
PAY009654,C0741,A1438,,827.61,ZAR,2025-08-07,EFT,COMPLETED,PAYREFE116FC087E,
PAY009655,C0026,A0083,POL0055,1157.79,ZAR,2024-01-25,CARD,COMPLETED,PAYREFFF538DC2B1,
PAY009656,C0706,A1423,,1971.22,ZAR,2024-04-29,CARD,COMPLETED,PAYREFAD0C3AFEDE,
PAY009657,C0798,A1281,POL0523,1463.38,ZAR,2025-12-05,CARD,COMPLETED,PAYREFC29EA53C10,
PAY009658,C0868,A0801,,1267.75,ZAR,2026-05-01,DEBIT_ORDER,FAILED,PAYREF4AE25DCC05,Account closed
PAY009659,C0218,A0207,POL0562,480.97,ZAR,2026-03-23,EFT,REVERSED,PAYREFF961FA1DFB,
PAY009660,C0192,A1295,,360.59,ZAR,2024-01-16,EFT,PENDING,PAYREF6FFDB95377,
PAY009661,C0085,A1484,,1284.14,ZAR,2024-10-30,MOBILE,COMPLETED,PAYREFBBCDE4E31C,
PAY009662,C0800,A1303,,419.09,ZAR,2025-11-20,DEBIT_ORDER,COMPLETED,PAYREFCBA9892206,
PAY009663,C0240,A0489,POL0724,2427.07,ZAR,2025-03-14,DEBIT_ORDER,COMPLETED,PAYREF306671B9D9,
PAY009664,C0340,A0715,POL0283,963.39,ZAR,2024-12-12,CARD,COMPLETED,PAYREFB47064E068,
PAY009665,C0430,A1348,POL0352,2097.73,ZAR,2024-06-08,CARD,COMPLETED,PAYREF053F5AA81A,
PAY009666,C0270,A0444,,409.21,ZAR,2024-02-28,EFT,COMPLETED,PAYREFD1438661F9,
PAY009667,C0888,A0783,POL0387,350.3,ZAR,2025-09-11,CARD,PENDING,PAYREF756BDE4D4F,
PAY009668,C0851,A0791,POL0414,5877.42,ZAR,2025-01-23,CASH,PENDING,PAYREF841C63F1F2,
PAY009669,C0146,A0272,POL0321,944.38,ZAR,2025-08-17,CARD,REVERSED,PAYREF79F7A24509,
PAY009670,C0810,A0656,POL0101,2733.17,ZAR,2024-07-11,EFT,PENDING,PAYREFB6BED2A254,
PAY009671,C0307,A1028,,267.22,ZAR,2025-06-24,MOBILE,PENDING,PAYREFF2879934CF,
PAY009672,C0831,A1483,POL0741,826.31,ZAR,2026-08-29,DEBIT_ORDER,COMPLETED,PAYREF7580D78F6E,
PAY009673,C0375,A0288,POL0483,4033.38,ZAR,2025-02-21,MOBILE,COMPLETED,PAYREFCA75AA5876,
PAY009674,C0608,A1435,,229.38,ZAR,2025-08-14,DEBIT_ORDER,COMPLETED,PAYREF1FC8DE4088,
PAY009675,C0126,A0777,POL0265,10671.32,ZAR,2026-03-12,CASH,FAILED,PAYREFA23075901D,Account closed
PAY009676,C0355,A1472,POL0360,1342.84,ZAR,2025-03-07,DEBIT_ORDER,COMPLETED,PAYREFAB733E8FC9,
PAY009677,C0815,A1325,,483.51,ZAR,2024-07-28,EFT,COMPLETED,PAYREFC630D98385,
PAY009678,C0923,A0385,POL0676,1559.23,ZAR,2026-02-13,CASH,COMPLETED,PAYREF3AAF0DD43E,
PAY009679,C0697,A0104,,3324.7,ZAR,2024-10-17,MOBILE,COMPLETED,PAYREF34F01D222F,
PAY009680,C0289,A1245,POL0343,480.31,ZAR,2025-07-09,CARD,FAILED,PAYREF4D20C17A2F,Insufficient funds
PAY009681,C0703,A1339,,554.45,ZAR,2025-11-30,DEBIT_ORDER,COMPLETED,PAYREF5CEE9E7C77,
PAY009682,C0752,A1454,POL0232,1406.88,ZAR,2025-07-28,CASH,FAILED,PAYREF194CA9218A,Account closed
PAY009683,C0327,A0251,,1742.4,ZAR,2024-11-13,DEBIT_ORDER,PENDING,PAYREF72DAC68339,
PAY009684,C0182,A1220,,899.25,ZAR,2025-02-17,MOBILE,COMPLETED,PAYREF80B29ADD35,
PAY009685,C0238,A0690,,1639.82,ZAR,2026-07-18,CASH,PENDING,PAYREFCB3960666C,
PAY009686,C0315,A0262,,2574.86,ZAR,2025-08-13,EFT,COMPLETED,PAYREFCCB7BADDEB,
PAY009687,C0901,A0592,POL0791,1304.15,ZAR,2026-01-03,CARD,COMPLETED,PAYREF138B88B3EA,
PAY009688,C0077,A0742,POL0764,549.23,ZAR,2025-03-20,MOBILE,COMPLETED,PAYREFF03FECE5F5,
PAY009689,C0599,A0214,POL0299,1073.91,ZAR,2024-03-27,DEBIT_ORDER,COMPLETED,PAYREF65705B1847,
PAY009690,C0141,A1292,,6350.19,ZAR,2024-12-14,DEBIT_ORDER,PENDING,PAYREF074139C5D9,
PAY009691,C0864,A0471,POL0394,1530.07,ZAR,2025-02-04,CASH,COMPLETED,PAYREFECA6CA0201,
PAY009692,C0268,A1301,POL0080,3790.43,ZAR,2024-06-02,CARD,FAILED,PAYREF837A50281D,Account closed
PAY009693,C0921,A1032,,655.67,ZAR,2026-01-17,CASH,COMPLETED,PAYREF766D6FEACB,
PAY009694,C0516,A1436,POL0646,1426.02,ZAR,2025-10-30,CARD,COMPLETED,PAYREFA45403B015,
PAY009695,C0167,A0858,POL0262,2426.77,ZAR,2025-11-27,EFT,FAILED,PAYREF2E766C29E6,Account closed
PAY009696,C0625,A1495,POL0048,4903.76,ZAR,2026-04-09,MOBILE,COMPLETED,PAYREF08C1E80BB4,
PAY009697,C0465,A0393,,3742.8,ZAR,2026-02-17,MOBILE,COMPLETED,PAYREF9D71222CE3,
PAY009698,C0030,A1046,POL0420,358.07,ZAR,2025-08-22,CARD,COMPLETED,PAYREFF4D3EE7AC3,
PAY009699,C0086,A0087,,3469.8,ZAR,2024-04-18,DEBIT_ORDER,COMPLETED,PAYREF75D5070690,
PAY009700,C0366,A0630,POL0003,5919.46,ZAR,2024-11-04,EFT,COMPLETED,PAYREF954078A695,
PAY009701,C0774,A1399,POL0165,617.15,ZAR,2024-11-09,CASH,PENDING,PAYREF97C09A5069,
PAY009702,C0249,A0961,POL0015,448.33,ZAR,2025-07-18,MOBILE,PENDING,PAYREF4619B3CAF0,
PAY009703,C0491,A0760,,1070.16,ZAR,2025-08-12,DEBIT_ORDER,COMPLETED,PAYREFC306C09317,
PAY009704,C0041,A0500,,1312.25,ZAR,2024-12-29,CASH,COMPLETED,PAYREF26129E9134,
PAY009705,C0868,A0786,POL0457,772.73,ZAR,2025-05-20,CASH,COMPLETED,PAYREF69E9C181E5,
PAY009706,C0193,A1071,POL0321,334.71,ZAR,2025-03-16,CARD,COMPLETED,PAYREFC32B9C4771,
PAY009707,C0813,A0039,POL0767,4781.0,ZAR,2026-05-27,CARD,COMPLETED,PAYREF9B62ACC5F8,
PAY009708,C0905,A0074,,464.07,ZAR,2025-06-29,CARD,REVERSED,PAYREF0428BCDADA,
PAY009709,C0352,A1498,POL0766,660.55,ZAR,2025-04-13,EFT,COMPLETED,PAYREFE7522EA0CE,
PAY009710,C0375,A0629,POL0110,1223.08,ZAR,2024-11-03,CARD,COMPLETED,PAYREF8C6E7FCBEC,
PAY009711,C0880,A0538,,251.52,ZAR,2025-08-06,CARD,COMPLETED,PAYREF36EB477321,
PAY009712,C0301,A0261,POL0747,233.02,ZAR,2025-10-28,MOBILE,REVERSED,PAYREF8BF80AAFE1,
PAY009713,C0228,A0609,POL0055,712.17,ZAR,2025-03-21,MOBILE,COMPLETED,PAYREF6DA7D748E2,
PAY009714,C0513,A0537,POL0279,2503.96,ZAR,2026-02-13,CASH,REVERSED,PAYREFB387A33C0F,
PAY009715,C0272,A0988,POL0784,1323.46,ZAR,2026-06-18,CASH,COMPLETED,PAYREF22F27E4BA6,
PAY009716,C0673,A0755,POL0421,139.85,ZAR,2024-09-10,CASH,COMPLETED,PAYREF006D83FA83,
PAY009717,C0202,A0952,POL0634,4400.54,ZAR,2025-01-02,CASH,COMPLETED,PAYREFF2F22C6484,
PAY009718,C0824,A0842,,2434.29,ZAR,2025-02-16,CASH,COMPLETED,PAYREF8B2CA61D20,
PAY009719,C0801,A1373,POL0526,1327.45,ZAR,2026-06-13,CASH,COMPLETED,PAYREF9E0B357191,
PAY009720,C0057,A0004,POL0279,1292.32,ZAR,2026-09-11,EFT,COMPLETED,PAYREF087A990D06,
PAY009721,C0323,A1026,,2150.42,ZAR,2025-09-20,DEBIT_ORDER,COMPLETED,PAYREF636B38E117,
PAY009722,C0261,A0440,POL0620,11229.72,ZAR,2025-09-16,EFT,FAILED,PAYREF227D35C0CB,Account closed
PAY009723,C0016,A0880,POL0209,2645.26,ZAR,2025-05-17,CARD,COMPLETED,PAYREF002C6C0543,
PAY009724,C0160,A1163,POL0798,1474.64,ZAR,2024-12-14,MOBILE,COMPLETED,PAYREF86C52C5635,
PAY009725,C0597,A0611,,321.47,ZAR,2024-08-24,CASH,COMPLETED,PAYREFD72F264B9F,
PAY009726,C0923,A1132,POL0474,1292.74,ZAR,2025-06-27,DEBIT_ORDER,COMPLETED,PAYREFC7418FE5E8,
PAY009727,C0028,A0815,POL0134,2376.33,ZAR,2024-06-16,MOBILE,COMPLETED,PAYREF4341C826FA,
PAY009728,C0362,A1107,POL0295,977.32,ZAR,2025-11-08,MOBILE,COMPLETED,PAYREF6354B9CBBF,
PAY009729,C0839,A0159,POL0722,650.16,ZAR,2024-03-30,CARD,COMPLETED,PAYREF88D9108E42,
PAY009730,C0703,A0956,POL0445,1907.69,ZAR,2026-05-25,CASH,COMPLETED,PAYREFC26B99CB6F,
PAY009731,C0505,A1445,POL0502,408.28,ZAR,2024-12-28,CARD,COMPLETED,PAYREF2CE014B612,
PAY009732,C0504,A1312,POL0652,2612.24,ZAR,2026-01-19,DEBIT_ORDER,COMPLETED,PAYREF02B4909951,
PAY009733,C0284,A0379,POL0056,709.41,ZAR,2025-05-12,DEBIT_ORDER,COMPLETED,PAYREF8E09DBD012,
PAY009734,C0835,A0274,POL0327,131.31,ZAR,2026-03-04,DEBIT_ORDER,COMPLETED,PAYREF90A7A26FB0,
PAY009735,C0697,A1196,POL0398,695.93,ZAR,2025-07-28,CASH,COMPLETED,PAYREF4AF9444BA0,
PAY009736,C0039,A0528,,1035.74,ZAR,2025-09-18,EFT,COMPLETED,PAYREFFA4D4A2B39,
PAY009737,C0482,A0525,,1905.49,ZAR,2025-12-23,DEBIT_ORDER,PENDING,PAYREF7795C5CFE8,
PAY009738,C0688,A1147,POL0494,1697.74,ZAR,2024-05-13,CARD,COMPLETED,PAYREFDC1E5CC3F0,
PAY009739,C0778,A0511,POL0613,301.74,ZAR,2024-12-23,CASH,COMPLETED,PAYREF4CD45ED60B,
PAY009740,C0887,A1421,,1239.04,ZAR,2025-04-03,CASH,COMPLETED,PAYREF94C4E7135D,
PAY009741,C0032,A1462,POL0346,642.9,ZAR,2026-04-26,MOBILE,COMPLETED,PAYREF2EAE202076,
PAY009742,C0030,A0740,,764.93,ZAR,2026-02-27,EFT,COMPLETED,PAYREF2B3EEA1176,
PAY009743,C0137,A0544,POL0299,404.14,ZAR,2024-08-30,DEBIT_ORDER,COMPLETED,PAYREF0ADF685050,
PAY009744,C0899,A0841,POL0410,1042.2,ZAR,2025-11-26,DEBIT_ORDER,COMPLETED,PAYREF5298C86767,
PAY009745,C0728,A0718,,25145.51,ZAR,2026-05-10,CARD,COMPLETED,PAYREF65322B2DEC,
PAY009746,C0715,A0277,,7019.47,ZAR,2024-09-27,CARD,FAILED,PAYREF90D463EFE0,Limit exceeded
PAY009747,C0302,A0828,POL0070,403.95,ZAR,2025-10-16,EFT,COMPLETED,PAYREF32A8B62209,
PAY009748,C0981,A0089,POL0443,1171.39,ZAR,2025-08-30,DEBIT_ORDER,COMPLETED,PAYREFDFBE2DAA99,
PAY009749,C0015,A0302,POL0623,801.12,ZAR,2024-04-01,CARD,FAILED,PAYREF4913F0F7D1,Account closed
PAY009750,C0360,A1323,POL0153,1263.99,ZAR,2024-10-03,MOBILE,COMPLETED,PAYREF8E3B82BAB0,
PAY009751,C0522,A0351,,2741.63,ZAR,2024-02-21,CARD,COMPLETED,PAYREF2FB0A6ACC0,
PAY009752,C0503,A1450,,963.6,ZAR,2026-06-08,CARD,COMPLETED,PAYREF9D863BE0A1,
PAY009753,C0379,A1362,POL0479,537.95,ZAR,2026-02-03,DEBIT_ORDER,COMPLETED,PAYREF543E1D365E,
PAY009754,C0582,A1171,,3485.91,ZAR,2025-06-07,EFT,REVERSED,PAYREFE9BD98C28B,
PAY009755,C0630,A0850,POL0705,319.25,ZAR,2024-07-03,DEBIT_ORDER,COMPLETED,PAYREFF38BEA18DB,
PAY009756,C0402,A0113,POL0370,1325.18,ZAR,2024-08-18,CASH,COMPLETED,PAYREF61AD870E2E,
PAY009757,C0491,A0493,POL0096,248.12,ZAR,2024-10-21,DEBIT_ORDER,COMPLETED,PAYREF99CE98768D,
PAY009758,C0626,A0125,,393.05,ZAR,2024-11-28,EFT,COMPLETED,PAYREF4FE250BC64,
PAY009759,C0871,A0816,POL0433,2309.51,ZAR,2025-06-29,DEBIT_ORDER,COMPLETED,PAYREF208BB609C8,
PAY009760,C0611,A0033,,555.91,ZAR,2025-02-02,DEBIT_ORDER,COMPLETED,PAYREFC222412D9C,
PAY009761,C0223,A1249,,167.91,ZAR,2026-01-12,CARD,COMPLETED,PAYREF4AD7840494,
PAY009762,C0151,A0004,POL0530,532.35,ZAR,2024-11-28,CASH,COMPLETED,PAYREF0F3054C346,
PAY009763,C0671,A1331,,478.3,ZAR,2025-12-01,DEBIT_ORDER,COMPLETED,PAYREFEFD03917DB,
PAY009764,C0049,A0738,POL0508,310.33,ZAR,2026-01-19,EFT,COMPLETED,PAYREFC9CEE3F956,
PAY009765,C0514,A0040,,1900.91,ZAR,2024-12-09,EFT,PENDING,PAYREF9EED9EA920,
PAY009766,C0284,A0676,POL0420,233.5,ZAR,2025-09-09,CASH,COMPLETED,PAYREF8122420CA4,
PAY009767,C0922,A0986,POL0728,609.15,ZAR,2025-03-26,MOBILE,COMPLETED,PAYREF229C19A546,
PAY009768,C0120,A1391,POL0395,1253.14,ZAR,2025-06-22,EFT,FAILED,PAYREFD31A03B060,Limit exceeded
PAY009769,C0407,A0282,POL0297,778.38,ZAR,2024-06-21,CASH,COMPLETED,PAYREF05A5E4CC60,
PAY009770,C0084,A0523,POL0641,732.02,ZAR,2024-05-30,EFT,PENDING,PAYREF5ECE064FB4,
PAY009771,C0455,A1429,POL0619,532.35,ZAR,2025-03-17,DEBIT_ORDER,COMPLETED,PAYREFE6B44AE7C4,
PAY009772,C0392,A1197,POL0320,324.15,ZAR,2024-05-10,EFT,COMPLETED,PAYREFD6030FC800,
PAY009773,C0696,A0963,POL0367,580.12,ZAR,2025-06-09,CARD,COMPLETED,PAYREF865F81D32B,
PAY009774,C0074,A1190,,2116.59,ZAR,2024-09-15,CASH,FAILED,PAYREFD5A1D2435A,Insufficient funds
PAY009775,C0509,A1258,,710.49,ZAR,2024-11-01,CARD,COMPLETED,PAYREF2138EDB273,
PAY009776,C0729,A0134,,1295.85,ZAR,2024-09-28,DEBIT_ORDER,COMPLETED,PAYREF1EB354BB8B,
PAY009777,C0315,A0581,POL0027,3351.35,ZAR,2024-12-13,CASH,COMPLETED,PAYREFE8895FEC8C,
PAY009778,C0232,A0317,POL0767,1997.8,ZAR,2024-04-10,CARD,PENDING,PAYREFDACB6CF94D,
PAY009779,C0237,A0197,,306.04,ZAR,2025-12-21,CARD,COMPLETED,PAYREF4740548B8A,
PAY009780,C0216,A0598,,1716.36,ZAR,2026-09-09,CARD,COMPLETED,PAYREF36123A6DCC,
PAY009781,C0053,A0426,POL0754,3126.5,ZAR,2025-06-14,CASH,COMPLETED,PAYREFA61D4DA31E,
PAY009782,C0261,A0306,,612.65,ZAR,2026-09-06,EFT,COMPLETED,PAYREF65F485B6B7,
PAY009783,C0299,A0849,POL0722,224.61,ZAR,2024-05-14,CARD,COMPLETED,PAYREFEB2CE574E9,
PAY009784,C0416,A1001,POL0027,705.78,ZAR,2025-08-11,CARD,COMPLETED,PAYREFA2D92A42CE,
PAY009785,C0143,A0373,,1323.53,ZAR,2025-10-24,CASH,COMPLETED,PAYREF8C617961A6,
PAY009786,C0965,A0364,,1983.08,ZAR,2026-01-25,EFT,COMPLETED,PAYREF7F8EBDC1ED,
PAY009787,C0760,A0254,,651.48,ZAR,2026-03-21,EFT,COMPLETED,PAYREF91CECEC40F,
PAY009788,C0830,A1268,POL0362,143.24,ZAR,2024-10-11,EFT,COMPLETED,PAYREF4042C42E0A,
PAY009789,C0248,A1327,,306.0,ZAR,2026-03-24,CARD,PENDING,PAYREF84A9367CAF,
PAY009790,C0769,A0769,POL0328,1571.71,ZAR,2025-09-22,DEBIT_ORDER,COMPLETED,PAYREFA5D3D5E092,
PAY009791,C0680,A1295,POL0636,8027.87,ZAR,2024-07-11,MOBILE,PENDING,PAYREFED2D56A78A,
PAY009792,C0296,A0078,POL0290,1072.83,ZAR,2026-07-01,CASH,COMPLETED,PAYREF011DE8AE6D,
PAY009793,C0364,A0421,,4076.02,ZAR,2025-08-05,MOBILE,COMPLETED,PAYREF33EC099B77,
PAY009794,C0252,A0606,POL0273,381.09,ZAR,2025-02-04,MOBILE,COMPLETED,PAYREF633F4C86B6,
PAY009795,C0596,A1260,,573.85,ZAR,2025-05-14,CARD,COMPLETED,PAYREFCE3880ED0C,
PAY009796,C0888,A0627,POL0027,105.61,ZAR,2024-09-09,MOBILE,COMPLETED,PAYREF0CC39E8707,
PAY009797,C0027,A0181,POL0493,1587.07,ZAR,2025-07-20,EFT,PENDING,PAYREF0D121DC3FC,
PAY009798,C0921,A0964,,448.71,ZAR,2025-08-03,CARD,COMPLETED,PAYREF46CEF64085,
PAY009799,C0287,A1030,POL0307,1996.4,ZAR,2024-07-11,CARD,COMPLETED,PAYREF4032BF7182,
PAY009800,C0559,A1087,,663.6,ZAR,2024-07-28,DEBIT_ORDER,COMPLETED,PAYREF6DB78CEC93,
PAY009801,C0015,A0050,,8281.78,ZAR,2025-09-21,EFT,COMPLETED,PAYREFECD1DFB38D,
PAY009802,C0825,A1157,POL0397,6589.3,ZAR,2025-05-09,CASH,COMPLETED,PAYREFE83F1008CB,
PAY009803,C0222,A0842,,109.58,ZAR,2025-12-06,CARD,COMPLETED,PAYREFD55986BB21,
PAY009804,C0514,A0647,,1980.71,ZAR,2024-08-28,EFT,FAILED,PAYREF429B4C915F,Account closed
PAY009805,C0445,A1343,POL0365,521.5,ZAR,2026-07-05,EFT,FAILED,PAYREF16ACE6FE43,Limit exceeded
PAY009806,C0253,A0528,,2094.12,ZAR,2025-06-10,MOBILE,COMPLETED,PAYREFD1158244A8,
PAY009807,C0172,A1203,,286.07,ZAR,2025-03-24,MOBILE,COMPLETED,PAYREF51B1A6A702,
PAY009808,C0038,A1112,POL0047,4634.27,ZAR,2025-11-22,EFT,COMPLETED,PAYREFD9AF3B0015,
PAY009809,C0761,A0025,POL0452,3073.87,ZAR,2024-01-06,CARD,REVERSED,PAYREF600B5721EB,
PAY009810,C0747,A0207,POL0487,266.73,ZAR,2025-09-15,MOBILE,COMPLETED,PAYREFA8B4B26542,
PAY009811,C0114,A1103,POL0455,914.79,ZAR,2026-05-30,DEBIT_ORDER,COMPLETED,PAYREF96BA2FAB2E,
PAY009812,C0339,A0542,POL0082,1290.0,ZAR,2024-08-10,MOBILE,COMPLETED,PAYREF538B5C12AB,
PAY009813,C0309,A0146,POL0473,2251.42,ZAR,2025-03-07,MOBILE,COMPLETED,PAYREF2543CF02A4,
PAY009814,C0279,A0231,POL0113,1083.61,ZAR,2026-03-18,CARD,COMPLETED,PAYREFA78FA7D528,
PAY009815,C0468,A0016,POL0473,2407.57,ZAR,2024-10-13,DEBIT_ORDER,COMPLETED,PAYREF890DB9A971,
PAY009816,C0921,A0193,POL0543,1021.71,ZAR,2025-11-11,EFT,COMPLETED,PAYREF541C91B64C,
PAY009817,C0784,A0346,,2021.86,ZAR,2024-01-26,MOBILE,COMPLETED,PAYREF0EF35EED71,
PAY009818,C0629,A0869,POL0147,279.26,ZAR,2024-01-03,CASH,COMPLETED,PAYREF240501E0EC,
PAY009819,C0770,A1429,,1068.5,ZAR,2026-05-24,CASH,COMPLETED,PAYREF3765C4EFA1,
PAY009820,C0157,A1410,,3463.8,ZAR,2026-05-28,CARD,PENDING,PAYREF6B747A1CCD,
PAY009821,C0123,A0631,POL0729,4496.65,ZAR,2026-04-29,DEBIT_ORDER,COMPLETED,PAYREF06EEB09268,
PAY009822,C0408,A0381,,1303.8,ZAR,2026-05-31,EFT,COMPLETED,PAYREFBC2D441E3C,
PAY009823,C0412,A0331,,993.13,ZAR,2026-05-05,CASH,FAILED,PAYREFD143FBB307,Technical error
PAY009824,C0537,A0457,POL0467,4307.16,ZAR,2026-04-26,DEBIT_ORDER,COMPLETED,PAYREFD873392725,
PAY009825,C0253,A0267,,991.35,ZAR,2024-07-17,DEBIT_ORDER,COMPLETED,PAYREF6CE2884B64,
PAY009826,C0193,A0290,,3444.48,ZAR,2025-12-05,CASH,COMPLETED,PAYREFD1510811EF,
PAY009827,C0827,A1437,POL0627,985.7,ZAR,2024-01-23,EFT,COMPLETED,PAYREF4056E23ED1,
PAY009828,C0941,A0682,POL0750,1141.39,ZAR,2026-05-23,CASH,COMPLETED,PAYREFAC95D6FE53,
PAY009829,C0323,A1386,,363.32,ZAR,2024-05-13,CARD,COMPLETED,PAYREF5355F24255,
PAY009830,C0210,A0999,POL0040,314.42,ZAR,2026-07-10,DEBIT_ORDER,PENDING,PAYREFFD8B86E401,
PAY009831,C0599,A0438,POL0625,2916.47,ZAR,2025-11-21,MOBILE,COMPLETED,PAYREFD8827F7847,
PAY009832,C0344,A1248,POL0604,6141.47,ZAR,2024-12-13,CASH,COMPLETED,PAYREF18185A2AC9,
PAY009833,C0781,A0484,POL0622,1218.91,ZAR,2025-02-26,CARD,COMPLETED,PAYREF7DC0646F50,
PAY009834,C0066,A0593,POL0175,928.72,ZAR,2024-07-29,CASH,COMPLETED,PAYREF2F83E74202,
PAY009835,C0689,A0915,,3049.22,ZAR,2026-01-18,DEBIT_ORDER,COMPLETED,PAYREF652E178FC5,
PAY009836,C0230,A0352,POL0654,1536.66,ZAR,2024-03-10,DEBIT_ORDER,COMPLETED,PAYREF0F6A4885F8,
PAY009837,C0884,A0222,POL0130,99.65,ZAR,2025-06-02,EFT,COMPLETED,PAYREF0E1AA3B6CC,
PAY009838,C0463,A1365,,2962.16,ZAR,2025-04-21,EFT,COMPLETED,PAYREF45C8087E18,
PAY009839,C0271,A0928,POL0445,288.04,ZAR,2026-03-25,CARD,FAILED,PAYREFBA30C93419,Insufficient funds
PAY009840,C0683,A0237,POL0707,1083.86,ZAR,2025-04-06,DEBIT_ORDER,COMPLETED,PAYREF652BF35433,
PAY009841,C0483,A1084,,705.22,ZAR,2026-05-17,CASH,COMPLETED,PAYREF169E6F3296,
PAY009842,C0560,A0269,POL0571,577.87,ZAR,2025-04-03,MOBILE,FAILED,PAYREFAC26861889,Invalid account
PAY009843,C0839,A0919,POL0439,1149.33,ZAR,2025-08-30,MOBILE,COMPLETED,PAYREF5457C80811,
PAY009844,C0619,A0063,,2680.15,ZAR,2024-04-18,DEBIT_ORDER,COMPLETED,PAYREFA60EE972C1,
PAY009845,C0447,A0372,POL0041,1131.52,ZAR,2024-01-30,EFT,COMPLETED,PAYREFD75717A7D8,
PAY009846,C0012,A0063,POL0046,4491.29,ZAR,2024-10-01,CASH,COMPLETED,PAYREF5D168BA63E,
PAY009847,C0985,A0617,POL0716,5084.75,ZAR,2024-07-25,MOBILE,COMPLETED,PAYREFD5923DB0C5,
PAY009848,C0882,A1055,,5038.54,ZAR,2025-04-26,MOBILE,COMPLETED,PAYREF3D99FF3CFD,
PAY009849,C0966,A0215,,1037.07,ZAR,2024-12-08,DEBIT_ORDER,COMPLETED,PAYREF2BA9248790,
PAY009850,C0336,A0223,POL0794,679.79,ZAR,2026-01-10,CARD,PENDING,PAYREF89B6DE57D6,
PAY009851,C0522,A0066,POL0606,1060.3,ZAR,2025-08-18,DEBIT_ORDER,REVERSED,PAYREF3A3AB922A2,
PAY009852,C0167,A0105,,3378.96,ZAR,2024-11-22,DEBIT_ORDER,REVERSED,PAYREF4CA38E72A0,
PAY009853,C0539,A1113,POL0625,3182.31,ZAR,2024-12-19,CASH,COMPLETED,PAYREF9FCC521D4D,
PAY009854,C0669,A0868,,81.84,ZAR,2024-05-04,DEBIT_ORDER,COMPLETED,PAYREF9A63FAFF9B,
PAY009855,C0652,A0896,POL0704,1488.98,ZAR,2025-08-23,CASH,COMPLETED,PAYREF811F7A7AC7,
PAY009856,C0195,A0290,POL0277,102.72,ZAR,2026-04-22,MOBILE,PENDING,PAYREFAC37D44E43,
PAY009857,C0974,A1441,POL0104,1075.92,ZAR,2025-06-05,CASH,COMPLETED,PAYREFC7BFAAD3D9,
PAY009858,C0776,A0412,POL0393,646.13,ZAR,2026-03-10,CASH,PENDING,PAYREF1373E5122E,
PAY009859,C0386,A0592,POL0779,474.89,ZAR,2024-06-22,CARD,COMPLETED,PAYREF21195A4B01,
PAY009860,C0769,A0751,,2563.83,ZAR,2024-01-26,EFT,COMPLETED,PAYREFFBA94EDACC,
PAY009861,C0922,A0197,POL0321,574.05,ZAR,2024-08-15,CASH,FAILED,PAYREFC30032A4A1,Invalid account
PAY009862,C0813,A0927,POL0653,1086.26,ZAR,2025-10-19,MOBILE,COMPLETED,PAYREF566A408D1D,
PAY009863,C0537,A1327,,431.66,ZAR,2024-08-07,EFT,FAILED,PAYREFE476DF70FA,Insufficient funds
PAY009864,C0994,A0278,,1180.53,ZAR,2024-05-11,CASH,COMPLETED,PAYREF5FDA23FA7C,
PAY009865,C0311,A0801,POL0509,2863.3,ZAR,2025-04-01,DEBIT_ORDER,FAILED,PAYREF7793C6294A,Account closed
PAY009866,C0118,A1279,POL0606,455.83,ZAR,2024-07-07,DEBIT_ORDER,COMPLETED,PAYREF4C75DD9E7F,
PAY009867,C0716,A0900,,2079.61,ZAR,2025-06-17,EFT,COMPLETED,PAYREF7F838CCBBA,
PAY009868,C0362,A0231,POL0214,1160.36,ZAR,2024-11-15,EFT,COMPLETED,PAYREF3BEE4A32F8,
PAY009869,C0495,A0504,POL0774,1149.77,ZAR,2024-08-24,MOBILE,COMPLETED,PAYREFBF29F7DE95,
PAY009870,C0107,A0585,,772.47,ZAR,2025-09-23,CASH,COMPLETED,PAYREF5D3F4FF902,
PAY009871,C0481,A1084,,2376.55,ZAR,2026-04-09,CARD,COMPLETED,PAYREFC772CBCB3D,
PAY009872,C0559,A1079,,2145.05,ZAR,2026-09-05,CARD,COMPLETED,PAYREF23B6C8E24A,
PAY009873,C0659,A0972,POL0679,959.65,ZAR,2025-02-07,MOBILE,COMPLETED,PAYREF5F1CDED55F,
PAY009874,C0784,A0041,,1343.02,ZAR,2024-11-02,DEBIT_ORDER,FAILED,PAYREFC58B160424,Account closed
PAY009875,C0639,A1492,,2305.32,ZAR,2025-02-05,DEBIT_ORDER,COMPLETED,PAYREF6894CF111D,
PAY009876,C0398,A1032,POL0746,1884.69,ZAR,2024-07-06,DEBIT_ORDER,COMPLETED,PAYREF2DCCEFDD35,
PAY009877,C0774,A1474,POL0633,807.03,ZAR,2025-10-22,EFT,COMPLETED,PAYREFAF20F8006D,
PAY009878,C0458,A0523,,3518.21,ZAR,2024-08-03,CASH,COMPLETED,PAYREFB68D4F03C1,
PAY009879,C0617,A0482,,2602.27,ZAR,2024-12-26,EFT,COMPLETED,PAYREFF5AFB28B97,
PAY009880,C0497,A1104,,9056.51,ZAR,2025-01-09,CASH,COMPLETED,PAYREF19F1E93DE4,
PAY009881,C0166,A0769,POL0042,228.25,ZAR,2025-11-02,CARD,COMPLETED,PAYREFC7E3AEF0BE,
PAY009882,C0133,A0993,POL0643,2212.74,ZAR,2024-02-11,CARD,FAILED,PAYREF19C7C0682E,Account closed
PAY009883,C0527,A1191,POL0105,3470.62,ZAR,2024-10-14,MOBILE,COMPLETED,PAYREF3433245792,
PAY009884,C0029,A0694,,2996.4,ZAR,2026-05-18,CARD,COMPLETED,PAYREF2205660D13,
PAY009885,C0167,A1453,POL0132,851.74,ZAR,2024-07-28,CASH,COMPLETED,PAYREFF8040C503B,
PAY009886,C0210,A0628,POL0786,280.58,ZAR,2026-01-27,MOBILE,COMPLETED,PAYREF986D2AF91A,
PAY009887,C0747,A1057,,5113.58,ZAR,2025-07-01,MOBILE,COMPLETED,PAYREF819053527C,
PAY009888,C0990,A0611,POL0688,677.4,ZAR,2025-09-20,CARD,COMPLETED,PAYREF41EF1707B5,
PAY009889,C0329,A0137,,816.11,ZAR,2024-01-08,DEBIT_ORDER,COMPLETED,PAYREF5919B424E5,
PAY009890,C0744,A1060,POL0582,8660.68,ZAR,2026-07-26,CARD,COMPLETED,PAYREF31717C9A91,
PAY009891,C0366,A1100,POL0014,307.01,ZAR,2026-03-02,MOBILE,FAILED,PAYREFF9CBAE3E86,Account closed
PAY009892,C0968,A1441,,2487.14,ZAR,2025-10-13,DEBIT_ORDER,COMPLETED,PAYREFA51B56F0EC,
PAY009893,C0731,A0696,POL0226,516.05,ZAR,2026-02-14,EFT,PENDING,PAYREF854591591C,
PAY009894,C0180,A0916,,504.85,ZAR,2024-08-14,EFT,COMPLETED,PAYREFFC90C91EAA,
PAY009895,C0874,A0897,POL0024,1296.8,ZAR,2024-02-06,DEBIT_ORDER,COMPLETED,PAYREF021DD39C94,
PAY009896,C0704,A0086,,2156.79,ZAR,2024-07-27,MOBILE,COMPLETED,PAYREF8C8DEC5999,
PAY009897,C0265,A0710,,2836.14,ZAR,2026-06-02,CASH,PENDING,PAYREFE459D00E03,
PAY009898,C0299,A0251,,3233.99,ZAR,2026-09-14,DEBIT_ORDER,COMPLETED,PAYREF072232A2BC,
PAY009899,C0704,A0383,POL0288,541.0,ZAR,2024-08-31,DEBIT_ORDER,COMPLETED,PAYREF720A5BAA2E,
PAY009900,C0039,A1276,,349.49,ZAR,2024-03-01,CARD,FAILED,PAYREF3C156F72B5,Account closed
PAY009901,C0770,A0790,,778.49,ZAR,2025-03-12,DEBIT_ORDER,COMPLETED,PAYREF32F685453F,
PAY009902,C0359,A1218,,1552.28,ZAR,2025-12-23,CASH,PENDING,PAYREF04CA538094,
PAY009903,C0690,A1402,,892.8,ZAR,2026-08-09,EFT,COMPLETED,PAYREFB3038E6AA6,
PAY009904,C0192,A1442,POL0767,29.03,ZAR,2026-02-03,DEBIT_ORDER,COMPLETED,PAYREF8896CF8EAB,
PAY009905,C0654,A0673,POL0203,176.41,ZAR,2026-02-10,CASH,COMPLETED,PAYREF9032955F08,
PAY009906,C0472,A0053,POL0218,862.23,ZAR,2024-03-31,DEBIT_ORDER,COMPLETED,PAYREF1235C68C15,
PAY009907,C0029,A0340,,2579.11,ZAR,2026-09-04,DEBIT_ORDER,COMPLETED,PAYREF525F429AC0,
PAY009908,C0575,A0817,POL0053,443.79,ZAR,2025-12-26,CASH,COMPLETED,PAYREF55D5883358,
PAY009909,C0364,A1166,POL0604,2282.6,ZAR,2024-12-30,MOBILE,FAILED,PAYREF3F76B592BC,Insufficient funds
PAY009910,C0899,A0102,,245.65,ZAR,2024-09-16,EFT,REVERSED,PAYREFD417A7B771,
PAY009911,C0645,A1034,POL0084,1415.97,ZAR,2026-08-12,MOBILE,COMPLETED,PAYREF4AB68E36FE,
PAY009912,C0384,A0627,POL0501,1426.32,ZAR,2025-03-24,DEBIT_ORDER,FAILED,PAYREF3848E2FF24,Account closed
PAY009913,C0946,A0315,POL0707,1752.4,ZAR,2025-01-23,CASH,REVERSED,PAYREF9BC4D79922,
PAY009914,C0801,A0509,POL0586,400.1,ZAR,2024-12-14,EFT,COMPLETED,PAYREF9CD06048DB,
PAY009915,C0592,A0171,POL0424,233.31,ZAR,2025-10-01,EFT,COMPLETED,PAYREFBC3E16700C,
PAY009916,C0012,A0894,POL0555,2266.64,ZAR,2025-07-28,EFT,COMPLETED,PAYREF39D659A75C,
PAY009917,C0452,A0089,POL0507,238.37,ZAR,2024-03-13,MOBILE,COMPLETED,PAYREF1EC34D494E,
PAY009918,C0302,A1327,POL0003,507.29,ZAR,2024-05-13,MOBILE,COMPLETED,PAYREF53B392E338,
PAY009919,C0017,A0774,POL0296,4410.23,ZAR,2026-04-06,DEBIT_ORDER,COMPLETED,PAYREF7824CD5460,
PAY009920,C0972,A1210,POL0028,1299.7,ZAR,2025-05-30,DEBIT_ORDER,COMPLETED,PAYREF989A171DA2,
PAY009921,C0150,A1219,POL0350,1585.66,ZAR,2025-06-17,CASH,COMPLETED,PAYREFE0F25A6185,
PAY009922,C0909,A0793,POL0337,2048.24,ZAR,2026-06-16,CASH,COMPLETED,PAYREFCA75B144E9,
PAY009923,C0933,A1442,POL0368,1976.57,ZAR,2025-06-29,MOBILE,PENDING,PAYREF4C23B5287E,
PAY009924,C0674,A0282,,1073.54,ZAR,2025-08-09,DEBIT_ORDER,COMPLETED,PAYREFE5006347AF,
PAY009925,C0776,A0137,,445.22,ZAR,2025-11-19,CASH,COMPLETED,PAYREFAC3A72BB2D,
PAY009926,C0242,A1353,,16059.53,ZAR,2026-02-24,MOBILE,COMPLETED,PAYREF64F80828E1,
PAY009927,C0172,A1410,,818.41,ZAR,2025-06-02,CARD,COMPLETED,PAYREF07B0D94FDD,
PAY009928,C0696,A0231,,1526.98,ZAR,2025-06-29,MOBILE,COMPLETED,PAYREFAA1E2241C6,
PAY009929,C0731,A1240,POL0024,1702.99,ZAR,2026-01-21,DEBIT_ORDER,COMPLETED,PAYREF889CEE2FD8,
PAY009930,C0582,A0051,,643.58,ZAR,2024-10-16,DEBIT_ORDER,COMPLETED,PAYREF58A6EC34A6,
PAY009931,C0326,A1188,POL0047,716.45,ZAR,2026-07-21,DEBIT_ORDER,COMPLETED,PAYREF006D447D6A,
PAY009932,C0245,A0944,,4857.27,ZAR,2024-08-17,MOBILE,COMPLETED,PAYREFC3CF73A250,
PAY009933,C0042,A1381,,523.75,ZAR,2026-04-24,DEBIT_ORDER,COMPLETED,PAYREF6C0034E4E3,
PAY009934,C0320,A0493,POL0115,1656.45,ZAR,2024-01-27,CASH,FAILED,PAYREFCD3FBA0E64,Account closed
PAY009935,C0632,A1082,POL0351,2686.12,ZAR,2026-05-21,MOBILE,COMPLETED,PAYREFFEA0ACC944,
PAY009936,C0709,A0856,,885.24,ZAR,2025-12-23,CARD,FAILED,PAYREF86A36420D1,Technical error
PAY009937,C0920,A1251,POL0009,998.36,ZAR,2025-01-24,MOBILE,COMPLETED,PAYREFFC968EFD4C,
PAY009938,C0077,A0183,POL0252,2855.22,ZAR,2025-04-12,CASH,COMPLETED,PAYREF9A56F4A6DF,
PAY009939,C0701,A1025,POL0503,955.9,ZAR,2024-07-29,DEBIT_ORDER,COMPLETED,PAYREF554AB4C1C1,
PAY009940,C0480,A1160,,137.39,ZAR,2026-05-12,EFT,COMPLETED,PAYREF502F3A47D8,
PAY009941,C0321,A1202,POL0626,4933.89,ZAR,2025-01-15,MOBILE,COMPLETED,PAYREF3BAE2C5D49,
PAY009942,C0660,A0767,POL0420,413.45,ZAR,2025-08-16,MOBILE,COMPLETED,PAYREF5E6F2A3FF3,
PAY009943,C0146,A0649,,1360.32,ZAR,2026-02-09,CASH,COMPLETED,PAYREFDC711A70F5,
PAY009944,C0421,A1113,,293.6,ZAR,2025-03-19,DEBIT_ORDER,COMPLETED,PAYREF59E1733A42,
PAY009945,C0786,A0315,,657.94,ZAR,2024-09-05,DEBIT_ORDER,REVERSED,PAYREF896D894936,
PAY009946,C0104,A0339,POL0175,708.76,ZAR,2024-06-13,MOBILE,COMPLETED,PAYREF36A546B730,
PAY009947,C0772,A0673,POL0478,1305.28,ZAR,2026-08-22,MOBILE,COMPLETED,PAYREF898E59337E,
PAY009948,C0133,A1304,POL0551,456.17,ZAR,2026-02-24,MOBILE,PENDING,PAYREFA51BFE24F8,
PAY009949,C0719,A1324,,7965.18,ZAR,2025-07-03,EFT,COMPLETED,PAYREF3DAA5C7395,
PAY009950,C0542,A1132,POL0723,1123.87,ZAR,2026-02-17,DEBIT_ORDER,COMPLETED,PAYREFA4A0AE2960,
PAY009951,C0500,A1270,,2646.63,ZAR,2024-10-16,MOBILE,PENDING,PAYREFC88907E708,
PAY009952,C0949,A0669,POL0161,1086.97,ZAR,2024-01-14,CASH,COMPLETED,PAYREF394D36BF7E,
PAY009953,C0402,A1241,,2972.83,ZAR,2026-08-20,EFT,COMPLETED,PAYREFA059062CC2,
PAY009954,C0423,A0817,,134.2,ZAR,2024-07-27,CARD,COMPLETED,PAYREF5A90634E33,
PAY009955,C0660,A0936,POL0582,541.99,ZAR,2024-10-30,DEBIT_ORDER,PENDING,PAYREF87EB503493,
PAY009956,C0938,A1072,POL0198,650.8,ZAR,2025-07-05,MOBILE,COMPLETED,PAYREF5FB0C58C4F,
PAY009957,C0446,A0132,,645.56,ZAR,2024-12-05,CASH,REVERSED,PAYREF742E8FF4A5,
PAY009958,C0602,A0514,POL0342,1842.13,ZAR,2025-06-26,CASH,COMPLETED,PAYREFC2C3E8B42D,
PAY009959,C0634,A0431,POL0477,1972.71,ZAR,2024-01-03,CASH,COMPLETED,PAYREF787915A7FA,
PAY009960,C0312,A0635,POL0501,1018.36,ZAR,2025-12-20,DEBIT_ORDER,COMPLETED,PAYREF8EB41CC84C,
PAY009961,C0857,A0155,POL0108,1043.88,ZAR,2025-10-09,MOBILE,REVERSED,PAYREF0C8479BA42,
PAY009962,C0594,A0615,,12588.16,ZAR,2025-05-11,CASH,COMPLETED,PAYREF233624F9E9,
PAY009963,C0951,A1428,POL0561,1517.16,ZAR,2025-12-16,DEBIT_ORDER,COMPLETED,PAYREF39FFE2CD9C,
PAY009964,C0047,A1020,,118.49,ZAR,2026-02-06,MOBILE,COMPLETED,PAYREF1FEC40419B,
PAY009965,C0051,A0443,POL0362,2368.74,ZAR,2024-11-02,CARD,COMPLETED,PAYREF6EF3B9F876,
PAY009966,C0382,A0918,POL0705,1918.82,ZAR,2024-11-08,MOBILE,COMPLETED,PAYREF7A6BFE3C0E,
PAY009967,C0242,A0055,POL0166,3495.9,ZAR,2025-08-12,MOBILE,COMPLETED,PAYREF228580F173,
PAY009968,C0042,A1155,,1995.0,ZAR,2024-02-12,MOBILE,COMPLETED,PAYREF3F64FBB251,
PAY009969,C0088,A0984,,443.74,ZAR,2025-11-11,EFT,COMPLETED,PAYREFF4467D29CE,
PAY009970,C0639,A0823,POL0094,2670.46,ZAR,2025-03-27,CARD,COMPLETED,PAYREF118A0BA32F,
PAY009971,C0874,A0812,,1211.13,ZAR,2024-01-28,DEBIT_ORDER,COMPLETED,PAYREFBC458E359D,
PAY009972,C0734,A0557,POL0668,3121.8,ZAR,2024-05-20,EFT,FAILED,PAYREFA0E16FE13F,Limit exceeded
PAY009973,C0498,A0130,,5155.91,ZAR,2025-08-15,MOBILE,COMPLETED,PAYREF6FE073FCD2,
PAY009974,C0884,A1481,POL0501,970.81,ZAR,2026-02-07,EFT,COMPLETED,PAYREF3F2641CA78,
PAY009975,C0475,A0464,POL0021,2632.78,ZAR,2024-06-24,CASH,COMPLETED,PAYREF90533CFF48,
PAY009976,C0963,A1188,,3082.98,ZAR,2026-05-03,CASH,COMPLETED,PAYREF0C3CE8FE20,
PAY009977,C0520,A0673,POL0738,1285.3,ZAR,2025-07-22,CASH,FAILED,PAYREFC9B581448B,Account closed
PAY009978,C0042,A0564,,7770.5,ZAR,2025-09-23,DEBIT_ORDER,COMPLETED,PAYREFB37AAA42BD,
PAY009979,C0581,A1210,,3119.86,ZAR,2025-08-22,CARD,COMPLETED,PAYREF853585854E,
PAY009980,C0204,A0444,POL0045,610.7,ZAR,2025-12-13,CASH,PENDING,PAYREFE51444A7D0,
PAY009981,C0424,A0841,POL0608,1422.37,ZAR,2026-05-21,EFT,COMPLETED,PAYREF3930FD075D,
PAY009982,C0280,A0411,POL0064,2591.96,ZAR,2026-05-26,CARD,COMPLETED,PAYREF35D4118BF2,
PAY009983,C0903,A0985,,7480.76,ZAR,2024-04-06,DEBIT_ORDER,COMPLETED,PAYREF78E0927974,
PAY009984,C0901,A0922,POL0039,2040.31,ZAR,2024-10-29,EFT,COMPLETED,PAYREF709D217341,
PAY009985,C0888,A1346,POL0445,1464.78,ZAR,2026-02-27,EFT,COMPLETED,PAYREF5421EEDCA7,
PAY009986,C0459,A1128,POL0617,3880.87,ZAR,2024-07-20,CARD,COMPLETED,PAYREF4C3035F5CF,
PAY009987,C0868,A0809,POL0092,880.55,ZAR,2025-03-20,MOBILE,COMPLETED,PAYREF44E8CF3137,
PAY009988,C0001,A0763,POL0108,407.49,ZAR,2026-03-25,MOBILE,COMPLETED,PAYREFA20C3C7A99,
PAY009989,C0291,A0399,,2216.66,ZAR,2026-01-18,MOBILE,COMPLETED,PAYREF89A265C233,
PAY009990,C0979,A1214,,751.32,ZAR,2024-01-02,CASH,PENDING,PAYREF22BE511B95,
PAY009991,C0321,A0184,POL0496,16576.96,ZAR,2025-05-10,EFT,COMPLETED,PAYREF784A9822C7,
PAY009992,C0274,A0925,,1412.29,ZAR,2024-08-20,DEBIT_ORDER,COMPLETED,PAYREF83175558ED,
PAY009993,C0628,A1438,,2230.25,ZAR,2025-11-04,DEBIT_ORDER,COMPLETED,PAYREF7A174A8084,
PAY009994,C0274,A1475,,585.04,ZAR,2024-01-05,CASH,COMPLETED,PAYREF8DF6B40202,
PAY009995,C0238,A0174,,3883.92,ZAR,2026-05-08,MOBILE,FAILED,PAYREF43601F55EC,Limit exceeded
PAY009996,C0726,A1441,POL0023,1067.47,ZAR,2026-03-05,DEBIT_ORDER,COMPLETED,PAYREF63F27E8555,
PAY009997,C0019,A0485,POL0202,968.22,ZAR,2024-07-13,CARD,COMPLETED,PAYREFE9F7D796DE,
PAY009998,C0209,A0421,POL0032,991.76,ZAR,2026-03-18,MOBILE,REVERSED,PAYREF09425F6D82,
PAY009999,C0554,A0930,POL0409,301.45,ZAR,2025-09-02,EFT,COMPLETED,PAYREF389FA3D9F5,
PAY010000,C0984,A1117,,853.61,ZAR,2025-01-20,MOBILE,REVERSED,PAYREFD7F572770F,
