transaction_id,customer_id,account_id,amount,currency,transaction_date,transaction_time,transaction_type,description,channel,status,reference_number,_quarantine_reason
TX033554,C0941,A0146,1075.49,ZAR,2024-10-12,13:17:59,WITHDRAWAL,Withdrawal - Ref 236160,ONLINE,COMPLETED,REFF7A34C98C375,EXACT_DUPLICATE
TX009428,C0397,A1338,1219.85,ZAR,2024-08-25,05:45:26,DEPOSIT,Deposit - Ref 612274,ATM,PENDING,REFE444E7AC6860,EXACT_DUPLICATE
TX000200,C0240,A0937,401.12,ZAR,2024-06-25,23:49:19,FEE,Fee - Ref 613249,ONLINE,COMPLETED,REF8CA6618ADAF2,EXACT_DUPLICATE
TX012448,C0489,A1494,62.15,ZAR,2024-09-18,11:02:25,FEE,Fee - Ref 156315,ATM,COMPLETED,REFF2389331CA13,EXACT_DUPLICATE
TX039490,C0197,A1096,1982.88,ZAR,2026-08-04,20:52:48,PAYMENT,Payment - Ref 424485,ATM,COMPLETED,REF66952F80F68C,EXACT_DUPLICATE
TX042725,C0362,A0843,80.35,ZAR,2025-04-15,02:55:23,WITHDRAWAL,Withdrawal - Ref 241244,MOBILE,COMPLETED,REF504B10B3F50A,EXACT_DUPLICATE
TX010823,C0963,A0826,2493.25,ZAR,2025-07-04,15:54:06,DEBIT_ORDER,Debit Order - Ref 192110,ONLINE,COMPLETED,REF4550386BC67B,EXACT_DUPLICATE
TX049499,C0106,A1378,1769.76,ZAR,2025-08-06,06:00:53,DEBIT_ORDER,Debit Order - Ref 871624,ONLINE,COMPLETED,REFF9AEDC50DBFF,EXACT_DUPLICATE
TX004145,C0033,A1013,729.88,ZAR,2024-07-23,10:14:33,TRANSFER,Transfer - Ref 853379,MOBILE,COMPLETED,REF6AEC0EC8D895,EXACT_DUPLICATE
TX036959,C0754,A0073,461.11,ZAR,2025-09-12,21:25:47,FEE,Fee - Ref 935074,ONLINE,COMPLETED,REFD836E3AA978C,EXACT_DUPLICATE
TX043107,C0992,A1261,419.91,ZAR,2026-06-29,05:41:01,DEPOSIT,Deposit - Ref 372030,MOBILE,COMPLETED,REFBB807C32DE36,EXACT_DUPLICATE
TX038696,C0671,A0799,31758.38,ZAR,2024-03-03,02:53:14,REVERSAL,Reversal - Ref 211614,MOBILE,COMPLETED,REF5E04C918BE3C,EXACT_DUPLICATE
TX006189,C0236,A0787,22.15,ZAR,2026-05-17,05:28:39,INTEREST,Interest - Ref 196143,BRANCH,REVERSED,REFC8B07755011A,EXACT_DUPLICATE
TX001415,C0209,A0058,17935.87,ZAR,2025-12-22,05:51:59,DEPOSIT,Deposit - Ref 652868,ATM,COMPLETED,REF47C2CDC43BFB,EXACT_DUPLICATE
TX018472,C0772,A0436,1246.54,ZAR,2026-02-23,08:05:00,TRANSFER,Transfer - Ref 602038,BRANCH,COMPLETED,REFA9AB0230C57D,EXACT_DUPLICATE
TX029283,C0585,A0196,1600.01,ZAR,2024-09-20,21:21:24,INTEREST,Interest - Ref 715555,BRANCH,COMPLETED,REF0C3FCB741208,EXACT_DUPLICATE
TX012610,C0292,A0766,3239.68,ZAR,2024-07-05,21:54:19,TRANSFER,Transfer - Ref 556568,MOBILE,COMPLETED,REFE00F30B33B4D,EXACT_DUPLICATE
TX012145,C0821,A0809,88.25,ZAR,2024-11-10,06:44:11,FEE,Fee - Ref 493866,MOBILE,COMPLETED,REFDC31060E1C69,EXACT_DUPLICATE
TX006114,C0039,A0783,43995.25,ZAR,2024-04-03,12:10:51,REVERSAL,Reversal - Ref 475649,ONLINE,COMPLETED,REF66A95C9342FE,EXACT_DUPLICATE
TX015119,C0387,A0525,8467.79,ZAR,2025-01-21,11:27:51,DEPOSIT,Deposit - Ref 299628,ONLINE,COMPLETED,REF4522451303C5,EXACT_DUPLICATE
TX013467,C0945,A0735,2672.95,ZAR,2025-06-18,20:28:50,INTEREST,Interest - Ref 988478,MOBILE,COMPLETED,REFE52072516EE3,EXACT_DUPLICATE
TX026498,C0303,A0757,3322.07,ZAR,2024-12-25,11:42:21,INTEREST,Interest - Ref 787968,BRANCH,COMPLETED,REF68FB7F8AB544,EXACT_DUPLICATE
TX042112,C0320,A0547,7459.47,ZAR,2024-03-27,14:25:43,DEBIT_ORDER,Debit Order - Ref 645478,POS,COMPLETED,REF791CA694D2DE,EXACT_DUPLICATE
TX030189,C0564,A0484,3342.81,ZAR,2024-11-10,04:24:48,INTEREST,Interest - Ref 213444,MOBILE,COMPLETED,REF04392BEE8B9B,EXACT_DUPLICATE
TX037238,C0480,A0394,11233.12,ZAR,2024-11-09,18:23:14,DEPOSIT,Deposit - Ref 726566,MOBILE,FAILED,REF7A8896E0085D,EXACT_DUPLICATE
TX033110,C0134,A0081,147.41,ZAR,2025-11-21,15:29:00,WITHDRAWAL,Withdrawal - Ref 979000,ONLINE,COMPLETED,REFC6842693BA68,EXACT_DUPLICATE
TX036481,C0383,A0367,4098.54,ZAR,2025-05-20,21:12:21,INTEREST,Interest - Ref 172474,POS,PENDING,REFCF614E2B92D1,EXACT_DUPLICATE
TX024149,C0649,A0370,437.42,ZAR,2025-04-24,09:58:51,FEE,Fee - Ref 896582,MOBILE,FAILED,REF5A791A3F4CE6,EXACT_DUPLICATE
TX005504,C0979,A0033,271.83,ZAR,2024-09-07,10:18:27,FEE,Fee - Ref 713890,ONLINE,COMPLETED,REF5B95A88CD0D3,EXACT_DUPLICATE
TX003919,C0364,A1033,325.61,ZAR,2026-01-08,17:46:01,FEE,Fee - Ref 957480,MOBILE,COMPLETED,REFC898B3E08F62,EXACT_DUPLICATE
TX038479,C0368,A1307,579.42,ZAR,2024-01-22,17:23:19,DEBIT_ORDER,Debit Order - Ref 964788,ONLINE,COMPLETED,REFE77393A315F6,EXACT_DUPLICATE
TX021124,C0156,A1296,252.51,ZAR,2026-01-30,14:12:19,FEE,Fee - Ref 177661,ONLINE,COMPLETED,REF044846BF843E,EXACT_DUPLICATE
TX049718,C0692,A0415,742.74,ZAR,2025-06-23,09:12:58,DEBIT_ORDER,Debit Order - Ref 959003,POS,COMPLETED,REF5C6E39B499C1,EXACT_DUPLICATE
TX042295,C0413,A0772,608.51,ZAR,2024-12-01,16:42:19,DEBIT_ORDER,Debit Order - Ref 814529,BRANCH,COMPLETED,REF05919FE37672,EXACT_DUPLICATE
TX047610,C0066,A0910,2419.81,ZAR,2025-08-12,22:10:21,DEBIT_ORDER,Debit Order - Ref 661799,POS,COMPLETED,REF5916FFDB18C1,EXACT_DUPLICATE
TX011077,C0010,A1268,10937.88,ZAR,2025-05-11,01:34:07,DEPOSIT,Deposit - Ref 132352,MOBILE,FAILED,REFB24E1DC00C25,EXACT_DUPLICATE
TX041515,C0411,A0601,2604.31,ZAR,2026-02-07,18:10:20,INTEREST,Interest - Ref 546435,ATM,PENDING,REFAEDADD24E9E2,EXACT_DUPLICATE
TX022063,C0367,A0636,1030.67,ZAR,2025-09-17,22:41:50,DEBIT_ORDER,Debit Order - Ref 142808,ONLINE,FAILED,REF45D0A2BD776C,EXACT_DUPLICATE
TX009414,C0610,A0875,474.27,ZAR,2026-08-23,13:17:29,FEE,Fee - Ref 147711,ATM,COMPLETED,REF6D8FB305B388,EXACT_DUPLICATE
TX038341,C0674,A0839,2451.71,ZAR,2025-01-28,20:06:41,DEPOSIT,Deposit - Ref 109765,ONLINE,COMPLETED,REF2B5DA0FBA63A,EXACT_DUPLICATE
TX030264,C0247,A0655,1238.43,ZAR,2024-02-04,15:08:02,DEPOSIT,Deposit - Ref 960279,ONLINE,COMPLETED,REF4B3110A0D752,EXACT_DUPLICATE
TX041253,C0675,A0223,6374.6,ZAR,2024-08-28,12:51:44,DEPOSIT,Deposit - Ref 860565,ONLINE,COMPLETED,REFEEF457D1D4C1,EXACT_DUPLICATE
TX014645,C0739,A0688,1087.42,ZAR,2024-11-30,08:01:17,DEPOSIT,Deposit - Ref 119907,ONLINE,COMPLETED,REF72566171F8AD,EXACT_DUPLICATE
TX026336,C0174,A0413,927.62,ZAR,2025-03-28,01:24:22,INTEREST,Interest - Ref 700062,ONLINE,PENDING,REFF55382019CEA,EXACT_DUPLICATE
TX028103,C0192,A0802,641.67,ZAR,2024-02-23,14:08:37,INTEREST,Interest - Ref 507592,ONLINE,COMPLETED,REF41B12068D7E6,EXACT_DUPLICATE
TX017524,C0614,A0696,38041.92,ZAR,2025-10-22,23:43:36,REVERSAL,Reversal - Ref 518508,MOBILE,COMPLETED,REF720F3801136D,EXACT_DUPLICATE
TX024713,C0624,A0969,141.42,ZAR,2026-04-18,14:35:39,WITHDRAWAL,Withdrawal - Ref 929844,MOBILE,COMPLETED,REF4DDE9CA5DDCD,EXACT_DUPLICATE
TX003851,C0868,A0080,247.22,ZAR,2026-07-29,00:30:10,TRANSFER,Transfer - Ref 340830,ONLINE,COMPLETED,REF0DEB25916929,EXACT_DUPLICATE
TX040041,C0341,A0929,617.25,ZAR,2024-12-02,22:46:49,DEPOSIT,Deposit - Ref 920414,ONLINE,COMPLETED,REF70FACD951A7C,EXACT_DUPLICATE
TX015268,C0675,A1071,1782.98,ZAR,2026-05-08,11:25:07,DEBIT_ORDER,Debit Order - Ref 328234,ATM,COMPLETED,REF321ECD856F54,EXACT_DUPLICATE
TX049147,C0084,A0911,360.54,ZAR,2024-05-21,09:16:26,DEBIT_ORDER,Debit Order - Ref 457312,MOBILE,PENDING,REF9A6C906A5B36,EXACT_DUPLICATE
TX045927,C0043,A0204,9875.49,ZAR,2025-03-16,01:35:23,TRANSFER,Transfer - Ref 253355,POS,COMPLETED,REF29B32346A691,EXACT_DUPLICATE
TX043825,C0028,A1371,287.72,ZAR,2026-01-08,00:26:01,WITHDRAWAL,Withdrawal - Ref 111695,MOBILE,COMPLETED,REF5B683F5D112B,EXACT_DUPLICATE
TX017241,C0451,A0299,583.43,ZAR,2025-07-31,13:53:54,DEPOSIT,Deposit - Ref 998842,MOBILE,COMPLETED,REFE467BAB3B4FB,EXACT_DUPLICATE
TX004893,C0074,A1409,298.82,ZAR,2026-09-10,02:03:32,FEE,Fee - Ref 578892,MOBILE,COMPLETED,REF9A171935D519,EXACT_DUPLICATE
TX000726,C0633,A0530,230.62,ZAR,2026-08-16,14:34:00,WITHDRAWAL,Withdrawal - Ref 383542,MOBILE,COMPLETED,REFDC2F6FA8CDA3,EXACT_DUPLICATE
TX022950,C0915,A0345,357.06,ZAR,2026-08-07,09:39:39,DEBIT_ORDER,Debit Order - Ref 525697,ATM,COMPLETED,REF059A14B644F1,EXACT_DUPLICATE
TX034658,C0407,A0768,1075.68,ZAR,2026-08-27,07:00:12,PAYMENT,Payment - Ref 457166,MOBILE,COMPLETED,REF4AE2F6371222,EXACT_DUPLICATE
TX037214,C0573,A0991,2193.81,ZAR,2026-05-13,06:59:41,WITHDRAWAL,Withdrawal - Ref 338561,ONLINE,COMPLETED,REF332601CB668D,EXACT_DUPLICATE
TX020305,C0772,A0049,48298.24,ZAR,2026-09-07,09:31:13,REVERSAL,Reversal - Ref 338694,MOBILE,COMPLETED,REFABF1315E88E1,EXACT_DUPLICATE
TX015270,C0224,A0257,1180.42,ZAR,2026-08-18,22:17:46,REVERSAL,Reversal - Ref 982972,MOBILE,COMPLETED,REF2C0CB46C8F6D,EXACT_DUPLICATE
TX022368,C0168,A0396,3564.27,ZAR,2025-11-18,22:55:58,DEPOSIT,Deposit - Ref 383873,MOBILE,COMPLETED,REF23B54E5C043F,EXACT_DUPLICATE
TX042685,C0678,A0909,978.78,ZAR,2025-12-29,07:50:33,DEPOSIT,Deposit - Ref 672184,ONLINE,COMPLETED,REF680A6FB35EE1,EXACT_DUPLICATE
TX046735,C0113,A1264,492.78,ZAR,2024-04-28,01:54:12,DEBIT_ORDER,Debit Order - Ref 110586,MOBILE,COMPLETED,REFB7FC70DCCC63,EXACT_DUPLICATE
TX011733,C0056,A0275,11296.35,ZAR,2026-04-26,18:59:03,PAYMENT,Payment - Ref 658346,MOBILE,COMPLETED,REF068445262C1A,EXACT_DUPLICATE
TX018620,C0694,A0961,388.1,ZAR,2024-08-02,14:07:15,WITHDRAWAL,Withdrawal - Ref 759432,MOBILE,COMPLETED,REFD654C1C94FC3,EXACT_DUPLICATE
TX048493,C0999,A0831,51.15,ZAR,2025-01-04,16:28:35,FEE,Fee - Ref 803972,MOBILE,COMPLETED,REFE849CF6AB39F,EXACT_DUPLICATE
TX026804,C0587,A1171,25393.61,ZAR,2025-09-28,13:33:48,TRANSFER,Transfer - Ref 976173,ONLINE,COMPLETED,REFB6C74B4BB805,EXACT_DUPLICATE
TX044306,C0232,A0597,4370.03,ZAR,2024-10-31,12:15:12,INTEREST,Interest - Ref 519188,MOBILE,COMPLETED,REFD103F5AFD430,EXACT_DUPLICATE
TX047523,C0279,A1118,4994.63,ZAR,2025-10-31,07:22:42,TRANSFER,Transfer - Ref 869345,MOBILE,COMPLETED,REFF9DFF9CBE90D,EXACT_DUPLICATE
TX032208,C0621,A0864,1607.12,ZAR,2024-05-23,21:11:43,PAYMENT,Payment - Ref 682128,MOBILE,COMPLETED,REFA9A1720B66D1,EXACT_DUPLICATE
TX002531,C0230,A0841,1429.97,ZAR,2025-12-06,21:09:02,DEPOSIT,Deposit - Ref 517395,POS,COMPLETED,REF6BA77C2874B0,EXACT_DUPLICATE
TX017747,C0345,A0694,91.64,ZAR,2025-05-29,17:13:48,FEE,Fee - Ref 289318,ONLINE,COMPLETED,REFE0D2B7BAB166,EXACT_DUPLICATE
TX008271,C0423,A0176,641.89,ZAR,2024-07-19,11:10:18,PAYMENT,Payment - Ref 857686,POS,COMPLETED,REF5861476F574E,EXACT_DUPLICATE
TX015080,C0157,A0501,3751.55,ZAR,2024-07-06,21:36:40,DEPOSIT,Deposit - Ref 228377,MOBILE,COMPLETED,REFDBAF445FAFFB,EXACT_DUPLICATE
TX013625,C0474,A1414,20883.3,ZAR,2026-07-30,20:03:50,REVERSAL,Reversal - Ref 737333,ONLINE,FAILED,REF2B791C8A2A65,EXACT_DUPLICATE
TX030639,C0970,A0514,54.8,ZAR,2024-03-01,16:28:42,FEE,Fee - Ref 179073,BRANCH,COMPLETED,REFCBC1DE62AE82,EXACT_DUPLICATE
TX030441,C0399,A0117,114.9,ZAR,2024-09-08,14:09:24,FEE,Fee - Ref 118905,MOBILE,COMPLETED,REFD3C24194AAED,EXACT_DUPLICATE
TX036057,C0179,A0566,330.31,ZAR,2025-11-23,00:59:43,WITHDRAWAL,Withdrawal - Ref 248390,BRANCH,COMPLETED,REF7FA7BA64F439,EXACT_DUPLICATE
TX042652,C0301,A0334,643.38,ZAR,2024-02-29,04:06:47,DEBIT_ORDER,Debit Order - Ref 577464,ONLINE,COMPLETED,REFF00A4F00FD30,EXACT_DUPLICATE
TX036804,C0102,A0678,4469.89,ZAR,2024-09-26,15:18:49,PAYMENT,Payment - Ref 535923,POS,PENDING,REF846FF743A47D,EXACT_DUPLICATE
TX048225,C0962,A1156,142.6,ZAR,2026-05-20,04:20:17,PAYMENT,Payment - Ref 407714,MOBILE,COMPLETED,REF43C7D020F76E,EXACT_DUPLICATE
TX029227,C0738,A0650,1601.22,ZAR,2024-05-12,10:50:15,TRANSFER,Transfer - Ref 990841,ONLINE,COMPLETED,REF7DF3BC6E9276,EXACT_DUPLICATE
TX005634,C0434,A1413,2516.51,ZAR,2026-09-02,08:08:55,INTEREST,Interest - Ref 984792,POS,COMPLETED,REF13B25963DE64,EXACT_DUPLICATE
TX005988,C0657,A0466,737.63,ZAR,2024-03-16,06:33:27,WITHDRAWAL,Withdrawal - Ref 308567,BRANCH,COMPLETED,REF4D30EF50FCD2,EXACT_DUPLICATE
TX048064,C0761,A1436,8109.75,ZAR,2025-08-10,18:43:19,TRANSFER,Transfer - Ref 708018,MOBILE,COMPLETED,REF2E7C2C78549E,EXACT_DUPLICATE
TX027579,C0429,A1065,17850.57,ZAR,2026-02-06,20:41:01,DEPOSIT,Deposit - Ref 896408,MOBILE,COMPLETED,REF58776C4E5841,EXACT_DUPLICATE
TX016824,C0645,A0282,6182.16,ZAR,2024-12-25,22:37:06,REVERSAL,Reversal - Ref 395124,ATM,PENDING,REFEC0070AA048F,EXACT_DUPLICATE
TX003929,C0258,A0001,31693.68,ZAR,2026-02-24,14:17:20,DEPOSIT,Deposit - Ref 789637,MOBILE,COMPLETED,REFBF4D0990DDD0,EXACT_DUPLICATE
TX037287,C0564,A0513,1923.94,ZAR,2024-02-07,15:26:17,INTEREST,Interest - Ref 826515,MOBILE,COMPLETED,REFAC221AB676AE,EXACT_DUPLICATE
TX015728,C0500,A1239,693.12,ZAR,2026-05-25,13:44:34,TRANSFER,Transfer - Ref 455037,ONLINE,COMPLETED,REF37E1F151D755,EXACT_DUPLICATE
TX029601,C0276,A0236,1912.44,ZAR,2026-05-03,03:03:42,DEBIT_ORDER,Debit Order - Ref 875594,ONLINE,COMPLETED,REFBA760110E127,EXACT_DUPLICATE
TX010431,C0035,A0317,654.44,ZAR,2024-11-29,16:36:07,WITHDRAWAL,Withdrawal - Ref 403215,BRANCH,COMPLETED,REF44B68E36CB38,EXACT_DUPLICATE
TX025769,C0439,A0565,55.93,ZAR,2025-08-01,21:38:28,FEE,Fee - Ref 498150,MOBILE,COMPLETED,REF8278BE9FF2DE,EXACT_DUPLICATE
TX029104,C0774,A1358,754.16,ZAR,2024-11-20,09:45:47,DEPOSIT,Deposit - Ref 468053,ONLINE,COMPLETED,REF0FB980F9EDB6,EXACT_DUPLICATE
TX036538,C0316,A1015,1472.07,ZAR,2026-05-26,10:25:07,WITHDRAWAL,Withdrawal - Ref 485459,MOBILE,PENDING,REF5EECC0641A4D,EXACT_DUPLICATE
TX039329,C0342,A0332,303.24,ZAR,2024-06-11,00:47:42,FEE,Fee - Ref 529349,MOBILE,COMPLETED,REF2F6F2ED18293,EXACT_DUPLICATE
TX035540,C0689,A0928,2738.08,ZAR,2025-08-04,17:29:34,DEBIT_ORDER,Debit Order - Ref 214173,ATM,COMPLETED,REF5792136D93F9,EXACT_DUPLICATE
TX028076,C0258,A0001,7562.43,ZAR,2025-09-02,13:13:27,REVERSAL,Reversal - Ref 935985,ATM,COMPLETED,REF945B927BF73E,EXACT_DUPLICATE
TX017841,C0442,A1434,6916.66,ZAR,2024-09-13,19:21:12,TRANSFER,Transfer - Ref 294208,MOBILE,COMPLETED,REF70B2C2F89432,EXACT_DUPLICATE
TX027803,C0302,A0066,2891.37,ZAR,2024-04-03,10:50:31,REVERSAL,Reversal - Ref 399328,BRANCH,COMPLETED,REF6170C641ABBB,EXACT_DUPLICATE
TX007683,C0671,A0854,624.75,ZAR,2024-10-02,10:36:24,WITHDRAWAL,Withdrawal - Ref 960429,ONLINE,FAILED,REF332021276A2B,EXACT_DUPLICATE
TX024280,C0570,A0641,449.75,ZAR,2025-03-31,20:11:31,WITHDRAWAL,Withdrawal - Ref 143192,ONLINE,COMPLETED,REFF6A933DC6D4D,EXACT_DUPLICATE
TX033071,C0014,A0635,648.12,ZAR,2025-04-13,04:27:48,INTEREST,Interest - Ref 420555,MOBILE,COMPLETED,REF113F99B4A4BF,EXACT_DUPLICATE
TX035558,C0252,A1110,3860.16,ZAR,2024-02-01,16:25:27,INTEREST,Interest - Ref 107392,ONLINE,COMPLETED,REF521DEC701E87,EXACT_DUPLICATE
TX037190,C0556,A0980,287.2,ZAR,2024-01-20,02:49:29,FEE,Fee - Ref 475334,MOBILE,PENDING,REFD6C83CFF2029,EXACT_DUPLICATE
TX047150,C0024,A0628,1683.73,ZAR,2026-02-17,08:47:03,PAYMENT,Payment - Ref 134006,ATM,COMPLETED,REF78345ED92F9D,EXACT_DUPLICATE
TX046916,C0300,A0232,445.26,ZAR,2024-11-23,23:41:59,FEE,Fee - Ref 330539,ONLINE,COMPLETED,REF9A4BAF22D4C4,EXACT_DUPLICATE
TX024670,C0312,A0493,9783.72,ZAR,2025-11-05,00:50:50,DEPOSIT,Deposit - Ref 752547,POS,COMPLETED,REFB9A6380887A2,EXACT_DUPLICATE
TX044234,C0852,A1207,258.53,ZAR,2024-09-04,21:51:14,PAYMENT,Payment - Ref 487893,BRANCH,COMPLETED,REF4253650E60E3,EXACT_DUPLICATE
TX031920,C0992,A1261,178.12,ZAR,2025-09-17,11:22:52,FEE,Fee - Ref 397399,ONLINE,COMPLETED,REF38B378EE1192,EXACT_DUPLICATE
TX007135,C0749,A1469,373.19,ZAR,2024-12-10,23:56:43,WITHDRAWAL,Withdrawal - Ref 192836,ATM,COMPLETED,REFDDAD879CE4A2,EXACT_DUPLICATE
TX033705,C0315,A0091,27524.33,ZAR,2025-03-09,08:51:39,REVERSAL,Reversal - Ref 805896,ATM,COMPLETED,REF619728F0DEC4,EXACT_DUPLICATE
TX029661,C0800,A0338,28897.67,ZAR,2025-08-19,16:05:19,REVERSAL,Reversal - Ref 125025,ONLINE,COMPLETED,REF8EA703AA0698,EXACT_DUPLICATE
TX017894,C0020,A0271,44387.21,ZAR,2024-07-23,00:47:11,REVERSAL,Reversal - Ref 779923,MOBILE,COMPLETED,REF485FF6351FFA,EXACT_DUPLICATE
TX022019,C0281,A0973,701.98,ZAR,2026-02-19,21:39:33,INTEREST,Interest - Ref 794634,BRANCH,COMPLETED,REFF9FD41DD5CE5,EXACT_DUPLICATE
TX013539,C0544,A0444,114.18,ZAR,2025-12-25,11:43:11,FEE,Fee - Ref 733649,ONLINE,COMPLETED,REF0951B84B0011,EXACT_DUPLICATE
TX043119,C0981,A0651,200.52,ZAR,2024-12-10,15:35:55,WITHDRAWAL,Withdrawal - Ref 466714,ATM,FAILED,REFD50C79615B1A,EXACT_DUPLICATE
TX036421,C0479,A1484,866.82,ZAR,2026-05-01,18:03:40,WITHDRAWAL,Withdrawal - Ref 402773,ONLINE,COMPLETED,REF33EB3A3F4573,EXACT_DUPLICATE
TX009406,C0416,A0724,1219.57,ZAR,2026-04-28,15:47:50,DEPOSIT,Deposit - Ref 372429,MOBILE,COMPLETED,REF8A225C897271,EXACT_DUPLICATE
TX013414,C0079,A1350,1163.6,ZAR,2025-08-22,03:17:55,INTEREST,Interest - Ref 499875,ONLINE,COMPLETED,REF8B3A52A39F32,EXACT_DUPLICATE
TX006721,C0047,A0985,2990.17,ZAR,2025-04-21,03:14:22,INTEREST,Interest - Ref 691879,MOBILE,COMPLETED,REFFA614BFFA51A,EXACT_DUPLICATE
TX015602,C0554,A1398,1541.55,ZAR,2024-09-14,21:02:04,PAYMENT,Payment - Ref 238961,ATM,COMPLETED,REF507454A50575,EXACT_DUPLICATE
TX044744,C0972,A1305,1366.37,ZAR,2025-11-04,01:58:54,INTEREST,Interest - Ref 787862,ONLINE,COMPLETED,REFE861CDC1C64F,EXACT_DUPLICATE
TX002730,C0450,A0536,58.61,ZAR,2026-05-16,19:57:14,FEE,Fee - Ref 812325,POS,COMPLETED,REFCF4B449357CE,EXACT_DUPLICATE
TX038243,C0620,A0169,2415.76,ZAR,2026-05-03,07:15:27,INTEREST,Interest - Ref 912540,MOBILE,REVERSED,REF7D98D57837AE,EXACT_DUPLICATE
TX029626,C0431,A0467,2764.88,ZAR,2025-09-13,01:43:08,INTEREST,Interest - Ref 687135,MOBILE,COMPLETED,REF226EA7ECC876,EXACT_DUPLICATE
TX047895,C0010,A1359,963.93,ZAR,2025-04-03,05:25:23,PAYMENT,Payment - Ref 758774,POS,COMPLETED,REF10181DF9558C,EXACT_DUPLICATE
TX042091,C0884,A0719,9301.92,ZAR,2024-01-24,17:23:09,DEPOSIT,Deposit - Ref 497846,MOBILE,PENDING,REF93EF629895C9,EXACT_DUPLICATE
TX036400,C0945,A1213,126.5,ZAR,2024-07-09,00:52:44,WITHDRAWAL,Withdrawal - Ref 560199,BRANCH,COMPLETED,REFC8F734714A1E,EXACT_DUPLICATE
TX006245,C0344,A0725,4470.53,ZAR,2025-05-01,16:05:05,INTEREST,Interest - Ref 971724,BRANCH,COMPLETED,REF907881FA99BA,EXACT_DUPLICATE
TX005546,C0543,A0138,242.11,ZAR,2024-04-30,20:09:07,WITHDRAWAL,Withdrawal - Ref 581638,POS,COMPLETED,REF9C6168D13816,EXACT_DUPLICATE
TX004065,C0227,A1289,4463.93,ZAR,2024-03-12,05:01:21,INTEREST,Interest - Ref 375603,ONLINE,COMPLETED,REFAD8FECA2BC22,EXACT_DUPLICATE
TX012852,C0754,A0521,147.96,ZAR,2024-05-05,08:21:54,WITHDRAWAL,Withdrawal - Ref 419307,MOBILE,COMPLETED,REF0ECA0B88F58D,EXACT_DUPLICATE
TX041164,C0850,A0083,2213.4,ZAR,2025-02-03,03:09:13,INTEREST,Interest - Ref 994519,MOBILE,COMPLETED,REFB7303E3D3AAA,EXACT_DUPLICATE
TX006233,C0120,A1475,511.5,ZAR,2024-07-22,10:00:34,WITHDRAWAL,Withdrawal - Ref 787564,POS,COMPLETED,REF1B78DBC3EC2B,EXACT_DUPLICATE
TX003863,C0796,A1009,397.58,ZAR,2025-07-13,20:05:03,FEE,Fee - Ref 198029,BRANCH,PENDING,REFBCFE4F6CE541,EXACT_DUPLICATE
TX035095,C0189,A1440,4768.86,ZAR,2024-09-29,04:53:16,INTEREST,Interest - Ref 122485,ATM,FAILED,REF093B9AC3AB83,EXACT_DUPLICATE
TX040196,C0721,A0430,494.56,ZAR,2025-06-17,04:18:28,FEE,Fee - Ref 257615,MOBILE,COMPLETED,REFF0EB03975BE6,EXACT_DUPLICATE
TX039251,C0607,A1329,4119.95,ZAR,2026-01-20,05:18:04,INTEREST,Interest - Ref 983450,BRANCH,COMPLETED,REFBB3C5A82D8EA,EXACT_DUPLICATE
TX006218,C0142,A0366,148.56,ZAR,2024-06-20,18:00:52,WITHDRAWAL,Withdrawal - Ref 152965,ATM,COMPLETED,REF4434EB0701BE,EXACT_DUPLICATE
TX036776,C0534,A0784,173.67,ZAR,2026-04-08,07:27:48,FEE,Fee - Ref 902033,MOBILE,COMPLETED,REF15F077D688AD,EXACT_DUPLICATE
TX042977,C0632,A0946,26191.7,ZAR,2025-11-19,02:50:16,REVERSAL,Reversal - Ref 102816,MOBILE,COMPLETED,REFFFF62370767A,EXACT_DUPLICATE
TX048468,C0158,A1330,1726.44,ZAR,2026-01-31,01:54:45,DEPOSIT,Deposit - Ref 920550,MOBILE,FAILED,REF4856747FC561,EXACT_DUPLICATE
TX008894,C0607,A0577,421.01,ZAR,2026-05-21,10:22:10,DEPOSIT,Deposit - Ref 356381,ONLINE,COMPLETED,REFFCA8DCAFFB1C,EXACT_DUPLICATE
TX006021,C0620,A0623,313.85,ZAR,2024-05-17,21:09:53,DEBIT_ORDER,Debit Order - Ref 220585,ATM,COMPLETED,REFBAAC0AABF028,EXACT_DUPLICATE
TX046089,C0150,A1057,739.89,ZAR,2025-09-29,02:19:26,INTEREST,Interest - Ref 746608,MOBILE,COMPLETED,REF77821911F1FD,EXACT_DUPLICATE
TX015243,C0408,A0391,1678.07,ZAR,2024-11-10,16:41:20,DEPOSIT,Deposit - Ref 476616,POS,COMPLETED,REF1CCA9AF243FC,EXACT_DUPLICATE
TX006035,C0888,A0427,668.54,ZAR,2025-07-19,06:41:39,DEBIT_ORDER,Debit Order - Ref 779721,ATM,COMPLETED,REFEA29E26AB274,EXACT_DUPLICATE
TX007906,C0526,A0464,2005.62,ZAR,2026-06-13,21:45:42,PAYMENT,Payment - Ref 631358,MOBILE,COMPLETED,REFD2DD7D79471A,EXACT_DUPLICATE
TX006018,C0989,A0042,610.29,ZAR,2025-12-29,15:37:43,WITHDRAWAL,Withdrawal - Ref 387122,ONLINE,REVERSED,REFB182B079A3E6,EXACT_DUPLICATE
TX021880,C0411,A1395,1725.01,ZAR,2024-07-10,12:45:24,TRANSFER,Transfer - Ref 395831,MOBILE,COMPLETED,REF288D09E4ED6E,EXACT_DUPLICATE
TX002792,C0607,A0577,2627.16,ZAR,2025-06-02,23:12:53,WITHDRAWAL,Withdrawal - Ref 863167,MOBILE,COMPLETED,REF2DF07F1984EE,EXACT_DUPLICATE
TX042606,C0276,A0236,354.73,ZAR,2024-08-06,07:11:59,TRANSFER,Transfer - Ref 686909,MOBILE,COMPLETED,REFD4B4F16959EE,EXACT_DUPLICATE
TX015388,C0686,A1154,30867.12,ZAR,2025-07-06,08:36:12,REVERSAL,Reversal - Ref 855848,ATM,COMPLETED,REF66431DEC4A89,EXACT_DUPLICATE
TX029562,C0999,A0831,896.09,ZAR,2026-04-03,17:49:52,INTEREST,Interest - Ref 384947,MOBILE,COMPLETED,REF5C1D49164D13,EXACT_DUPLICATE
TX039476,C0729,A0881,8882.15,ZAR,2024-03-22,12:11:41,REVERSAL,Reversal - Ref 377910,MOBILE,PENDING,REFF4ABD58D46D6,EXACT_DUPLICATE
TX000293,C0597,A1122,798.24,ZAR,2024-10-22,11:01:22,PAYMENT,Payment - Ref 271208,ONLINE,COMPLETED,REFAC66A34C5B01,EXACT_DUPLICATE
TX016958,C0949,A1325,3945.81,ZAR,2025-03-06,17:05:50,INTEREST,Interest - Ref 513827,MOBILE,COMPLETED,REFC83181992721,EXACT_DUPLICATE
TX030861,C0607,A0099,4011.13,ZAR,2024-07-25,01:21:00,DEPOSIT,Deposit - Ref 429136,BRANCH,COMPLETED,REF1AE309167974,EXACT_DUPLICATE
TX014074,C0816,A0437,1348.17,ZAR,2024-12-13,03:31:56,WITHDRAWAL,Withdrawal - Ref 108624,MOBILE,COMPLETED,REFAB65146803BD,EXACT_DUPLICATE
TX021857,C0778,A0644,4353.86,ZAR,2025-08-31,20:15:19,DEBIT_ORDER,Debit Order - Ref 484731,ATM,COMPLETED,REF21AC80EA1142,EXACT_DUPLICATE
TX022080,C0925,A1362,7041.07,ZAR,2025-04-02,10:53:50,TRANSFER,Transfer - Ref 950251,MOBILE,COMPLETED,REFA147925710B1,EXACT_DUPLICATE
TX017024,C0579,A0511,688.77,ZAR,2025-10-23,20:04:08,PAYMENT,Payment - Ref 595909,MOBILE,COMPLETED,REFEC75E8311245,EXACT_DUPLICATE
TX008740,C0631,A1139,370.77,ZAR,2024-09-24,14:46:09,FEE,Fee - Ref 642425,MOBILE,COMPLETED,REF52D4FDBB99C6,EXACT_DUPLICATE
TX015826,C0049,A1190,1474.19,ZAR,2024-03-15,09:24:47,WITHDRAWAL,Withdrawal - Ref 675063,POS,COMPLETED,REF5B867A55DD35,EXACT_DUPLICATE
TX002742,C0884,A0173,2569.18,ZAR,2024-01-17,12:40:38,PAYMENT,Payment - Ref 783479,ATM,COMPLETED,REFFACEB23E912D,EXACT_DUPLICATE
TX018049,C0979,A0033,338.48,ZAR,2024-12-07,16:00:38,DEPOSIT,Deposit - Ref 511549,MOBILE,COMPLETED,REF4B2A6DABAAD5,EXACT_DUPLICATE
TX049937,C0056,A0275,330.06,ZAR,2025-04-21,07:16:07,FEE,Fee - Ref 734238,POS,COMPLETED,REFEBFCB8C41744,EXACT_DUPLICATE
TX017373,C0632,A1092,12948.1,ZAR,2025-03-26,17:11:49,REVERSAL,Reversal - Ref 265543,ATM,FAILED,REF336EA49C8FB3,EXACT_DUPLICATE
TX022022,C0866,A1176,3579.18,ZAR,2024-06-13,01:04:33,WITHDRAWAL,Withdrawal - Ref 138287,POS,COMPLETED,REF56CF6BF0B3EA,EXACT_DUPLICATE
TX046365,C0781,A0782,4597.61,ZAR,2024-11-28,20:51:54,WITHDRAWAL,Withdrawal - Ref 819100,POS,FAILED,REF9106145B4040,EXACT_DUPLICATE
TX023538,C0640,A1418,57304.51,ZAR,2024-06-07,03:49:10,TRANSFER,Transfer - Ref 440464,BRANCH,PENDING,REF1AF5F7336CB3,EXACT_DUPLICATE
TX045500,C0057,A0119,361.1,ZAR,2025-01-24,00:14:13,WITHDRAWAL,Withdrawal - Ref 675450,ATM,COMPLETED,REFCB43E5EA85CE,EXACT_DUPLICATE
TX040186,C0408,A0431,1236.17,ZAR,2025-05-10,04:20:50,DEBIT_ORDER,Debit Order - Ref 104213,ONLINE,COMPLETED,REFEB4D22E76805,EXACT_DUPLICATE
TX009614,C0506,A1407,11245.47,ZAR,2024-11-10,19:54:04,TRANSFER,Transfer - Ref 813093,MOBILE,COMPLETED,REF011A2887FE0F,EXACT_DUPLICATE
TX043282,C0190,A0619,1023.3,ZAR,2025-12-01,17:53:42,DEPOSIT,Deposit - Ref 426346,ONLINE,COMPLETED,REFFCE52B41029F,EXACT_DUPLICATE
TX037892,C0605,A0520,3941.19,ZAR,2025-03-01,19:20:54,DEPOSIT,Deposit - Ref 901874,ATM,COMPLETED,REFE18D09BC1BEC,EXACT_DUPLICATE
TX026179,C0394,A0434,84.33,ZAR,2025-11-23,11:38:59,TRANSFER,Transfer - Ref 647933,ATM,FAILED,REFF85BB70F5A34,EXACT_DUPLICATE
TX045893,C0218,A0450,45545.16,ZAR,2025-08-26,05:12:10,REVERSAL,Reversal - Ref 231059,ONLINE,COMPLETED,REFE3DB4C3DF09B,EXACT_DUPLICATE
TX020934,C0628,A0793,175.64,ZAR,2025-12-17,04:14:25,FEE,Fee - Ref 468986,ATM,COMPLETED,REFA009B0E64CAD,EXACT_DUPLICATE
TX040972,C0856,A1120,322.77,ZAR,2026-04-24,21:34:17,WITHDRAWAL,Withdrawal - Ref 723282,ONLINE,COMPLETED,REFB83CF2F4F0E9,EXACT_DUPLICATE
TX022225,C0109,A0624,6057.68,ZAR,2025-08-19,11:36:49,REVERSAL,Reversal - Ref 203164,POS,COMPLETED,REFA29DBE41758C,EXACT_DUPLICATE
TX024382,C0731,A1301,18.9,ZAR,2024-12-03,23:22:55,FEE,Fee - Ref 790927,MOBILE,COMPLETED,REF39F266381373,EXACT_DUPLICATE
TX034856,C0437,A1422,5466.61,ZAR,2024-04-13,18:18:43,PAYMENT,Payment - Ref 895350,MOBILE,COMPLETED,REFBA766701A184,EXACT_DUPLICATE
TX048578,C0662,A0524,1174.48,ZAR,2025-03-23,07:32:48,TRANSFER,Transfer - Ref 774668,ONLINE,COMPLETED,REF7FD1FEB5AD8D,EXACT_DUPLICATE
TX031756,C0993,A1274,747.66,ZAR,2025-02-02,16:47:44,TRANSFER,Transfer - Ref 478798,MOBILE,COMPLETED,REFBCD284FE46D7,EXACT_DUPLICATE
TX007754,C0781,A0782,3117.84,ZAR,2024-12-12,18:19:32,DEBIT_ORDER,Debit Order - Ref 318128,ATM,COMPLETED,REF7A5E41A31D1D,EXACT_DUPLICATE
TX046639,C0763,A1354,6639.47,ZAR,2024-06-14,20:37:14,TRANSFER,Transfer - Ref 981570,MOBILE,COMPLETED,REF50E4898E3BEA,EXACT_DUPLICATE
TX043835,C0250,A0563,69.37,ZAR,2024-09-15,00:02:12,WITHDRAWAL,Withdrawal - Ref 846044,BRANCH,COMPLETED,REF828432DE5325,EXACT_DUPLICATE
TX026236,C0188,A0255,17650.68,ZAR,2025-06-01,02:15:04,TRANSFER,Transfer - Ref 881553,ONLINE,COMPLETED,REF9BC304E59520,EXACT_DUPLICATE
TX044230,C0002,A1134,3478.53,ZAR,2025-03-11,05:41:20,INTEREST,Interest - Ref 270146,POS,FAILED,REF48283ACE7EF5,EXACT_DUPLICATE
TX049597,C0586,A0808,637.51,ZAR,2026-05-10,00:37:11,WITHDRAWAL,Withdrawal - Ref 943080,MOBILE,COMPLETED,REF723941CA93F9,EXACT_DUPLICATE
TX018553,C0934,A1474,122.73,ZAR,2024-07-18,05:33:59,DEBIT_ORDER,Debit Order - Ref 476683,POS,COMPLETED,REF8F4EDD93FBD8,EXACT_DUPLICATE
TX043137,C0673,A1012,5273.55,ZAR,2024-12-09,06:41:07,WITHDRAWAL,Withdrawal - Ref 480921,MOBILE,COMPLETED,REF60C0FBF97CAB,EXACT_DUPLICATE
TX036673,C0999,A0831,6613.25,ZAR,2024-09-20,09:53:47,REVERSAL,Reversal - Ref 368891,POS,COMPLETED,REF398EF808E9DF,EXACT_DUPLICATE
TX043650,C0391,A0074,12028.49,ZAR,2025-01-17,01:31:15,DEPOSIT,Deposit - Ref 607861,ATM,COMPLETED,REF4D6A37F652E5,EXACT_DUPLICATE
TX003941,C0674,A0839,3122.55,ZAR,2024-08-01,13:04:37,REVERSAL,Reversal - Ref 196733,MOBILE,COMPLETED,REFED3DC4A2DD92,EXACT_DUPLICATE
TX031497,C0047,A0985,726.42,ZAR,2024-08-07,01:29:54,DEBIT_ORDER,Debit Order - Ref 353614,ONLINE,COMPLETED,REF498B99F9A6DD,EXACT_DUPLICATE
TX026594,C0311,A1036,195.89,ZAR,2024-12-27,10:03:09,PAYMENT,Payment - Ref 264806,ONLINE,COMPLETED,REFA17026C49709,EXACT_DUPLICATE
TX026403,C0756,A0888,1137.16,ZAR,2025-05-20,01:04:41,WITHDRAWAL,Withdrawal - Ref 161704,MOBILE,COMPLETED,REF0C5DF9303DA1,EXACT_DUPLICATE
TX045943,C0857,A0950,528.1,ZAR,2025-12-17,04:40:04,WITHDRAWAL,Withdrawal - Ref 600661,ONLINE,COMPLETED,REF4AF8D914B93F,EXACT_DUPLICATE
TX048526,C0113,A0250,478.29,ZAR,2025-12-08,13:44:02,WITHDRAWAL,Withdrawal - Ref 261071,ONLINE,COMPLETED,REF792C4C97C4CE,EXACT_DUPLICATE
TX018316,C0851,A0555,7244.22,ZAR,2026-09-10,17:37:53,REVERSAL,Reversal - Ref 839922,MOBILE,COMPLETED,REF02D852BDB8B7,EXACT_DUPLICATE
TX036894,C0144,A1404,17.3,ZAR,2024-11-29,16:31:41,FEE,Fee - Ref 875600,MOBILE,COMPLETED,REF4D7000764545,EXACT_DUPLICATE
TX026696,C0690,A1145,88979.01,ZAR,2026-06-24,15:52:13,TRANSFER,Transfer - Ref 698450,BRANCH,COMPLETED,REF2CCD503D4CDD,EXACT_DUPLICATE
TX042128,C0089,A0087,36339.22,ZAR,2025-02-03,08:01:06,REVERSAL,Reversal - Ref 616665,MOBILE,REVERSED,REFED5F40D9EF7B,EXACT_DUPLICATE
TX003733,C0599,A0210,2520.4,ZAR,2025-09-15,17:28:04,DEBIT_ORDER,Debit Order - Ref 822520,ONLINE,COMPLETED,REF7D81737928B9,EXACT_DUPLICATE
TX006017,C0997,A0085,15539.27,ZAR,2025-10-22,05:52:39,REVERSAL,Reversal - Ref 811096,MOBILE,COMPLETED,REFA853D734E10A,EXACT_DUPLICATE
TX023030,C0678,A1180,1294.44,ZAR,2024-12-23,16:25:25,PAYMENT,Payment - Ref 921967,POS,COMPLETED,REF5B2EB538C078,EXACT_DUPLICATE
TX035474,C0604,A1221,2836.91,ZAR,2026-01-28,15:21:44,PAYMENT,Payment - Ref 402090,POS,COMPLETED,REFBD7628E08614,EXACT_DUPLICATE
TX049686,C0863,A1281,289.73,ZAR,2026-08-29,08:54:52,FEE,Fee - Ref 644114,BRANCH,PENDING,REF338AB65EA50C,EXACT_DUPLICATE
TX004818,C0359,A0595,472.51,ZAR,2026-02-04,02:26:19,FEE,Fee - Ref 324982,BRANCH,COMPLETED,REFE79D58C5B1C9,EXACT_DUPLICATE
TX012008,C0822,A0095,2658.27,ZAR,2026-04-18,12:47:24,INTEREST,Interest - Ref 799913,MOBILE,COMPLETED,REFBCFCA57B9ADC,EXACT_DUPLICATE
TX041328,C0877,A0043,188.58,ZAR,2024-04-03,17:18:13,TRANSFER,Transfer - Ref 970911,MOBILE,FAILED,REFE44AE7901FCC,EXACT_DUPLICATE
TX009507,C0511,A0508,41967.19,ZAR,2025-05-11,15:42:43,REVERSAL,Reversal - Ref 977199,ATM,PENDING,REF3B55EE085170,EXACT_DUPLICATE
TX034063,C0945,A0215,659.25,ZAR,2024-05-31,18:32:45,DEBIT_ORDER,Debit Order - Ref 840155,POS,COMPLETED,REF8F3504DBF094,EXACT_DUPLICATE
TX027475,C0777,A0561,1505.08,ZAR,2024-03-28,16:06:28,WITHDRAWAL,Withdrawal - Ref 607568,POS,COMPLETED,REF25B21D2657A0,EXACT_DUPLICATE
TX031144,C0224,A0257,997.5,ZAR,2026-06-17,21:42:19,INTEREST,Interest - Ref 424381,ONLINE,REVERSED,REFA69DE0246469,EXACT_DUPLICATE
TX021236,C0632,A0403,433.03,ZAR,2025-11-21,17:32:14,WITHDRAWAL,Withdrawal - Ref 544322,ONLINE,COMPLETED,REFA12324EC1A9A,EXACT_DUPLICATE
TX001391,C0053,A1405,4183.72,ZAR,2024-10-14,06:37:01,REVERSAL,Reversal - Ref 304483,MOBILE,COMPLETED,REFF8DDA6D9F8A1,EXACT_DUPLICATE
TX037625,C0447,A0965,225.2,ZAR,2025-01-10,20:29:28,FEE,Fee - Ref 925429,MOBILE,COMPLETED,REFB14C151D0DA9,EXACT_DUPLICATE
TX042029,C0739,A1152,2708.22,ZAR,2026-04-08,04:48:10,DEBIT_ORDER,Debit Order - Ref 481248,ONLINE,PENDING,REF66F85E25C647,EXACT_DUPLICATE
TX020835,C0233,A1149,803.59,ZAR,2025-07-25,09:03:05,DEPOSIT,Deposit - Ref 969870,MOBILE,COMPLETED,REF052C3C56757A,EXACT_DUPLICATE
TX006809,C0336,A0663,1399.52,ZAR,2025-12-09,16:48:18,DEBIT_ORDER,Debit Order - Ref 446105,ONLINE,COMPLETED,REFEE308AAE44C2,EXACT_DUPLICATE
TX009226,C0172,A1028,404.45,ZAR,2024-04-07,23:08:46,FEE,Fee - Ref 865874,ONLINE,COMPLETED,REFA3766D7AF716,EXACT_DUPLICATE
TX048395,C0035,A0249,44266.15,ZAR,2025-04-15,07:14:09,TRANSFER,Transfer - Ref 233596,MOBILE,REVERSED,REF77F59C33504C,EXACT_DUPLICATE
TX006944,C0106,A1378,135.55,ZAR,2024-12-06,09:43:30,PAYMENT,Payment - Ref 202030,ATM,COMPLETED,REF6B1FB5EEBC1E,EXACT_DUPLICATE
TX023871,C0108,A0572,18.21,ZAR,2024-08-04,02:54:11,FEE,Fee - Ref 675776,MOBILE,COMPLETED,REFBD16907F1EBE,EXACT_DUPLICATE
TX032493,C0689,A0928,963.78,ZAR,2025-09-03,19:10:15,INTEREST,Interest - Ref 824053,BRANCH,REVERSED,REFF940CE2CAF70,EXACT_DUPLICATE
TX036346,C0675,A1071,906.65,ZAR,2024-08-20,09:06:40,INTEREST,Interest - Ref 533329,ONLINE,COMPLETED,REF0A10F745FFCF,EXACT_DUPLICATE
TX010756,C0271,A1155,3474.99,ZAR,2025-10-15,16:07:49,INTEREST,Interest - Ref 742871,ONLINE,COMPLETED,REF1CA61E969E07,EXACT_DUPLICATE
TX012302,C0202,A1406,8497.1,ZAR,2024-03-08,11:23:30,TRANSFER,Transfer - Ref 498759,ONLINE,COMPLETED,REFBD3F58C19E26,EXACT_DUPLICATE
TX048387,C0714,A0543,776.68,ZAR,2026-01-09,05:40:37,INTEREST,Interest - Ref 480164,MOBILE,PENDING,REFC53E77B0094C,EXACT_DUPLICATE
TX042746,C0778,A0632,4139.83,ZAR,2026-02-06,17:18:48,INTEREST,Interest - Ref 932858,MOBILE,REVERSED,REFE9ACD7CA40AB,EXACT_DUPLICATE
TX029090,C0467,A0770,674.03,ZAR,2025-11-03,20:54:49,INTEREST,Interest - Ref 530419,BRANCH,COMPLETED,REF43EACDCDC60F,EXACT_DUPLICATE
TX044713,C0337,A0594,3056.87,ZAR,2024-05-11,10:53:26,INTEREST,Interest - Ref 917995,BRANCH,COMPLETED,REFA5F23A1CC24D,EXACT_DUPLICATE
TX014344,C0520,A0814,319.4,ZAR,2026-03-14,17:43:43,TRANSFER,Transfer - Ref 848733,ONLINE,PENDING,REF6FD61D527CC3,EXACT_DUPLICATE
TX005072,C0469,A0834,3918.41,ZAR,2026-06-23,08:49:45,TRANSFER,Transfer - Ref 280536,BRANCH,COMPLETED,REFBC1377BA22FC,EXACT_DUPLICATE
TX024122,C0197,A1096,1116.09,ZAR,2026-05-09,18:42:21,PAYMENT,Payment - Ref 404030,POS,COMPLETED,REF3BA9493D4A22,EXACT_DUPLICATE
TX048810,C0584,A1114,21602.82,ZAR,2025-08-04,08:27:25,REVERSAL,Reversal - Ref 922242,BRANCH,PENDING,REFA79787779911,EXACT_DUPLICATE
TX017821,C0563,A1143,561.53,ZAR,2024-07-30,11:02:18,WITHDRAWAL,Withdrawal - Ref 393449,POS,COMPLETED,REFECA192672FDB,EXACT_DUPLICATE
TX001123,C0632,A0403,2354.7,ZAR,2024-03-12,14:20:09,INTEREST,Interest - Ref 374333,ATM,COMPLETED,REF7CFB8EBF08A7,EXACT_DUPLICATE
TX011265,C0921,A0781,792.79,ZAR,2025-01-03,10:23:52,DEBIT_ORDER,Debit Order - Ref 789029,ONLINE,COMPLETED,REF0717CE35BF79,EXACT_DUPLICATE
TX030580,C0464,A0665,5389.97,ZAR,2025-04-17,01:00:26,REVERSAL,Reversal - Ref 917188,ONLINE,COMPLETED,REFE0396F5F464A,EXACT_DUPLICATE
TX045465,C0120,A1479,20043.38,ZAR,2025-10-29,04:52:16,TRANSFER,Transfer - Ref 231593,MOBILE,COMPLETED,REF718F97EA8397,EXACT_DUPLICATE
TX048217,C0115,A0108,704.49,ZAR,2025-12-09,06:49:49,PAYMENT,Payment - Ref 185910,ONLINE,REVERSED,REF64A945FFA7FC,EXACT_DUPLICATE
TX043045,C0184,A0934,123.19,ZAR,2025-03-11,08:04:21,FEE,Fee - Ref 415669,MOBILE,COMPLETED,REF25011AB070FA,EXACT_DUPLICATE
TX015657,C0733,A1300,394.11,ZAR,2024-08-03,22:44:58,TRANSFER,Transfer - Ref 760407,ONLINE,COMPLETED,REFD5976083D11B,EXACT_DUPLICATE
TX001901,C0658,A0588,19118.51,ZAR,2026-07-07,05:01:28,REVERSAL,Reversal - Ref 314929,ONLINE,COMPLETED,REF9C0873E6B011,EXACT_DUPLICATE
TX000148,C0017,A0428,201.29,ZAR,2025-02-07,00:53:12,TRANSFER,Transfer - Ref 794300,MOBILE,COMPLETED,REF3AB31C9D6988,EXACT_DUPLICATE
TX029643,C0124,A0926,133.05,ZAR,2026-08-08,06:56:20,WITHDRAWAL,Withdrawal - Ref 821870,ONLINE,COMPLETED,REF9F62E78042B0,EXACT_DUPLICATE
TX003212,C0645,A0282,28412.64,ZAR,2024-09-28,12:34:43,REVERSAL,Reversal - Ref 233630,ATM,COMPLETED,REF0037E14E96D2,EXACT_DUPLICATE
TX043851,C0467,A0770,437.69,ZAR,2024-07-29,03:20:16,WITHDRAWAL,Withdrawal - Ref 742283,ONLINE,COMPLETED,REF85B7734172DF,EXACT_DUPLICATE
TX002355,C0305,A1241,273.83,ZAR,2026-04-26,03:13:06,WITHDRAWAL,Withdrawal - Ref 931888,ATM,PENDING,REFF10159EAE216,EXACT_DUPLICATE
TX031521,C0073,A0419,411.53,ZAR,2024-06-23,01:23:07,FEE,Fee - Ref 532117,ONLINE,COMPLETED,REFF2156C0C5554,EXACT_DUPLICATE
TX042584,C0157,A0501,1240.5,ZAR,2025-10-31,11:01:43,INTEREST,Interest - Ref 829537,MOBILE,COMPLETED,REF16B719717FA7,EXACT_DUPLICATE
TX043338,C0033,A0833,145.7,ZAR,2025-02-04,13:55:10,FEE,Fee - Ref 622897,POS,COMPLETED,REFADA902DBE6F3,EXACT_DUPLICATE
TX046957,C0442,A1434,300.35,ZAR,2025-10-04,04:16:04,WITHDRAWAL,Withdrawal - Ref 235675,POS,PENDING,REFA798F1293A72,EXACT_DUPLICATE
TX048791,C0760,A0028,1025.46,ZAR,2025-01-16,02:48:04,DEBIT_ORDER,Debit Order - Ref 719475,POS,COMPLETED,REF85AC6DD7F7B0,EXACT_DUPLICATE
TX036586,C0365,A0832,55.47,ZAR,2025-06-14,03:28:17,FEE,Fee - Ref 422714,ATM,COMPLETED,REFEE7CD350FD1D,EXACT_DUPLICATE
TX010466,C0533,A1117,14351.48,ZAR,2025-05-27,20:59:24,PAYMENT,Payment - Ref 732778,ONLINE,COMPLETED,REFCFEDC276D7D3,EXACT_DUPLICATE
TX007822,C0737,A0125,1377.53,ZAR,2026-05-03,19:31:56,INTEREST,Interest - Ref 591054,MOBILE,COMPLETED,REFC9B6D63D17D0,EXACT_DUPLICATE
TX007206,C0730,A0857,4918.86,ZAR,2026-07-22,20:43:30,DEPOSIT,Deposit - Ref 841624,MOBILE,COMPLETED,REF6042FE7B6D44,EXACT_DUPLICATE
TX034047,C0017,A0428,22393.38,ZAR,2026-03-20,10:59:55,REVERSAL,Reversal - Ref 982333,ATM,COMPLETED,REF6536DE371C9A,EXACT_DUPLICATE
TX012729,C0714,A0835,23588.55,ZAR,2025-02-08,17:08:25,REVERSAL,Reversal - Ref 663987,MOBILE,COMPLETED,REF7D4D5CF313EE,EXACT_DUPLICATE
TX006926,C0395,A0851,1585.86,ZAR,2026-08-05,14:15:48,PAYMENT,Payment - Ref 194699,MOBILE,COMPLETED,REF03DE76FC2508,EXACT_DUPLICATE
TX027996,C0668,A0246,5175.95,ZAR,2025-06-30,17:09:16,DEBIT_ORDER,Debit Order - Ref 625749,ONLINE,COMPLETED,REF1D743DEAEC30,EXACT_DUPLICATE
TX037613,C0594,A1182,3343.3,ZAR,2024-11-11,15:21:42,TRANSFER,Transfer - Ref 920451,ONLINE,COMPLETED,REF04EB77920F1E,EXACT_DUPLICATE
TX003017,C0479,A1259,1486.93,ZAR,2025-03-06,01:40:24,INTEREST,Interest - Ref 963993,ONLINE,COMPLETED,REFF5FB6A876A19,EXACT_DUPLICATE
TX008884,C0228,A1319,36955.27,ZAR,2024-09-21,01:45:30,REVERSAL,Reversal - Ref 825102,ONLINE,COMPLETED,REF3084F24DE909,EXACT_DUPLICATE
TX012970,C0733,A0103,28249.81,ZAR,2025-04-15,17:10:21,TRANSFER,Transfer - Ref 192890,ONLINE,PENDING,REF9F41A5D718B5,EXACT_DUPLICATE
TX023464,C0253,A0185,74.87,ZAR,2024-04-24,20:02:43,FEE,Fee - Ref 196007,MOBILE,COMPLETED,REFEB87995CABCF,EXACT_DUPLICATE
TX015758,C0143,A0061,5819.68,ZAR,2024-01-08,16:32:18,DEBIT_ORDER,Debit Order - Ref 384068,MOBILE,COMPLETED,REF0F3C7A5E7562,EXACT_DUPLICATE
TX044077,C0019,A0813,1210.61,ZAR,2025-05-02,21:15:58,TRANSFER,Transfer - Ref 768919,ATM,COMPLETED,REF68F9C69EDB62,EXACT_DUPLICATE
TX004087,C0921,A0781,405.97,ZAR,2026-06-05,09:47:40,TRANSFER,Transfer - Ref 593953,ONLINE,COMPLETED,REFA9EDBFAD74E6,EXACT_DUPLICATE
TX000509,C0824,A0022,1262.43,ZAR,2025-03-27,01:07:52,DEBIT_ORDER,Debit Order - Ref 292871,MOBILE,COMPLETED,REF6620131EFC4B,EXACT_DUPLICATE
TX006355,C0928,A1083,1118.29,ZAR,2024-06-25,23:31:49,TRANSFER,Transfer - Ref 234560,ATM,COMPLETED,REF7DAC09DA383C,EXACT_DUPLICATE
TX029645,C0579,A0511,8088.51,ZAR,2025-11-11,18:15:58,REVERSAL,Reversal - Ref 910079,BRANCH,COMPLETED,REF9F6F9F77C80C,EXACT_DUPLICATE
TX006235,C0557,A0786,7787.73,ZAR,2025-03-06,23:50:39,DEPOSIT,Deposit - Ref 655902,MOBILE,PENDING,REF4DCA2C257BBF,EXACT_DUPLICATE
TX031990,C0932,A0643,11817.85,ZAR,2025-01-29,13:06:54,DEPOSIT,Deposit - Ref 961690,MOBILE,COMPLETED,REFD0722B8FBB70,EXACT_DUPLICATE
TX000263,C0415,A0093,1409.29,ZAR,2026-04-01,19:40:10,INTEREST,Interest - Ref 378100,POS,COMPLETED,REFCCC0A71126E9,EXACT_DUPLICATE
TX007892,C0920,A1166,255.47,ZAR,2026-07-16,01:21:55,FEE,Fee - Ref 807252,ONLINE,REVERSED,REF650FDE41DEA6,EXACT_DUPLICATE
TX010528,C0866,A1176,2975.85,ZAR,2025-02-22,00:32:26,DEPOSIT,Deposit - Ref 287694,ONLINE,COMPLETED,REF4327C799F971,EXACT_DUPLICATE
TX018601,C0143,A0061,43910.75,ZAR,2026-03-27,17:37:30,REVERSAL,Reversal - Ref 973871,POS,COMPLETED,REF82C07ECEDB47,EXACT_DUPLICATE
TX013472,C0743,A0475,32525.22,ZAR,2024-09-23,15:58:09,REVERSAL,Reversal - Ref 798575,MOBILE,COMPLETED,REF10478E32AD06,EXACT_DUPLICATE
TX031726,C0682,A0441,1217.2,ZAR,2025-04-21,16:14:59,DEPOSIT,Deposit - Ref 756846,MOBILE,COMPLETED,REF1C7C48B3E636,EXACT_DUPLICATE
TX023691,C0607,A1329,9495.43,ZAR,2025-02-08,04:13:01,DEPOSIT,Deposit - Ref 945135,ONLINE,COMPLETED,REF8713CFA75434,EXACT_DUPLICATE
TX010558,C0999,A0831,1002.17,ZAR,2026-07-17,23:21:18,TRANSFER,Transfer - Ref 517388,ONLINE,COMPLETED,REF2C2EA3CB608F,EXACT_DUPLICATE
TX045578,C0309,A0025,806.27,ZAR,2026-05-29,23:01:34,WITHDRAWAL,Withdrawal - Ref 304996,MOBILE,COMPLETED,REF2EFFEB10A87D,EXACT_DUPLICATE
TX041504,C0640,A1418,756.62,ZAR,2026-07-29,21:55:44,DEBIT_ORDER,Debit Order - Ref 483171,MOBILE,COMPLETED,REF375709F9A1F4,EXACT_DUPLICATE
TX027873,C0606,A0006,1428.81,ZAR,2025-05-24,21:40:48,WITHDRAWAL,Withdrawal - Ref 508355,ATM,COMPLETED,REFFBA1FF7853A4,EXACT_DUPLICATE
TX038215,C0675,A0223,684.66,ZAR,2024-07-11,09:47:59,DEBIT_ORDER,Debit Order - Ref 575274,BRANCH,COMPLETED,REF497DB244949A,EXACT_DUPLICATE
TX011731,C0292,A0966,1278.46,ZAR,2026-04-02,09:24:54,TRANSFER,Transfer - Ref 359688,MOBILE,COMPLETED,REFABDF87824A5B,EXACT_DUPLICATE
TX027439,C0005,A0829,30350.21,ZAR,2024-02-02,18:18:05,REVERSAL,Reversal - Ref 855685,POS,COMPLETED,REFC7388A76E604,EXACT_DUPLICATE
TX021780,C0616,A1257,7396.51,ZAR,2026-01-15,22:02:06,DEPOSIT,Deposit - Ref 289423,POS,COMPLETED,REFD685A681B9E7,EXACT_DUPLICATE
TX034080,C0032,A1060,1114.22,ZAR,2024-10-16,04:08:16,WITHDRAWAL,Withdrawal - Ref 829824,ONLINE,COMPLETED,REFC8D0607D98D8,EXACT_DUPLICATE
TX043468,C0190,A0619,2686.76,ZAR,2024-08-10,07:43:49,DEBIT_ORDER,Debit Order - Ref 823016,ONLINE,COMPLETED,REF08E522842855,EXACT_DUPLICATE
TX014710,C0379,A0435,179.03,ZAR,2026-09-09,17:02:21,WITHDRAWAL,Withdrawal - Ref 382999,MOBILE,COMPLETED,REF04DCD51A2CA5,EXACT_DUPLICATE
TX015467,C0102,A1453,10055.81,ZAR,2024-08-20,12:28:56,REVERSAL,Reversal - Ref 565915,MOBILE,COMPLETED,REFEA5A82994CA0,EXACT_DUPLICATE
TX037173,C0253,A1183,6283.97,ZAR,2025-10-21,21:30:53,TRANSFER,Transfer - Ref 944052,MOBILE,COMPLETED,REFB22948F280D6,EXACT_DUPLICATE
TX028749,C0392,A0350,12045.73,ZAR,2024-11-30,00:54:55,DEPOSIT,Deposit - Ref 144461,BRANCH,COMPLETED,REFF69F23CDC9FB,EXACT_DUPLICATE
TX003105,C0017,A0428,703.78,ZAR,2025-08-20,10:44:09,DEBIT_ORDER,Debit Order - Ref 517676,ONLINE,COMPLETED,REFB085C7AD0695,EXACT_DUPLICATE
TX000709,C0445,A0369,643.75,ZAR,2025-09-02,20:44:20,WITHDRAWAL,Withdrawal - Ref 697934,MOBILE,COMPLETED,REF8D221CDB4850,EXACT_DUPLICATE
TX038386,C0769,A0567,911.5,ZAR,2026-06-13,04:12:44,WITHDRAWAL,Withdrawal - Ref 821199,ATM,COMPLETED,REFE8DA7F09C88D,EXACT_DUPLICATE
TX023445,C0877,A0043,3403.46,ZAR,2024-02-12,12:34:46,REVERSAL,Reversal - Ref 787477,ATM,COMPLETED,REF08DBACD65D6A,EXACT_DUPLICATE
TX026511,C0421,A1194,1921.08,ZAR,2025-08-26,20:11:25,TRANSFER,Transfer - Ref 143627,MOBILE,COMPLETED,REF204AAB6BF28C,EXACT_DUPLICATE
TX008467,C0389,A0036,40224.76,ZAR,2025-11-27,05:06:35,REVERSAL,Reversal - Ref 994416,ONLINE,COMPLETED,REF49FBC2589080,EXACT_DUPLICATE
TX006231,C0761,A0681,470.4,ZAR,2024-01-27,08:19:20,WITHDRAWAL,Withdrawal - Ref 506523,MOBILE,PENDING,REF01AC17AE2507,EXACT_DUPLICATE
TX046359,C0870,A0614,2148.09,ZAR,2024-03-18,13:45:48,INTEREST,Interest - Ref 442555,MOBILE,COMPLETED,REFAE09E34CC5F5,EXACT_DUPLICATE
TX039358,C0239,A1298,708.96,ZAR,2026-02-10,04:44:23,DEBIT_ORDER,Debit Order - Ref 547286,BRANCH,COMPLETED,REFE639C9E45442,EXACT_DUPLICATE
TX034166,C0615,A1022,3235.36,ZAR,2025-02-08,15:19:51,DEPOSIT,Deposit - Ref 326903,MOBILE,COMPLETED,REFEC0F366D6DB4,EXACT_DUPLICATE
TX005804,C0029,A0742,35601.83,ZAR,2026-04-26,07:19:41,REVERSAL,Reversal - Ref 291899,MOBILE,COMPLETED,REFAA3877B73289,EXACT_DUPLICATE
TX002190,C0963,A0280,1126.57,ZAR,2024-09-24,23:38:09,DEPOSIT,Deposit - Ref 279106,ONLINE,COMPLETED,REF3C74D2AAD1C2,EXACT_DUPLICATE
TX012188,C0188,A1287,1944.83,ZAR,2025-06-20,16:32:25,WITHDRAWAL,Withdrawal - Ref 386981,POS,COMPLETED,REF320CAC41E2B2,EXACT_DUPLICATE
TX031728,C0532,A1374,200.09,ZAR,2025-06-08,15:17:34,WITHDRAWAL,Withdrawal - Ref 328355,MOBILE,COMPLETED,REF986C9A266990,EXACT_DUPLICATE
TX019246,C0546,A0463,2926.81,ZAR,2024-10-28,02:57:02,INTEREST,Interest - Ref 192120,MOBILE,COMPLETED,REF669AEFD7C323,EXACT_DUPLICATE
TX037867,C0994,A0115,1440.84,ZAR,2024-07-21,11:17:25,TRANSFER,Transfer - Ref 939252,MOBILE,COMPLETED,REF04DFE1D2036C,EXACT_DUPLICATE
TX043515,C0451,A0299,322.69,ZAR,2026-07-04,22:27:59,FEE,Fee - Ref 579296,ONLINE,COMPLETED,REFF2F67FF1DD95,EXACT_DUPLICATE
TX008719,C0867,A0139,1192.41,ZAR,2024-05-18,20:12:40,TRANSFER,Transfer - Ref 536765,ONLINE,PENDING,REFD7DA685CE466,EXACT_DUPLICATE
TX028825,C0453,A0388,6873.06,ZAR,2025-07-09,23:52:53,REVERSAL,Reversal - Ref 854582,ONLINE,COMPLETED,REFB042E48BEE6B,EXACT_DUPLICATE
TX024469,C0370,A1037,4046.18,ZAR,2025-03-03,09:16:42,PAYMENT,Payment - Ref 917275,BRANCH,COMPLETED,REF96C5D28A862E,EXACT_DUPLICATE
TX048253,C0632,A0946,280.67,ZAR,2025-03-11,11:58:55,FEE,Fee - Ref 396966,ONLINE,COMPLETED,REF7E50DDB59718,EXACT_DUPLICATE
TX009283,C0598,A0164,147.03,ZAR,2026-01-01,03:30:17,PAYMENT,Payment - Ref 702497,MOBILE,PENDING,REF7F3622AB74F5,EXACT_DUPLICATE
TX026821,C0710,A0944,325.95,ZAR,2026-05-17,18:32:32,PAYMENT,Payment - Ref 929474,ONLINE,COMPLETED,REF6241E64F5ADE,EXACT_DUPLICATE
TX027374,C0984,A1040,15299.86,ZAR,2025-11-08,03:29:48,PAYMENT,Payment - Ref 887736,ATM,COMPLETED,REF5964F19E3BBA,EXACT_DUPLICATE
TX022493,C0754,A0521,306.29,ZAR,2025-05-02,01:40:44,WITHDRAWAL,Withdrawal - Ref 649721,ONLINE,COMPLETED,REFFD98119A8077,EXACT_DUPLICATE
TX045638,C0681,A0522,7152.69,ZAR,2026-01-06,00:35:27,DEPOSIT,Deposit - Ref 430426,MOBILE,COMPLETED,REF55692707C065,EXACT_DUPLICATE
TX045880,C0559,A0082,2817.7,ZAR,2025-10-31,23:02:32,DEPOSIT,Deposit - Ref 197678,ATM,PENDING,REFE0B36CE2592B,EXACT_DUPLICATE
TX029340,C0969,A0942,1859.94,ZAR,2026-08-05,15:56:57,DEBIT_ORDER,Debit Order - Ref 936202,ATM,COMPLETED,REF4C774AF76039,EXACT_DUPLICATE
TX046548,C0620,A0964,890.95,ZAR,2026-04-11,02:55:18,TRANSFER,Transfer - Ref 171579,ATM,COMPLETED,REFC4F15050560E,EXACT_DUPLICATE
TX010804,C0562,A0579,469.24,ZAR,2026-04-05,19:11:39,FEE,Fee - Ref 574611,ONLINE,COMPLETED,REF650C884C4AC8,EXACT_DUPLICATE
TX020965,C0452,A0807,18765.13,ZAR,2025-01-16,06:17:26,REVERSAL,Reversal - Ref 809599,ONLINE,COMPLETED,REFCF6553685064,EXACT_DUPLICATE
TX030033,C0380,A0573,3506.92,ZAR,2025-04-16,09:34:57,PAYMENT,Payment - Ref 466100,MOBILE,COMPLETED,REF73907103199E,EXACT_DUPLICATE
TX005223,C0967,A0059,1605.85,ZAR,2024-04-22,04:04:49,WITHDRAWAL,Withdrawal - Ref 749213,POS,COMPLETED,REF40F2B4805C3C,EXACT_DUPLICATE
TX005866,C0576,A0070,278.21,ZAR,2026-02-09,03:31:37,DEBIT_ORDER,Debit Order - Ref 322492,BRANCH,COMPLETED,REFB911A2FE24BB,EXACT_DUPLICATE
TX048872,C0863,A1281,319.77,ZAR,2026-05-22,07:20:52,WITHDRAWAL,Withdrawal - Ref 146948,ATM,COMPLETED,REF82A360DA2003,EXACT_DUPLICATE
TX022986,C0135,A0640,447.31,ZAR,2025-09-20,08:17:54,TRANSFER,Transfer - Ref 296655,BRANCH,COMPLETED,REF4E4D3D85BFEA,EXACT_DUPLICATE
TX028881,C0748,A1426,224.82,ZAR,2025-08-23,10:05:27,DEBIT_ORDER,Debit Order - Ref 975795,ONLINE,COMPLETED,REFC0615D3EA907,EXACT_DUPLICATE
TX047088,C0927,A0669,287.23,ZAR,2024-06-08,00:54:58,PAYMENT,Payment - Ref 736854,ONLINE,COMPLETED,REF5C95F5E02B22,EXACT_DUPLICATE
TX026528,C0291,A0516,1622.01,ZAR,2024-04-06,09:29:37,INTEREST,Interest - Ref 111172,MOBILE,COMPLETED,REFDFF2EB9EBC42,EXACT_DUPLICATE
TX049546,C0976,A0817,1474.43,ZAR,2024-01-02,21:56:35,INTEREST,Interest - Ref 778663,ONLINE,COMPLETED,REFB5763AD1C480,EXACT_DUPLICATE
TX032375,C0063,A0607,4818.19,ZAR,2025-10-31,14:12:30,WITHDRAWAL,Withdrawal - Ref 681084,BRANCH,COMPLETED,REFB3B341455F57,EXACT_DUPLICATE
TX026159,C0940,A1223,14588.48,ZAR,2025-01-29,22:20:03,TRANSFER,Transfer - Ref 463188,BRANCH,COMPLETED,REF83B4F72741B3,EXACT_DUPLICATE
TX011712,C0011,A1446,1077.17,ZAR,2025-01-16,22:46:17,DEPOSIT,Deposit - Ref 935686,POS,COMPLETED,REFC6ABA2DFB19F,EXACT_DUPLICATE
TX018354,C0315,A0091,1658.63,ZAR,2025-01-04,04:54:19,TRANSFER,Transfer - Ref 884291,MOBILE,COMPLETED,REF142D560ACB5A,EXACT_DUPLICATE
TX049515,C0777,A1315,737.12,ZAR,2025-05-23,22:02:49,PAYMENT,Payment - Ref 808437,MOBILE,COMPLETED,REF36FB05916BC0,EXACT_DUPLICATE
TX021725,C0992,A1261,1205.97,ZAR,2025-01-07,17:34:10,PAYMENT,Payment - Ref 542041,MOBILE,COMPLETED,REF7F80196E7720,EXACT_DUPLICATE
TX025925,C0564,A0484,2650.97,ZAR,2025-10-30,16:02:17,DEBIT_ORDER,Debit Order - Ref 864112,MOBILE,COMPLETED,REFBAC82CEC194B,EXACT_DUPLICATE
TX004773,C0697,A0389,48563.58,ZAR,2025-03-26,01:04:52,REVERSAL,Reversal - Ref 153558,MOBILE,PENDING,REFBDDB0E87394A,EXACT_DUPLICATE
TX035205,C0544,A0444,459.82,ZAR,2026-04-21,20:14:07,PAYMENT,Payment - Ref 782026,ATM,COMPLETED,REFDDC498702C7B,EXACT_DUPLICATE
TX027879,C0547,A1128,1137.77,ZAR,2024-08-04,02:55:18,WITHDRAWAL,Withdrawal - Ref 890336,POS,COMPLETED,REFF404906EA498,EXACT_DUPLICATE
TX034224,C0233,A0462,1374.33,ZAR,2025-09-05,14:47:16,PAYMENT,Payment - Ref 272586,BRANCH,COMPLETED,REFBC9D40D99F2E,EXACT_DUPLICATE
TX007842,C0195,A1005,835.54,ZAR,2026-05-04,20:27:40,DEPOSIT,Deposit - Ref 279522,MOBILE,COMPLETED,REFA08C539E8291,EXACT_DUPLICATE
TX015923,C0108,A0572,2263.21,ZAR,2025-02-15,20:03:40,DEBIT_ORDER,Debit Order - Ref 659160,MOBILE,COMPLETED,REF9BDE2D84FE04,EXACT_DUPLICATE
TX028367,C0402,A0703,72.87,ZAR,2026-02-26,13:49:31,PAYMENT,Payment - Ref 502039,POS,COMPLETED,REF98E47826CED9,EXACT_DUPLICATE
TX012084,C0681,A0522,32123.49,ZAR,2024-04-09,11:48:02,REVERSAL,Reversal - Ref 564809,ONLINE,COMPLETED,REFAC44B71A3D1E,EXACT_DUPLICATE
TX014488,C0063,A0197,1848.19,ZAR,2024-11-09,20:37:59,WITHDRAWAL,Withdrawal - Ref 166421,MOBILE,COMPLETED,REF426820900065,EXACT_DUPLICATE
TX020819,C0523,A1185,12591.34,ZAR,2025-03-16,21:56:08,REVERSAL,Reversal - Ref 226524,POS,COMPLETED,REF1E8037F33142,EXACT_DUPLICATE
TX037518,C0829,A0932,2218.39,ZAR,2024-02-15,00:31:32,DEBIT_ORDER,Debit Order - Ref 366594,ONLINE,COMPLETED,REFB11A308425D4,EXACT_DUPLICATE
TX044236,C0674,A0358,38944.99,ZAR,2025-02-13,09:14:04,REVERSAL,Reversal - Ref 363854,ONLINE,COMPLETED,REF55B339DA402E,EXACT_DUPLICATE
TX048651,C0292,A0344,42739.79,ZAR,2024-12-22,15:00:49,TRANSFER,Transfer - Ref 282481,ONLINE,PENDING,REF14EFA311D533,EXACT_DUPLICATE
TX036236,C0946,A1158,3015.02,ZAR,2024-03-31,18:03:13,PAYMENT,Payment - Ref 765482,MOBILE,COMPLETED,REF526A6CD48D80,EXACT_DUPLICATE
TX021070,C0451,A0299,342.06,ZAR,2026-03-30,02:10:18,FEE,Fee - Ref 587266,POS,COMPLETED,REFF93755BFE7F1,EXACT_DUPLICATE
TX032756,C0889,A0611,413.83,ZAR,2026-09-11,17:39:48,TRANSFER,Transfer - Ref 782840,ONLINE,COMPLETED,REF15B4385299F9,EXACT_DUPLICATE
TX012054,C0232,A0331,6521.13,ZAR,2025-08-29,06:03:23,TRANSFER,Transfer - Ref 703505,ATM,COMPLETED,REF7658A7AD8324,EXACT_DUPLICATE
TX008038,C0384,A1292,12496.37,ZAR,2026-05-11,19:53:15,REVERSAL,Reversal - Ref 570035,POS,REVERSED,REF1116C01046AA,EXACT_DUPLICATE
TX046977,C0020,A0271,32462.85,ZAR,2024-04-27,11:44:57,REVERSAL,Reversal - Ref 352834,MOBILE,COMPLETED,REF8046AB372AE5,EXACT_DUPLICATE
TX016400,C0596,A1267,14839.08,ZAR,2025-10-25,04:59:17,REVERSAL,Reversal - Ref 449690,ONLINE,COMPLETED,REF93A613A3A8F8,EXACT_DUPLICATE
TX045786,C0838,A1401,1169.55,ZAR,2025-06-19,21:17:55,TRANSFER,Transfer - Ref 437098,MOBILE,PENDING,REFFC2889152939,EXACT_DUPLICATE
TX034616,C0127,A0381,2422.95,ZAR,2026-03-27,06:48:46,REVERSAL,Reversal - Ref 372153,ATM,PENDING,REF0DCE727D9C54,EXACT_DUPLICATE
TX007625,C0116,A1421,1505.86,ZAR,2026-03-18,04:19:15,PAYMENT,Payment - Ref 262308,ONLINE,COMPLETED,REFC5C4093632B5,EXACT_DUPLICATE
TX013662,C0491,A0658,62.42,ZAR,2024-04-14,02:04:41,REVERSAL,Reversal - Ref 878594,POS,FAILED,REF56D5C0AF7448,EXACT_DUPLICATE
TX037737,C0927,A0669,4221.23,ZAR,2025-01-10,08:30:43,DEPOSIT,Deposit - Ref 736443,ONLINE,COMPLETED,REF38D6FA522140,EXACT_DUPLICATE
TX026542,C0923,A1408,5167.06,ZAR,2024-12-06,14:19:10,PAYMENT,Payment - Ref 797423,ATM,COMPLETED,REF841CD69F4B29,EXACT_DUPLICATE
TX013268,C0486,A1364,714.17,ZAR,2025-01-10,09:22:41,INTEREST,Interest - Ref 261026,POS,PENDING,REF72C78DFCB4E4,EXACT_DUPLICATE
TX048086,C0633,A0530,393.19,ZAR,2025-10-27,00:00:04,WITHDRAWAL,Withdrawal - Ref 697089,BRANCH,COMPLETED,REFA837C236C4EE,EXACT_DUPLICATE
TX042768,C0419,A0984,455.73,ZAR,2024-02-04,11:34:44,TRANSFER,Transfer - Ref 284044,MOBILE,COMPLETED,REF95C1DC37A96D,EXACT_DUPLICATE
TX004071,C0801,A0638,274.75,ZAR,2025-08-02,13:14:45,FEE,Fee - Ref 678099,MOBILE,COMPLETED,REFD3375DB557CA,EXACT_DUPLICATE
TX001119,C0133,A1059,603.83,ZAR,2025-05-28,20:09:22,WITHDRAWAL,Withdrawal - Ref 981007,ATM,COMPLETED,REFB48E017A9620,EXACT_DUPLICATE
TX010075,C0562,A0474,899.56,ZAR,2025-04-14,08:24:20,DEBIT_ORDER,Debit Order - Ref 750051,ONLINE,COMPLETED,REF433C2901EFC4,EXACT_DUPLICATE
TX011374,C0261,A0515,1003.03,ZAR,2025-07-18,21:38:07,DEBIT_ORDER,Debit Order - Ref 241180,ONLINE,COMPLETED,REF16F54269D39E,EXACT_DUPLICATE
TX032685,C0770,A0258,539.66,ZAR,2026-07-14,00:59:41,WITHDRAWAL,Withdrawal - Ref 133523,ATM,COMPLETED,REFA22FA39B2237,EXACT_DUPLICATE
TX046434,C0975,A0670,376.07,ZAR,2024-01-11,15:00:06,PAYMENT,Payment - Ref 892935,ONLINE,COMPLETED,REF049E4B633A73,EXACT_DUPLICATE
TX025350,C0212,A0269,1496480.2,ZAR,2024-05-30,18:08:45,TRANSFER,Transfer - Ref 447906,ONLINE,COMPLETED,REF011BB964BA00,EXACT_DUPLICATE
TX034568,C0329,A0242,176.0,ZAR,2024-04-24,12:50:39,WITHDRAWAL,Withdrawal - Ref 741164,MOBILE,COMPLETED,REF13B2938F672D,EXACT_DUPLICATE
TX001031,C0866,A1176,43.11,ZAR,2025-07-21,19:17:06,PAYMENT,Payment - Ref 320901,ONLINE,COMPLETED,REF71D8546B9B4A,EXACT_DUPLICATE
TX022754,C0537,A0978,10347.34,ZAR,2025-03-07,12:02:13,TRANSFER,Transfer - Ref 828939,ONLINE,COMPLETED,REF1A5B9A697CE9,EXACT_DUPLICATE
TX035897,C0434,A1413,222.81,ZAR,2024-06-20,06:42:15,PAYMENT,Payment - Ref 229431,BRANCH,COMPLETED,REFE104800285C4,EXACT_DUPLICATE
TX014493,C0090,A0270,14288.55,ZAR,2026-01-12,01:35:44,TRANSFER,Transfer - Ref 634166,ATM,COMPLETED,REF3E2C74615DB3,EXACT_DUPLICATE
TX025086,C0002,A1134,94.79,ZAR,2025-09-18,06:51:19,WITHDRAWAL,Withdrawal - Ref 250563,BRANCH,FAILED,REF0370177EF19D,EXACT_DUPLICATE
TX020396,C0622,A1041,5620.15,ZAR,2026-06-06,05:27:26,DEBIT_ORDER,Debit Order - Ref 153090,ATM,REVERSED,REF3CF0E6630E15,EXACT_DUPLICATE
TX008995,C0424,A0773,781.08,ZAR,2025-08-10,05:02:32,TRANSFER,Transfer - Ref 919602,MOBILE,COMPLETED,REF08982DBFF979,EXACT_DUPLICATE
TX049692,C0017,A1064,466.74,ZAR,2025-04-06,20:32:14,WITHDRAWAL,Withdrawal - Ref 265220,BRANCH,COMPLETED,REF3024CD04B72B,EXACT_DUPLICATE
TX021375,C0352,A0967,245.77,ZAR,2024-02-12,04:16:08,DEBIT_ORDER,Debit Order - Ref 715092,ONLINE,COMPLETED,REFA982C91981B7,EXACT_DUPLICATE
TX030243,C0829,A0932,664.22,ZAR,2024-02-28,22:09:24,PAYMENT,Payment - Ref 463453,MOBILE,COMPLETED,REF8FC6F45BCD7B,EXACT_DUPLICATE
TX047579,C0032,A1435,2002.35,ZAR,2024-07-13,00:00:05,DEPOSIT,Deposit - Ref 394257,ONLINE,COMPLETED,REF987FA88CF86A,EXACT_DUPLICATE
TX001165,C0857,A0221,356.46,ZAR,2025-12-20,11:02:42,FEE,Fee - Ref 952640,ONLINE,PENDING,REF0F4D32F22DE8,EXACT_DUPLICATE
TX024811,C0700,A0925,1103.05,ZAR,2026-05-30,10:10:15,TRANSFER,Transfer - Ref 420892,ONLINE,COMPLETED,REF4F5C4061ED93,EXACT_DUPLICATE
TX003698,C0703,A1308,1089.29,ZAR,2026-05-09,20:14:28,PAYMENT,Payment - Ref 465361,ONLINE,COMPLETED,REFA94E9F0AEFC0,EXACT_DUPLICATE
TX011439,C0023,A0507,416.5,ZAR,2024-04-28,17:52:33,FEE,Fee - Ref 784836,MOBILE,COMPLETED,REF0B34C88B20BF,EXACT_DUPLICATE
TX004470,C0056,A0275,28249.63,ZAR,2026-04-27,22:04:36,TRANSFER,Transfer - Ref 813337,ATM,COMPLETED,REF9EA09D98F975,EXACT_DUPLICATE
TX009808,C0253,A0744,13511.53,ZAR,2024-01-12,20:06:58,REVERSAL,Reversal - Ref 239512,ONLINE,COMPLETED,REFD2371895AB2C,EXACT_DUPLICATE
TX047768,C0385,A1476,1993.72,ZAR,2024-06-20,08:48:42,DEPOSIT,Deposit - Ref 715063,BRANCH,PENDING,REFB959445B5E78,EXACT_DUPLICATE
TX006749,C0158,A1330,3513.24,ZAR,2025-01-19,14:58:16,DEPOSIT,Deposit - Ref 556425,MOBILE,PENDING,REF577538B5FE59,EXACT_DUPLICATE
TX017379,C0585,A0196,94.67,ZAR,2025-08-07,14:27:04,WITHDRAWAL,Withdrawal - Ref 126658,ATM,COMPLETED,REF9DE57FA8F4CB,EXACT_DUPLICATE
TX036885,C0780,A0506,1414.93,ZAR,2025-09-27,19:32:32,DEBIT_ORDER,Debit Order - Ref 123273,MOBILE,REVERSED,REFA294786908F1,EXACT_DUPLICATE
TX013357,C0948,A0837,1653.66,ZAR,2025-01-15,00:10:06,DEPOSIT,Deposit - Ref 898687,MOBILE,PENDING,REFF7A6BD065F3D,EXACT_DUPLICATE
TX032405,C0444,A0548,1459.02,ZAR,2025-08-07,17:51:10,INTEREST,Interest - Ref 361798,MOBILE,COMPLETED,REF49DA0C7E0D09,EXACT_DUPLICATE
TX042455,C0525,A0002,263.25,ZAR,2025-01-13,11:54:30,DEBIT_ORDER,Debit Order - Ref 362629,MOBILE,COMPLETED,REFBEC284012B36,EXACT_DUPLICATE
TX046066,C0542,A0846,967.73,ZAR,2025-07-27,22:46:52,INTEREST,Interest - Ref 698541,ONLINE,COMPLETED,REF7C7DEBAC1CE8,EXACT_DUPLICATE
TX011539,C0174,A1169,380.44,ZAR,2024-05-05,03:47:25,TRANSFER,Transfer - Ref 116300,MOBILE,PENDING,REF24652B2C4017,EXACT_DUPLICATE
TX002009,C0295,A0683,3168.73,ZAR,2024-09-07,23:48:16,TRANSFER,Transfer - Ref 912246,ONLINE,COMPLETED,REF044D2E286F02,EXACT_DUPLICATE
TX003222,C0336,A0233,120.19,ZAR,2024-05-15,02:18:57,FEE,Fee - Ref 175231,BRANCH,COMPLETED,REF27C6036C19EC,EXACT_DUPLICATE
TX044997,C0170,A1116,1735.56,ZAR,2026-02-20,20:55:32,DEPOSIT,Deposit - Ref 772536,MOBILE,COMPLETED,REF7605A5EE91DC,EXACT_DUPLICATE
TX018763,C0365,A0691,2294.38,ZAR,2024-07-31,23:27:34,DEPOSIT,Deposit - Ref 509128,POS,COMPLETED,REF85630CEBAD60,EXACT_DUPLICATE
TX040684,C0244,A0618,4035.25,ZAR,2025-01-22,04:33:47,TRANSFER,Transfer - Ref 797971,ONLINE,COMPLETED,REF7F57D7624E49,EXACT_DUPLICATE
TX025081,C0033,A0833,2578.52,ZAR,2026-06-30,19:41:37,TRANSFER,Transfer - Ref 244481,ONLINE,COMPLETED,REF65FBF525E536,EXACT_DUPLICATE
TX001823,C0226,A1000,4110.74,ZAR,2026-03-09,03:53:12,DEPOSIT,Deposit - Ref 282227,MOBILE,COMPLETED,REF9E6AE049DC04,EXACT_DUPLICATE
TX044662,C0985,A0404,234.21,ZAR,2025-09-29,19:30:07,FEE,Fee - Ref 647047,MOBILE,COMPLETED,REF54C520A9F7F8,EXACT_DUPLICATE
TX006849,C0513,A0465,13831.56,ZAR,2026-09-07,12:55:04,REVERSAL,Reversal - Ref 276790,MOBILE,COMPLETED,REFD95B5FEA928C,EXACT_DUPLICATE
TX012636,C0323,A1355,643.12,ZAR,2026-04-25,07:49:44,TRANSFER,Transfer - Ref 552519,MOBILE,COMPLETED,REFDAC3D327AD43,EXACT_DUPLICATE
TX037669,C0057,A0119,780.42,ZAR,2024-07-28,23:08:17,PAYMENT,Payment - Ref 616624,ONLINE,COMPLETED,REFB84FA5E2CCF5,EXACT_DUPLICATE
TX006096,C0250,A0545,37402.93,ZAR,2025-11-10,05:30:34,REVERSAL,Reversal - Ref 105012,ATM,COMPLETED,REFB4C809979851,EXACT_DUPLICATE
TX039249,C0013,A0228,631.99,ZAR,2024-09-08,01:22:14,WITHDRAWAL,Withdrawal - Ref 773193,ONLINE,COMPLETED,REF6FE6821F08F2,EXACT_DUPLICATE
TX010578,C0888,A0727,4449.5,ZAR,2025-01-23,12:17:35,INTEREST,Interest - Ref 582709,ONLINE,COMPLETED,REFE35F780417C5,EXACT_DUPLICATE
TX031075,C0030,A0372,2089.16,ZAR,2024-06-21,08:04:04,REVERSAL,Reversal - Ref 349817,MOBILE,COMPLETED,REFAE1F31BA63EB,EXACT_DUPLICATE
TX029113,C0277,A0187,28801.24,ZAR,2024-02-27,10:10:44,REVERSAL,Reversal - Ref 728624,ATM,COMPLETED,REF442CB5C378FC,EXACT_DUPLICATE
TX010193,C0330,A0337,25429.59,ZAR,2025-01-10,03:09:20,REVERSAL,Reversal - Ref 738787,ONLINE,COMPLETED,REF29DA7CA642CA,EXACT_DUPLICATE
TX000315,C0518,A1255,977.81,ZAR,2024-10-22,21:09:15,WITHDRAWAL,Withdrawal - Ref 256681,ONLINE,COMPLETED,REFCEF4849F278B,EXACT_DUPLICATE
TX011450,C0280,A0454,953.06,ZAR,2025-04-30,20:07:55,WITHDRAWAL,Withdrawal - Ref 390262,MOBILE,COMPLETED,REF6FCF8C823519,EXACT_DUPLICATE
TX029703,C0963,A0826,1290.64,ZAR,2024-09-30,14:42:40,DEPOSIT,Deposit - Ref 162588,MOBILE,COMPLETED,REFB7DDD4234CFD,EXACT_DUPLICATE
TX027659,C0189,A1440,23942.28,ZAR,2024-01-29,12:29:55,TRANSFER,Transfer - Ref 343388,BRANCH,COMPLETED,REF8EAE532D78A6,EXACT_DUPLICATE
TX015178,C0218,A0450,497.74,ZAR,2026-01-11,16:25:07,FEE,Fee - Ref 588556,ATM,COMPLETED,REF08CE29F06FD9,DUPLICATE_KEY_transaction_id
TX034305,,A0937,390.24,ZAR,2026-06-01,10:40:31,PAYMENT,Payment - Ref 152499,ONLINE,COMPLETED,REF633C5008CAFA,DUPLICATE_KEY_transaction_id
TX015909,,A1409,526.1,ZAR,2024-12-05,23:22:43,WITHDRAWAL,Withdrawal - Ref 826062,MOBILE,COMPLETED,REF2525E5FD076A,DUPLICATE_KEY_transaction_id
TX000822,C0408,A0431,2532.74,ZAR,2026-06-18,21:47:22,INTEREST,Interest - Ref 864177,ONLINE,COMPLETED,REF391A8B922DC9,DUPLICATE_KEY_transaction_id
TX040486,C0491,A0658,2801.23,ZAR,2025-04-13,19:26:30,PAYMENT,Payment - Ref 661202,ONLINE,COMPLETED,REF4F94BAD12FD6,DUPLICATE_KEY_transaction_id
TX030002,C0923,A0319,758.36,,2026-07-27,22:09:59,PAYMENT,Payment - Ref 718546,ATM,COMPLETED,REFF67E4F4BE712,DUPLICATE_KEY_transaction_id
TX001813,,A0270,618.9,ZAR,2025-06-14,01:28:04,INTEREST,Interest - Ref 686154,BRANCH,FAILED,REF7848A6614546,DUPLICATE_KEY_transaction_id
TX025046,C0282,A0207,615.09,ZAR,not-a-date,18:47:52,PAYMENT,Payment - Ref 728635,ONLINE,COMPLETED,REF51E834F502C2,DUPLICATE_KEY_transaction_id
TX009802,C0963,A0826,570.21,ZAR,2025-09-01,10:11:16,WITHDRAWAL,Withdrawal - Ref 988996,MOBILE,COMPLETED,REFE700B5E61A9A,DUPLICATE_KEY_transaction_id
TX038801,,A1404,3125.99,ZAR,2025-07-12,18:52:06,PAYMENT,Payment - Ref 697063,ONLINE,COMPLETED,REFB990E8F53E65,DUPLICATE_KEY_transaction_id
TX031139,C0842,A0687,98.69,ZAR,2024-10-14,01:34:49,FEE,Fee - Ref 951894,MOBILE,FAILED,REFE2CB9EF38FBA,DUPLICATE_KEY_transaction_id
TX021803,,A0705,2415.87,ZAR,2025-02-17,22:19:42,INTEREST,Interest - Ref 758059,ONLINE,COMPLETED,REF07FC6229DE3A,DUPLICATE_KEY_transaction_id
TX014832,C0191,A1368,758.99,ZAR,2024-07-23,16:39:04,INTEREST,Interest - Ref 519789,POS,COMPLETED,REFC4E9A7872FA5,DUPLICATE_KEY_transaction_id
TX030093,C0274,A0957,99532.06,ZAR,2026-05-04,09:41:56,TRANSFER,Transfer - Ref 307225,BRANCH,REVERSED,REFB4250DCA59AB,DUPLICATE_KEY_transaction_id
TX045308,C0124,A0156,847.47,ZAR,2025-04-06,03:30:45,PAYMENT,Payment - Ref 707589,ONLINE,COMPLETED,REFAD2BAF942187,DUPLICATE_KEY_transaction_id
TX026551,,A0638,2700.32,ZAR,2026-09-10,05:01:45,DEPOSIT,Deposit - Ref 656974,MOBILE,COMPLETED,REF367884B8BD89,DUPLICATE_KEY_transaction_id
TX032226,C0201,A0090,93516.0,ZAR,2025-03-28,01:52:43,DEPOSIT,Deposit - Ref 877476,ONLINE,COMPLETED,REFE18BF5EDA78C,DUPLICATE_KEY_transaction_id
TX005824,C0345,,407.16,ZAR,2026-03-25,21:29:34,DEBIT_ORDER,Debit Order - Ref 869939,MOBILE,COMPLETED,REF5BF3A99CFECC,DUPLICATE_KEY_transaction_id
TX038537,C0192,A0802,32318.12,ZAR,2025-09-06,17:32:29,REVERSAL,Reversal - Ref 397027,ONLINE,COMPLETED,REFF5A8C8A31E0A,DUPLICATE_KEY_transaction_id
TX023922,C0004,A1058,27935.36,ZAR,2024-09-28,03:46:36,DEBIT_ORDER,Debit Order - Ref 627382,MOBILE,PENDING,REFE9E5EA825FE0,DUPLICATE_KEY_transaction_id
TX014171,C0317,A0953,1580.33,ZAR,2025-10-17,10:05:51,PAYMENT,Payment - Ref 581649,ONLINE,COMPLETED,REF50577E3C8B5A,DUPLICATE_KEY_transaction_id
TX007882,C0024,A0647,51.76,ZAR,2024-09-07,15:55:39,FEE,Fee - Ref 608122,ATM,COMPLETED,REF8E160D7A8B60,DUPLICATE_KEY_transaction_id
TX041694,C0907,A1188,445.62,ZAR,2024-03-15,20:59:32,FEE,Fee - Ref 951055,MOBILE,COMPLETED,REF21227792C5F1,DUPLICATE_KEY_transaction_id
TX044799,C0030,A1014,382.77,ZAR,2024-02-27,07:16:12,FEE,Fee - Ref 399335,ONLINE,COMPLETED,REFB34397BF8928,DUPLICATE_KEY_transaction_id
TX038250,C0030,A1014,1740.92,XXX,2026-05-12,18:52:26,DEPOSIT,Deposit - Ref 790421,POS,COMPLETED,REF0E45943DADB0,DUPLICATE_KEY_transaction_id
TX014758,C0011,A1211,17266.32,ZAR,2025-08-21,00:52:06,REVERSAL,Reversal - Ref 709566,ONLINE,COMPLETED,REFD25AEE9E4953,DUPLICATE_KEY_transaction_id
TX026397,C0428,A1055,32858.0,ZAR,2024-10-09,12:48:28,PAYMENT,Payment - Ref 986690,BRANCH,COMPLETED,REF14DCF4685869,DUPLICATE_KEY_transaction_id
TX005396,C0738,A0650,-16185.95,ZAR,2024-03-07,18:14:10,REVERSAL,Reversal - Ref 501796,MOBILE,COMPLETED,REFB2CFBD726F75,DUPLICATE_KEY_transaction_id
TX038173,C0013,A0228,1168.22,ZAR,2025-04-04,19:57:22,DEPOSIT,Deposit - Ref 217990,ONLINE,COMPLETED,REFB5D3D22266E3,DUPLICATE_KEY_transaction_id
TX045285,C0250,,283.78,ZAR,2024-08-22,22:55:07,WITHDRAWAL,Withdrawal - Ref 238297,ONLINE,COMPLETED,REF896F39CF8234,DUPLICATE_KEY_transaction_id
TX006414,C0468,A1215,671.26,ZZZ,2024-01-20,13:34:26,INTEREST,Interest - Ref 603948,ONLINE,REVERSED,REFA8B7B3223A2A,DUPLICATE_KEY_transaction_id
TX039484,C0201,A1045,685.67,ZAR,2024-07-26,13:50:45,DEBIT_ORDER,Debit Order - Ref 547478,ONLINE,COMPLETED,REF70B60FF018BD,DUPLICATE_KEY_transaction_id
TX001641,,A0093,4093.63,ZAR,2024-11-04,03:13:30,REVERSAL,Reversal - Ref 315150,MOBILE,COMPLETED,REF5185386FD8E2,DUPLICATE_KEY_transaction_id
TX037602,C0487,A0145,393.0,ZAR,2025-07-30,01:41:03,FEE,Fee - Ref 887731,POS,COMPLETED,REF3E3FD274F3D7,DUPLICATE_KEY_transaction_id
TX020816,,A1263,158.67,ZAR,2024-02-18,03:00:25,PAYMENT,Payment - Ref 701049,MOBILE,COMPLETED,REF13C58756AE85,DUPLICATE_KEY_transaction_id
TX012996,C0103,A0097,21959.67,ZAR,2025-10-17,17:09:29,TRANSFER,Transfer - Ref 553252,ONLINE,REVERSED,REF0B6881354300,DUPLICATE_KEY_transaction_id
TX042502,,A1321,1116.34,ZAR,2024-05-05,10:04:27,WITHDRAWAL,Withdrawal - Ref 795104,POS,COMPLETED,REF3F097DAA6489,DUPLICATE_KEY_transaction_id
TX038921,C0719,A0300,160.49,ZAR,2025-01-05,20:34:20,FEE,Fee - Ref 756040,ONLINE,COMPLETED,REF64FF493887AB,DUPLICATE_KEY_transaction_id
TX024115,C0184,A0934,620.51,ZAR,2027-08-03,15:46:46,WITHDRAWAL,Withdrawal - Ref 867652,ONLINE,COMPLETED,REF6284997C17C0,DUPLICATE_KEY_transaction_id
TX033499,C0292,A0344,1259.56,ZAR,2025-03-02,04:17:17,WITHDRAWAL,Withdrawal - Ref 518087,MOBILE,COMPLETED,REFE67DB77F95B6,DUPLICATE_KEY_transaction_id
TX006557,C0539,,1406.87,ZAR,2024-02-13,18:07:32,PAYMENT,Payment - Ref 833629,ONLINE,COMPLETED,REFFE47E37A439A,DUPLICATE_KEY_transaction_id
TX010811,C0439,A0895,1591.06,ZAR,2025-12-28,07:32:58,WITHDRAWAL,Withdrawal - Ref 565042,MOBILE,COMPLETED,REFE3EF35651CC5,DUPLICATE_KEY_transaction_id
TX022916,,A0776,220.04,ZAR,2024-09-25,18:27:22,FEE,Fee - Ref 779300,ATM,COMPLETED,REF6C25C18A3D43,DUPLICATE_KEY_transaction_id
TX008086,C0861,A0224,71.68,ZAR,2025-01-08,05:43:45,FEE,Fee - Ref 439654,ONLINE,COMPLETED,REFD94AE798A5AF,DUPLICATE_KEY_transaction_id
TX016387,,A1108,2229.0,ZAR,2024-11-20,16:50:46,PAYMENT,Payment - Ref 748959,BRANCH,COMPLETED,REFD7FB378572DB,DUPLICATE_KEY_transaction_id
TX004169,C0130,A0564,26226.13,ZAR,2026-04-07,22:07:00,REVERSAL,Reversal - Ref 988292,POS,FAILED,REFAE90BEC69A0E,DUPLICATE_KEY_transaction_id
TX012754,C0992,A1261,4133.97,GBP,2025-12-24,13:27:59,DEPOSIT,Deposit - Ref 133937,POS,COMPLETED,REF26390BB4F836,DUPLICATE_KEY_transaction_id
TX007202,C0607,A0577,920.62,ZAR,2024-12-05,19:38:37,INTEREST,Interest - Ref 616077,MOBILE,COMPLETED,REFB83EB87E8B3D,DUPLICATE_KEY_transaction_id
TX000660,,A1411,108.94,ZAR,2024-05-21,10:05:56,FEE,Fee - Ref 780949,BRANCH,COMPLETED,REFD93BDA110C03,DUPLICATE_KEY_transaction_id
TX033246,C0090,FAKE_605699D3,36751.49,ZAR,2024-05-03,17:53:21,TRANSFER,Transfer - Ref 180622,BRANCH,COMPLETED,REFF68B4AD750F0,DUPLICATE_KEY_transaction_id
TX009648,C0132,,263.39,ZAR,2025-06-09,19:50:46,FEE,Fee - Ref 416936,MOBILE,COMPLETED,REF8203CCE67782,DUPLICATE_KEY_transaction_id
TX027239,C0197,A1096,4396.26,ZAR,2025-08-19,14:56:15,INTEREST,Interest - Ref 639253,MOBILE,COMPLETED,REF25A3F87F6AF9,DUPLICATE_KEY_transaction_id
TX041390,C0201,A1045,275362.0,ZAR,1899-01-01,20:26:54,DEBIT_ORDER,Debit Order - Ref 406854,ONLINE,COMPLETED,REF31AE5C500FD1,DUPLICATE_KEY_transaction_id
TX005875,C0872,FAKE_FC62031D,189.38,ZAR,2024-12-06,21:25:39,FEE,Fee - Ref 645388,ONLINE,FAILED,REF3D9A935B8CC1,DUPLICATE_KEY_transaction_id
TX017805,C0675,A0223,2175.82,ZAR,2024-10-01,01:48:31,WITHDRAWAL,Withdrawal - Ref 241326,ONLINE,COMPLETED,REF15F3657951F0,DUPLICATE_KEY_transaction_id
TX020034,C0007,,833.35,ZAR,2024-09-19,10:40:55,DEBIT_ORDER,Debit Order - Ref 880958,ONLINE,COMPLETED,REF3DBF48725376,DUPLICATE_KEY_transaction_id
TX009524,C0191,A0903,4872.54,ZAR,2025-05-06,21:42:51,WITHDRAWAL,Withdrawal - Ref 554636,MOBILE,COMPLETED,REFA71862278263,DUPLICATE_KEY_transaction_id
TX023594,C0656,A1424,332.12,ZAR,2027-04-18,02:18:43,WITHDRAWAL,Withdrawal - Ref 655542,POS,COMPLETED,REF9159FA3CA8BE,DUPLICATE_KEY_transaction_id
TX018083,C0737,A1458,1667.76,ZAR,2024-06-17,16:27:35,PAYMENT,Payment - Ref 569776,ONLINE,COMPLETED,REF5E4C716A923D,DUPLICATE_KEY_transaction_id
TX016287,C0529,A0285,9040.86,ZAR,2025-05-06,23:39:44,REVERSAL,Reversal - Ref 117139,ATM,COMPLETED,REFDF2F4CB8B6D2,DUPLICATE_KEY_transaction_id
TX006716,C0926,,107.99,ZAR,2024-11-25,08:52:06,FEE,Fee - Ref 373682,ONLINE,COMPLETED,REF910415D0A345,DUPLICATE_KEY_transaction_id
TX011762,C0760,A0897,1765.97,ZAR,2026-02-19,03:02:45,DEBIT_ORDER,Debit Order - Ref 423645,ATM,COMPLETED,REF45B3C3224BBA,DUPLICATE_KEY_transaction_id
TX004814,,A1298,1663.04,ZAR,2025-04-17,00:57:24,DEPOSIT,Deposit - Ref 179089,ONLINE,COMPLETED,REF0208DB13B377,DUPLICATE_KEY_transaction_id
TX021110,C0588,A1377,65945.83,ZAR,2026-07-11,16:55:44,DEPOSIT,Deposit - Ref 562620,POS,COMPLETED,REFF3DD20A5782E,DUPLICATE_KEY_transaction_id
TX049185,C0935,A1202,133.02,EUR,2026-03-15,18:40:45,WITHDRAWAL,Withdrawal - Ref 305281,POS,COMPLETED,REFDDAF8EA7B0AF,DUPLICATE_KEY_transaction_id
TX014166,C0737,A1179,969.52,ZAR,2025-09-13,03:27:44,DEPOSIT,Deposit - Ref 697723,ATM,COMPLETED,REF634CC3F8B3BE,DUPLICATE_KEY_transaction_id
TX030746,C0670,A0962,2650.18,ZAR,2025-12-26,02:53:04,WITHDRAWAL,Withdrawal - Ref 994620,ATM,COMPLETED,REFE2FAB69D9A63,DUPLICATE_KEY_transaction_id
TX000016,UNKNOWN,A1153,2102.9,ZAR,2024-07-07,21:11:09,PAYMENT,Payment - Ref 165083,MOBILE,COMPLETED,REF3561902A5D6B,BROKEN_FK_customer_id_to_customers
TX000065,UNKNOWN,A1090,1388.85,ZAR,2026-06-17,01:56:09,PAYMENT,Payment - Ref 254976,BRANCH,COMPLETED,REFABFE28FB08C3,BROKEN_FK_customer_id_to_customers
TX000088,UNKNOWN,A1394,5495.45,ZAR,2024-12-12,04:04:10,DEPOSIT,Deposit - Ref 794967,MOBILE,COMPLETED,REF054853D81082,BROKEN_FK_customer_id_to_customers
TX000115,UNKNOWN,A0937,6944.07,ZAR,2026-05-07,06:20:25,DEBIT_ORDER,Debit Order - Ref 580650,ONLINE,COMPLETED,REFA522EC5EDF9C,BROKEN_FK_customer_id_to_customers
TX000127,UNKNOWN,A0188,3267.44,ZAR,2026-01-25,09:56:18,DEPOSIT,Deposit - Ref 110073,BRANCH,COMPLETED,REFB8D379F656B7,BROKEN_FK_customer_id_to_customers
TX000150,UNKNOWN,A1414,15907.6575,ZAR,2024-02-01,06:48:54,REVERSAL,Reversal - Ref 701181,MOBILE,COMPLETED,REFD24F2E2AAE40,BROKEN_FK_customer_id_to_customers
TX000160,UNKNOWN,A1180,3910.8,ZAR,2026-09-13,06:58:19,INTEREST,Interest - Ref 644609,ATM,COMPLETED,REF11C5DC79E12E,BROKEN_FK_customer_id_to_customers
TX000172,UNKNOWN,A0475,15907.6575,ZAR,2024-09-30,00:12:18,REVERSAL,Reversal - Ref 938122,BRANCH,COMPLETED,REF650ACB16A5F9,BROKEN_FK_customer_id_to_customers
TX000181,FAKE_D77510A1,A0558,642.45,ZAR,2026-06-11,23:30:52,WITHDRAWAL,Withdrawal - Ref 585908,ONLINE,COMPLETED,REFB6A4FF6E224E,BROKEN_FK_customer_id_to_customers
TX000202,UNKNOWN,UNKNOWN,15907.6575,ZAR,2024-02-27,15:35:35,REVERSAL,Reversal - Ref 226877,MOBILE,COMPLETED,REF8B80BF33540E,BROKEN_FK_customer_id_to_customers
TX000227,UNKNOWN,UNKNOWN,11016.43,ZAR,2025-11-01,06:16:59,DEPOSIT,Deposit - Ref 135682,ONLINE,COMPLETED,REFE49C162CBC00,BROKEN_FK_customer_id_to_customers
TX000271,UNKNOWN,A0620,7669.94,ZAR,2024-11-17,16:38:14,TRANSFER,Transfer - Ref 325294,ONLINE,COMPLETED,REFF3C0FA621B2D,BROKEN_FK_customer_id_to_customers
TX000279,UNKNOWN,A1353,3886.31,ZAR,2024-01-08,17:00:41,REVERSAL,Reversal - Ref 426305,MOBILE,COMPLETED,REF9D157B672AAA,BROKEN_FK_customer_id_to_customers
TX000328,UNKNOWN,A1135,1166.98,ZAR,2025-06-07,15:10:00,DEPOSIT,Deposit - Ref 374722,MOBILE,COMPLETED,REF00839E9ECFDA,BROKEN_FK_customer_id_to_customers
TX000378,FAKE_4C62EB20,A0842,456.49,ZAR,2024-10-05,15:03:10,DEBIT_ORDER,Debit Order - Ref 501267,ONLINE,COMPLETED,REF3E0CA1D6B0CB,BROKEN_FK_customer_id_to_customers
TX000548,UNKNOWN,A0721,2330.91,ZAR,2026-05-27,18:09:57,PAYMENT,Payment - Ref 581744,ONLINE,COMPLETED,REF447344A60559,BROKEN_FK_customer_id_to_customers
TX000574,UNKNOWN,A0232,3069.26,ZAR,2024-04-22,09:00:48,DEBIT_ORDER,Debit Order - Ref 188175,ONLINE,COMPLETED,REF6FCA13B1C759,BROKEN_FK_customer_id_to_customers
TX000576,UNKNOWN,A0316,905.13,ZAR,2026-07-16,03:53:10,PAYMENT,Payment - Ref 960661,BRANCH,COMPLETED,REF8EAFEA98FF66,BROKEN_FK_customer_id_to_customers
TX000579,UNKNOWN,A1229,401.9,ZAR,2024-09-10,21:24:29,TRANSFER,Transfer - Ref 800474,MOBILE,COMPLETED,REFF5ADE8924A55,BROKEN_FK_customer_id_to_customers
TX000584,FAKE_175364C3,A0303,1615.28,ZAR,2025-02-08,05:25:30,DEBIT_ORDER,Debit Order - Ref 974125,ONLINE,COMPLETED,REF7EE4E4A704BB,BROKEN_FK_customer_id_to_customers
TX000586,FAKE_09333511,A0326,1118.06,ZAR,2025-07-03,13:28:51,WITHDRAWAL,Withdrawal - Ref 141266,ATM,COMPLETED,REFAEBB45D7679D,BROKEN_FK_customer_id_to_customers
TX000656,UNKNOWN,A0591,1355.08,ZAR,2024-05-19,07:05:52,WITHDRAWAL,Withdrawal - Ref 377125,POS,COMPLETED,REFD7468915A3FE,BROKEN_FK_customer_id_to_customers
TX000691,UNKNOWN,A0049,2276.95,ZAR,2024-08-06,19:13:25,DEPOSIT,Deposit - Ref 797995,POS,COMPLETED,REFCD814034E44A,BROKEN_FK_customer_id_to_customers
TX000707,UNKNOWN,A1115,1738.67,ZAR,2024-01-01,19:03:30,PAYMENT,Payment - Ref 258065,ONLINE,COMPLETED,REFEDF238501CE4,BROKEN_FK_customer_id_to_customers
TX000748,UNKNOWN,A0952,1959.03,ZAR,2024-10-30,10:26:35,INTEREST,Interest - Ref 717712,ATM,COMPLETED,REF4F388E34C121,BROKEN_FK_customer_id_to_customers
TX000795,FAKE_EFD51A6D,A1379,301.03,ZAR,2024-02-16,00:45:17,FEE,Fee - Ref 974680,ONLINE,COMPLETED,REFA6F56AA8EB86,BROKEN_FK_customer_id_to_customers
TX000822,UNKNOWN,A0431,2532.74,ZAR,2026-06-18,21:47:22,INTEREST,Interest - Ref 864177,ONLINE,COMPLETED,REF391A8B922DC9,BROKEN_FK_customer_id_to_customers
TX000834,UNKNOWN,A0862,5614.38,ZAR,2026-04-03,04:41:53,TRANSFER,Transfer - Ref 928360,POS,COMPLETED,REFB7A9A6C87C90,BROKEN_FK_customer_id_to_customers
TX000857,UNKNOWN,A0990,108.31,ZAR,2026-05-27,00:18:43,FEE,Fee - Ref 112504,MOBILE,COMPLETED,REFE145756C7841,BROKEN_FK_customer_id_to_customers
TX000867,UNKNOWN,A0822,36.79,ZAR,2025-11-21,15:40:45,FEE,Fee - Ref 972332,ONLINE,FAILED,REF22776F1D21D1,BROKEN_FK_customer_id_to_customers
TX000878,FAKE_1138BC2F,A0122,319.87,ZAR,2025-10-21,22:11:34,FEE,Fee - Ref 380780,MOBILE,COMPLETED,REF0BE2B2CF16B0,BROKEN_FK_customer_id_to_customers
TX000884,UNKNOWN,A0492,2648.19,ZAR,2025-07-20,23:35:26,TRANSFER,Transfer - Ref 793647,MOBILE,COMPLETED,REF50E6208CCFD9,BROKEN_FK_customer_id_to_customers
TX000894,UNKNOWN,A0752,961.53,ZAR,2024-06-14,19:07:07,TRANSFER,Transfer - Ref 527683,ONLINE,COMPLETED,REFE55BFF5AB649,BROKEN_FK_customer_id_to_customers
TX000929,UNKNOWN,A1214,185.99,ZAR,2024-03-25,21:31:51,PAYMENT,Payment - Ref 440389,ATM,COMPLETED,REF05C062A4CEF7,BROKEN_FK_customer_id_to_customers
TX001043,UNKNOWN,A1129,63.02,ZAR,2024-08-16,03:04:52,FEE,Fee - Ref 592730,MOBILE,COMPLETED,REF175727D56489,BROKEN_FK_customer_id_to_customers
TX001046,UNKNOWN,A0910,402.89,ZAR,2025-05-08,01:22:32,FEE,Fee - Ref 754569,ATM,COMPLETED,REFF54E59AA74E3,BROKEN_FK_customer_id_to_customers
TX001058,UNKNOWN,A1043,267.59,ZAR,2026-08-01,20:19:47,INTEREST,Interest - Ref 881761,ATM,COMPLETED,REF1903AC1D1C80,BROKEN_FK_customer_id_to_customers
TX001064,UNKNOWN,A1048,2904.23,ZAR,2025-04-18,23:16:30,INTEREST,Interest - Ref 538269,BRANCH,COMPLETED,REF88D4B256BCA3,BROKEN_FK_customer_id_to_customers
TX001108,FAKE_951B90FC,A0461,585.66,ZAR,2025-06-19,13:40:16,PAYMENT,Payment - Ref 961018,ONLINE,COMPLETED,REFA35583BEB370,BROKEN_FK_customer_id_to_customers
TX001114,UNKNOWN,A1463,235.92,ZAR,2024-01-31,06:45:16,PAYMENT,Payment - Ref 473864,MOBILE,COMPLETED,REF72CA9ED2F124,BROKEN_FK_customer_id_to_customers
TX001158,UNKNOWN,A0918,5174.17,ZAR,2025-03-16,06:47:20,REVERSAL,Reversal - Ref 109720,MOBILE,COMPLETED,REFCC70B41E4F2E,BROKEN_FK_customer_id_to_customers
TX001231,UNKNOWN,A1472,558.38,ZAR,2026-03-09,20:20:50,DEBIT_ORDER,Debit Order - Ref 714229,ONLINE,REVERSED,REF60C98C1E0D0D,BROKEN_FK_customer_id_to_customers
TX001252,UNKNOWN,A0104,1164.2,ZAR,2024-06-06,11:48:12,WITHDRAWAL,Withdrawal - Ref 505649,POS,COMPLETED,REFF797EFBFE7A8,BROKEN_FK_customer_id_to_customers
TX001272,UNKNOWN,A1324,36.25,ZAR,2025-08-27,11:50:26,FEE,Fee - Ref 889460,ONLINE,COMPLETED,REF2E5C1DE4077D,BROKEN_FK_customer_id_to_customers
TX001315,FAKE_089E298C,A1485,8271.29,ZAR,2026-03-31,20:20:35,REVERSAL,Reversal - Ref 194959,BRANCH,COMPLETED,REF8F1DBC073FEF,BROKEN_FK_customer_id_to_customers
TX001319,UNKNOWN,A0050,45.63,ZAR,2024-07-13,01:26:38,FEE,Fee - Ref 535586,MOBILE,COMPLETED,REF8DE7330ED33C,BROKEN_FK_customer_id_to_customers
TX001323,UNKNOWN,A0982,722.19,ZAR,2024-01-03,13:44:12,WITHDRAWAL,Withdrawal - Ref 693869,ONLINE,FAILED,REFF60A2BBFD40B,BROKEN_FK_customer_id_to_customers
TX001333,UNKNOWN,A0832,78.75,ZAR,2025-11-18,03:27:49,INTEREST,Interest - Ref 813589,ATM,COMPLETED,REFB35334B72897,BROKEN_FK_customer_id_to_customers
TX001350,UNKNOWN,A0716,3135.36,ZAR,2025-03-07,03:08:28,WITHDRAWAL,Withdrawal - Ref 521983,MOBILE,COMPLETED,REF784A164B42EB,BROKEN_FK_customer_id_to_customers
TX001403,UNKNOWN,A0952,1638.19,ZAR,2025-09-23,18:03:46,PAYMENT,Payment - Ref 297431,ONLINE,COMPLETED,REF31B3025EDBDE,BROKEN_FK_customer_id_to_customers
TX001414,UNKNOWN,A0748,48.08,ZAR,2026-03-29,13:15:23,FEE,Fee - Ref 290965,ONLINE,COMPLETED,REF692AF656C738,BROKEN_FK_customer_id_to_customers
TX001416,FAKE_3AC1F0C3,A0201,589.26,ZAR,2025-02-10,13:20:47,PAYMENT,Payment - Ref 543999,ONLINE,COMPLETED,REFA12CD7680DA4,BROKEN_FK_customer_id_to_customers
TX001431,UNKNOWN,A0897,5345.06,ZAR,2026-05-22,09:04:07,DEPOSIT,Deposit - Ref 541603,ATM,COMPLETED,REFC44A1CBA971D,BROKEN_FK_customer_id_to_customers
TX001432,FAKE_53ADB73E,A1411,2081.22,ZAR,2024-11-06,21:45:53,DEPOSIT,Deposit - Ref 173103,ATM,COMPLETED,REFED3B0EE11FE6,BROKEN_FK_customer_id_to_customers
TX001455,UNKNOWN,A0111,2516.49,ZAR,2024-07-25,02:48:07,INTEREST,Interest - Ref 257383,POS,COMPLETED,REFB6B93196179C,BROKEN_FK_customer_id_to_customers
TX001490,FAKE_A8C56E09,A0441,15907.6575,ZAR,2025-10-29,06:01:26,REVERSAL,Reversal - Ref 202259,ATM,COMPLETED,REFA76FDA587E5F,BROKEN_FK_customer_id_to_customers
TX001494,UNKNOWN,A1179,7176.94,ZAR,2024-12-09,22:57:14,PAYMENT,Payment - Ref 503271,ATM,FAILED,REF24C19049CE91,BROKEN_FK_customer_id_to_customers
TX001511,UNKNOWN,A0363,34.64,ZAR,2025-11-22,03:23:36,FEE,Fee - Ref 445926,MOBILE,COMPLETED,REF9148D892C196,BROKEN_FK_customer_id_to_customers
TX001536,UNKNOWN,A0548,1673.16,ZAR,2024-12-31,10:46:21,DEBIT_ORDER,Debit Order - Ref 843984,BRANCH,COMPLETED,REF75E6876473CE,BROKEN_FK_customer_id_to_customers
TX001550,UNKNOWN,A1187,2371.47,ZAR,2024-05-24,06:49:30,PAYMENT,Payment - Ref 414207,ONLINE,COMPLETED,REF6A41B65B5DC8,BROKEN_FK_customer_id_to_customers
TX001571,UNKNOWN,A0511,423.14,ZAR,2025-04-12,01:59:11,WITHDRAWAL,Withdrawal - Ref 542848,MOBILE,COMPLETED,REFC8D526CB7CEC,BROKEN_FK_customer_id_to_customers
TX001573,UNKNOWN,A0430,108.47,ZAR,2024-03-05,21:05:01,FEE,Fee - Ref 219330,BRANCH,COMPLETED,REFFD773A52C2AA,BROKEN_FK_customer_id_to_customers
TX001575,UNKNOWN,A1429,168.03,ZAR,2025-11-11,22:29:17,TRANSFER,Transfer - Ref 694780,ONLINE,PENDING,REFFF6CCF192E3A,BROKEN_FK_customer_id_to_customers
TX001583,UNKNOWN,A0064,1091.9,ZAR,2026-09-06,09:21:03,PAYMENT,Payment - Ref 186932,ATM,COMPLETED,REFD1299D3339DF,BROKEN_FK_customer_id_to_customers
TX001694,UNKNOWN,A1285,3757.53,ZAR,2024-03-08,03:52:31,INTEREST,Interest - Ref 197734,ONLINE,PENDING,REF266246D1CBDF,BROKEN_FK_customer_id_to_customers
TX001719,UNKNOWN,A0194,2028.87,ZAR,2024-11-23,08:16:49,TRANSFER,Transfer - Ref 619869,POS,COMPLETED,REFFDA59F36D94D,BROKEN_FK_customer_id_to_customers
TX001748,UNKNOWN,A0928,2449.53,ZAR,2024-01-20,15:22:37,DEPOSIT,Deposit - Ref 210534,ONLINE,COMPLETED,REF3BDA626B2CFC,BROKEN_FK_customer_id_to_customers
TX001762,UNKNOWN,A1311,15907.6575,ZAR,2025-03-17,21:12:06,REVERSAL,Reversal - Ref 723296,MOBILE,COMPLETED,REFEC2A6B1C2E7B,BROKEN_FK_customer_id_to_customers
TX001863,UNKNOWN,A1193,15907.6575,ZAR,2024-12-11,06:04:55,REVERSAL,Reversal - Ref 411000,MOBILE,COMPLETED,REF99C49A1FFB2C,BROKEN_FK_customer_id_to_customers
TX001873,UNKNOWN,A1136,5239.12,ZAR,2025-07-20,03:28:12,DEPOSIT,Deposit - Ref 743369,ONLINE,COMPLETED,REFE1929134A026,BROKEN_FK_customer_id_to_customers
TX001957,UNKNOWN,A1290,402.46,ZAR,2025-09-14,22:37:27,DEBIT_ORDER,Debit Order - Ref 716966,MOBILE,COMPLETED,REF5C92B3A106E9,BROKEN_FK_customer_id_to_customers
TX001969,FAKE_42B68408,A1194,1930.85,ZAR,2026-04-08,04:01:53,TRANSFER,Transfer - Ref 734169,MOBILE,COMPLETED,REF6F07D348B4E7,BROKEN_FK_customer_id_to_customers
TX001982,UNKNOWN,A0392,3560.66,ZAR,2026-05-08,19:40:11,WITHDRAWAL,Withdrawal - Ref 437965,MOBILE,FAILED,REFB6C75EDC58DD,BROKEN_FK_customer_id_to_customers
TX002030,UNKNOWN,A1199,201.05,ZAR,2026-06-26,14:18:13,PAYMENT,Payment - Ref 709237,ONLINE,COMPLETED,REF117DCBA7C9DA,BROKEN_FK_customer_id_to_customers
TX002165,FAKE_E8625B9A,A1016,51.18,ZAR,2024-06-06,06:06:29,PAYMENT,Payment - Ref 368891,MOBILE,FAILED,REF086B7380EE82,BROKEN_FK_customer_id_to_customers
TX002169,UNKNOWN,A0368,1934.59,ZAR,2024-06-24,10:09:06,REVERSAL,Reversal - Ref 477473,BRANCH,COMPLETED,REFE86363569EE9,BROKEN_FK_customer_id_to_customers
TX002181,UNKNOWN,A0832,14.84,ZAR,2025-11-20,09:00:19,INTEREST,Interest - Ref 364103,MOBILE,PENDING,REF4C85F64417D8,BROKEN_FK_customer_id_to_customers
TX002183,UNKNOWN,A0662,185.92,ZAR,2025-10-23,12:20:34,PAYMENT,Payment - Ref 516184,ATM,COMPLETED,REF21133B7A612D,BROKEN_FK_customer_id_to_customers
TX002213,UNKNOWN,A0549,282.89,ZAR,2025-01-05,18:22:03,FEE,Fee - Ref 633480,BRANCH,COMPLETED,REF964AFF94D386,BROKEN_FK_customer_id_to_customers
TX002330,FAKE_7882FF3A,A1197,195.53,ZAR,2025-09-11,14:23:39,WITHDRAWAL,Withdrawal - Ref 475422,MOBILE,COMPLETED,REF311CDC06BCA6,BROKEN_FK_customer_id_to_customers
TX002340,UNKNOWN,A1270,4609.88,ZAR,2025-07-06,22:28:25,PAYMENT,Payment - Ref 309047,ATM,COMPLETED,REFE39FF6BD6CEA,BROKEN_FK_customer_id_to_customers
TX002361,UNKNOWN,A1486,15907.6575,ZAR,2025-01-13,17:12:11,DEPOSIT,Deposit - Ref 143109,ONLINE,COMPLETED,REF16EF2C4DF58A,BROKEN_FK_customer_id_to_customers
TX002367,UNKNOWN,A0288,7323.81,ZAR,2024-04-01,19:53:11,TRANSFER,Transfer - Ref 379294,MOBILE,FAILED,REF5E5734504B2C,BROKEN_FK_customer_id_to_customers
TX002394,UNKNOWN,A0315,565.99,ZAR,2025-01-12,17:50:35,PAYMENT,Payment - Ref 529406,MOBILE,COMPLETED,REFBF520D9CF0B3,BROKEN_FK_customer_id_to_customers
TX002483,UNKNOWN,A0022,601.75,ZAR,2024-11-25,13:49:52,WITHDRAWAL,Withdrawal - Ref 972427,ONLINE,FAILED,REFFB2580F5F9B8,BROKEN_FK_customer_id_to_customers
TX002488,UNKNOWN,A0351,8968.38,ZAR,2025-08-18,02:25:38,REVERSAL,Reversal - Ref 405313,POS,COMPLETED,REF124BDEBC320A,BROKEN_FK_customer_id_to_customers
TX002496,UNKNOWN,A1262,2959.24,ZAR,2025-12-09,13:42:52,WITHDRAWAL,Withdrawal - Ref 116521,ONLINE,COMPLETED,REF112B904D169A,BROKEN_FK_customer_id_to_customers
TX002526,UNKNOWN,A0971,3639.66,ZAR,2024-01-25,09:20:13,TRANSFER,Transfer - Ref 871801,POS,COMPLETED,REF3AFE1203CE93,BROKEN_FK_customer_id_to_customers
TX002535,FAKE_9D77200D,A0620,128.16,ZAR,2025-03-04,10:06:12,FEE,Fee - Ref 327525,POS,FAILED,REF42338E139841,BROKEN_FK_customer_id_to_customers
TX002581,FAKE_C4C6AE33,A0125,2226.51,ZAR,2026-08-05,07:58:34,DEPOSIT,Deposit - Ref 684171,ONLINE,COMPLETED,REFC63706DA1EFE,BROKEN_FK_customer_id_to_customers
TX002582,UNKNOWN,A1183,15907.6575,ZAR,2026-02-27,21:08:51,REVERSAL,Reversal - Ref 980957,BRANCH,COMPLETED,REF65528BC4697F,BROKEN_FK_customer_id_to_customers
TX002592,UNKNOWN,A1178,1405.59,ZAR,2024-08-29,17:23:35,DEPOSIT,Deposit - Ref 461852,BRANCH,COMPLETED,REF39EF899DB868,BROKEN_FK_customer_id_to_customers
TX002610,UNKNOWN,UNKNOWN,63.22,ZAR,2025-02-20,11:53:03,FEE,Fee - Ref 515563,MOBILE,COMPLETED,REF88B7D75FD34D,BROKEN_FK_customer_id_to_customers
TX002743,UNKNOWN,A0106,650.29,ZAR,2025-08-31,22:29:03,PAYMENT,Payment - Ref 166048,MOBILE,COMPLETED,REF80A5FDBD5121,BROKEN_FK_customer_id_to_customers
TX002758,FAKE_E9C8835C,A0441,469.04,ZAR,2026-09-15,11:11:14,WITHDRAWAL,Withdrawal - Ref 220972,BRANCH,COMPLETED,REF8837C8098338,BROKEN_FK_customer_id_to_customers
TX002784,UNKNOWN,A0281,31.35,ZAR,2026-06-11,11:04:02,TRANSFER,Transfer - Ref 787380,POS,COMPLETED,REFB6A90C5ED2E8,BROKEN_FK_customer_id_to_customers
TX002788,UNKNOWN,A0338,4051.16,ZAR,2025-03-03,23:14:44,INTEREST,Interest - Ref 772497,ONLINE,COMPLETED,REF94F6D867F2C4,BROKEN_FK_customer_id_to_customers
TX002874,UNKNOWN,A0766,15907.6575,ZAR,2024-09-11,22:40:48,REVERSAL,Reversal - Ref 697390,MOBILE,COMPLETED,REF31EA0B97E94F,BROKEN_FK_customer_id_to_customers
TX002919,UNKNOWN,A0116,15907.6575,ZAR,2025-04-12,23:28:51,REVERSAL,Reversal - Ref 911388,MOBILE,COMPLETED,REF53AF51D07B46,BROKEN_FK_customer_id_to_customers
TX002938,UNKNOWN,A0654,1490.99,ZAR,2024-09-15,11:15:55,TRANSFER,Transfer - Ref 681004,MOBILE,COMPLETED,REF9C5F48345500,BROKEN_FK_customer_id_to_customers
TX002964,FAKE_11FBFF2E,A0312,1498.75,ZAR,2025-12-22,06:20:55,PAYMENT,Payment - Ref 259809,ONLINE,COMPLETED,REF25B0934A733F,BROKEN_FK_customer_id_to_customers
TX003000,UNKNOWN,A1379,743.45,ZAR,2025-01-23,21:19:04,TRANSFER,Transfer - Ref 467738,ATM,COMPLETED,REF7D25B04DC5A7,BROKEN_FK_customer_id_to_customers
TX003232,UNKNOWN,A0682,226.09,ZAR,2025-05-12,07:18:43,FEE,Fee - Ref 776534,ONLINE,COMPLETED,REF3ED88EE371F0,BROKEN_FK_customer_id_to_customers
TX003254,UNKNOWN,A1255,2732.18,ZAR,2024-05-21,08:13:05,INTEREST,Interest - Ref 242806,BRANCH,COMPLETED,REFF364A84FD030,BROKEN_FK_customer_id_to_customers
TX003315,UNKNOWN,A0382,15907.6575,ZAR,2024-06-16,14:54:51,REVERSAL,Reversal - Ref 563980,MOBILE,COMPLETED,REFAF1AD178510F,BROKEN_FK_customer_id_to_customers
TX003353,FAKE_F2D48711,A0228,372.13,ZAR,2024-10-01,10:45:39,PAYMENT,Payment - Ref 700067,ATM,COMPLETED,REF19BBED3974A9,BROKEN_FK_customer_id_to_customers
TX003398,UNKNOWN,A1390,3130.73,ZAR,2024-01-06,10:48:27,WITHDRAWAL,Withdrawal - Ref 676239,ONLINE,COMPLETED,REF5777BE32DAB1,BROKEN_FK_customer_id_to_customers
TX003473,FAKE_868A9C4C,A0206,2465.03,ZAR,2024-04-16,17:34:12,DEPOSIT,Deposit - Ref 826035,ONLINE,COMPLETED,REF39920BD41871,BROKEN_FK_customer_id_to_customers
TX003481,FAKE_020BD4D0,A0729,15907.6575,ZAR,2026-04-10,19:39:39,TRANSFER,Transfer - Ref 573599,MOBILE,COMPLETED,REF68B3D590D843,BROKEN_FK_customer_id_to_customers
TX003638,UNKNOWN,A0591,2807.55,ZAR,2024-08-23,15:43:11,DEBIT_ORDER,Debit Order - Ref 936286,MOBILE,PENDING,REFC7FE56A2D698,BROKEN_FK_customer_id_to_customers
TX003647,UNKNOWN,A1168,415.75,ZAR,2024-02-10,11:59:25,DEBIT_ORDER,Debit Order - Ref 665778,ONLINE,COMPLETED,REF069F9FC07C51,BROKEN_FK_customer_id_to_customers
TX003660,FAKE_733FF451,A1310,180.6,ZAR,2025-08-07,05:51:08,DEBIT_ORDER,Debit Order - Ref 663864,ONLINE,COMPLETED,REF8E65F722059B,BROKEN_FK_customer_id_to_customers
TX003697,FAKE_C2A5595E,A0464,8179.54,ZAR,2025-09-04,15:24:11,DEBIT_ORDER,Debit Order - Ref 208062,ATM,COMPLETED,REFEE1818165F22,BROKEN_FK_customer_id_to_customers
TX003710,UNKNOWN,A0643,1006.35,ZAR,2024-06-28,11:43:21,DEBIT_ORDER,Debit Order - Ref 841981,MOBILE,COMPLETED,REF5CFE21AE6BA4,BROKEN_FK_customer_id_to_customers
TX003773,FAKE_CBF9D57D,A1489,498.78,ZAR,2024-07-08,07:29:15,FEE,Fee - Ref 454012,ONLINE,COMPLETED,REFD3CC2BD8849C,BROKEN_FK_customer_id_to_customers
TX003775,FAKE_183B45A5,A1333,464.16,ZAR,2024-06-18,05:57:21,WITHDRAWAL,Withdrawal - Ref 989932,ATM,COMPLETED,REFCF10F414F9BC,BROKEN_FK_customer_id_to_customers
TX003787,UNKNOWN,A0646,1140.65,ZAR,2026-06-11,04:34:13,DEBIT_ORDER,Debit Order - Ref 193051,MOBILE,COMPLETED,REF08A69533B93E,BROKEN_FK_customer_id_to_customers
TX003790,UNKNOWN,A0353,831.74,ZAR,2025-09-12,14:29:00,DEBIT_ORDER,Debit Order - Ref 892906,MOBILE,REVERSED,REF865BD260C7D7,BROKEN_FK_customer_id_to_customers
TX003905,UNKNOWN,A1009,325.13,ZAR,2024-04-24,08:40:59,WITHDRAWAL,Withdrawal - Ref 111868,ONLINE,COMPLETED,REF169E54CA5681,BROKEN_FK_customer_id_to_customers
TX003908,UNKNOWN,A1101,849.4,ZAR,2026-05-22,13:58:13,INTEREST,Interest - Ref 364608,MOBILE,COMPLETED,REF64D0F56BE30A,BROKEN_FK_customer_id_to_customers
TX003947,UNKNOWN,A0355,362.9,ZAR,2025-12-26,06:40:49,WITHDRAWAL,Withdrawal - Ref 963812,BRANCH,COMPLETED,REFB824CC823F2A,BROKEN_FK_customer_id_to_customers
TX004050,FAKE_1D29D59D,A0567,188.95,ZAR,2025-10-05,16:43:48,WITHDRAWAL,Withdrawal - Ref 174043,ONLINE,COMPLETED,REF84740B375F42,BROKEN_FK_customer_id_to_customers
TX004051,UNKNOWN,A0097,2399.42,ZAR,2024-11-23,12:10:05,DEPOSIT,Deposit - Ref 728682,MOBILE,COMPLETED,REFB42834498731,BROKEN_FK_customer_id_to_customers
TX004080,UNKNOWN,A0750,361.22,ZAR,2025-11-22,17:44:12,DEBIT_ORDER,Debit Order - Ref 502575,ATM,COMPLETED,REF44D0C7B0E737,BROKEN_FK_customer_id_to_customers
TX004127,UNKNOWN,A0756,2151.93,ZAR,2025-01-29,02:53:38,INTEREST,Interest - Ref 517784,ONLINE,COMPLETED,REFD60FAB3EE8F7,BROKEN_FK_customer_id_to_customers
TX004163,UNKNOWN,A0421,454.41,ZAR,2024-09-18,01:11:23,DEBIT_ORDER,Debit Order - Ref 852542,MOBILE,COMPLETED,REF04BBD9D2E1E3,BROKEN_FK_customer_id_to_customers
TX004196,UNKNOWN,A0726,9615.85,ZAR,2024-08-29,03:32:50,PAYMENT,Payment - Ref 654606,MOBILE,COMPLETED,REF6DD26DEA86E1,BROKEN_FK_customer_id_to_customers
TX004225,FAKE_A37B6297,A0914,920.03,ZAR,2024-07-31,01:45:44,DEPOSIT,Deposit - Ref 579158,ONLINE,COMPLETED,REF5CD58570D871,BROKEN_FK_customer_id_to_customers
TX004294,UNKNOWN,A1416,1744.41,ZAR,2024-12-04,06:06:36,DEBIT_ORDER,Debit Order - Ref 525143,BRANCH,COMPLETED,REF1CCF3B116EAA,BROKEN_FK_customer_id_to_customers
TX004338,UNKNOWN,A1427,14670.57,ZAR,2025-01-31,11:52:52,REVERSAL,Reversal - Ref 670664,MOBILE,COMPLETED,REF32985FCA69C0,BROKEN_FK_customer_id_to_customers
TX004341,FAKE_70714DD0,A0216,15907.6575,ZAR,2025-12-08,13:03:29,TRANSFER,Transfer - Ref 516520,ONLINE,COMPLETED,REF4DE4017B9731,BROKEN_FK_customer_id_to_customers
TX004396,UNKNOWN,A0366,1242.74,ZAR,2025-07-11,18:29:21,INTEREST,Interest - Ref 422691,MOBILE,COMPLETED,REF9B341B966985,BROKEN_FK_customer_id_to_customers
TX004566,FAKE_1DC0814D,A0198,121.02,ZAR,2024-09-20,00:48:09,FEE,Fee - Ref 510224,ATM,COMPLETED,REF5CE190CE8E0F,BROKEN_FK_customer_id_to_customers
TX004597,FAKE_A6E813E0,A1168,1761.2,ZAR,2024-08-17,09:51:14,DEPOSIT,Deposit - Ref 793974,MOBILE,REVERSED,REF6EE9DB6093F0,BROKEN_FK_customer_id_to_customers
TX004609,UNKNOWN,A0614,89.93,ZAR,2025-11-28,22:37:07,DEBIT_ORDER,Debit Order - Ref 330621,ONLINE,COMPLETED,REF9478967A3FB4,BROKEN_FK_customer_id_to_customers
TX004626,FAKE_CAD7D396,A0391,3835.79,ZAR,2024-05-28,20:44:42,INTEREST,Interest - Ref 690467,POS,COMPLETED,REFC78B2DF4A932,BROKEN_FK_customer_id_to_customers
TX004738,UNKNOWN,A1144,12981.89,ZAR,2025-08-08,05:06:41,REVERSAL,Reversal - Ref 631308,MOBILE,COMPLETED,REF17C8B8402CEE,BROKEN_FK_customer_id_to_customers
TX004780,UNKNOWN,A0706,4933.94,ZAR,2026-06-17,05:48:06,INTEREST,Interest - Ref 110033,POS,COMPLETED,REF3139C1E7268F,BROKEN_FK_customer_id_to_customers
TX004912,UNKNOWN,A0975,13993.21,ZAR,2025-05-17,06:10:18,REVERSAL,Reversal - Ref 447864,MOBILE,FAILED,REFDC9EFC7B302C,BROKEN_FK_customer_id_to_customers
TX004927,UNKNOWN,A0900,2816.95,ZAR,2024-03-13,17:23:02,DEPOSIT,Deposit - Ref 688263,ONLINE,COMPLETED,REF85F73D225E5A,BROKEN_FK_customer_id_to_customers
TX004935,FAKE_B74B3C33,A0792,4535.13,ZAR,2025-07-03,23:40:16,DEPOSIT,Deposit - Ref 322268,ONLINE,COMPLETED,REF1F3AEFB0F24D,BROKEN_FK_customer_id_to_customers
TX005023,UNKNOWN,A0115,1469.05,ZAR,2025-10-15,01:40:31,DEPOSIT,Deposit - Ref 133617,MOBILE,COMPLETED,REFC9B1EE4AFABD,BROKEN_FK_customer_id_to_customers
TX005039,UNKNOWN,A0705,15907.6575,ZAR,2025-02-06,00:09:44,REVERSAL,Reversal - Ref 746628,MOBILE,COMPLETED,REFB8B3DC74405F,BROKEN_FK_customer_id_to_customers
TX005146,UNKNOWN,A0242,285.19,ZAR,2024-03-22,22:01:25,WITHDRAWAL,Withdrawal - Ref 521349,MOBILE,COMPLETED,REFEF16BE028E68,BROKEN_FK_customer_id_to_customers
TX005154,UNKNOWN,A0531,265.04,ZAR,2026-05-18,22:03:51,FEE,Fee - Ref 251240,ONLINE,COMPLETED,REFBF331CDA527E,BROKEN_FK_customer_id_to_customers
TX005325,UNKNOWN,A0516,4009.26,ZAR,2024-02-23,19:09:27,WITHDRAWAL,Withdrawal - Ref 265123,ONLINE,COMPLETED,REF244E0070C2EB,BROKEN_FK_customer_id_to_customers
TX005393,UNKNOWN,A1315,4576.36,ZAR,2024-06-12,04:56:17,DEBIT_ORDER,Debit Order - Ref 587505,POS,COMPLETED,REF49D3099EF34A,BROKEN_FK_customer_id_to_customers
TX005428,UNKNOWN,A0170,839.69,ZAR,2025-08-10,17:06:58,PAYMENT,Payment - Ref 597597,ONLINE,COMPLETED,REF418209842F2E,BROKEN_FK_customer_id_to_customers
TX005449,UNKNOWN,A0941,3424.69,ZAR,2025-05-08,14:06:29,TRANSFER,Transfer - Ref 637725,ONLINE,REVERSED,REF0AA7ECE6DEE5,BROKEN_FK_customer_id_to_customers
TX005508,UNKNOWN,A0056,1323.5,ZAR,2024-07-08,07:41:30,PAYMENT,Payment - Ref 157805,MOBILE,COMPLETED,REF6A17E7EBE8DC,BROKEN_FK_customer_id_to_customers
TX005604,UNKNOWN,A0371,490.01,ZAR,2025-02-12,21:56:40,REVERSAL,Reversal - Ref 708658,POS,COMPLETED,REFBB930C222555,BROKEN_FK_customer_id_to_customers
TX005620,UNKNOWN,A0747,921.61,ZAR,2024-04-08,14:45:30,DEPOSIT,Deposit - Ref 290755,MOBILE,COMPLETED,REFDEF1D478DC8D,BROKEN_FK_customer_id_to_customers
TX005643,FAKE_EF50D888,A1046,5720.41,ZAR,2026-03-14,02:13:48,PAYMENT,Payment - Ref 411772,MOBILE,COMPLETED,REF28D967E9B607,BROKEN_FK_customer_id_to_customers
TX005670,UNKNOWN,A1012,2662.1,ZAR,2026-03-08,07:27:37,DEPOSIT,Deposit - Ref 835928,POS,COMPLETED,REF62C41D450271,BROKEN_FK_customer_id_to_customers
TX005712,UNKNOWN,A0947,997.9,ZAR,2025-06-10,18:16:56,TRANSFER,Transfer - Ref 889458,ONLINE,PENDING,REF8F21C07D903F,BROKEN_FK_customer_id_to_customers
TX005744,UNKNOWN,A0172,424.5,ZAR,2024-06-22,02:51:22,DEBIT_ORDER,Debit Order - Ref 645899,ONLINE,COMPLETED,REF0568A0036611,BROKEN_FK_customer_id_to_customers
TX005785,FAKE_7F78490B,A1400,352.73,ZAR,2025-07-19,20:45:10,WITHDRAWAL,Withdrawal - Ref 291585,ONLINE,COMPLETED,REFC6097B120722,BROKEN_FK_customer_id_to_customers
TX005803,FAKE_1CC9335B,A0164,1899.54,ZAR,2024-08-29,22:11:17,DEBIT_ORDER,Debit Order - Ref 955155,POS,PENDING,REF318A250097D4,BROKEN_FK_customer_id_to_customers
TX005807,UNKNOWN,A0101,779.41,ZAR,2025-01-25,17:50:22,INTEREST,Interest - Ref 242205,ONLINE,COMPLETED,REFDE04E1155EF9,BROKEN_FK_customer_id_to_customers
TX005813,UNKNOWN,A1360,795.64,ZAR,2026-05-02,11:50:54,INTEREST,Interest - Ref 715414,MOBILE,COMPLETED,REF7BEDEE298D34,BROKEN_FK_customer_id_to_customers
TX005831,UNKNOWN,A0820,3002.43,ZAR,2024-05-23,10:52:53,DEPOSIT,Deposit - Ref 146332,ONLINE,COMPLETED,REFEF56B45DBEE0,BROKEN_FK_customer_id_to_customers
TX005915,UNKNOWN,A0801,2571.39,ZAR,2024-11-01,10:33:43,WITHDRAWAL,Withdrawal - Ref 457451,MOBILE,COMPLETED,REF46B8CA24CFD6,BROKEN_FK_customer_id_to_customers
TX005938,UNKNOWN,A0599,579.39,ZAR,2025-10-26,01:44:05,DEPOSIT,Deposit - Ref 216268,BRANCH,COMPLETED,REF854A37B9E473,BROKEN_FK_customer_id_to_customers
TX005960,UNKNOWN,A0446,633.07,ZAR,2025-06-20,03:50:07,DEBIT_ORDER,Debit Order - Ref 580812,ONLINE,COMPLETED,REFB41AC1BF78D1,BROKEN_FK_customer_id_to_customers
TX005979,FAKE_1BD227D8,A1375,682.57,ZAR,2024-11-04,15:19:58,DEPOSIT,Deposit - Ref 515676,POS,COMPLETED,REF7E59E88D6816,BROKEN_FK_customer_id_to_customers
TX005983,UNKNOWN,A0594,11840.3,ZAR,2025-04-13,16:26:57,TRANSFER,Transfer - Ref 594189,MOBILE,COMPLETED,REFF38F85A32C6A,BROKEN_FK_customer_id_to_customers
TX005999,UNKNOWN,A0677,2639.11,ZAR,2024-03-29,02:41:14,INTEREST,Interest - Ref 364973,ONLINE,COMPLETED,REF61919FE39AC9,BROKEN_FK_customer_id_to_customers
TX006016,UNKNOWN,A0569,374.06,ZAR,2026-07-22,17:17:51,DEPOSIT,Deposit - Ref 411128,MOBILE,COMPLETED,REFBF1E5655E682,BROKEN_FK_customer_id_to_customers
TX006059,UNKNOWN,A0159,3789.81,ZAR,2026-04-23,11:12:44,INTEREST,Interest - Ref 457985,MOBILE,COMPLETED,REF51C348C32A7F,BROKEN_FK_customer_id_to_customers
TX006089,UNKNOWN,A1059,1952.94,ZAR,2024-11-26,16:15:51,PAYMENT,Payment - Ref 990401,ONLINE,COMPLETED,REF990069DC3F53,BROKEN_FK_customer_id_to_customers
TX006136,FAKE_E40DBF90,A1077,914.56,ZAR,2024-05-02,17:55:03,PAYMENT,Payment - Ref 666408,POS,COMPLETED,REF9FF5D26C9A76,BROKEN_FK_customer_id_to_customers
TX006149,UNKNOWN,A0993,458.58,ZAR,2025-04-11,00:58:43,WITHDRAWAL,Withdrawal - Ref 294014,ONLINE,COMPLETED,REF1BEC6662B522,BROKEN_FK_customer_id_to_customers
TX006311,FAKE_DD1FEA9D,A0365,5160.42,ZAR,2025-04-18,02:33:47,DEBIT_ORDER,Debit Order - Ref 560919,BRANCH,COMPLETED,REF5DFA8345DD3C,BROKEN_FK_customer_id_to_customers
TX006330,UNKNOWN,A0293,2602.75,ZAR,2026-06-02,06:27:48,TRANSFER,Transfer - Ref 782873,ONLINE,COMPLETED,REF3FCD3230B160,BROKEN_FK_customer_id_to_customers
TX006530,UNKNOWN,A0043,1468.13,ZAR,2025-05-01,02:19:11,DEBIT_ORDER,Debit Order - Ref 608836,ONLINE,COMPLETED,REFCFE8419F4C1F,BROKEN_FK_customer_id_to_customers
TX006539,UNKNOWN,A0153,1370.09,ZAR,2025-04-24,16:32:33,DEPOSIT,Deposit - Ref 845249,MOBILE,REVERSED,REFDFC6FADDD480,BROKEN_FK_customer_id_to_customers
TX006606,UNKNOWN,A1405,723.55,ZAR,2024-07-20,10:39:27,WITHDRAWAL,Withdrawal - Ref 980587,MOBILE,COMPLETED,REF7349C177A071,BROKEN_FK_customer_id_to_customers
TX006710,UNKNOWN,A0954,10591.1,ZAR,2025-06-25,16:51:08,TRANSFER,Transfer - Ref 724161,MOBILE,COMPLETED,REFC709CB07759D,BROKEN_FK_customer_id_to_customers
TX006725,UNKNOWN,A1345,15907.6575,ZAR,2024-03-12,07:22:21,REVERSAL,Reversal - Ref 237354,BRANCH,COMPLETED,REFCC0524B51DB2,BROKEN_FK_customer_id_to_customers
TX006782,UNKNOWN,A0700,15907.6575,ZAR,2024-01-31,11:01:42,REVERSAL,Reversal - Ref 995738,ATM,COMPLETED,REFE31732EBB437,BROKEN_FK_customer_id_to_customers
TX006814,UNKNOWN,UNKNOWN,1106.11,ZAR,2024-06-08,00:52:47,WITHDRAWAL,Withdrawal - Ref 448078,MOBILE,COMPLETED,REF02119F62D181,BROKEN_FK_customer_id_to_customers
TX006822,UNKNOWN,A0435,4665.4,ZAR,2026-04-03,07:03:24,PAYMENT,Payment - Ref 426972,ATM,COMPLETED,REFA04A4546D670,BROKEN_FK_customer_id_to_customers
TX006830,UNKNOWN,A0144,435.46,ZAR,2025-03-18,06:54:07,WITHDRAWAL,Withdrawal - Ref 219506,MOBILE,PENDING,REF6C938A3B7561,BROKEN_FK_customer_id_to_customers
TX006927,FAKE_BCC06A21,A0737,407.67,ZAR,2026-05-05,08:57:59,PAYMENT,Payment - Ref 599317,MOBILE,COMPLETED,REF0C799227DD63,BROKEN_FK_customer_id_to_customers
TX006934,UNKNOWN,A1217,13595.95,ZAR,2025-11-17,06:24:21,DEBIT_ORDER,Debit Order - Ref 726531,MOBILE,COMPLETED,REFFF20D9921823,BROKEN_FK_customer_id_to_customers
TX007026,UNKNOWN,A0752,1779.69,ZAR,2025-09-28,17:37:34,INTEREST,Interest - Ref 883016,BRANCH,COMPLETED,REFD488F6D0171F,BROKEN_FK_customer_id_to_customers
TX007032,UNKNOWN,A1377,1669.78,ZAR,2026-05-29,02:53:03,DEBIT_ORDER,Debit Order - Ref 830037,ONLINE,COMPLETED,REF5241C671FD95,BROKEN_FK_customer_id_to_customers
TX007070,UNKNOWN,A1344,5019.98,ZAR,2025-05-12,20:53:03,DEBIT_ORDER,Debit Order - Ref 422038,ONLINE,COMPLETED,REF945A6E59B0FB,BROKEN_FK_customer_id_to_customers
TX007110,UNKNOWN,A0719,630.55,ZAR,2024-11-21,07:07:40,DEBIT_ORDER,Debit Order - Ref 458259,MOBILE,COMPLETED,REF6C01FBB0D3BD,BROKEN_FK_customer_id_to_customers
TX007113,UNKNOWN,A0315,5624.27,ZAR,2026-09-11,14:46:00,TRANSFER,Transfer - Ref 383823,ATM,COMPLETED,REF914CA82C1876,BROKEN_FK_customer_id_to_customers
TX007233,FAKE_F72EB367,A1192,4654.13,ZAR,2024-03-30,13:43:53,INTEREST,Interest - Ref 894066,MOBILE,COMPLETED,REFF10FEAB9D24A,BROKEN_FK_customer_id_to_customers
TX007245,FAKE_118BCCFC,UNKNOWN,400.05,ZAR,2026-09-15,17:51:19,TRANSFER,Transfer - Ref 307050,BRANCH,COMPLETED,REF4AE2A0BED7BC,BROKEN_FK_customer_id_to_customers
TX007252,UNKNOWN,A0990,1426.76,ZAR,2024-07-07,15:41:59,DEBIT_ORDER,Debit Order - Ref 129309,ATM,COMPLETED,REF78C1BF44D719,BROKEN_FK_customer_id_to_customers
TX007289,UNKNOWN,A0510,248.51,ZAR,2024-11-09,12:55:41,WITHDRAWAL,Withdrawal - Ref 176360,BRANCH,COMPLETED,REF9A66A00A032D,BROKEN_FK_customer_id_to_customers
TX007321,UNKNOWN,A1450,5164.32,ZAR,2026-05-04,21:22:42,DEBIT_ORDER,Debit Order - Ref 426482,BRANCH,COMPLETED,REF3FC2C2CF5047,BROKEN_FK_customer_id_to_customers
TX007336,UNKNOWN,A1492,1235.81,ZAR,2024-01-29,14:36:26,TRANSFER,Transfer - Ref 784673,POS,PENDING,REF8AD5FF83E7EC,BROKEN_FK_customer_id_to_customers
TX007353,UNKNOWN,A0979,4338.28,ZAR,2025-03-15,21:23:49,PAYMENT,Payment - Ref 335830,MOBILE,PENDING,REF19B0BDEE16DC,BROKEN_FK_customer_id_to_customers
TX007470,UNKNOWN,A1348,3382.31,ZAR,2026-09-03,03:43:50,DEPOSIT,Deposit - Ref 741361,ONLINE,COMPLETED,REFBE0C8128EAA8,BROKEN_FK_customer_id_to_customers
TX007524,UNKNOWN,A1069,1187.59,ZAR,2025-07-09,15:04:32,INTEREST,Interest - Ref 333026,ONLINE,COMPLETED,REF6C8386B35F0C,BROKEN_FK_customer_id_to_customers
TX007531,UNKNOWN,A0347,3461.33,ZAR,2025-09-24,20:15:17,DEBIT_ORDER,Debit Order - Ref 588045,ONLINE,PENDING,REF32609192B5D3,BROKEN_FK_customer_id_to_customers
TX007617,FAKE_D5358413,A0131,759.96,ZAR,2025-07-12,08:22:27,DEBIT_ORDER,Debit Order - Ref 407755,POS,REVERSED,REF8F8A6CB0AA0D,BROKEN_FK_customer_id_to_customers
TX007618,UNKNOWN,A1420,2636.35,ZAR,2024-08-17,11:25:28,PAYMENT,Payment - Ref 873949,MOBILE,COMPLETED,REF99E22D5D09A7,BROKEN_FK_customer_id_to_customers
TX007638,UNKNOWN,A0291,11434.28,ZAR,2024-12-09,17:47:04,REVERSAL,Reversal - Ref 163315,MOBILE,COMPLETED,REF6A07CEDF2CA1,BROKEN_FK_customer_id_to_customers
TX007691,UNKNOWN,A0435,2052.38,ZAR,2026-01-30,19:29:09,TRANSFER,Transfer - Ref 634762,MOBILE,PENDING,REFDBF2BCC4C2BD,BROKEN_FK_customer_id_to_customers
TX007733,UNKNOWN,A1353,817.13,ZAR,2025-12-04,10:38:22,TRANSFER,Transfer - Ref 897645,MOBILE,COMPLETED,REF85B3125FD3DC,BROKEN_FK_customer_id_to_customers
TX007757,FAKE_2D44076F,A0821,2587.57,ZAR,2025-08-28,13:06:04,DEPOSIT,Deposit - Ref 896488,BRANCH,COMPLETED,REF88AE4A0AECCB,BROKEN_FK_customer_id_to_customers
TX007766,UNKNOWN,A1411,2975.48,ZAR,2026-03-20,17:57:06,INTEREST,Interest - Ref 320369,ATM,COMPLETED,REFE251620DB155,BROKEN_FK_customer_id_to_customers
TX007834,UNKNOWN,A0084,209.87,ZAR,2025-08-22,23:50:02,WITHDRAWAL,Withdrawal - Ref 695211,MOBILE,COMPLETED,REFAD9F12781F9D,BROKEN_FK_customer_id_to_customers
TX007886,FAKE_61B36818,A0675,15907.6575,ZAR,2024-01-06,10:32:30,REVERSAL,Reversal - Ref 679890,ATM,COMPLETED,REFC584B80AE690,BROKEN_FK_customer_id_to_customers
TX007896,UNKNOWN,A0125,4933.28,ZAR,2024-04-12,23:49:06,DEBIT_ORDER,Debit Order - Ref 904535,ATM,COMPLETED,REF4134F8E0BE95,BROKEN_FK_customer_id_to_customers
TX007925,UNKNOWN,A1032,3067.9,ZAR,2026-05-06,02:44:26,WITHDRAWAL,Withdrawal - Ref 139363,MOBILE,COMPLETED,REF36165A0EDD77,BROKEN_FK_customer_id_to_customers
TX007951,UNKNOWN,A0502,15907.6575,ZAR,2024-04-19,10:35:49,TRANSFER,Transfer - Ref 364774,ONLINE,COMPLETED,REF78290895C308,BROKEN_FK_customer_id_to_customers
TX007974,UNKNOWN,A0509,15907.6575,ZAR,2024-07-03,07:15:22,REVERSAL,Reversal - Ref 489587,ATM,COMPLETED,REF92541DE0070B,BROKEN_FK_customer_id_to_customers
TX008086,UNKNOWN,A0224,71.68,ZAR,2025-01-08,05:43:45,FEE,Fee - Ref 439654,ONLINE,COMPLETED,REFD94AE798A5AF,BROKEN_FK_customer_id_to_customers
TX008135,FAKE_57A589C0,A0906,1102.15,ZAR,2025-04-22,13:25:00,WITHDRAWAL,Withdrawal - Ref 549341,ONLINE,COMPLETED,REF3D8E1CF8DD5B,BROKEN_FK_customer_id_to_customers
TX008153,UNKNOWN,A0638,572.32,ZAR,2024-01-08,01:51:36,TRANSFER,Transfer - Ref 529627,MOBILE,COMPLETED,REF124556523BE4,BROKEN_FK_customer_id_to_customers
TX008267,UNKNOWN,A0442,118.67,ZAR,2024-12-22,21:07:09,PAYMENT,Payment - Ref 588242,ONLINE,COMPLETED,REF5A288424B966,BROKEN_FK_customer_id_to_customers
TX008273,UNKNOWN,A0146,492.41,ZAR,2026-07-08,00:07:10,FEE,Fee - Ref 120608,MOBILE,COMPLETED,REF585328AC8623,BROKEN_FK_customer_id_to_customers
TX008319,UNKNOWN,A0929,597.55,ZAR,2024-06-24,07:31:50,DEBIT_ORDER,Debit Order - Ref 573592,ONLINE,COMPLETED,REFFF9635F4D970,BROKEN_FK_customer_id_to_customers
TX008330,FAKE_C39EF421,A1290,12300.48,ZAR,2026-06-15,20:08:10,REVERSAL,Reversal - Ref 505162,MOBILE,PENDING,REF833CA4C81003,BROKEN_FK_customer_id_to_customers
TX008353,UNKNOWN,UNKNOWN,15907.6575,ZAR,2025-01-04,03:23:57,REVERSAL,Reversal - Ref 248742,ONLINE,COMPLETED,REF90E1CB2F707C,BROKEN_FK_customer_id_to_customers
TX008474,UNKNOWN,A0752,338.83,ZAR,2025-12-18,05:28:57,DEBIT_ORDER,Debit Order - Ref 544919,ATM,COMPLETED,REF6F7D9211255D,BROKEN_FK_customer_id_to_customers
TX008533,UNKNOWN,A1091,3084.14,ZAR,2026-08-22,19:40:10,DEPOSIT,Deposit - Ref 542953,MOBILE,FAILED,REFEBBE5D5BA518,BROKEN_FK_customer_id_to_customers
TX008666,UNKNOWN,A0265,15907.6575,ZAR,2026-08-30,16:21:22,REVERSAL,Reversal - Ref 607618,ONLINE,COMPLETED,REF4C89C01998F6,BROKEN_FK_customer_id_to_customers
TX008817,UNKNOWN,A1317,359.77,ZAR,2025-04-12,02:42:23,WITHDRAWAL,Withdrawal - Ref 292300,POS,COMPLETED,REF760408333BBF,BROKEN_FK_customer_id_to_customers
TX008827,UNKNOWN,A0279,446.3,ZAR,2024-03-19,22:44:34,DEBIT_ORDER,Debit Order - Ref 553097,ATM,COMPLETED,REFC59796CE453F,BROKEN_FK_customer_id_to_customers
TX008863,FAKE_C5EB2B3F,A0779,1259.76,ZAR,2025-05-06,21:28:11,WITHDRAWAL,Withdrawal - Ref 603497,ONLINE,COMPLETED,REFFB1B79E27F5B,BROKEN_FK_customer_id_to_customers
TX008865,FAKE_54544D0A,A0170,15907.6575,ZAR,2025-03-30,10:44:05,REVERSAL,Reversal - Ref 788351,BRANCH,COMPLETED,REFF45BA408225A,BROKEN_FK_customer_id_to_customers
TX008893,FAKE_714E6429,A0597,249.65,ZAR,2025-03-17,18:16:41,WITHDRAWAL,Withdrawal - Ref 286996,ONLINE,COMPLETED,REF46B26AC95C6F,BROKEN_FK_customer_id_to_customers
TX008914,UNKNOWN,A1255,10713.05,ZAR,2025-04-23,23:57:48,TRANSFER,Transfer - Ref 551922,POS,COMPLETED,REFBD7EE30BC928,BROKEN_FK_customer_id_to_customers
TX008967,FAKE_A7FDE32D,A1351,262.95,ZAR,2024-04-20,17:40:24,FEE,Fee - Ref 174987,BRANCH,COMPLETED,REF46A5B40C60C8,BROKEN_FK_customer_id_to_customers
TX009094,UNKNOWN,A1293,15907.6575,ZAR,2025-12-02,07:35:00,REVERSAL,Reversal - Ref 963416,ONLINE,COMPLETED,REF3335A37211DE,BROKEN_FK_customer_id_to_customers
TX009183,FAKE_35B44362,UNKNOWN,1247.19,ZAR,2024-03-02,08:02:28,DEBIT_ORDER,Debit Order - Ref 710590,MOBILE,COMPLETED,REF259378E41707,BROKEN_FK_customer_id_to_customers
TX009189,UNKNOWN,A1412,131.19,ZAR,2025-08-04,14:58:22,WITHDRAWAL,Withdrawal - Ref 787540,MOBILE,COMPLETED,REF27D195880A53,BROKEN_FK_customer_id_to_customers
TX009194,UNKNOWN,A0426,1291.95,ZAR,2026-08-01,02:41:22,DEPOSIT,Deposit - Ref 400294,ATM,COMPLETED,REFD567B85028AE,BROKEN_FK_customer_id_to_customers
TX009231,FAKE_7711C4B2,A0926,15907.6575,ZAR,2026-02-18,03:46:04,REVERSAL,Reversal - Ref 296124,POS,PENDING,REF1EC5DBA02791,BROKEN_FK_customer_id_to_customers
TX009257,UNKNOWN,A1121,3710.66,ZAR,2024-08-31,11:23:04,DEPOSIT,Deposit - Ref 330604,MOBILE,COMPLETED,REF3E18C9BBEE55,BROKEN_FK_customer_id_to_customers
TX009326,UNKNOWN,UNKNOWN,3022.03,ZAR,2025-10-20,02:30:53,INTEREST,Interest - Ref 789996,BRANCH,COMPLETED,REF1EB1BF4BA2EE,BROKEN_FK_customer_id_to_customers
TX009424,UNKNOWN,A1294,112.67,ZAR,2024-05-25,08:55:18,FEE,Fee - Ref 435656,MOBILE,COMPLETED,REFA2EA98357462,BROKEN_FK_customer_id_to_customers
TX009440,FAKE_2B0AC6D5,A0794,259.24,ZAR,2024-08-21,01:37:32,FEE,Fee - Ref 334905,POS,COMPLETED,REF8A8E250673FD,BROKEN_FK_customer_id_to_customers
TX009491,UNKNOWN,A1389,425.96,ZAR,2024-06-12,10:20:29,WITHDRAWAL,Withdrawal - Ref 783336,POS,COMPLETED,REF97E992DC6C36,BROKEN_FK_customer_id_to_customers
TX009495,UNKNOWN,A0236,413.62,ZAR,2024-11-10,17:56:47,PAYMENT,Payment - Ref 537182,MOBILE,FAILED,REF62EA675A4EC5,BROKEN_FK_customer_id_to_customers
TX009527,UNKNOWN,A1058,553.92,ZAR,2026-08-06,20:11:38,PAYMENT,Payment - Ref 712750,ATM,COMPLETED,REF554870FFE0A5,BROKEN_FK_customer_id_to_customers
TX009605,UNKNOWN,A0730,15907.6575,ZAR,2026-06-05,03:24:23,REVERSAL,Reversal - Ref 582701,ATM,COMPLETED,REF074E48A20F2C,BROKEN_FK_customer_id_to_customers
TX009684,UNKNOWN,A0930,735.36,ZAR,2024-02-07,12:47:55,DEBIT_ORDER,Debit Order - Ref 370189,MOBILE,COMPLETED,REFD7F73E0FA66F,BROKEN_FK_customer_id_to_customers
TX009732,UNKNOWN,A0128,725.66,ZAR,2025-08-19,02:15:49,PAYMENT,Payment - Ref 235716,MOBILE,COMPLETED,REFB780B61B5092,BROKEN_FK_customer_id_to_customers
TX009758,FAKE_54FFB33E,A1236,8865.34,ZAR,2024-09-20,04:37:36,DEPOSIT,Deposit - Ref 710844,BRANCH,PENDING,REF752AA21064CA,BROKEN_FK_customer_id_to_customers
TX009802,FAKE_07188A4B,A0826,570.21,ZAR,2025-09-01,10:11:16,WITHDRAWAL,Withdrawal - Ref 988996,MOBILE,COMPLETED,REFE700B5E61A9A,BROKEN_FK_customer_id_to_customers
TX009846,UNKNOWN,A1045,301.37,ZAR,2025-04-10,23:07:23,DEBIT_ORDER,Debit Order - Ref 825207,ATM,COMPLETED,REF61866FDCF3D5,BROKEN_FK_customer_id_to_customers
TX009918,FAKE_D792FD92,A0808,3509.55,ZAR,2024-07-28,07:15:36,PAYMENT,Payment - Ref 572850,BRANCH,REVERSED,REFF7E556E820B0,BROKEN_FK_customer_id_to_customers
TX009932,FAKE_E2F023E1,A0437,1138.44,ZAR,2024-03-06,12:30:55,WITHDRAWAL,Withdrawal - Ref 178628,MOBILE,FAILED,REF6495CF6D55A8,BROKEN_FK_customer_id_to_customers
TX009968,UNKNOWN,A0217,1314.67,ZAR,2026-05-03,11:16:25,INTEREST,Interest - Ref 999205,MOBILE,COMPLETED,REF048D7BECB66A,BROKEN_FK_customer_id_to_customers
TX009992,UNKNOWN,A0222,522.47,ZAR,2025-08-19,17:05:31,WITHDRAWAL,Withdrawal - Ref 206013,ONLINE,COMPLETED,REF1F6B9C81A6B2,BROKEN_FK_customer_id_to_customers
TX010013,UNKNOWN,A1252,2579.92,ZAR,2024-03-13,15:17:34,INTEREST,Interest - Ref 268288,MOBILE,COMPLETED,REFDB48D19CB01A,BROKEN_FK_customer_id_to_customers
TX010190,FAKE_5A1806F6,A0522,15450.14,ZAR,2024-07-30,21:00:24,REVERSAL,Reversal - Ref 465121,ONLINE,COMPLETED,REF37C95BF4BF4B,BROKEN_FK_customer_id_to_customers
TX010228,FAKE_95391477,A1259,15907.6575,ZAR,2026-02-13,03:06:58,REVERSAL,Reversal - Ref 926393,ONLINE,PENDING,REF2BBC843B29C4,BROKEN_FK_customer_id_to_customers
TX010309,UNKNOWN,A0065,13386.78,ZAR,2024-07-15,23:18:27,REVERSAL,Reversal - Ref 384702,POS,COMPLETED,REFD329E5E69B4C,BROKEN_FK_customer_id_to_customers
TX010334,UNKNOWN,A0072,464.07,ZAR,2026-02-18,10:25:05,TRANSFER,Transfer - Ref 523825,BRANCH,PENDING,REFA5350473D9F6,BROKEN_FK_customer_id_to_customers
TX010362,UNKNOWN,A1004,7055.02,ZAR,2025-04-15,09:51:23,PAYMENT,Payment - Ref 170694,MOBILE,PENDING,REFC72A8A57BA7F,BROKEN_FK_customer_id_to_customers
TX010365,UNKNOWN,A0793,4825.25,ZAR,2024-12-14,02:27:06,INTEREST,Interest - Ref 532065,MOBILE,COMPLETED,REFACF89A36F98A,BROKEN_FK_customer_id_to_customers
TX010408,UNKNOWN,A0311,350.32,ZAR,2026-08-07,02:54:45,DEBIT_ORDER,Debit Order - Ref 347189,POS,COMPLETED,REF4C51C03505EE,BROKEN_FK_customer_id_to_customers
TX010430,UNKNOWN,A0256,271.05,ZAR,2024-02-06,22:38:55,FEE,Fee - Ref 564924,MOBILE,COMPLETED,REF0148A62A01F0,BROKEN_FK_customer_id_to_customers
TX010520,UNKNOWN,A1129,5027.18,ZAR,2026-08-08,13:26:22,TRANSFER,Transfer - Ref 753402,MOBILE,COMPLETED,REF56EDCD375DD4,BROKEN_FK_customer_id_to_customers
TX010564,UNKNOWN,A0263,15907.6575,ZAR,2025-05-13,07:03:30,REVERSAL,Reversal - Ref 168285,MOBILE,COMPLETED,REF9A451648FFFF,BROKEN_FK_customer_id_to_customers
TX010573,FAKE_0E889BDA,A1320,293.29,ZAR,2025-05-24,22:05:00,PAYMENT,Payment - Ref 358554,ONLINE,COMPLETED,REF964FF332AAC0,BROKEN_FK_customer_id_to_customers
TX010575,FAKE_DEC43057,A0665,311.23,ZAR,2026-04-29,01:40:15,FEE,Fee - Ref 900549,MOBILE,COMPLETED,REF15B7F44B2D81,BROKEN_FK_customer_id_to_customers
TX010687,UNKNOWN,A0425,13359.94,ZAR,2024-01-10,20:59:34,REVERSAL,Reversal - Ref 121216,ONLINE,COMPLETED,REF7CC84C6DE6FA,BROKEN_FK_customer_id_to_customers
TX010724,UNKNOWN,A1357,1617.53,ZAR,2025-07-02,05:39:59,INTEREST,Interest - Ref 820368,MOBILE,COMPLETED,REFD2B12797AEB9,BROKEN_FK_customer_id_to_customers
TX010759,FAKE_CC59B04B,A1443,2491.11,ZAR,2025-06-16,03:37:46,DEPOSIT,Deposit - Ref 621907,MOBILE,COMPLETED,REF7B927F0624C5,BROKEN_FK_customer_id_to_customers
TX010811,FAKE_468CFFF0,A0895,1591.06,ZAR,2025-12-28,07:32:58,WITHDRAWAL,Withdrawal - Ref 565042,MOBILE,COMPLETED,REFE3EF35651CC5,BROKEN_FK_customer_id_to_customers
TX010851,UNKNOWN,A1394,284.16,ZAR,2026-07-07,10:16:14,DEPOSIT,Deposit - Ref 262216,MOBILE,COMPLETED,REFC1CE73FC02E7,BROKEN_FK_customer_id_to_customers
TX010913,FAKE_2D46CE0E,A0981,883.39,ZAR,2025-03-19,22:12:09,INTEREST,Interest - Ref 103095,ONLINE,COMPLETED,REF493CF62CC5B3,BROKEN_FK_customer_id_to_customers
TX010927,UNKNOWN,A1399,246.26,ZAR,2024-09-29,11:46:30,WITHDRAWAL,Withdrawal - Ref 388052,POS,COMPLETED,REFEE2F4C03C5E2,BROKEN_FK_customer_id_to_customers
TX010991,FAKE_82722824,A1006,391.82,ZAR,2025-10-21,00:39:13,FEE,Fee - Ref 304327,MOBILE,COMPLETED,REFD8CC4BC81E21,BROKEN_FK_customer_id_to_customers
TX011013,FAKE_BE01DA0B,A0695,152.25,ZAR,2025-12-07,12:16:47,WITHDRAWAL,Withdrawal - Ref 257698,ATM,COMPLETED,REF1ED5E02B3E99,BROKEN_FK_customer_id_to_customers
TX011016,UNKNOWN,UNKNOWN,15907.6575,ZAR,2026-03-30,03:59:53,REVERSAL,Reversal - Ref 601503,MOBILE,COMPLETED,REFFC157B77BDC7,BROKEN_FK_customer_id_to_customers
TX011048,UNKNOWN,A0770,87.15,ZAR,2024-10-31,00:01:59,WITHDRAWAL,Withdrawal - Ref 119677,ONLINE,COMPLETED,REFAEE9ED2444B8,BROKEN_FK_customer_id_to_customers
TX011097,UNKNOWN,A0062,2083.47,ZAR,2025-03-29,07:07:50,TRANSFER,Transfer - Ref 160235,POS,COMPLETED,REF88CD432F4BB4,BROKEN_FK_customer_id_to_customers
TX011142,UNKNOWN,A1420,5278.16,ZAR,2025-01-30,15:28:16,PAYMENT,Payment - Ref 495249,MOBILE,FAILED,REF37FEAABCA1AA,BROKEN_FK_customer_id_to_customers
TX011155,UNKNOWN,A0042,15907.6575,ZAR,2025-10-04,23:04:59,REVERSAL,Reversal - Ref 182607,BRANCH,COMPLETED,REF82DC1C0C89F5,BROKEN_FK_customer_id_to_customers
TX011207,UNKNOWN,A0342,157.87,ZAR,2025-08-21,17:28:43,TRANSFER,Transfer - Ref 787963,ONLINE,COMPLETED,REFE49DCE4A2126,BROKEN_FK_customer_id_to_customers
TX011238,FAKE_FCF2E81C,A1454,107.05,ZAR,2026-03-17,12:14:46,FEE,Fee - Ref 354680,ATM,COMPLETED,REF0CDBF73AE9D7,BROKEN_FK_customer_id_to_customers
TX011340,UNKNOWN,A1402,96.07,ZAR,2026-02-01,04:02:19,WITHDRAWAL,Withdrawal - Ref 590928,MOBILE,COMPLETED,REF177FB828E477,BROKEN_FK_customer_id_to_customers
TX011535,UNKNOWN,A0221,443.02,ZAR,2024-11-07,17:12:13,INTEREST,Interest - Ref 276572,MOBILE,COMPLETED,REF3BED0A43D59F,BROKEN_FK_customer_id_to_customers
TX011562,UNKNOWN,A1297,2957.02,ZAR,2024-02-03,01:21:16,INTEREST,Interest - Ref 952225,ATM,COMPLETED,REF2B844A7E2113,BROKEN_FK_customer_id_to_customers
TX011623,UNKNOWN,A0812,15907.6575,ZAR,2024-02-19,21:03:01,REVERSAL,Reversal - Ref 580301,MOBILE,COMPLETED,REF86B152C3BDC7,BROKEN_FK_customer_id_to_customers
TX011726,UNKNOWN,A0937,2162.17,ZAR,2026-01-04,11:10:29,WITHDRAWAL,Withdrawal - Ref 732812,ONLINE,COMPLETED,REFFF4204ABEB63,BROKEN_FK_customer_id_to_customers
TX011759,UNKNOWN,A1052,1549.66,ZAR,2024-06-18,07:07:08,INTEREST,Interest - Ref 887837,MOBILE,COMPLETED,REF33F1CD115C93,BROKEN_FK_customer_id_to_customers
TX011762,UNKNOWN,A0897,1765.97,ZAR,2026-02-19,03:02:45,DEBIT_ORDER,Debit Order - Ref 423645,ATM,COMPLETED,REF45B3C3224BBA,BROKEN_FK_customer_id_to_customers
TX011812,UNKNOWN,A0661,115.3,ZAR,2025-09-10,22:19:54,FEE,Fee - Ref 636441,ATM,COMPLETED,REF8EA079C7BD4E,BROKEN_FK_customer_id_to_customers
TX011884,UNKNOWN,A0567,632.94,ZAR,2024-02-08,13:37:35,DEBIT_ORDER,Debit Order - Ref 965355,ATM,PENDING,REFA91103692EBE,BROKEN_FK_customer_id_to_customers
TX011938,UNKNOWN,A0897,2181.85,ZAR,2024-08-12,19:35:20,DEPOSIT,Deposit - Ref 583757,MOBILE,COMPLETED,REFB070A4E1C9D7,BROKEN_FK_customer_id_to_customers
TX012078,UNKNOWN,A0765,103.45,ZAR,2025-02-17,18:57:43,FEE,Fee - Ref 575889,MOBILE,COMPLETED,REF2E9F19D9F001,BROKEN_FK_customer_id_to_customers
TX012086,UNKNOWN,A0866,544.32,ZAR,2025-10-28,14:03:13,DEBIT_ORDER,Debit Order - Ref 195453,ONLINE,COMPLETED,REF2D165AE42303,BROKEN_FK_customer_id_to_customers
TX012112,UNKNOWN,A0022,5637.47,ZAR,2025-03-17,14:19:23,DEBIT_ORDER,Debit Order - Ref 590295,MOBILE,COMPLETED,REF6DEFD31D4944,BROKEN_FK_customer_id_to_customers
TX012156,UNKNOWN,A0886,1454.69,ZAR,2026-03-04,17:28:12,DEBIT_ORDER,Debit Order - Ref 952886,ONLINE,COMPLETED,REF070E076BADE8,BROKEN_FK_customer_id_to_customers
TX012196,FAKE_8C5975FF,A1416,474.98,ZAR,2025-04-01,10:03:43,FEE,Fee - Ref 813504,ONLINE,COMPLETED,REFB960BF9DCDF3,BROKEN_FK_customer_id_to_customers
TX012270,UNKNOWN,A0548,1310.54,ZAR,2024-05-31,16:45:51,TRANSFER,Transfer - Ref 401571,BRANCH,COMPLETED,REFC257557976B0,BROKEN_FK_customer_id_to_customers
TX012365,FAKE_56BA048A,A1193,560.17,ZAR,2025-03-18,14:20:45,DEPOSIT,Deposit - Ref 575371,ONLINE,COMPLETED,REF6FBB615CA2BB,BROKEN_FK_customer_id_to_customers
TX012479,UNKNOWN,A1410,15907.6575,ZAR,2026-01-31,02:48:28,REVERSAL,Reversal - Ref 582932,ATM,COMPLETED,REF08FAB5EA8469,BROKEN_FK_customer_id_to_customers
TX012527,UNKNOWN,A0227,376.21,ZAR,2024-11-26,15:06:04,DEBIT_ORDER,Debit Order - Ref 913897,ONLINE,COMPLETED,REF986178DF6086,BROKEN_FK_customer_id_to_customers
TX012529,FAKE_EE711E3C,A1328,681.31,ZAR,2025-06-04,11:00:14,TRANSFER,Transfer - Ref 315568,MOBILE,PENDING,REF171605A20F45,BROKEN_FK_customer_id_to_customers
TX012578,UNKNOWN,A0738,2815.62,ZAR,2025-03-28,13:14:56,DEPOSIT,Deposit - Ref 883407,ONLINE,COMPLETED,REFF1FE5C5EAF4C,BROKEN_FK_customer_id_to_customers
TX012684,UNKNOWN,A1392,671.06,ZAR,2026-03-09,02:33:11,WITHDRAWAL,Withdrawal - Ref 435472,BRANCH,COMPLETED,REF3D95AC456888,BROKEN_FK_customer_id_to_customers
TX012697,UNKNOWN,A0277,3265.98,ZAR,2025-01-30,20:46:05,DEPOSIT,Deposit - Ref 512823,BRANCH,COMPLETED,REFCC1BD4C72052,BROKEN_FK_customer_id_to_customers
TX012743,UNKNOWN,A0093,130.32,ZAR,2024-07-26,22:48:53,FEE,Fee - Ref 394591,MOBILE,COMPLETED,REF09844B4D83D2,BROKEN_FK_customer_id_to_customers
TX012751,UNKNOWN,A0208,1649.16,ZAR,2024-01-11,23:30:20,WITHDRAWAL,Withdrawal - Ref 104955,MOBILE,COMPLETED,REF24092D4A67CD,BROKEN_FK_customer_id_to_customers
TX012758,UNKNOWN,A1046,269.73,ZAR,2025-11-20,06:28:53,FEE,Fee - Ref 647398,ATM,COMPLETED,REF13A3EAEEB5E5,BROKEN_FK_customer_id_to_customers
TX012779,UNKNOWN,A1373,2043.9,ZAR,2024-11-13,21:34:52,DEPOSIT,Deposit - Ref 298982,ONLINE,COMPLETED,REF94E19AD735B7,BROKEN_FK_customer_id_to_customers
TX012787,FAKE_9047DB88,A0294,5546.89,ZAR,2025-05-03,07:33:00,WITHDRAWAL,Withdrawal - Ref 498322,POS,COMPLETED,REF28256A591C24,BROKEN_FK_customer_id_to_customers
TX012804,FAKE_B182BE5F,A0474,1234.56,ZAR,2025-02-24,20:59:07,INTEREST,Interest - Ref 132465,ONLINE,COMPLETED,REFC24096383435,BROKEN_FK_customer_id_to_customers
TX012820,UNKNOWN,A0879,7471.82,ZAR,2025-12-30,03:55:01,TRANSFER,Transfer - Ref 817721,ONLINE,PENDING,REF1DD56D1283FB,BROKEN_FK_customer_id_to_customers
TX012824,UNKNOWN,A1357,515.4,ZAR,2026-05-12,21:20:50,DEBIT_ORDER,Debit Order - Ref 444055,ONLINE,COMPLETED,REFC03DA70C3AFB,BROKEN_FK_customer_id_to_customers
TX012919,UNKNOWN,A1263,15907.6575,ZAR,2025-11-08,15:01:38,REVERSAL,Reversal - Ref 352307,MOBILE,COMPLETED,REFD97ECD80EE7F,BROKEN_FK_customer_id_to_customers
TX012920,UNKNOWN,A1476,936.91,ZAR,2024-02-15,23:29:06,DEPOSIT,Deposit - Ref 961982,MOBILE,COMPLETED,REF205617866CFB,BROKEN_FK_customer_id_to_customers
TX012926,UNKNOWN,A0204,4644.36,ZAR,2025-02-11,16:19:05,INTEREST,Interest - Ref 117461,ONLINE,COMPLETED,REF0B1C9BDE9878,BROKEN_FK_customer_id_to_customers
TX012996,UNKNOWN,A0097,15907.6575,ZAR,2025-10-17,17:09:29,TRANSFER,Transfer - Ref 553252,ONLINE,REVERSED,REF0B6881354300,BROKEN_FK_customer_id_to_customers
TX013027,FAKE_1572BA2E,A1399,584.17,ZAR,2024-12-29,08:01:49,TRANSFER,Transfer - Ref 999485,MOBILE,COMPLETED,REFB7556D1686D7,BROKEN_FK_customer_id_to_customers
TX013037,FAKE_24B3D844,A0208,14766.23,ZAR,2025-08-23,17:06:22,DEPOSIT,Deposit - Ref 909686,MOBILE,COMPLETED,REF16631FA22AE6,BROKEN_FK_customer_id_to_customers
TX013094,UNKNOWN,A0603,339.03,ZAR,2025-06-20,21:57:13,DEBIT_ORDER,Debit Order - Ref 596974,ONLINE,REVERSED,REF5543282CFF40,BROKEN_FK_customer_id_to_customers
TX013096,UNKNOWN,A0907,400.76,ZAR,2024-02-20,19:13:15,WITHDRAWAL,Withdrawal - Ref 521903,ONLINE,COMPLETED,REF4DCEC28E7B9A,BROKEN_FK_customer_id_to_customers
TX013110,UNKNOWN,A0453,2531.12,ZAR,2024-09-22,11:44:53,INTEREST,Interest - Ref 390510,MOBILE,COMPLETED,REF1B356F6C9D65,BROKEN_FK_customer_id_to_customers
TX013167,UNKNOWN,A0117,9151.65,ZAR,2024-01-12,15:42:52,DEPOSIT,Deposit - Ref 551134,POS,COMPLETED,REF04CB99FC7920,BROKEN_FK_customer_id_to_customers
TX013180,UNKNOWN,A1306,228.67,ZAR,2024-03-15,11:04:18,WITHDRAWAL,Withdrawal - Ref 757240,ATM,COMPLETED,REF5CD2394DC99C,BROKEN_FK_customer_id_to_customers
TX013190,UNKNOWN,A0049,61.22,ZAR,2025-12-02,00:31:19,INTEREST,Interest - Ref 632794,MOBILE,FAILED,REF00E3BA66BB33,BROKEN_FK_customer_id_to_customers
TX013238,UNKNOWN,A0270,4498.98,ZAR,2025-02-07,20:11:17,WITHDRAWAL,Withdrawal - Ref 430403,MOBILE,COMPLETED,REF6FBEF7192C33,BROKEN_FK_customer_id_to_customers
TX013293,UNKNOWN,A0261,366.66,ZAR,2024-06-12,11:13:07,INTEREST,Interest - Ref 654273,ATM,COMPLETED,REFCC2C964E20E6,BROKEN_FK_customer_id_to_customers
TX013350,UNKNOWN,A0768,11664.37,ZAR,2025-01-05,15:12:40,TRANSFER,Transfer - Ref 844177,ONLINE,COMPLETED,REF2FF88480D601,BROKEN_FK_customer_id_to_customers
TX013393,UNKNOWN,A1132,547.93,ZAR,2025-06-12,07:57:49,DEBIT_ORDER,Debit Order - Ref 816659,POS,COMPLETED,REFA299F0AAF5D5,BROKEN_FK_customer_id_to_customers
TX013420,UNKNOWN,A1293,4276.05,ZAR,2025-05-20,06:39:50,INTEREST,Interest - Ref 683762,ATM,COMPLETED,REF51F59417BF72,BROKEN_FK_customer_id_to_customers
TX013463,UNKNOWN,A0258,2640.12,ZAR,2026-06-08,19:00:02,PAYMENT,Payment - Ref 811719,ONLINE,COMPLETED,REF0972CEE455C0,BROKEN_FK_customer_id_to_customers
TX013502,UNKNOWN,A0837,4808.5,ZAR,2025-01-04,10:25:21,DEPOSIT,Deposit - Ref 656478,MOBILE,COMPLETED,REF52AD4AF8CA7B,BROKEN_FK_customer_id_to_customers
TX013520,UNKNOWN,UNKNOWN,1928.99,ZAR,2025-07-02,14:00:58,REVERSAL,Reversal - Ref 557653,POS,COMPLETED,REFA71D1F8D7A9C,BROKEN_FK_customer_id_to_customers
TX013578,FAKE_EFF0728A,A1242,116.19,ZAR,2025-05-30,19:57:00,WITHDRAWAL,Withdrawal - Ref 143428,BRANCH,COMPLETED,REF45449FEEDF20,BROKEN_FK_customer_id_to_customers
TX013596,FAKE_7F21072F,A0452,1257.54,ZAR,2026-08-23,16:35:57,INTEREST,Interest - Ref 672995,MOBILE,COMPLETED,REFD9836196947F,BROKEN_FK_customer_id_to_customers
TX013646,UNKNOWN,A0003,96.84,ZAR,2024-02-14,08:44:30,FEE,Fee - Ref 572497,MOBILE,COMPLETED,REF6556C53CD442,BROKEN_FK_customer_id_to_customers
TX013675,UNKNOWN,A1053,4649.94,ZAR,2024-02-13,23:29:28,TRANSFER,Transfer - Ref 906979,ONLINE,COMPLETED,REF3EF547AF4B23,BROKEN_FK_customer_id_to_customers
TX013712,UNKNOWN,A1103,308.35,ZAR,2024-04-04,19:58:17,WITHDRAWAL,Withdrawal - Ref 595289,MOBILE,COMPLETED,REFB68B3075F178,BROKEN_FK_customer_id_to_customers
TX013723,UNKNOWN,A0792,194.78,ZAR,2025-05-13,00:33:08,FEE,Fee - Ref 657946,MOBILE,COMPLETED,REF3176BBD1F516,BROKEN_FK_customer_id_to_customers
TX013825,UNKNOWN,A1009,1623.93,ZAR,2025-09-05,08:03:43,DEBIT_ORDER,Debit Order - Ref 163225,MOBILE,COMPLETED,REF6653BCCADB86,BROKEN_FK_customer_id_to_customers
TX013826,UNKNOWN,A0715,336.4,ZAR,2024-06-22,15:09:23,TRANSFER,Transfer - Ref 247752,MOBILE,REVERSED,REF9F61C7ECCC5E,BROKEN_FK_customer_id_to_customers
TX013944,UNKNOWN,A0798,2097.93,ZAR,2024-11-23,15:11:43,PAYMENT,Payment - Ref 768985,MOBILE,PENDING,REF418C2BF46E23,BROKEN_FK_customer_id_to_customers
TX013947,UNKNOWN,A0522,456.91,ZAR,2026-03-10,05:27:18,WITHDRAWAL,Withdrawal - Ref 803778,MOBILE,COMPLETED,REF82A73B12E316,BROKEN_FK_customer_id_to_customers
TX014008,UNKNOWN,A0610,15907.6575,ZAR,2025-09-01,08:38:00,REVERSAL,Reversal - Ref 866439,ONLINE,COMPLETED,REF4B042A947148,BROKEN_FK_customer_id_to_customers
TX014010,UNKNOWN,A0109,15907.6575,ZAR,2024-03-30,17:35:58,REVERSAL,Reversal - Ref 974411,POS,COMPLETED,REF095018B45D81,BROKEN_FK_customer_id_to_customers
TX014045,FAKE_77C44D91,A1109,437.18,ZAR,2024-11-01,08:00:56,FEE,Fee - Ref 771517,MOBILE,COMPLETED,REFBDFE1308BB78,BROKEN_FK_customer_id_to_customers
TX014064,UNKNOWN,A0260,3451.11,ZAR,2025-07-09,01:42:04,INTEREST,Interest - Ref 758105,MOBILE,COMPLETED,REF7C07DC9C166A,BROKEN_FK_customer_id_to_customers
TX014169,UNKNOWN,A0989,1493.33,ZAR,2026-02-17,04:10:24,INTEREST,Interest - Ref 318196,POS,COMPLETED,REF5E869B1CF2E2,BROKEN_FK_customer_id_to_customers
TX014171,FAKE_5FBCC75E,A0953,1580.33,ZAR,2025-10-17,10:05:51,PAYMENT,Payment - Ref 581649,ONLINE,COMPLETED,REF50577E3C8B5A,BROKEN_FK_customer_id_to_customers
TX014203,FAKE_F9B45DCB,A1368,3580.7,ZAR,2024-07-26,08:30:39,WITHDRAWAL,Withdrawal - Ref 446272,POS,COMPLETED,REF61183F49122A,BROKEN_FK_customer_id_to_customers
TX014237,UNKNOWN,A1093,2572.95,ZAR,2024-12-17,03:37:37,DEPOSIT,Deposit - Ref 819262,MOBILE,COMPLETED,REFC02E943B1FDE,BROKEN_FK_customer_id_to_customers
TX014402,UNKNOWN,A0860,195.07,ZAR,2026-04-24,14:42:34,TRANSFER,Transfer - Ref 523094,BRANCH,COMPLETED,REF422E08993429,BROKEN_FK_customer_id_to_customers
TX014461,UNKNOWN,A0642,15907.6575,ZAR,2026-04-25,16:33:26,REVERSAL,Reversal - Ref 666591,ATM,COMPLETED,REF43AAA3B6103E,BROKEN_FK_customer_id_to_customers
TX014617,UNKNOWN,A1373,5603.94,ZAR,2025-02-22,09:44:10,DEPOSIT,Deposit - Ref 452918,BRANCH,COMPLETED,REF94D505CBE292,BROKEN_FK_customer_id_to_customers
TX014712,FAKE_B38118CB,A0260,160.81,ZAR,2026-09-15,12:18:59,FEE,Fee - Ref 297301,MOBILE,COMPLETED,REF0DAFD2E361F0,BROKEN_FK_customer_id_to_customers
TX014732,UNKNOWN,A0447,188.17,ZAR,2024-08-12,05:49:03,FEE,Fee - Ref 634224,MOBILE,COMPLETED,REF28C569BE5A39,BROKEN_FK_customer_id_to_customers
TX014747,UNKNOWN,A0123,4563.12,ZAR,2026-01-25,18:36:08,INTEREST,Interest - Ref 343877,MOBILE,COMPLETED,REF7D0E4489E983,BROKEN_FK_customer_id_to_customers
TX014773,UNKNOWN,A0433,4467.05,ZAR,2025-10-18,14:46:33,INTEREST,Interest - Ref 674459,MOBILE,COMPLETED,REFE3956364D230,BROKEN_FK_customer_id_to_customers
TX014790,UNKNOWN,A0823,398.63,ZAR,2025-07-11,08:32:17,PAYMENT,Payment - Ref 826247,ONLINE,COMPLETED,REF3274CB733FEC,BROKEN_FK_customer_id_to_customers
TX014865,UNKNOWN,A0765,8730.08,ZAR,2024-04-22,01:08:06,DEPOSIT,Deposit - Ref 582070,POS,COMPLETED,REF5703447805AA,BROKEN_FK_customer_id_to_customers
TX014929,UNKNOWN,A0440,79.08,ZAR,2026-03-02,09:40:14,FEE,Fee - Ref 924045,MOBILE,COMPLETED,REF86A1EA50ADA8,BROKEN_FK_customer_id_to_customers
TX014934,FAKE_4CF78AE0,A1087,6207.53,ZAR,2026-05-18,02:58:55,REVERSAL,Reversal - Ref 118757,ATM,COMPLETED,REFCE56EDADF364,BROKEN_FK_customer_id_to_customers
TX014973,UNKNOWN,A1477,3023.83,ZAR,2024-02-01,10:00:40,WITHDRAWAL,Withdrawal - Ref 771043,BRANCH,PENDING,REF2F467538AAB0,BROKEN_FK_customer_id_to_customers
TX014990,UNKNOWN,A0049,423.19,ZAR,2024-05-29,01:51:57,FEE,Fee - Ref 574779,MOBILE,COMPLETED,REF3A7F69B989EB,BROKEN_FK_customer_id_to_customers
TX015040,UNKNOWN,A0331,7063.91,ZAR,2024-08-18,06:32:06,DEPOSIT,Deposit - Ref 889839,MOBILE,COMPLETED,REFE86D12D14FCF,BROKEN_FK_customer_id_to_customers
TX015045,UNKNOWN,A1427,3110.53,ZAR,2026-01-12,04:12:08,WITHDRAWAL,Withdrawal - Ref 608151,ONLINE,COMPLETED,REF45DA59B15B5F,BROKEN_FK_customer_id_to_customers
TX015049,UNKNOWN,A1138,199.57,ZAR,2024-06-06,21:13:27,PAYMENT,Payment - Ref 118432,MOBILE,COMPLETED,REF3158C372A57B,BROKEN_FK_customer_id_to_customers
TX015055,UNKNOWN,A0268,15907.6575,ZAR,2025-08-20,19:35:23,REVERSAL,Reversal - Ref 342314,MOBILE,COMPLETED,REF52E4A4EAE83C,BROKEN_FK_customer_id_to_customers
TX015086,UNKNOWN,A0018,2800.71,ZAR,2024-02-07,23:00:07,PAYMENT,Payment - Ref 532034,MOBILE,COMPLETED,REF0BD596B05F85,BROKEN_FK_customer_id_to_customers
TX015124,UNKNOWN,A1061,728.54,ZAR,2025-11-25,00:13:51,DEPOSIT,Deposit - Ref 937251,MOBILE,COMPLETED,REF30E77ED4C4F9,BROKEN_FK_customer_id_to_customers
TX015128,UNKNOWN,A1475,473.39,ZAR,2024-08-29,10:03:26,FEE,Fee - Ref 650280,MOBILE,COMPLETED,REF27C17123E68D,BROKEN_FK_customer_id_to_customers
TX015138,UNKNOWN,A0364,984.82,ZAR,2026-07-11,02:29:40,WITHDRAWAL,Withdrawal - Ref 845751,ONLINE,COMPLETED,REF3B09D9C725EA,BROKEN_FK_customer_id_to_customers
TX015160,FAKE_A19574B7,A0523,976.42,ZAR,2026-04-10,09:00:02,REVERSAL,Reversal - Ref 326603,ATM,COMPLETED,REF43619EDD8311,BROKEN_FK_customer_id_to_customers
TX015178,UNKNOWN,A0450,497.74,ZAR,2026-01-11,16:25:07,FEE,Fee - Ref 588556,ATM,COMPLETED,REF08CE29F06FD9,BROKEN_FK_customer_id_to_customers
TX015218,UNKNOWN,A1315,1626.8,ZAR,2024-11-24,22:51:55,PAYMENT,Payment - Ref 471508,ATM,COMPLETED,REF7220E9E6498B,BROKEN_FK_customer_id_to_customers
TX015231,FAKE_E4B73914,A1398,954.09,ZAR,2026-03-03,05:11:49,WITHDRAWAL,Withdrawal - Ref 206906,ONLINE,PENDING,REF5238415400E2,BROKEN_FK_customer_id_to_customers
TX015300,UNKNOWN,A0245,2858.93,ZAR,2024-04-28,01:45:50,DEBIT_ORDER,Debit Order - Ref 788867,ATM,COMPLETED,REF01889D4E722A,BROKEN_FK_customer_id_to_customers
TX015303,UNKNOWN,A0137,1132.66,ZAR,2025-11-14,21:43:39,TRANSFER,Transfer - Ref 776534,MOBILE,PENDING,REFC3548EFFDEAC,BROKEN_FK_customer_id_to_customers
TX015350,UNKNOWN,UNKNOWN,1790.24,ZAR,2025-12-05,19:21:06,DEPOSIT,Deposit - Ref 909410,MOBILE,FAILED,REF9F56EBB0EE69,BROKEN_FK_customer_id_to_customers
TX015352,UNKNOWN,A0322,3197.91,ZAR,2024-06-02,17:04:15,DEBIT_ORDER,Debit Order - Ref 388604,MOBILE,COMPLETED,REF1E3F956E92F9,BROKEN_FK_customer_id_to_customers
TX015353,UNKNOWN,A0415,9370.44,ZAR,2026-08-05,05:08:39,REVERSAL,Reversal - Ref 813894,ONLINE,COMPLETED,REF936AC0B161BF,BROKEN_FK_customer_id_to_customers
TX015357,UNKNOWN,A0491,337.0,ZAR,2024-10-10,22:15:53,WITHDRAWAL,Withdrawal - Ref 607637,ONLINE,COMPLETED,REF8977A04B1A14,BROKEN_FK_customer_id_to_customers
TX015369,UNKNOWN,FAKE_FAEC5E2F,247.5,ZAR,2025-05-09,18:33:38,REVERSAL,Reversal - Ref 287429,ONLINE,REVERSED,REF25CCA516B446,BROKEN_FK_customer_id_to_customers
TX015413,UNKNOWN,A1147,114.11,ZAR,2024-08-27,13:38:46,TRANSFER,Transfer - Ref 591529,MOBILE,COMPLETED,REFF079D7FBA135,BROKEN_FK_customer_id_to_customers
TX015443,UNKNOWN,A1296,426.46,ZAR,2025-08-03,23:51:21,FEE,Fee - Ref 900866,MOBILE,COMPLETED,REF2773FDD524F9,BROKEN_FK_customer_id_to_customers
TX015444,FAKE_75892950,A0251,84.36,ZAR,2026-05-05,05:13:49,FEE,Fee - Ref 606623,ONLINE,COMPLETED,REF33C498D6F84E,BROKEN_FK_customer_id_to_customers
TX015535,UNKNOWN,A1353,115.11,ZAR,2026-04-04,20:24:14,FEE,Fee - Ref 164394,ONLINE,COMPLETED,REF2CDB0F19C549,BROKEN_FK_customer_id_to_customers
TX015575,UNKNOWN,A0690,633.2,ZAR,2025-03-22,21:48:04,DEBIT_ORDER,Debit Order - Ref 718457,BRANCH,COMPLETED,REF6CA2D700BA33,BROKEN_FK_customer_id_to_customers
TX015596,FAKE_B555B392,A0163,15907.6575,ZAR,2025-06-19,07:42:28,REVERSAL,Reversal - Ref 125057,ATM,COMPLETED,REF9889E043887D,BROKEN_FK_customer_id_to_customers
TX015611,UNKNOWN,A0158,1338.13,ZAR,2025-06-22,17:50:01,DEBIT_ORDER,Debit Order - Ref 778976,MOBILE,COMPLETED,REFDABB4BE81F68,BROKEN_FK_customer_id_to_customers
TX015749,UNKNOWN,A0145,917.44,ZAR,2025-02-24,16:42:37,WITHDRAWAL,Withdrawal - Ref 934775,ONLINE,COMPLETED,REFFF5395C72157,BROKEN_FK_customer_id_to_customers
TX015788,UNKNOWN,A0611,1048.63,ZAR,2024-04-13,08:10:49,TRANSFER,Transfer - Ref 453777,ONLINE,COMPLETED,REF2B91F0ACB60C,BROKEN_FK_customer_id_to_customers
TX015819,UNKNOWN,A1457,1063.08,ZAR,2025-12-14,07:28:44,REVERSAL,Reversal - Ref 903944,MOBILE,COMPLETED,REFB8CDF2AC2E28,BROKEN_FK_customer_id_to_customers
TX015845,UNKNOWN,A0034,15907.6575,ZAR,2026-03-21,22:42:31,REVERSAL,Reversal - Ref 304249,POS,COMPLETED,REFB74CE0C72DF2,BROKEN_FK_customer_id_to_customers
TX015880,UNKNOWN,A1043,15907.6575,ZAR,2026-03-16,11:55:03,DEPOSIT,Deposit - Ref 174078,ONLINE,COMPLETED,REF7EA9617BD4ED,BROKEN_FK_customer_id_to_customers
TX015889,UNKNOWN,A0845,10944.86,ZAR,2025-11-10,14:42:48,DEPOSIT,Deposit - Ref 901394,MOBILE,COMPLETED,REF7FDEC3224FBB,BROKEN_FK_customer_id_to_customers
TX015917,FAKE_B8F13EA0,UNKNOWN,606.32,ZAR,2026-05-03,00:15:34,TRANSFER,Transfer - Ref 172877,POS,COMPLETED,REF744AABBC5DCA,BROKEN_FK_customer_id_to_customers
TX015948,FAKE_1E06A08A,A0120,15907.6575,ZAR,2025-06-12,23:15:09,REVERSAL,Reversal - Ref 865363,ONLINE,COMPLETED,REFBC57AE766C30,BROKEN_FK_customer_id_to_customers
TX016127,UNKNOWN,A0724,433.84,ZAR,2025-01-25,08:41:24,FEE,Fee - Ref 368604,ATM,COMPLETED,REF3F9B26169B74,BROKEN_FK_customer_id_to_customers
TX016129,UNKNOWN,A0985,4962.68,ZAR,2026-04-06,01:18:13,TRANSFER,Transfer - Ref 377580,POS,COMPLETED,REF405B6E095D17,BROKEN_FK_customer_id_to_customers
TX016131,UNKNOWN,A0219,38.44,ZAR,2026-07-11,14:40:27,FEE,Fee - Ref 142098,ONLINE,COMPLETED,REFD9879B6E4D32,BROKEN_FK_customer_id_to_customers
TX016154,UNKNOWN,A1089,15907.6575,ZAR,2025-03-22,00:13:09,DEPOSIT,Deposit - Ref 798739,ATM,COMPLETED,REF71FD700227E3,BROKEN_FK_customer_id_to_customers
TX016169,UNKNOWN,A0508,1367.53,ZAR,2024-12-12,04:05:32,INTEREST,Interest - Ref 662634,ONLINE,PENDING,REF8F5C2EE50203,BROKEN_FK_customer_id_to_customers
TX016324,UNKNOWN,A1235,147.51,ZAR,2025-03-05,20:26:33,INTEREST,Interest - Ref 662918,MOBILE,FAILED,REF6BA3EAC9F85C,BROKEN_FK_customer_id_to_customers
TX016333,UNKNOWN,A1093,1676.93,ZAR,2024-04-22,01:18:28,WITHDRAWAL,Withdrawal - Ref 969909,POS,COMPLETED,REFB40E06A6306B,BROKEN_FK_customer_id_to_customers
TX016348,UNKNOWN,A0686,183.41,ZAR,2026-07-05,23:45:03,DEBIT_ORDER,Debit Order - Ref 389587,MOBILE,COMPLETED,REFA3F2EAECC65F,BROKEN_FK_customer_id_to_customers
TX016360,UNKNOWN,A1449,1772.53,ZAR,2024-06-10,10:35:52,DEPOSIT,Deposit - Ref 892825,ONLINE,COMPLETED,REFF368BED5CB3E,BROKEN_FK_customer_id_to_customers
TX016370,UNKNOWN,A1292,6747.37,ZAR,2025-08-20,22:01:19,REVERSAL,Reversal - Ref 363391,BRANCH,COMPLETED,REF4C5E80F3C114,BROKEN_FK_customer_id_to_customers
TX016383,UNKNOWN,A1468,2884.55,ZAR,2026-07-20,04:16:11,DEPOSIT,Deposit - Ref 743292,MOBILE,COMPLETED,REF8CF593E5898E,BROKEN_FK_customer_id_to_customers
TX016415,UNKNOWN,A1148,763.06,ZAR,2024-04-21,01:32:28,WITHDRAWAL,Withdrawal - Ref 257506,ONLINE,COMPLETED,REFCFD93FE640A2,BROKEN_FK_customer_id_to_customers
TX016440,FAKE_8A1D18AF,A1307,381.59,ZAR,2024-06-08,08:39:09,DEBIT_ORDER,Debit Order - Ref 714250,MOBILE,COMPLETED,REFB0C84EB8D406,BROKEN_FK_customer_id_to_customers
TX016570,UNKNOWN,A0743,864.23,ZAR,2024-02-10,06:34:44,INTEREST,Interest - Ref 154743,BRANCH,COMPLETED,REF0D7AC98E6727,BROKEN_FK_customer_id_to_customers
TX016602,UNKNOWN,A0098,185.58,ZAR,2024-05-09,20:15:40,FEE,Fee - Ref 652733,POS,REVERSED,REFAC4B200F77EA,BROKEN_FK_customer_id_to_customers
TX016607,UNKNOWN,A0668,2593.38,ZAR,2024-11-25,12:31:05,PAYMENT,Payment - Ref 770838,BRANCH,COMPLETED,REFA031D85AF7E5,BROKEN_FK_customer_id_to_customers
TX016610,UNKNOWN,A1280,70.35,ZAR,2024-10-20,01:20:21,FEE,Fee - Ref 383108,ONLINE,COMPLETED,REF1EE323770F48,BROKEN_FK_customer_id_to_customers
TX016702,FAKE_88E313DC,A1078,3581.26,ZAR,2024-10-09,04:55:54,TRANSFER,Transfer - Ref 807114,ATM,COMPLETED,REF373B0D61C2C8,BROKEN_FK_customer_id_to_customers
TX016722,FAKE_E2710481,A1345,334.75,ZAR,2025-11-02,18:30:58,WITHDRAWAL,Withdrawal - Ref 338109,ONLINE,COMPLETED,REF7353C7017B41,BROKEN_FK_customer_id_to_customers
TX016725,UNKNOWN,A1239,1136.18,ZAR,2024-11-16,15:47:05,INTEREST,Interest - Ref 321739,MOBILE,PENDING,REFBC000F37E837,BROKEN_FK_customer_id_to_customers
TX016784,UNKNOWN,A0088,1926.44,ZAR,2024-06-20,04:59:49,REVERSAL,Reversal - Ref 329591,MOBILE,COMPLETED,REF158480894A96,BROKEN_FK_customer_id_to_customers
TX016815,UNKNOWN,A0797,3495.98,ZAR,2026-03-23,01:54:45,DEBIT_ORDER,Debit Order - Ref 408588,MOBILE,COMPLETED,REF3E8C8093A849,BROKEN_FK_customer_id_to_customers
TX016860,UNKNOWN,A1074,2391.12,ZAR,2025-01-04,16:01:47,INTEREST,Interest - Ref 801570,MOBILE,COMPLETED,REF6F6945C8E5E3,BROKEN_FK_customer_id_to_customers
TX016872,FAKE_90C79570,A0957,15907.6575,ZAR,2026-01-11,03:19:36,REVERSAL,Reversal - Ref 277068,ONLINE,COMPLETED,REFA0F8E47E8CB9,BROKEN_FK_customer_id_to_customers
TX016948,UNKNOWN,A1426,112.1,ZAR,2026-07-22,23:51:49,TRANSFER,Transfer - Ref 717195,ONLINE,COMPLETED,REF98A29906D624,BROKEN_FK_customer_id_to_customers
TX016963,UNKNOWN,FAKE_B271226C,651.82,ZAR,2025-03-12,13:47:36,TRANSFER,Transfer - Ref 321491,ATM,COMPLETED,REF0E325C211871,BROKEN_FK_customer_id_to_customers
TX016985,FAKE_2733606E,A1109,619.52,ZAR,2024-05-25,20:43:58,TRANSFER,Transfer - Ref 615388,MOBILE,COMPLETED,REF87B6093F394B,BROKEN_FK_customer_id_to_customers
TX016998,UNKNOWN,A0393,198.05,ZAR,2026-03-20,10:54:37,FEE,Fee - Ref 903463,ONLINE,COMPLETED,REFD397BCFBDA1B,BROKEN_FK_customer_id_to_customers
TX017038,UNKNOWN,A0739,15907.6575,ZAR,2024-12-14,03:06:10,REVERSAL,Reversal - Ref 508223,MOBILE,COMPLETED,REFAD90E0323D0C,BROKEN_FK_customer_id_to_customers
TX017044,UNKNOWN,A1013,237.09,ZAR,2025-06-05,21:04:05,FEE,Fee - Ref 279666,MOBILE,COMPLETED,REFA2C65286BE2E,BROKEN_FK_customer_id_to_customers
TX017062,UNKNOWN,A1426,2795.13,ZAR,2024-04-08,17:13:04,PAYMENT,Payment - Ref 722178,MOBILE,COMPLETED,REFCAA648603678,BROKEN_FK_customer_id_to_customers
TX017077,FAKE_129FD0AE,A0258,15907.6575,ZAR,2026-08-23,14:01:56,REVERSAL,Reversal - Ref 287167,MOBILE,COMPLETED,REFA8B8AE96DA8E,BROKEN_FK_customer_id_to_customers
TX017107,UNKNOWN,A1185,301.16,ZAR,2025-06-18,02:03:42,PAYMENT,Payment - Ref 562505,ONLINE,COMPLETED,REF112540EB0271,BROKEN_FK_customer_id_to_customers
TX017121,FAKE_27B62628,A0611,1197.7,ZAR,2025-02-10,18:45:21,WITHDRAWAL,Withdrawal - Ref 477612,MOBILE,COMPLETED,REF9A2A9ECB1B3B,BROKEN_FK_customer_id_to_customers
TX017170,UNKNOWN,A1072,330.19,ZAR,2026-03-03,05:28:32,DEBIT_ORDER,Debit Order - Ref 580400,ONLINE,COMPLETED,REF00A0529852AC,BROKEN_FK_customer_id_to_customers
TX017191,FAKE_B595784C,A0663,905.02,ZAR,2024-12-25,10:09:33,DEBIT_ORDER,Debit Order - Ref 927448,MOBILE,COMPLETED,REFF547A657A10E,BROKEN_FK_customer_id_to_customers
TX017338,UNKNOWN,A0871,514.38,ZAR,2024-09-15,12:52:49,DEBIT_ORDER,Debit Order - Ref 663310,MOBILE,COMPLETED,REF01653A6B41BB,BROKEN_FK_customer_id_to_customers
TX017388,UNKNOWN,A1443,605.96,ZAR,2026-01-04,12:19:56,TRANSFER,Transfer - Ref 929222,ONLINE,COMPLETED,REF68A752165822,BROKEN_FK_customer_id_to_customers
TX017412,UNKNOWN,A1260,275.43,ZAR,2026-07-10,11:43:47,FEE,Fee - Ref 385632,ATM,COMPLETED,REF3B2EC6B80D5C,BROKEN_FK_customer_id_to_customers
TX017457,UNKNOWN,A0257,1378.47,ZAR,2024-11-06,23:00:36,DEPOSIT,Deposit - Ref 449349,MOBILE,COMPLETED,REF264B3E7F09F1,BROKEN_FK_customer_id_to_customers
TX017489,UNKNOWN,A0328,639.42,ZAR,2025-06-01,09:39:52,TRANSFER,Transfer - Ref 698234,ONLINE,COMPLETED,REF36EC962A13F4,BROKEN_FK_customer_id_to_customers
TX017495,UNKNOWN,A0491,4089.13,ZAR,2024-11-22,05:44:07,DEPOSIT,Deposit - Ref 594340,MOBILE,COMPLETED,REF72F9FD60768B,BROKEN_FK_customer_id_to_customers
TX017515,UNKNOWN,A0647,2350.29,ZAR,2024-12-15,23:04:32,PAYMENT,Payment - Ref 100553,MOBILE,COMPLETED,REF8F21418552B5,BROKEN_FK_customer_id_to_customers
TX017526,FAKE_BC0966A0,A1100,1981.95,ZAR,2024-05-21,12:09:56,PAYMENT,Payment - Ref 517598,MOBILE,PENDING,REF558A5EDCC34A,BROKEN_FK_customer_id_to_customers
TX017528,FAKE_C4EC2C56,A0122,1477.29,ZAR,2024-11-03,20:52:20,DEBIT_ORDER,Debit Order - Ref 311419,ONLINE,COMPLETED,REFDDC6A7010D94,BROKEN_FK_customer_id_to_customers
TX017540,UNKNOWN,A0727,3405.2,ZAR,2025-01-16,08:54:49,PAYMENT,Payment - Ref 516821,MOBILE,COMPLETED,REF38A2CC16BCCC,BROKEN_FK_customer_id_to_customers
TX017550,UNKNOWN,UNKNOWN,1449.21,ZAR,2025-01-03,01:11:42,WITHDRAWAL,Withdrawal - Ref 751123,MOBILE,COMPLETED,REF9F9F13965176,BROKEN_FK_customer_id_to_customers
TX017600,UNKNOWN,A1196,849.71,ZAR,2025-08-03,09:45:41,WITHDRAWAL,Withdrawal - Ref 147652,MOBILE,COMPLETED,REFA4411366ACB0,BROKEN_FK_customer_id_to_customers
TX017622,UNKNOWN,A0593,4106.8,ZAR,2026-01-21,21:52:48,INTEREST,Interest - Ref 829224,ATM,COMPLETED,REFFA7ABFA3C017,BROKEN_FK_customer_id_to_customers
TX017629,UNKNOWN,A0367,167.74,ZAR,2024-11-06,18:56:59,FEE,Fee - Ref 167847,MOBILE,COMPLETED,REF9312FFC20BBE,BROKEN_FK_customer_id_to_customers
TX017633,FAKE_F843E293,A0066,6818.63,ZAR,2025-04-19,05:01:03,REVERSAL,Reversal - Ref 607248,BRANCH,COMPLETED,REFBCFDB88BFAA1,BROKEN_FK_customer_id_to_customers
TX017711,FAKE_5CB4E059,A1341,15907.6575,ZAR,2025-11-12,20:59:14,REVERSAL,Reversal - Ref 373013,ONLINE,COMPLETED,REF4B3EB078F141,BROKEN_FK_customer_id_to_customers
TX017721,UNKNOWN,A1221,388.92,ZAR,2024-06-09,17:32:26,FEE,Fee - Ref 895511,ONLINE,COMPLETED,REFDA94F3CB0177,BROKEN_FK_customer_id_to_customers
TX017775,FAKE_59043918,A0225,15229.54,ZAR,2026-02-05,14:56:38,REVERSAL,Reversal - Ref 344576,BRANCH,COMPLETED,REFC8A5D3725C2B,BROKEN_FK_customer_id_to_customers
TX017795,UNKNOWN,A0917,428.79,ZAR,2024-11-25,10:37:59,TRANSFER,Transfer - Ref 832980,ONLINE,COMPLETED,REF841A08325505,BROKEN_FK_customer_id_to_customers
TX017796,UNKNOWN,A0576,265.5,ZAR,2025-03-04,15:52:18,PAYMENT,Payment - Ref 405861,ONLINE,COMPLETED,REFED0D3CDD42AB,BROKEN_FK_customer_id_to_customers
TX017805,UNKNOWN,A0223,2175.82,ZAR,2024-10-01,01:48:31,WITHDRAWAL,Withdrawal - Ref 241326,ONLINE,COMPLETED,REF15F3657951F0,BROKEN_FK_customer_id_to_customers
TX017843,UNKNOWN,A1088,305.29,ZAR,2026-08-22,13:23:19,TRANSFER,Transfer - Ref 786293,MOBILE,COMPLETED,REF120878BFD1DA,BROKEN_FK_customer_id_to_customers
TX017844,FAKE_62E81FB6,A1211,480.71,ZAR,2024-04-27,09:19:43,WITHDRAWAL,Withdrawal - Ref 272789,ATM,COMPLETED,REF0AEA8C05AF63,BROKEN_FK_customer_id_to_customers
TX017920,UNKNOWN,A0707,2625.01,ZAR,2025-05-15,03:08:59,DEPOSIT,Deposit - Ref 148809,POS,COMPLETED,REFBDD2110D9090,BROKEN_FK_customer_id_to_customers
TX017922,FAKE_022831CC,A0453,692.48,ZAR,2026-01-31,15:33:23,PAYMENT,Payment - Ref 244419,MOBILE,COMPLETED,REF20EDB3ED585B,BROKEN_FK_customer_id_to_customers
TX017928,UNKNOWN,A0956,3911.31,ZAR,2026-02-03,09:43:21,INTEREST,Interest - Ref 476452,ONLINE,COMPLETED,REFBDCEC1B3F7EB,BROKEN_FK_customer_id_to_customers
TX017984,UNKNOWN,A0826,491.54,ZAR,2024-01-22,21:36:59,INTEREST,Interest - Ref 340334,ONLINE,FAILED,REF1433A2CA280D,BROKEN_FK_customer_id_to_customers
TX018011,FAKE_AB2AFE84,A0725,2565.53,ZAR,2025-10-26,03:19:21,PAYMENT,Payment - Ref 104941,ONLINE,COMPLETED,REF2869D132E8EA,BROKEN_FK_customer_id_to_customers
TX018024,UNKNOWN,A1283,457.0,ZAR,2026-02-26,15:53:35,PAYMENT,Payment - Ref 627935,ONLINE,COMPLETED,REFAD2CFB950EF7,BROKEN_FK_customer_id_to_customers
TX018042,UNKNOWN,A0574,15907.6575,ZAR,2026-01-18,08:23:08,REVERSAL,Reversal - Ref 545876,POS,COMPLETED,REFA7C53CB651FE,BROKEN_FK_customer_id_to_customers
TX018046,UNKNOWN,A0077,413.34,ZAR,2026-08-05,11:49:25,FEE,Fee - Ref 383929,MOBILE,COMPLETED,REF3D2BA2D500E6,BROKEN_FK_customer_id_to_customers
TX018053,UNKNOWN,A0366,4925.17,ZAR,2024-08-25,11:10:02,INTEREST,Interest - Ref 220693,ONLINE,PENDING,REFEF4896FD79E1,BROKEN_FK_customer_id_to_customers
TX018065,UNKNOWN,A0750,912.15,ZAR,2025-05-10,18:57:43,PAYMENT,Payment - Ref 603965,ONLINE,COMPLETED,REF6652B5B7C01D,BROKEN_FK_customer_id_to_customers
TX018077,UNKNOWN,A1073,4720.35,ZAR,2024-01-01,15:41:42,DEPOSIT,Deposit - Ref 921142,MOBILE,COMPLETED,REFF8A785B30B24,BROKEN_FK_customer_id_to_customers
TX018083,UNKNOWN,A1458,1667.76,ZAR,2024-06-17,16:27:35,PAYMENT,Payment - Ref 569776,ONLINE,COMPLETED,REF5E4C716A923D,BROKEN_FK_customer_id_to_customers
TX018116,FAKE_FB968F52,A0741,3293.95,ZAR,2026-02-18,23:27:51,INTEREST,Interest - Ref 501712,MOBILE,COMPLETED,REF444740D423D6,BROKEN_FK_customer_id_to_customers
TX018186,UNKNOWN,A1325,331.97,ZAR,2024-10-24,13:34:30,FEE,Fee - Ref 512046,MOBILE,COMPLETED,REFB25EFB952EEF,BROKEN_FK_customer_id_to_customers
TX018271,UNKNOWN,A0569,226.32,ZAR,2025-02-26,08:04:22,TRANSFER,Transfer - Ref 870073,MOBILE,COMPLETED,REFB9EC40D206B4,BROKEN_FK_customer_id_to_customers
TX018295,UNKNOWN,A0375,15907.6575,ZAR,2026-03-05,13:06:52,TRANSFER,Transfer - Ref 164258,ONLINE,COMPLETED,REF048D16AF254D,BROKEN_FK_customer_id_to_customers
TX018307,UNKNOWN,A1306,15907.6575,ZAR,2024-10-14,19:16:05,DEBIT_ORDER,Debit Order - Ref 874234,ATM,COMPLETED,REFC32E5AB6D990,BROKEN_FK_customer_id_to_customers
TX018352,UNKNOWN,A1496,2350.96,ZAR,2026-04-29,11:57:15,WITHDRAWAL,Withdrawal - Ref 138380,POS,COMPLETED,REF49375097399A,BROKEN_FK_customer_id_to_customers
TX018364,FAKE_09BD298A,A0843,245.64,ZAR,2025-11-05,03:36:17,INTEREST,Interest - Ref 575701,ONLINE,COMPLETED,REF8594C53B214E,BROKEN_FK_customer_id_to_customers
TX018422,UNKNOWN,A0169,162.35,ZAR,2026-02-28,20:27:48,FEE,Fee - Ref 283915,MOBILE,COMPLETED,REFA3C93D129275,BROKEN_FK_customer_id_to_customers
TX018456,UNKNOWN,A0394,2018.77,ZAR,2024-10-17,18:03:14,PAYMENT,Payment - Ref 996034,ONLINE,COMPLETED,REFD133D9B9AB99,BROKEN_FK_customer_id_to_customers
TX018539,UNKNOWN,A0577,3076.63,ZAR,2024-05-12,21:12:45,DEPOSIT,Deposit - Ref 116632,MOBILE,FAILED,REF81E8A8703C79,BROKEN_FK_customer_id_to_customers
TX018625,FAKE_828B880D,A0366,15907.6575,ZAR,2024-07-20,03:18:26,REVERSAL,Reversal - Ref 412707,MOBILE,COMPLETED,REFFE8453F0B27E,BROKEN_FK_customer_id_to_customers
TX018642,UNKNOWN,A1208,15907.6575,ZAR,2024-01-16,17:55:34,DEPOSIT,Deposit - Ref 619840,ATM,COMPLETED,REFD671934522E4,BROKEN_FK_customer_id_to_customers
TX018653,FAKE_4171E408,A0544,761.01,ZAR,2024-08-26,10:45:29,PAYMENT,Payment - Ref 297971,ATM,COMPLETED,REFE60B3EAE77AB,BROKEN_FK_customer_id_to_customers
TX018658,UNKNOWN,A0873,9090.34,ZAR,2026-01-29,13:08:27,DEBIT_ORDER,Debit Order - Ref 764562,MOBILE,PENDING,REF85A5D7248DC1,BROKEN_FK_customer_id_to_customers
TX018668,UNKNOWN,A0811,515.16,ZAR,2024-06-17,11:54:07,PAYMENT,Payment - Ref 854100,POS,PENDING,REF40862048AF3B,BROKEN_FK_customer_id_to_customers
TX018765,UNKNOWN,A0995,2288.0,ZAR,2024-07-07,23:20:06,WITHDRAWAL,Withdrawal - Ref 103499,MOBILE,COMPLETED,REF32C6AC8B98A5,BROKEN_FK_customer_id_to_customers
TX018835,FAKE_FB7B35EA,A0413,383.11,ZAR,2024-11-20,20:15:39,WITHDRAWAL,Withdrawal - Ref 674856,ATM,COMPLETED,REF8274FE4B9A4A,BROKEN_FK_customer_id_to_customers
TX018862,FAKE_71CF912F,A0480,8496.14,ZAR,2024-04-05,00:51:28,REVERSAL,Reversal - Ref 287700,MOBILE,COMPLETED,REF6AE4803107F0,BROKEN_FK_customer_id_to_customers
TX018878,UNKNOWN,A0990,1370.59,ZAR,2024-10-14,11:38:17,WITHDRAWAL,Withdrawal - Ref 950611,MOBILE,COMPLETED,REFDFB6D6577A58,BROKEN_FK_customer_id_to_customers
TX018984,UNKNOWN,A1119,15907.6575,ZAR,2024-12-11,09:40:20,REVERSAL,Reversal - Ref 262248,MOBILE,COMPLETED,REF4B76F624DF84,BROKEN_FK_customer_id_to_customers
TX019067,UNKNOWN,A0628,15907.6575,ZAR,2024-01-26,21:39:50,TRANSFER,Transfer - Ref 844655,ONLINE,COMPLETED,REF05BCFDDD1DC7,BROKEN_FK_customer_id_to_customers
TX019073,FAKE_EC35F2FD,A1438,15907.6575,ZAR,2026-01-23,05:59:03,DEPOSIT,Deposit - Ref 595034,ONLINE,COMPLETED,REF05821B20589B,BROKEN_FK_customer_id_to_customers
TX019079,UNKNOWN,A0587,291.5,ZAR,2026-06-09,14:40:33,WITHDRAWAL,Withdrawal - Ref 419613,MOBILE,COMPLETED,REFE8B5484E8AB4,BROKEN_FK_customer_id_to_customers
TX019091,UNKNOWN,A1467,1824.48,ZAR,2026-05-25,22:32:16,DEPOSIT,Deposit - Ref 205573,BRANCH,COMPLETED,REFF525C878FE78,BROKEN_FK_customer_id_to_customers
TX019095,UNKNOWN,A0967,403.52,ZAR,2024-07-10,06:33:50,PAYMENT,Payment - Ref 617183,ATM,REVERSED,REF5B076ED281B8,BROKEN_FK_customer_id_to_customers
TX019117,UNKNOWN,A0811,44.36,ZAR,2025-02-28,20:54:12,WITHDRAWAL,Withdrawal - Ref 134506,MOBILE,COMPLETED,REFBF7CCC8B76F6,BROKEN_FK_customer_id_to_customers
TX019131,UNKNOWN,A0791,15907.6575,ZAR,2025-03-29,19:05:32,TRANSFER,Transfer - Ref 458253,ONLINE,COMPLETED,REF29BAE05ED583,BROKEN_FK_customer_id_to_customers
TX019184,UNKNOWN,A1354,3029.42,ZAR,2025-07-24,08:59:31,PAYMENT,Payment - Ref 311033,ONLINE,COMPLETED,REF612AAF5316CE,BROKEN_FK_customer_id_to_customers
TX019207,UNKNOWN,A0074,220.21,ZAR,2026-02-28,16:41:33,TRANSFER,Transfer - Ref 578105,MOBILE,COMPLETED,REF22B324135CA3,BROKEN_FK_customer_id_to_customers
TX019211,FAKE_A83BA54B,A1221,4588.39,ZAR,2024-11-03,04:45:56,DEPOSIT,Deposit - Ref 298516,MOBILE,COMPLETED,REFD3F5472DE132,BROKEN_FK_customer_id_to_customers
TX019217,UNKNOWN,A0505,465.93,ZAR,2026-05-28,13:06:08,PAYMENT,Payment - Ref 947563,MOBILE,COMPLETED,REFFC0F639EAC5B,BROKEN_FK_customer_id_to_customers
TX019326,UNKNOWN,A0672,270.16,ZAR,2025-09-12,21:55:00,DEBIT_ORDER,Debit Order - Ref 958030,POS,COMPLETED,REF47D2107BEF95,BROKEN_FK_customer_id_to_customers
TX019340,UNKNOWN,A0825,2004.38,ZAR,2026-07-28,04:37:13,DEBIT_ORDER,Debit Order - Ref 633451,ONLINE,COMPLETED,REFBDF6FC88AA0C,BROKEN_FK_customer_id_to_customers
TX019351,UNKNOWN,A0471,653.67,ZAR,2025-08-27,20:41:25,REVERSAL,Reversal - Ref 409794,MOBILE,COMPLETED,REFB2A937EC6D24,BROKEN_FK_customer_id_to_customers
TX019372,UNKNOWN,A0964,15907.6575,ZAR,2025-06-13,18:01:31,REVERSAL,Reversal - Ref 582733,ONLINE,PENDING,REF57CEED18E5D4,BROKEN_FK_customer_id_to_customers
TX019395,FAKE_BF98B70D,A1045,15907.6575,ZAR,2025-10-23,15:50:52,REVERSAL,Reversal - Ref 535044,MOBILE,COMPLETED,REFE96AC4AB4BA3,BROKEN_FK_customer_id_to_customers
TX019445,UNKNOWN,A0482,11011.21,ZAR,2024-08-06,02:52:47,PAYMENT,Payment - Ref 334495,MOBILE,COMPLETED,REFC81AF7B7FE36,BROKEN_FK_customer_id_to_customers
TX019451,UNKNOWN,A0449,2062.39,ZAR,2025-12-13,12:17:30,REVERSAL,Reversal - Ref 289095,BRANCH,COMPLETED,REFB08A133A16EE,BROKEN_FK_customer_id_to_customers
TX019480,UNKNOWN,A0356,15907.6575,ZAR,2024-12-19,03:56:22,TRANSFER,Transfer - Ref 754314,BRANCH,COMPLETED,REF2CE1410FD24B,BROKEN_FK_customer_id_to_customers
TX019522,FAKE_AC17750D,A1477,981.81,ZAR,2024-07-21,10:55:58,PAYMENT,Payment - Ref 696225,MOBILE,COMPLETED,REF866EBDDE319A,BROKEN_FK_customer_id_to_customers
TX019536,FAKE_92E9F1D0,A1487,77.43,ZAR,2025-12-03,02:34:12,FEE,Fee - Ref 247659,MOBILE,COMPLETED,REF6C9266513E9A,BROKEN_FK_customer_id_to_customers
TX019592,UNKNOWN,A0113,327.14,ZAR,2024-02-12,01:20:28,FEE,Fee - Ref 779659,ONLINE,COMPLETED,REF62D4710A3AA4,BROKEN_FK_customer_id_to_customers
TX019636,UNKNOWN,A0109,5037.35,ZAR,2024-11-15,08:01:09,DEBIT_ORDER,Debit Order - Ref 685537,ATM,COMPLETED,REF2EDACA089974,BROKEN_FK_customer_id_to_customers
TX019637,UNKNOWN,A0028,52.52,ZAR,2024-10-24,00:51:03,FEE,Fee - Ref 404030,ONLINE,REVERSED,REFF1F4877758B8,BROKEN_FK_customer_id_to_customers
TX019649,UNKNOWN,A0079,1782.78,ZAR,2024-10-15,19:04:08,PAYMENT,Payment - Ref 123997,POS,COMPLETED,REF4BB95868E638,BROKEN_FK_customer_id_to_customers
TX019660,FAKE_DCD1A2F7,A0276,227.7,ZAR,2026-07-12,13:47:02,PAYMENT,Payment - Ref 741492,ONLINE,COMPLETED,REFADF76787919E,BROKEN_FK_customer_id_to_customers
TX019681,UNKNOWN,A0856,15907.6575,ZAR,2024-01-04,00:24:06,REVERSAL,Reversal - Ref 566059,POS,COMPLETED,REF6BCDE0541120,BROKEN_FK_customer_id_to_customers
TX019689,UNKNOWN,A0604,1547.33,ZAR,2024-08-04,08:29:54,INTEREST,Interest - Ref 493683,MOBILE,COMPLETED,REFEF26EE7C9854,BROKEN_FK_customer_id_to_customers
TX019704,UNKNOWN,A0982,1066.21,ZAR,2025-09-02,18:19:18,WITHDRAWAL,Withdrawal - Ref 691084,MOBILE,COMPLETED,REF61547CC184D0,BROKEN_FK_customer_id_to_customers
TX019746,UNKNOWN,A0826,371.38,ZAR,2024-12-14,09:04:29,FEE,Fee - Ref 243736,MOBILE,COMPLETED,REF206661B23825,BROKEN_FK_customer_id_to_customers
TX019755,UNKNOWN,A0043,6597.41,ZAR,2024-03-13,17:33:26,REVERSAL,Reversal - Ref 788175,ONLINE,COMPLETED,REFB95FDD518824,BROKEN_FK_customer_id_to_customers
TX019816,UNKNOWN,A0032,15907.6575,ZAR,2026-09-04,10:31:08,REVERSAL,Reversal - Ref 882607,ONLINE,COMPLETED,REFFC1A12644B79,BROKEN_FK_customer_id_to_customers
TX019832,FAKE_9D75D1D0,A0976,1578.75,ZAR,2024-04-17,00:45:20,WITHDRAWAL,Withdrawal - Ref 467224,MOBILE,COMPLETED,REF4C33B2F75BDF,BROKEN_FK_customer_id_to_customers
TX019867,UNKNOWN,A1218,612.36,ZAR,2024-04-24,08:04:11,REVERSAL,Reversal - Ref 696376,MOBILE,COMPLETED,REFFBAB7965DE48,BROKEN_FK_customer_id_to_customers
TX019869,FAKE_F0C7F13C,A0865,4731.84,ZAR,2024-12-17,12:41:56,WITHDRAWAL,Withdrawal - Ref 743040,MOBILE,FAILED,REF2DF0CB9C48D5,BROKEN_FK_customer_id_to_customers
TX019919,UNKNOWN,A1263,123.23,ZAR,2026-05-17,14:17:59,FEE,Fee - Ref 144858,MOBILE,COMPLETED,REF424DF54E24DF,BROKEN_FK_customer_id_to_customers
TX019948,UNKNOWN,A0168,3889.76,ZAR,2024-03-14,10:55:30,TRANSFER,Transfer - Ref 917258,POS,COMPLETED,REF14B9CB680659,BROKEN_FK_customer_id_to_customers
TX019974,FAKE_2ACDF574,A0948,15907.6575,ZAR,2024-06-17,12:28:11,REVERSAL,Reversal - Ref 245040,POS,COMPLETED,REFEC88CD99D1AD,BROKEN_FK_customer_id_to_customers
TX019993,FAKE_4C066DB1,A0138,461.25,ZAR,2024-10-05,05:19:23,FEE,Fee - Ref 432137,MOBILE,COMPLETED,REFF04631D13D0B,BROKEN_FK_customer_id_to_customers
TX020005,UNKNOWN,A1306,15907.6575,ZAR,2025-01-02,18:37:33,REVERSAL,Reversal - Ref 807502,BRANCH,COMPLETED,REF2507080D066E,BROKEN_FK_customer_id_to_customers
TX020024,FAKE_9CB856E5,A0731,319.45,ZAR,2026-04-15,08:00:16,WITHDRAWAL,Withdrawal - Ref 323011,MOBILE,PENDING,REF5DEFC1D01087,BROKEN_FK_customer_id_to_customers
TX020035,FAKE_EFEEF6C1,A0383,443.4,ZAR,2024-01-14,03:44:49,FEE,Fee - Ref 664128,MOBILE,COMPLETED,REF0B79498D746B,BROKEN_FK_customer_id_to_customers
TX020038,FAKE_D137F9EB,A0749,47.94,ZAR,2024-11-15,06:47:15,FEE,Fee - Ref 751179,ONLINE,COMPLETED,REF422278F8209C,BROKEN_FK_customer_id_to_customers
TX020079,UNKNOWN,A0781,15907.6575,ZAR,2025-12-07,16:41:47,REVERSAL,Reversal - Ref 832883,ONLINE,COMPLETED,REF12E3F1FE629D,BROKEN_FK_customer_id_to_customers
TX020094,FAKE_45F27785,A1491,942.08,ZAR,2024-11-24,09:48:17,WITHDRAWAL,Withdrawal - Ref 782010,MOBILE,COMPLETED,REFED6B5228A368,BROKEN_FK_customer_id_to_customers
TX020123,FAKE_FB2BF21D,A0699,15907.6575,ZAR,2024-12-06,11:45:16,REVERSAL,Reversal - Ref 841138,MOBILE,COMPLETED,REFF077B49CD8D6,BROKEN_FK_customer_id_to_customers
TX020126,FAKE_0E0088B8,A0954,2709.1,ZAR,2026-02-24,16:55:41,PAYMENT,Payment - Ref 638614,MOBILE,COMPLETED,REF30F0F0C57DF4,BROKEN_FK_customer_id_to_customers
TX020183,UNKNOWN,A1265,969.4,ZAR,2026-06-07,02:41:39,DEBIT_ORDER,Debit Order - Ref 549659,MOBILE,COMPLETED,REF4DF4FA706020,BROKEN_FK_customer_id_to_customers
TX020197,UNKNOWN,A0321,15907.6575,ZAR,2026-06-04,16:20:54,REVERSAL,Reversal - Ref 359565,MOBILE,COMPLETED,REF7CFA385B38E2,BROKEN_FK_customer_id_to_customers
TX020199,UNKNOWN,A1336,5792.69,ZAR,2024-04-17,23:41:42,PAYMENT,Payment - Ref 148315,MOBILE,COMPLETED,REF13276DE1DBDD,BROKEN_FK_customer_id_to_customers
TX020264,UNKNOWN,A1265,593.86,ZAR,2026-01-29,23:32:03,WITHDRAWAL,Withdrawal - Ref 816862,MOBILE,COMPLETED,REFA2A0DCBCB77C,BROKEN_FK_customer_id_to_customers
TX020269,UNKNOWN,A0952,9116.19,ZAR,2024-11-15,04:54:07,REVERSAL,Reversal - Ref 878563,MOBILE,REVERSED,REF6BA94A3CB3A7,BROKEN_FK_customer_id_to_customers
TX020291,FAKE_D189E414,FAKE_1DE8417D,2591.06,ZAR,2026-05-31,20:29:19,DEPOSIT,Deposit - Ref 901223,MOBILE,COMPLETED,REF7A4B32413B1A,BROKEN_FK_customer_id_to_customers
TX020362,FAKE_3B5F9F2B,A0413,3389.52,ZAR,2026-02-20,11:07:54,DEBIT_ORDER,Debit Order - Ref 725815,MOBILE,COMPLETED,REF540DFF514B54,BROKEN_FK_customer_id_to_customers
TX020413,UNKNOWN,A1305,1341.11,ZAR,2024-11-29,23:09:13,WITHDRAWAL,Withdrawal - Ref 880938,ATM,COMPLETED,REF046336BF3165,BROKEN_FK_customer_id_to_customers
TX020445,FAKE_F5A78B9D,A0453,3562.34,ZAR,2025-06-19,09:30:54,INTEREST,Interest - Ref 767359,ONLINE,COMPLETED,REF0A130C3D8DB7,BROKEN_FK_customer_id_to_customers
TX020476,UNKNOWN,A1325,2525.2,ZAR,2025-05-08,19:44:33,TRANSFER,Transfer - Ref 650049,ATM,COMPLETED,REF4BB00482DD81,BROKEN_FK_customer_id_to_customers
TX020560,FAKE_B6D1C147,A0675,2596.95,ZAR,2026-01-30,07:33:49,DEBIT_ORDER,Debit Order - Ref 585672,ONLINE,COMPLETED,REFDA7BF6812AC1,BROKEN_FK_customer_id_to_customers
TX020591,UNKNOWN,A1375,15907.6575,ZAR,2025-10-15,01:15:10,REVERSAL,Reversal - Ref 871104,MOBILE,COMPLETED,REFCBA2E0D10B52,BROKEN_FK_customer_id_to_customers
TX020609,FAKE_85B6656A,A0247,8.99,ZAR,2026-04-13,12:56:06,FEE,Fee - Ref 807048,MOBILE,COMPLETED,REF70CA03493123,BROKEN_FK_customer_id_to_customers
TX020636,FAKE_261E9B49,A0340,428.6,ZAR,2025-06-14,01:30:01,FEE,Fee - Ref 240576,ONLINE,COMPLETED,REF50BA7D43C56F,BROKEN_FK_customer_id_to_customers
TX020649,UNKNOWN,A0247,131.18,ZAR,2024-08-04,04:31:04,PAYMENT,Payment - Ref 640591,POS,PENDING,REFAD93E9104777,BROKEN_FK_customer_id_to_customers
TX020689,UNKNOWN,A1051,473.53,ZAR,2026-02-01,17:32:39,FEE,Fee - Ref 858282,ONLINE,COMPLETED,REFECE9FB160DC2,BROKEN_FK_customer_id_to_customers
TX020792,FAKE_EB11B566,A1243,819.96,ZAR,2025-12-30,20:23:38,PAYMENT,Payment - Ref 961640,MOBILE,COMPLETED,REFEC5EC7155D4A,BROKEN_FK_customer_id_to_customers
TX020822,UNKNOWN,A0180,378.42,ZAR,2026-03-06,10:50:35,DEBIT_ORDER,Debit Order - Ref 629774,MOBILE,COMPLETED,REF7A419F617694,BROKEN_FK_customer_id_to_customers
TX020945,UNKNOWN,A0575,1243.78,ZAR,2026-07-24,18:46:28,INTEREST,Interest - Ref 161975,ATM,PENDING,REFDA1C0D9BC920,BROKEN_FK_customer_id_to_customers
TX020988,UNKNOWN,A0675,235.45,ZAR,2026-07-01,16:41:51,FEE,Fee - Ref 450246,ONLINE,COMPLETED,REFECBC7237DC24,BROKEN_FK_customer_id_to_customers
TX021001,FAKE_2502A3E9,A0211,3392.36,ZAR,2026-03-27,02:03:05,DEBIT_ORDER,Debit Order - Ref 724850,BRANCH,COMPLETED,REF0B3707A6038F,BROKEN_FK_customer_id_to_customers
TX021108,UNKNOWN,A0906,224.65,ZAR,2024-12-05,16:39:56,DEBIT_ORDER,Debit Order - Ref 870866,MOBILE,COMPLETED,REF0DABF8DA796E,BROKEN_FK_customer_id_to_customers
TX021110,UNKNOWN,A1377,15907.6575,ZAR,2026-07-11,16:55:44,DEPOSIT,Deposit - Ref 562620,POS,COMPLETED,REFF3DD20A5782E,BROKEN_FK_customer_id_to_customers
TX021120,FAKE_3F190CA9,A1110,15907.6575,ZAR,2025-08-27,09:02:03,REVERSAL,Reversal - Ref 766086,MOBILE,COMPLETED,REF6CC3C5FCA2EE,BROKEN_FK_customer_id_to_customers
TX021130,UNKNOWN,A0016,1473.64,ZAR,2025-06-22,20:00:55,INTEREST,Interest - Ref 130956,ATM,COMPLETED,REFA34B5B9CEB20,BROKEN_FK_customer_id_to_customers
TX021138,UNKNOWN,A1250,3222.44,ZAR,2024-01-21,23:04:54,DEBIT_ORDER,Debit Order - Ref 908752,BRANCH,COMPLETED,REF8C21AAA6DB63,BROKEN_FK_customer_id_to_customers
TX021178,FAKE_A114345D,A0994,663.21,ZAR,2025-05-03,02:10:37,WITHDRAWAL,Withdrawal - Ref 583621,BRANCH,COMPLETED,REFAD6EEA3C66F1,BROKEN_FK_customer_id_to_customers
TX021274,FAKE_E5FB7760,A1010,117.28,ZAR,2024-04-06,03:16:18,DEBIT_ORDER,Debit Order - Ref 744803,MOBILE,COMPLETED,REF38CE4FAE6346,BROKEN_FK_customer_id_to_customers
TX021356,UNKNOWN,A0253,3755.6,ZAR,2026-05-01,11:06:35,INTEREST,Interest - Ref 957277,ATM,COMPLETED,REF4322FAFCCF2B,BROKEN_FK_customer_id_to_customers
TX021362,FAKE_CEB3C3F5,A1260,1312.4,ZAR,2024-08-19,09:59:00,INTEREST,Interest - Ref 328803,POS,COMPLETED,REF25F8FA09FC1E,BROKEN_FK_customer_id_to_customers
TX021363,UNKNOWN,A0271,200.81,ZAR,2024-06-22,14:46:18,FEE,Fee - Ref 742096,POS,COMPLETED,REF22B5E143FC47,BROKEN_FK_customer_id_to_customers
TX021432,UNKNOWN,UNKNOWN,459.78,ZAR,2025-06-26,20:59:31,DEBIT_ORDER,Debit Order - Ref 689332,ATM,COMPLETED,REF4551AA6EB502,BROKEN_FK_customer_id_to_customers
TX021466,UNKNOWN,A0846,3616.63,ZAR,2024-03-23,05:00:54,DEBIT_ORDER,Debit Order - Ref 944891,MOBILE,COMPLETED,REF169F00768F97,BROKEN_FK_customer_id_to_customers
TX021514,UNKNOWN,A0750,15907.6575,ZAR,2024-03-11,17:14:02,TRANSFER,Transfer - Ref 893658,ONLINE,PENDING,REF700FAECD71A2,BROKEN_FK_customer_id_to_customers
TX021551,UNKNOWN,A1412,1357.3,ZAR,2024-01-29,19:32:09,REVERSAL,Reversal - Ref 447782,ONLINE,PENDING,REF85218018D816,BROKEN_FK_customer_id_to_customers
TX021560,UNKNOWN,A0477,393.89,ZAR,2025-12-11,09:56:44,DEPOSIT,Deposit - Ref 921563,POS,COMPLETED,REF0672A0B1D694,BROKEN_FK_customer_id_to_customers
TX021591,UNKNOWN,A1157,3125.61,ZAR,2025-01-05,15:26:50,INTEREST,Interest - Ref 530826,MOBILE,COMPLETED,REF52284636BE7D,BROKEN_FK_customer_id_to_customers
TX021650,UNKNOWN,A1414,2321.88,ZAR,2025-07-06,21:57:42,PAYMENT,Payment - Ref 539648,MOBILE,COMPLETED,REF700DBF750E65,BROKEN_FK_customer_id_to_customers
TX021667,UNKNOWN,A0786,421.95,ZAR,2024-05-25,15:53:36,INTEREST,Interest - Ref 519409,ONLINE,COMPLETED,REFBA4AB86C66BF,BROKEN_FK_customer_id_to_customers
TX021703,FAKE_FDC5B91C,A0520,15907.6575,ZAR,2026-01-23,09:31:07,DEBIT_ORDER,Debit Order - Ref 444586,MOBILE,COMPLETED,REF18FFBDDB7DDF,BROKEN_FK_customer_id_to_customers
TX021720,UNKNOWN,A0083,89.61,ZAR,2024-11-04,11:22:24,DEBIT_ORDER,Debit Order - Ref 668380,MOBILE,COMPLETED,REFF5C3411D91DB,BROKEN_FK_customer_id_to_customers
TX021771,FAKE_0FF937DE,A0254,3561.42,ZAR,2025-07-13,03:07:04,INTEREST,Interest - Ref 316511,MOBILE,COMPLETED,REF0C6726B72C37,BROKEN_FK_customer_id_to_customers
TX021845,FAKE_73170673,A0909,471.35,ZAR,2026-06-11,08:54:09,FEE,Fee - Ref 182177,ONLINE,COMPLETED,REF192B733522B5,BROKEN_FK_customer_id_to_customers
TX021867,UNKNOWN,A0860,67.32,ZAR,2024-10-20,13:28:57,TRANSFER,Transfer - Ref 987589,MOBILE,COMPLETED,REF934DF81B8B3C,BROKEN_FK_customer_id_to_customers
TX021868,UNKNOWN,A0703,4727.86,ZAR,2025-08-17,13:16:43,DEPOSIT,Deposit - Ref 910932,BRANCH,COMPLETED,REF5CE3056D1CA0,BROKEN_FK_customer_id_to_customers
TX021967,UNKNOWN,A0393,1424.55,ZAR,2025-09-17,19:12:50,INTEREST,Interest - Ref 661466,BRANCH,REVERSED,REFE82C20547617,BROKEN_FK_customer_id_to_customers
TX022013,UNKNOWN,A1210,4042.19,ZAR,2026-02-12,22:47:56,INTEREST,Interest - Ref 168633,ATM,FAILED,REFED919FFB1A32,BROKEN_FK_customer_id_to_customers
TX022025,UNKNOWN,A0173,4964.11,ZAR,2024-10-20,05:00:20,INTEREST,Interest - Ref 290124,ATM,COMPLETED,REF274985C64336,BROKEN_FK_customer_id_to_customers
TX022089,UNKNOWN,A0068,2931.47,ZAR,2025-10-21,12:30:41,WITHDRAWAL,Withdrawal - Ref 570045,POS,COMPLETED,REF6099CA8C2F5E,BROKEN_FK_customer_id_to_customers
TX022247,UNKNOWN,FAKE_FC681A52,12829.16,ZAR,2025-04-03,14:02:04,REVERSAL,Reversal - Ref 627042,ATM,COMPLETED,REF996001DD7587,BROKEN_FK_customer_id_to_customers
TX022248,FAKE_CF075EF0,A0887,3589.84,ZAR,2025-01-02,02:20:16,INTEREST,Interest - Ref 997832,MOBILE,COMPLETED,REF4F259BAA19A4,BROKEN_FK_customer_id_to_customers
TX022278,UNKNOWN,A1432,3269.46,ZAR,2024-04-20,18:08:11,DEPOSIT,Deposit - Ref 655114,POS,COMPLETED,REF7C28421E4C75,BROKEN_FK_customer_id_to_customers
TX022280,UNKNOWN,A0404,333.8,ZAR,2026-09-08,18:06:39,INTEREST,Interest - Ref 780119,ONLINE,COMPLETED,REF63EA5DD1A063,BROKEN_FK_customer_id_to_customers
TX022297,UNKNOWN,A1138,8260.13,ZAR,2025-09-04,23:10:33,DEBIT_ORDER,Debit Order - Ref 119797,ATM,COMPLETED,REF615CDDB543FD,BROKEN_FK_customer_id_to_customers
TX022307,FAKE_63F8839C,A1149,1036.42,ZAR,2026-01-04,14:51:34,DEBIT_ORDER,Debit Order - Ref 625828,ATM,COMPLETED,REF7432A78AEE46,BROKEN_FK_customer_id_to_customers
TX022367,FAKE_23CA3E77,A1381,3554.01,ZAR,2025-05-12,17:22:13,INTEREST,Interest - Ref 214790,ONLINE,COMPLETED,REF9F6D154196AD,BROKEN_FK_customer_id_to_customers
TX022370,FAKE_1F08E147,A0323,8070.37,ZAR,2026-09-15,04:30:05,DEPOSIT,Deposit - Ref 750993,ATM,COMPLETED,REFC1C594D39374,BROKEN_FK_customer_id_to_customers
TX022409,FAKE_AC157DE0,A1319,819.38,ZAR,2024-11-24,02:18:51,DEPOSIT,Deposit - Ref 733944,ATM,COMPLETED,REF89ED76D95913,BROKEN_FK_customer_id_to_customers
TX022449,UNKNOWN,A1015,700.65,ZAR,2024-04-22,14:45:53,INTEREST,Interest - Ref 322561,ONLINE,FAILED,REF8284EF0A3C46,BROKEN_FK_customer_id_to_customers
TX022526,FAKE_D7799132,A0507,315.84,ZAR,2024-06-05,14:48:20,WITHDRAWAL,Withdrawal - Ref 376348,ONLINE,COMPLETED,REFDD02ACA9B204,BROKEN_FK_customer_id_to_customers
TX022533,UNKNOWN,A0771,457.16,ZAR,2026-08-16,17:20:20,TRANSFER,Transfer - Ref 572318,MOBILE,REVERSED,REF37C5ADC98736,BROKEN_FK_customer_id_to_customers
TX022577,FAKE_5AA8EF03,A0383,2500.21,ZAR,2026-09-04,10:35:33,DEBIT_ORDER,Debit Order - Ref 401026,ATM,COMPLETED,REFDB7BD98075D0,BROKEN_FK_customer_id_to_customers
TX022589,UNKNOWN,A1337,15907.6575,ZAR,2026-07-25,10:20:26,REVERSAL,Reversal - Ref 751867,ONLINE,COMPLETED,REF030DA9851FC1,BROKEN_FK_customer_id_to_customers
TX022596,UNKNOWN,A0742,4301.39,ZAR,2025-09-21,12:46:04,PAYMENT,Payment - Ref 719489,ONLINE,COMPLETED,REFC7535F8F87EC,BROKEN_FK_customer_id_to_customers
TX022599,UNKNOWN,A0116,453.48,ZAR,2026-08-05,04:47:43,FEE,Fee - Ref 468908,BRANCH,COMPLETED,REFF20BA8540786,BROKEN_FK_customer_id_to_customers
TX022609,FAKE_2860C4F6,A0203,2105.66,ZAR,2025-03-09,16:46:42,PAYMENT,Payment - Ref 949776,BRANCH,COMPLETED,REFB2669A325CEA,BROKEN_FK_customer_id_to_customers
TX022610,FAKE_6C63A842,A0415,15907.6575,ZAR,2024-01-23,04:10:41,TRANSFER,Transfer - Ref 605223,ATM,COMPLETED,REFE9C1CC39CA82,BROKEN_FK_customer_id_to_customers
TX022615,UNKNOWN,A1314,495.93,ZAR,2025-01-07,01:52:53,WITHDRAWAL,Withdrawal - Ref 553611,ONLINE,COMPLETED,REF97B9FD72BB3E,BROKEN_FK_customer_id_to_customers
TX022616,FAKE_358E2805,A1160,426.2,ZAR,2024-07-31,08:27:36,FEE,Fee - Ref 609048,MOBILE,COMPLETED,REFE7D1660A28E5,BROKEN_FK_customer_id_to_customers
TX022698,UNKNOWN,A0291,15907.6575,ZAR,2024-12-05,07:30:29,DEPOSIT,Deposit - Ref 586193,ONLINE,COMPLETED,REF07AABB607709,BROKEN_FK_customer_id_to_customers
TX022708,UNKNOWN,A1158,4439.31,ZAR,2026-04-22,07:24:56,INTEREST,Interest - Ref 228457,ONLINE,COMPLETED,REFA74601470159,BROKEN_FK_customer_id_to_customers
TX022714,FAKE_434532DB,A0720,1593.47,ZAR,2025-09-12,09:22:18,DEBIT_ORDER,Debit Order - Ref 322682,POS,FAILED,REF2D655F49C241,BROKEN_FK_customer_id_to_customers
TX022715,UNKNOWN,A0464,3656.99,ZAR,2025-07-24,20:31:17,TRANSFER,Transfer - Ref 671788,ONLINE,COMPLETED,REF741EFBD2EFEF,BROKEN_FK_customer_id_to_customers
TX022730,UNKNOWN,A0751,381.98,ZAR,2024-06-08,02:03:12,INTEREST,Interest - Ref 618048,MOBILE,COMPLETED,REF972D993D2BCC,BROKEN_FK_customer_id_to_customers
TX022755,UNKNOWN,A0326,912.61,ZAR,2026-08-31,10:42:33,DEBIT_ORDER,Debit Order - Ref 706197,ONLINE,COMPLETED,REFD8784BA78433,BROKEN_FK_customer_id_to_customers
TX022816,UNKNOWN,A0196,1304.69,ZAR,2026-07-25,19:11:08,PAYMENT,Payment - Ref 284597,ATM,COMPLETED,REFF90BDBEB991E,BROKEN_FK_customer_id_to_customers
TX022855,FAKE_AC6A60D8,A1119,208.59,ZAR,2025-07-15,03:58:56,DEBIT_ORDER,Debit Order - Ref 215588,ATM,COMPLETED,REF5115A4AAB384,BROKEN_FK_customer_id_to_customers
TX022927,UNKNOWN,A1010,9099.35,ZAR,2024-09-09,20:26:30,DEBIT_ORDER,Debit Order - Ref 789498,ONLINE,FAILED,REF4C34FD061A41,BROKEN_FK_customer_id_to_customers
TX023085,UNKNOWN,A0682,1328.41,ZAR,2024-08-25,01:27:22,DEPOSIT,Deposit - Ref 407091,ONLINE,COMPLETED,REF32B2C4BBF804,BROKEN_FK_customer_id_to_customers
TX023091,UNKNOWN,A1471,6224.12,ZAR,2025-07-27,20:07:31,PAYMENT,Payment - Ref 255768,ONLINE,COMPLETED,REF13CEDE3C8D75,BROKEN_FK_customer_id_to_customers
TX023146,UNKNOWN,A0999,461.71,ZAR,2024-07-26,22:49:14,WITHDRAWAL,Withdrawal - Ref 167153,ONLINE,COMPLETED,REFB56FDAE8A567,BROKEN_FK_customer_id_to_customers
TX023147,UNKNOWN,A1210,152.2,ZAR,2024-08-14,09:02:08,WITHDRAWAL,Withdrawal - Ref 177252,POS,COMPLETED,REFFB79F0B731D9,BROKEN_FK_customer_id_to_customers
TX023153,UNKNOWN,A1419,22.7,ZAR,2025-04-14,04:21:42,FEE,Fee - Ref 442054,POS,COMPLETED,REF55B35683959B,BROKEN_FK_customer_id_to_customers
TX023173,FAKE_49F67CFA,A0293,482.58,ZAR,2025-05-12,00:27:36,PAYMENT,Payment - Ref 505455,MOBILE,COMPLETED,REF103AE7A8313D,BROKEN_FK_customer_id_to_customers
TX023191,UNKNOWN,A0692,2208.54,ZAR,2025-10-12,21:03:06,DEBIT_ORDER,Debit Order - Ref 488829,ONLINE,COMPLETED,REFACE99EEA77E8,BROKEN_FK_customer_id_to_customers
TX023199,UNKNOWN,A1062,400.19,ZAR,2024-04-05,23:58:25,FEE,Fee - Ref 895725,ONLINE,COMPLETED,REFE9849E97B4B0,BROKEN_FK_customer_id_to_customers
TX023260,UNKNOWN,A0194,410.15,ZAR,2024-01-02,04:52:26,WITHDRAWAL,Withdrawal - Ref 251580,POS,COMPLETED,REF646C1636B4D4,BROKEN_FK_customer_id_to_customers
TX023274,UNKNOWN,A0471,2497.99,ZAR,2024-08-28,12:56:46,INTEREST,Interest - Ref 356293,BRANCH,COMPLETED,REF6B194262A939,BROKEN_FK_customer_id_to_customers
TX023323,UNKNOWN,A0494,473.47,ZAR,2024-02-11,00:50:14,FEE,Fee - Ref 985316,ATM,COMPLETED,REFEF0FDDF8F7A5,BROKEN_FK_customer_id_to_customers
TX023348,UNKNOWN,A1328,78.79,ZAR,2024-10-02,03:35:18,WITHDRAWAL,Withdrawal - Ref 282293,MOBILE,PENDING,REFBD94798BE35D,BROKEN_FK_customer_id_to_customers
TX023369,UNKNOWN,A0110,593.34,ZAR,2026-06-13,05:35:51,INTEREST,Interest - Ref 380336,POS,COMPLETED,REFEEB73DDAE1ED,BROKEN_FK_customer_id_to_customers
TX023374,UNKNOWN,A1163,15907.6575,ZAR,2024-10-02,13:28:49,REVERSAL,Reversal - Ref 124238,BRANCH,COMPLETED,REF474E84EC2F33,BROKEN_FK_customer_id_to_customers
TX023443,UNKNOWN,A0672,15907.6575,ZAR,2026-01-22,17:19:27,REVERSAL,Reversal - Ref 697569,MOBILE,COMPLETED,REFD48813673274,BROKEN_FK_customer_id_to_customers
TX023448,UNKNOWN,A1261,937.55,ZAR,2025-04-14,08:01:38,TRANSFER,Transfer - Ref 132902,ATM,COMPLETED,REFCE41CBC017A0,BROKEN_FK_customer_id_to_customers
TX023471,UNKNOWN,A0266,315.06,ZAR,2024-12-16,16:32:00,WITHDRAWAL,Withdrawal - Ref 495747,MOBILE,COMPLETED,REF7AA114DC0CFE,BROKEN_FK_customer_id_to_customers
TX023509,UNKNOWN,A0796,4985.63,ZAR,2025-07-10,22:13:29,REVERSAL,Reversal - Ref 750914,BRANCH,COMPLETED,REFB138DC8B9554,BROKEN_FK_customer_id_to_customers
TX023549,FAKE_1E17C8DF,A0434,462.82,ZAR,2025-10-21,00:15:39,FEE,Fee - Ref 954907,MOBILE,COMPLETED,REFEBAD00CC2059,BROKEN_FK_customer_id_to_customers
TX023604,UNKNOWN,A0275,15907.6575,ZAR,2024-01-26,07:27:01,REVERSAL,Reversal - Ref 391374,MOBILE,COMPLETED,REFFB8DA7961BBA,BROKEN_FK_customer_id_to_customers
TX023707,UNKNOWN,A1450,208.48,ZAR,2026-01-04,16:09:59,PAYMENT,Payment - Ref 391928,MOBILE,COMPLETED,REFE8CA9F6E6300,BROKEN_FK_customer_id_to_customers
TX023733,FAKE_34053271,A0551,108.17,ZAR,2026-02-09,11:03:31,WITHDRAWAL,Withdrawal - Ref 696814,ONLINE,COMPLETED,REFE76251423B78,BROKEN_FK_customer_id_to_customers
TX023752,FAKE_24E10F94,A0351,462.81,ZAR,2024-09-03,23:21:47,FEE,Fee - Ref 549414,ONLINE,COMPLETED,REFA207F95F5A86,BROKEN_FK_customer_id_to_customers
TX023799,UNKNOWN,A1365,2305.8,ZAR,2025-07-24,10:20:30,INTEREST,Interest - Ref 789400,ONLINE,REVERSED,REF92E7CBBF13B7,BROKEN_FK_customer_id_to_customers
TX023805,UNKNOWN,A0734,1755.0,ZAR,2025-11-17,07:51:08,DEPOSIT,Deposit - Ref 672775,MOBILE,COMPLETED,REFD1B0E73FA472,BROKEN_FK_customer_id_to_customers
TX023806,UNKNOWN,A1426,641.94,ZAR,2026-06-03,09:51:18,TRANSFER,Transfer - Ref 742641,MOBILE,COMPLETED,REFE16F72DCD9DE,BROKEN_FK_customer_id_to_customers
TX023815,UNKNOWN,A0288,524.52,ZAR,2026-02-10,20:34:37,INTEREST,Interest - Ref 345034,MOBILE,COMPLETED,REFCA05EEFF1E30,BROKEN_FK_customer_id_to_customers
TX023844,UNKNOWN,A0574,15907.6575,ZAR,2025-08-04,17:13:14,REVERSAL,Reversal - Ref 129385,POS,COMPLETED,REF1BA6865155E3,BROKEN_FK_customer_id_to_customers
TX023849,UNKNOWN,A0471,292.55,ZAR,2024-01-20,12:48:15,FEE,Fee - Ref 361244,MOBILE,COMPLETED,REFBCB96FBDF905,BROKEN_FK_customer_id_to_customers
TX023922,FAKE_8B863241,A1058,15907.6575,ZAR,2024-09-28,03:46:36,DEBIT_ORDER,Debit Order - Ref 627382,MOBILE,PENDING,REFE9E5EA825FE0,BROKEN_FK_customer_id_to_customers
TX023991,FAKE_60053398,A0463,3149.39,ZAR,2025-05-02,21:22:16,WITHDRAWAL,Withdrawal - Ref 906627,ATM,COMPLETED,REF0A6C208E6A3D,BROKEN_FK_customer_id_to_customers
TX024011,FAKE_A77A9D2F,A0973,15907.6575,ZAR,2024-02-12,20:19:34,REVERSAL,Reversal - Ref 231519,BRANCH,COMPLETED,REF3F5D8CFBB4A2,BROKEN_FK_customer_id_to_customers
TX024080,UNKNOWN,A1259,356.06,ZAR,2024-07-13,22:40:48,DEBIT_ORDER,Debit Order - Ref 319726,BRANCH,FAILED,REF8E9F0556E3D0,BROKEN_FK_customer_id_to_customers
TX024087,UNKNOWN,A0433,1407.42,ZAR,2024-07-23,16:46:13,DEBIT_ORDER,Debit Order - Ref 701585,MOBILE,COMPLETED,REF7685007631C8,BROKEN_FK_customer_id_to_customers
TX024089,UNKNOWN,A0458,2393.68,ZAR,2024-11-01,08:03:03,DEBIT_ORDER,Debit Order - Ref 525888,MOBILE,REVERSED,REF912D3CED9C99,BROKEN_FK_customer_id_to_customers
TX024117,UNKNOWN,A0153,3422.57,ZAR,2024-12-12,08:27:34,DEPOSIT,Deposit - Ref 244925,MOBILE,COMPLETED,REFED82EDB94894,BROKEN_FK_customer_id_to_customers
TX024298,UNKNOWN,A0652,2674.9,ZAR,2026-09-15,10:15:32,DEPOSIT,Deposit - Ref 478798,MOBILE,REVERSED,REF36D414B7624D,BROKEN_FK_customer_id_to_customers
TX024494,UNKNOWN,A0846,4695.47,ZAR,2026-05-23,09:10:57,TRANSFER,Transfer - Ref 774422,BRANCH,COMPLETED,REFEEDE77E4F65B,BROKEN_FK_customer_id_to_customers
TX024552,FAKE_D4D7B2DB,A1066,15907.6575,ZAR,2025-12-22,10:38:45,DEBIT_ORDER,Debit Order - Ref 286653,MOBILE,PENDING,REFB6613910F023,BROKEN_FK_customer_id_to_customers
TX024590,UNKNOWN,A0664,285.56,ZAR,2024-12-09,17:24:54,PAYMENT,Payment - Ref 562469,ONLINE,COMPLETED,REF19AE140F9707,BROKEN_FK_customer_id_to_customers
TX024596,UNKNOWN,A1103,15907.6575,ZAR,2025-07-28,20:06:01,REVERSAL,Reversal - Ref 385688,MOBILE,COMPLETED,REF4320BD12F540,BROKEN_FK_customer_id_to_customers
TX024610,UNKNOWN,A1186,3018.74,ZAR,2024-09-29,12:46:07,DEBIT_ORDER,Debit Order - Ref 166031,ONLINE,REVERSED,REFCB381956A895,BROKEN_FK_customer_id_to_customers
TX024755,UNKNOWN,A0717,15907.6575,ZAR,2025-08-08,12:21:57,REVERSAL,Reversal - Ref 935010,MOBILE,COMPLETED,REF7E3B67C0F18B,BROKEN_FK_customer_id_to_customers
TX024819,UNKNOWN,A1121,15907.6575,ZAR,2025-09-23,23:48:48,PAYMENT,Payment - Ref 759376,POS,COMPLETED,REF2A0C159E65FC,BROKEN_FK_customer_id_to_customers
TX024857,UNKNOWN,A0560,302.55,ZAR,2024-03-03,13:22:09,WITHDRAWAL,Withdrawal - Ref 227892,MOBILE,COMPLETED,REF9EA64D6236D6,BROKEN_FK_customer_id_to_customers
TX024872,UNKNOWN,A1376,514.44,ZAR,2026-03-24,06:44:12,INTEREST,Interest - Ref 526100,ONLINE,FAILED,REF2A83803B6CF5,BROKEN_FK_customer_id_to_customers
TX024896,FAKE_6CD60B05,A1005,110.43,ZAR,2025-01-09,16:10:59,WITHDRAWAL,Withdrawal - Ref 953814,BRANCH,FAILED,REFD6C0F279D707,BROKEN_FK_customer_id_to_customers
TX024935,UNKNOWN,A0388,15907.6575,ZAR,2026-02-07,09:35:07,REVERSAL,Reversal - Ref 510628,MOBILE,COMPLETED,REFA188EC7386E7,BROKEN_FK_customer_id_to_customers
TX024970,FAKE_257DE28E,A0992,15907.6575,ZAR,2024-02-10,13:36:37,TRANSFER,Transfer - Ref 773787,MOBILE,COMPLETED,REF3F0109B089E0,BROKEN_FK_customer_id_to_customers
TX025048,FAKE_841E4FAF,A0476,2575.2,ZAR,2026-03-18,02:16:16,TRANSFER,Transfer - Ref 350744,MOBILE,COMPLETED,REFE0B1EC8CED08,BROKEN_FK_customer_id_to_customers
TX025102,FAKE_0E1728B4,A1242,13566.79,ZAR,2025-01-06,03:25:25,REVERSAL,Reversal - Ref 217942,ONLINE,COMPLETED,REFBF37C74651DD,BROKEN_FK_customer_id_to_customers
TX025179,FAKE_D05E8E2F,A1439,15907.6575,ZAR,2026-05-14,22:31:21,REVERSAL,Reversal - Ref 118479,POS,FAILED,REF8D8D154852EC,BROKEN_FK_customer_id_to_customers
TX025256,FAKE_7ACC5FF0,A0297,4101.87,ZAR,2025-10-27,22:41:17,INTEREST,Interest - Ref 318304,ONLINE,COMPLETED,REFE5576084D40E,BROKEN_FK_customer_id_to_customers
TX025387,FAKE_E07DA35E,A1233,443.87,ZAR,2026-08-31,00:50:14,FEE,Fee - Ref 813649,POS,COMPLETED,REF5B58DE3FC7FF,BROKEN_FK_customer_id_to_customers
TX025398,FAKE_8F00276A,A0893,476.47,ZAR,2024-03-11,15:06:09,FEE,Fee - Ref 418902,BRANCH,REVERSED,REF4B20F7672D3B,BROKEN_FK_customer_id_to_customers
TX025401,UNKNOWN,A1410,1796.57,ZAR,2025-01-28,21:50:57,PAYMENT,Payment - Ref 767491,MOBILE,PENDING,REF65E1BA0168D5,BROKEN_FK_customer_id_to_customers
TX025404,UNKNOWN,A0537,1394.06,ZAR,2024-12-27,11:11:22,DEBIT_ORDER,Debit Order - Ref 895550,ONLINE,COMPLETED,REF67C9A79E78DF,BROKEN_FK_customer_id_to_customers
TX025451,FAKE_57D4227C,A0339,295.13,ZAR,2025-06-23,10:00:54,WITHDRAWAL,Withdrawal - Ref 463436,ONLINE,COMPLETED,REFE351A732D86C,BROKEN_FK_customer_id_to_customers
TX025460,UNKNOWN,A1272,2121.6,ZAR,2025-08-15,05:35:04,INTEREST,Interest - Ref 418295,ONLINE,COMPLETED,REFC5E46BDC64D5,BROKEN_FK_customer_id_to_customers
TX025488,UNKNOWN,A0683,4193.97,ZAR,2025-10-29,01:36:27,INTEREST,Interest - Ref 364076,ATM,COMPLETED,REFA2809CA0E7BE,BROKEN_FK_customer_id_to_customers
TX025511,UNKNOWN,A0403,5933.37,ZAR,2025-12-05,12:36:59,DEPOSIT,Deposit - Ref 450284,MOBILE,COMPLETED,REF0727389252AB,BROKEN_FK_customer_id_to_customers
TX025560,UNKNOWN,A0926,7419.1,ZAR,2024-01-06,06:20:31,DEPOSIT,Deposit - Ref 260777,ATM,FAILED,REFB4D6522A4F1F,BROKEN_FK_customer_id_to_customers
TX025589,UNKNOWN,A1268,120.64,ZAR,2026-05-08,20:10:19,WITHDRAWAL,Withdrawal - Ref 363226,MOBILE,COMPLETED,REFA427B2DAB2FD,BROKEN_FK_customer_id_to_customers
TX025590,UNKNOWN,A0551,4267.34,ZAR,2024-01-04,00:00:30,PAYMENT,Payment - Ref 796773,MOBILE,FAILED,REFEFD5F350FAEB,BROKEN_FK_customer_id_to_customers
TX025634,UNKNOWN,A1343,352.11,ZAR,2025-10-04,03:50:57,FEE,Fee - Ref 497783,MOBILE,COMPLETED,REF0FF3BF595E83,BROKEN_FK_customer_id_to_customers
TX025753,FAKE_07E46151,A0206,132.9,ZAR,2024-09-11,17:35:22,FEE,Fee - Ref 357973,MOBILE,COMPLETED,REF0E157EB4553C,BROKEN_FK_customer_id_to_customers
TX025842,UNKNOWN,A0981,1040.52,ZAR,2025-09-29,22:47:54,DEPOSIT,Deposit - Ref 619586,POS,COMPLETED,REF839F82F8C597,BROKEN_FK_customer_id_to_customers
TX025916,UNKNOWN,A0858,442.67,ZAR,2024-12-06,03:11:19,PAYMENT,Payment - Ref 158487,ONLINE,COMPLETED,REFC70487DFC960,BROKEN_FK_customer_id_to_customers
TX025940,UNKNOWN,A0425,5889.54,ZAR,2024-08-12,20:45:25,DEBIT_ORDER,Debit Order - Ref 582880,BRANCH,COMPLETED,REFD3690A45FBE1,BROKEN_FK_customer_id_to_customers
TX025948,UNKNOWN,A0885,451.53,ZAR,2026-08-13,07:14:53,FEE,Fee - Ref 364310,ONLINE,COMPLETED,REF8B30CD05A7BD,BROKEN_FK_customer_id_to_customers
TX026049,UNKNOWN,A1161,15907.6575,ZAR,2025-08-30,22:58:55,REVERSAL,Reversal - Ref 856215,POS,COMPLETED,REF0900E1B18EB5,BROKEN_FK_customer_id_to_customers
TX026080,UNKNOWN,A1339,1506.37,ZAR,2026-05-25,18:59:48,DEPOSIT,Deposit - Ref 926591,ATM,COMPLETED,REF88F0F7379DDA,BROKEN_FK_customer_id_to_customers
TX026100,FAKE_81E8F0B2,A0325,1345.94,ZAR,2024-05-27,15:14:46,DEBIT_ORDER,Debit Order - Ref 624504,ONLINE,COMPLETED,REFDB17131534B0,BROKEN_FK_customer_id_to_customers
TX026125,UNKNOWN,A1305,278.8,ZAR,2024-07-30,16:14:11,TRANSFER,Transfer - Ref 344528,ONLINE,COMPLETED,REFD5BFA2B42EDF,BROKEN_FK_customer_id_to_customers
TX026140,UNKNOWN,A1437,7326.54,ZAR,2026-01-19,15:08:40,TRANSFER,Transfer - Ref 489068,POS,COMPLETED,REF29E88E91DF53,BROKEN_FK_customer_id_to_customers
TX026143,UNKNOWN,A0751,46.75,ZAR,2026-05-13,00:01:36,FEE,Fee - Ref 115136,ATM,COMPLETED,REF6687A73E8861,BROKEN_FK_customer_id_to_customers
TX026149,UNKNOWN,A1436,1336.87,ZAR,2025-05-22,23:53:31,WITHDRAWAL,Withdrawal - Ref 649903,ONLINE,COMPLETED,REFC736075FEF5F,BROKEN_FK_customer_id_to_customers
TX026183,UNKNOWN,A0100,629.96,ZAR,2025-05-14,18:58:53,WITHDRAWAL,Withdrawal - Ref 668507,POS,COMPLETED,REFEC177A1CA7F5,BROKEN_FK_customer_id_to_customers
TX026184,UNKNOWN,A1375,869.44,ZAR,2025-08-28,09:50:04,INTEREST,Interest - Ref 190787,MOBILE,COMPLETED,REF990020B98DE1,BROKEN_FK_customer_id_to_customers
TX026246,UNKNOWN,A0077,492.94,ZAR,2025-11-11,11:05:18,FEE,Fee - Ref 428503,ONLINE,COMPLETED,REF01ACEF9B6313,BROKEN_FK_customer_id_to_customers
TX026260,UNKNOWN,A1449,1183.92,ZAR,2026-01-18,04:23:28,PAYMENT,Payment - Ref 341572,MOBILE,REVERSED,REF23FB10E47518,BROKEN_FK_customer_id_to_customers
TX026277,UNKNOWN,A0734,2791.73,ZAR,2026-03-10,16:11:11,INTEREST,Interest - Ref 212334,MOBILE,COMPLETED,REFA14E1A272C14,BROKEN_FK_customer_id_to_customers
TX026312,FAKE_3DC3AEED,A0404,649.73,ZAR,2025-06-20,17:08:38,DEPOSIT,Deposit - Ref 623706,ONLINE,COMPLETED,REFFC26819782CB,BROKEN_FK_customer_id_to_customers
TX026327,UNKNOWN,A1335,138.76,ZAR,2025-09-01,05:29:26,PAYMENT,Payment - Ref 260268,ONLINE,COMPLETED,REFDD0AACB52244,BROKEN_FK_customer_id_to_customers
TX026334,UNKNOWN,A0877,4028.03,ZAR,2026-03-28,01:41:42,INTEREST,Interest - Ref 730063,ONLINE,COMPLETED,REF794E3496BCD6,BROKEN_FK_customer_id_to_customers
TX026358,FAKE_16375AD4,A0042,295.96,ZAR,2025-09-27,18:30:00,WITHDRAWAL,Withdrawal - Ref 885708,ONLINE,COMPLETED,REF998750453133,BROKEN_FK_customer_id_to_customers
TX026450,UNKNOWN,A0693,333.71,ZAR,2026-03-28,10:16:33,PAYMENT,Payment - Ref 371928,MOBILE,COMPLETED,REF08E22E76ACAD,BROKEN_FK_customer_id_to_customers
TX026502,FAKE_7F9E9D71,A0206,6526.35,ZAR,2026-08-12,00:36:51,TRANSFER,Transfer - Ref 328945,POS,COMPLETED,REF2EBCCB9AB2E1,BROKEN_FK_customer_id_to_customers
TX026517,FAKE_82916188,A0496,3598.09,ZAR,2025-06-23,04:43:16,WITHDRAWAL,Withdrawal - Ref 820571,POS,COMPLETED,REF70DBF809CDF4,BROKEN_FK_customer_id_to_customers
TX026597,FAKE_D8E47007,A0880,193.94,ZAR,2024-05-16,21:36:46,DEBIT_ORDER,Debit Order - Ref 397651,ONLINE,COMPLETED,REFCF264EFE72E4,BROKEN_FK_customer_id_to_customers
TX026612,UNKNOWN,A0062,1298.7,ZAR,2025-03-09,22:54:56,DEPOSIT,Deposit - Ref 181770,MOBILE,COMPLETED,REF17A6357B7424,BROKEN_FK_customer_id_to_customers
TX026633,UNKNOWN,A0327,392.16,ZAR,2024-07-03,22:37:03,WITHDRAWAL,Withdrawal - Ref 974524,BRANCH,COMPLETED,REFE4813631C7F9,BROKEN_FK_customer_id_to_customers
TX026647,UNKNOWN,A0862,15907.6575,ZAR,2026-01-26,21:23:29,REVERSAL,Reversal - Ref 254703,POS,COMPLETED,REFDB34F2FBE759,BROKEN_FK_customer_id_to_customers
TX026708,UNKNOWN,A0405,3784.08,ZAR,2024-05-13,02:18:27,DEPOSIT,Deposit - Ref 823220,ATM,COMPLETED,REF91C1E8F3F57A,BROKEN_FK_customer_id_to_customers
TX026749,UNKNOWN,A1379,576.93,ZAR,2025-02-28,09:53:55,WITHDRAWAL,Withdrawal - Ref 736969,MOBILE,COMPLETED,REF684A3672BEB4,BROKEN_FK_customer_id_to_customers
TX026788,FAKE_181BDA99,A0653,3597.1,ZAR,2025-05-29,13:43:16,INTEREST,Interest - Ref 917452,MOBILE,FAILED,REF7AE8D2BC7E6C,BROKEN_FK_customer_id_to_customers
TX026817,UNKNOWN,A1066,12809.76,ZAR,2026-06-10,12:44:03,REVERSAL,Reversal - Ref 594579,POS,COMPLETED,REF868A8CDB743D,BROKEN_FK_customer_id_to_customers
TX026858,UNKNOWN,A1476,164.91,ZAR,2025-12-14,20:26:54,FEE,Fee - Ref 470629,BRANCH,REVERSED,REFD95DD71CC53C,BROKEN_FK_customer_id_to_customers
TX026934,FAKE_794074E4,A1289,311.65,ZAR,2025-09-27,15:26:56,FEE,Fee - Ref 174134,MOBILE,FAILED,REFB95360FB1FAA,BROKEN_FK_customer_id_to_customers
TX026980,UNKNOWN,A1214,30.26,ZAR,2025-10-26,17:40:39,FEE,Fee - Ref 322251,MOBILE,COMPLETED,REF20F6060038B5,BROKEN_FK_customer_id_to_customers
TX027006,UNKNOWN,A1407,7424.96,ZAR,2024-06-09,06:03:31,DEPOSIT,Deposit - Ref 229498,BRANCH,COMPLETED,REFFAEF559C63B2,BROKEN_FK_customer_id_to_customers
TX027008,UNKNOWN,A0495,6960.05,ZAR,2024-06-22,20:14:51,TRANSFER,Transfer - Ref 658031,MOBILE,COMPLETED,REF597D230C81ED,BROKEN_FK_customer_id_to_customers
TX027050,FAKE_B3338D95,A0791,3414.75,ZAR,2026-03-23,17:53:18,PAYMENT,Payment - Ref 288727,MOBILE,COMPLETED,REF772C82CD3648,BROKEN_FK_customer_id_to_customers
TX027183,UNKNOWN,A1281,1467.75,ZAR,2025-02-28,12:39:15,PAYMENT,Payment - Ref 472761,ONLINE,COMPLETED,REF97666693769B,BROKEN_FK_customer_id_to_customers
TX027184,UNKNOWN,A0844,4070.6,ZAR,2024-05-10,03:41:16,INTEREST,Interest - Ref 726344,ATM,COMPLETED,REFE70CC092A829,BROKEN_FK_customer_id_to_customers
TX027197,UNKNOWN,A1262,15907.6575,ZAR,2026-07-30,05:44:39,INTEREST,Interest - Ref 237833,ONLINE,COMPLETED,REF59B10463F1ED,BROKEN_FK_customer_id_to_customers
TX027239,FAKE_D0EAF810,A1096,4396.26,ZAR,2025-08-19,14:56:15,INTEREST,Interest - Ref 639253,MOBILE,COMPLETED,REF25A3F87F6AF9,BROKEN_FK_customer_id_to_customers
TX027252,UNKNOWN,A1248,2277.07,ZAR,2024-09-01,15:40:30,TRANSFER,Transfer - Ref 270036,MOBILE,COMPLETED,REF0ABFE35264E8,BROKEN_FK_customer_id_to_customers
TX027255,UNKNOWN,A0713,260.19,ZAR,2026-02-20,22:52:26,INTEREST,Interest - Ref 762912,MOBILE,COMPLETED,REFA7398A443DA7,BROKEN_FK_customer_id_to_customers
TX027305,UNKNOWN,A0512,15907.6575,ZAR,2026-08-31,01:31:17,TRANSFER,Transfer - Ref 131135,ONLINE,COMPLETED,REF84021A6A88D1,BROKEN_FK_customer_id_to_customers
TX027346,FAKE_5A6D7F47,A1128,500.03,ZAR,2024-01-04,05:02:58,DEBIT_ORDER,Debit Order - Ref 405377,ONLINE,COMPLETED,REF4A89C10437BD,BROKEN_FK_customer_id_to_customers
TX027370,FAKE_0A26A060,A0512,1982.09,ZAR,2025-07-13,00:24:30,DEBIT_ORDER,Debit Order - Ref 523744,MOBILE,COMPLETED,REFC9FCFCDDB264,BROKEN_FK_customer_id_to_customers
TX027377,UNKNOWN,A0951,2538.07,ZAR,2026-09-15,10:05:03,REVERSAL,Reversal - Ref 656765,ATM,COMPLETED,REF505E96513245,BROKEN_FK_customer_id_to_customers
TX027380,UNKNOWN,A1156,2354.22,ZAR,2025-06-19,07:34:00,DEPOSIT,Deposit - Ref 348305,MOBILE,COMPLETED,REFB2C53B23DE92,BROKEN_FK_customer_id_to_customers
TX027423,FAKE_9CE74331,A0024,2165.66,ZAR,2026-07-07,21:18:16,INTEREST,Interest - Ref 910223,MOBILE,COMPLETED,REF023E1A899988,BROKEN_FK_customer_id_to_customers
TX027573,UNKNOWN,A0067,539.17,ZAR,2025-11-26,11:23:50,DEBIT_ORDER,Debit Order - Ref 489477,MOBILE,COMPLETED,REFB9A03B38F783,BROKEN_FK_customer_id_to_customers
TX027586,UNKNOWN,A0753,7398.28,ZAR,2024-02-19,20:41:10,PAYMENT,Payment - Ref 588844,BRANCH,COMPLETED,REFDDA76890E1A3,BROKEN_FK_customer_id_to_customers
TX027650,UNKNOWN,A0045,2948.06,ZAR,2025-06-17,08:30:59,DEBIT_ORDER,Debit Order - Ref 149287,ONLINE,COMPLETED,REF3E25CD0E2482,BROKEN_FK_customer_id_to_customers
TX027683,FAKE_9F3DD676,A0568,1195.08,ZAR,2024-12-16,23:28:46,INTEREST,Interest - Ref 141798,MOBILE,COMPLETED,REFBDEAEC118D65,BROKEN_FK_customer_id_to_customers
TX027741,FAKE_DBEC6A7E,A0048,15907.6575,ZAR,2024-04-15,08:26:18,REVERSAL,Reversal - Ref 920010,POS,REVERSED,REF4A0BCFA4B90A,BROKEN_FK_customer_id_to_customers
TX027772,UNKNOWN,A0145,415.11,ZAR,2024-08-09,13:22:01,TRANSFER,Transfer - Ref 390920,BRANCH,COMPLETED,REFF0DB5D2BC93A,BROKEN_FK_customer_id_to_customers
TX027857,FAKE_F943EB3A,A0860,793.71,ZAR,2026-03-25,07:12:55,TRANSFER,Transfer - Ref 218643,ONLINE,COMPLETED,REF521C9680321D,BROKEN_FK_customer_id_to_customers
TX027867,FAKE_A92CC3CC,A0823,1606.65,ZAR,2026-09-03,00:35:30,PAYMENT,Payment - Ref 513421,ATM,COMPLETED,REFA29D8B0B4A48,BROKEN_FK_customer_id_to_customers
TX027882,FAKE_71211A12,A0457,1489.77,ZAR,2024-08-09,18:52:59,TRANSFER,Transfer - Ref 363631,POS,COMPLETED,REF4244C0DD17D9,BROKEN_FK_customer_id_to_customers
TX028040,UNKNOWN,A1307,4697.43,ZAR,2026-04-05,00:01:09,INTEREST,Interest - Ref 102861,MOBILE,COMPLETED,REFE430099A68AC,BROKEN_FK_customer_id_to_customers
TX028051,UNKNOWN,A1191,2990.4,ZAR,2025-07-28,09:04:36,PAYMENT,Payment - Ref 842234,ATM,COMPLETED,REFCCF4E08F883F,BROKEN_FK_customer_id_to_customers
TX028085,UNKNOWN,A1099,11045.9,ZAR,2026-05-26,01:00:23,PAYMENT,Payment - Ref 795658,MOBILE,COMPLETED,REFB4D858135533,BROKEN_FK_customer_id_to_customers
TX028105,UNKNOWN,A0693,1756.32,ZAR,2025-10-02,11:10:40,DEPOSIT,Deposit - Ref 225250,MOBILE,COMPLETED,REF67CC12D808B6,BROKEN_FK_customer_id_to_customers
TX028159,FAKE_E0A4587D,A0731,15907.6575,ZAR,2024-05-08,22:37:41,REVERSAL,Reversal - Ref 191980,MOBILE,COMPLETED,REF5CF92F31C6DC,BROKEN_FK_customer_id_to_customers
TX028181,FAKE_DBFB086E,A0614,15907.6575,ZAR,2025-03-22,12:56:31,REVERSAL,Reversal - Ref 166807,ONLINE,COMPLETED,REFFD6F152EF123,BROKEN_FK_customer_id_to_customers
TX028250,UNKNOWN,A0928,1027.45,ZAR,2025-04-25,12:34:40,TRANSFER,Transfer - Ref 480500,MOBILE,COMPLETED,REF4DF039D2DDF3,BROKEN_FK_customer_id_to_customers
TX028276,UNKNOWN,A0209,15907.6575,ZAR,2024-09-11,15:05:10,REVERSAL,Reversal - Ref 256809,MOBILE,REVERSED,REF68C701BA5784,BROKEN_FK_customer_id_to_customers
TX028294,FAKE_D53D6D36,A0797,1345.91,ZAR,2025-02-25,11:57:51,DEPOSIT,Deposit - Ref 328477,BRANCH,COMPLETED,REFD47ACB1D6C1D,BROKEN_FK_customer_id_to_customers
TX028326,UNKNOWN,A0261,772.69,ZAR,2024-04-30,06:30:39,WITHDRAWAL,Withdrawal - Ref 418986,BRANCH,COMPLETED,REF11D2B5AC3C19,BROKEN_FK_customer_id_to_customers
TX028337,UNKNOWN,A1069,15907.6575,ZAR,2025-12-18,16:51:44,REVERSAL,Reversal - Ref 436042,MOBILE,COMPLETED,REF86D596951BDE,BROKEN_FK_customer_id_to_customers
TX028364,FAKE_490A54E4,A1056,3106.92,ZAR,2024-03-08,07:31:20,DEPOSIT,Deposit - Ref 573399,MOBILE,COMPLETED,REFE6EC73FC45C2,BROKEN_FK_customer_id_to_customers
TX028436,UNKNOWN,A0791,15907.6575,ZAR,2024-01-04,09:34:51,TRANSFER,Transfer - Ref 897360,MOBILE,COMPLETED,REF3E4EB321AD7C,BROKEN_FK_customer_id_to_customers
TX028462,FAKE_D587E0E9,A0114,921.67,ZAR,2024-11-18,23:32:25,DEPOSIT,Deposit - Ref 143107,MOBILE,COMPLETED,REFE62065BF6B49,BROKEN_FK_customer_id_to_customers
TX028478,UNKNOWN,A0942,11004.28,ZAR,2024-07-17,23:10:03,REVERSAL,Reversal - Ref 764720,POS,COMPLETED,REF865D54EE9A2D,BROKEN_FK_customer_id_to_customers
TX028487,UNKNOWN,A0841,235.63,ZAR,2024-03-27,09:20:54,INTEREST,Interest - Ref 903779,MOBILE,COMPLETED,REF9F2253F847E4,BROKEN_FK_customer_id_to_customers
TX028503,FAKE_A109A4FD,A0037,15907.6575,ZAR,2024-10-15,07:11:33,REVERSAL,Reversal - Ref 146644,POS,REVERSED,REF586685C9642D,BROKEN_FK_customer_id_to_customers
TX028606,FAKE_7F5F213D,A1472,14609.79,ZAR,2026-08-28,00:19:29,DEPOSIT,Deposit - Ref 666327,BRANCH,COMPLETED,REF6B14A52CADF4,BROKEN_FK_customer_id_to_customers
TX028611,FAKE_673D5E42,A0861,4723.61,ZAR,2024-07-12,09:01:09,DEPOSIT,Deposit - Ref 256636,POS,COMPLETED,REF8F246D0FB77B,BROKEN_FK_customer_id_to_customers
TX028626,UNKNOWN,A1219,970.31,ZAR,2024-03-22,20:59:32,WITHDRAWAL,Withdrawal - Ref 835309,POS,COMPLETED,REFB1FEAACB1DDE,BROKEN_FK_customer_id_to_customers
TX028667,FAKE_5456982A,A1253,1284.26,ZAR,2026-05-24,19:11:00,DEBIT_ORDER,Debit Order - Ref 910124,ONLINE,COMPLETED,REF9A73A7D060EA,BROKEN_FK_customer_id_to_customers
TX028682,FAKE_FFB567D7,A0006,15907.6575,ZAR,2025-06-17,20:05:01,REVERSAL,Reversal - Ref 893130,MOBILE,REVERSED,REFA7CC8DC9ED71,BROKEN_FK_customer_id_to_customers
TX028820,FAKE_4092169B,A0192,429.39,ZAR,2026-01-04,05:31:49,DEBIT_ORDER,Debit Order - Ref 722640,MOBILE,COMPLETED,REF426117974629,BROKEN_FK_customer_id_to_customers
TX028848,FAKE_55DCCA9C,A0779,234.47,ZAR,2026-08-05,16:30:55,DEBIT_ORDER,Debit Order - Ref 509370,ONLINE,PENDING,REF2752870B6AAA,BROKEN_FK_customer_id_to_customers
TX028851,UNKNOWN,A1098,15907.6575,ZAR,2024-09-23,19:18:38,REVERSAL,Reversal - Ref 874034,ATM,COMPLETED,REFE5EE709ED32B,BROKEN_FK_customer_id_to_customers
TX028927,UNKNOWN,A0888,1477.12,ZAR,2025-10-10,05:41:47,WITHDRAWAL,Withdrawal - Ref 792654,MOBILE,COMPLETED,REF807F6E1E6F8A,BROKEN_FK_customer_id_to_customers
TX028935,UNKNOWN,A0010,4785.6,ZAR,2026-08-14,09:42:59,REVERSAL,Reversal - Ref 333841,BRANCH,COMPLETED,REFA1808CCCD117,BROKEN_FK_customer_id_to_customers
TX028938,UNKNOWN,A1194,5865.77,ZAR,2025-01-31,06:58:38,DEPOSIT,Deposit - Ref 114820,MOBILE,COMPLETED,REF67B9437CBFCD,BROKEN_FK_customer_id_to_customers
TX028971,FAKE_6416501A,A1304,4946.26,ZAR,2024-08-18,12:09:32,DEBIT_ORDER,Debit Order - Ref 277520,MOBILE,COMPLETED,REFC753859AC449,BROKEN_FK_customer_id_to_customers
TX029027,UNKNOWN,A1378,2189.51,ZAR,2025-12-01,23:01:49,DEBIT_ORDER,Debit Order - Ref 630617,ATM,COMPLETED,REF1F3A95BC3D5C,BROKEN_FK_customer_id_to_customers
TX029047,UNKNOWN,A1359,437.98,ZAR,2026-06-22,20:24:06,DEPOSIT,Deposit - Ref 835233,ONLINE,COMPLETED,REFFFE6829FF731,BROKEN_FK_customer_id_to_customers
TX029087,UNKNOWN,A0608,739.75,ZAR,2024-09-11,15:27:14,DEBIT_ORDER,Debit Order - Ref 999252,ONLINE,COMPLETED,REF6BF492BF5CB1,BROKEN_FK_customer_id_to_customers
TX029140,UNKNOWN,A1045,1628.57,ZAR,2026-07-15,16:09:25,WITHDRAWAL,Withdrawal - Ref 259367,ONLINE,REVERSED,REF83324FD6B5A4,BROKEN_FK_customer_id_to_customers
TX029152,FAKE_D2C34E79,A1200,228.87,ZAR,2026-04-21,05:03:20,INTEREST,Interest - Ref 828032,ONLINE,COMPLETED,REF847BBA371C32,BROKEN_FK_customer_id_to_customers
TX029154,FAKE_F7D57E4D,A1371,3969.51,ZAR,2024-06-25,05:16:47,INTEREST,Interest - Ref 961076,ATM,REVERSED,REF18F00A91A351,BROKEN_FK_customer_id_to_customers
TX029201,FAKE_DD85B34F,A1058,4246.25,ZAR,2026-03-23,01:16:18,INTEREST,Interest - Ref 539687,MOBILE,COMPLETED,REF9A7D6A8A4FC2,BROKEN_FK_customer_id_to_customers
TX029203,UNKNOWN,A0166,2377.57,ZAR,2026-05-04,13:41:56,INTEREST,Interest - Ref 611027,ATM,COMPLETED,REFC5277F1007EF,BROKEN_FK_customer_id_to_customers
TX029249,FAKE_500FA18A,A0345,1629.73,ZAR,2025-02-03,15:12:07,TRANSFER,Transfer - Ref 126512,MOBILE,COMPLETED,REF412BFF90A578,BROKEN_FK_customer_id_to_customers
TX029261,UNKNOWN,A1075,249.95,ZAR,2026-02-09,07:08:15,TRANSFER,Transfer - Ref 893285,ONLINE,COMPLETED,REFE09AD0587BDF,BROKEN_FK_customer_id_to_customers
TX029277,FAKE_45223193,A0418,1856.53,ZAR,2025-12-26,03:33:42,TRANSFER,Transfer - Ref 153866,POS,COMPLETED,REF02E8C8256DC0,BROKEN_FK_customer_id_to_customers
TX029303,FAKE_C5599ED4,A0219,13816.59,ZAR,2025-10-02,01:42:57,REVERSAL,Reversal - Ref 248968,ATM,COMPLETED,REF324CD09AE986,BROKEN_FK_customer_id_to_customers
TX029332,UNKNOWN,A1392,13924.79,ZAR,2026-02-08,10:43:41,REVERSAL,Reversal - Ref 798172,ONLINE,COMPLETED,REF8F50A7093227,BROKEN_FK_customer_id_to_customers
TX029360,UNKNOWN,A0998,3541.9,ZAR,2025-06-04,10:07:10,DEPOSIT,Deposit - Ref 934181,ONLINE,COMPLETED,REF96B67D871C6F,BROKEN_FK_customer_id_to_customers
TX029362,FAKE_502FCEAB,A0022,12351.69,ZAR,2025-02-28,20:08:22,REVERSAL,Reversal - Ref 684365,BRANCH,COMPLETED,REFC7C959B24311,BROKEN_FK_customer_id_to_customers
TX029384,UNKNOWN,A0313,4312.93,ZAR,2025-01-17,21:14:57,TRANSFER,Transfer - Ref 453943,MOBILE,COMPLETED,REF0608CB0569DA,BROKEN_FK_customer_id_to_customers
TX029474,UNKNOWN,A1312,15907.6575,ZAR,2024-11-24,13:36:05,REVERSAL,Reversal - Ref 674640,MOBILE,COMPLETED,REF8354673649D3,BROKEN_FK_customer_id_to_customers
TX029477,UNKNOWN,A1052,1881.48,ZAR,2026-01-06,14:00:56,DEPOSIT,Deposit - Ref 253498,ATM,COMPLETED,REF0506CBDEA00C,BROKEN_FK_customer_id_to_customers
TX029498,UNKNOWN,A0357,13617.34,ZAR,2024-07-17,12:41:09,DEBIT_ORDER,Debit Order - Ref 549737,MOBILE,COMPLETED,REFCC3109D6DE8E,BROKEN_FK_customer_id_to_customers
TX029503,FAKE_E0F4225D,UNKNOWN,7532.0,ZAR,2026-09-13,05:24:44,TRANSFER,Transfer - Ref 130837,ONLINE,COMPLETED,REFC02F2585CBCC,BROKEN_FK_customer_id_to_customers
TX029513,UNKNOWN,A0482,14041.2,ZAR,2026-04-08,02:04:46,REVERSAL,Reversal - Ref 306171,MOBILE,COMPLETED,REFE6BFEBEA598D,BROKEN_FK_customer_id_to_customers
TX029558,UNKNOWN,A0049,55.7,ZAR,2026-07-19,19:12:20,FEE,Fee - Ref 711183,ONLINE,COMPLETED,REF9BB984A151F8,BROKEN_FK_customer_id_to_customers
TX029602,FAKE_E9625DC5,A0815,15907.6575,ZAR,2025-07-28,23:40:54,REVERSAL,Reversal - Ref 646022,POS,COMPLETED,REF92F1B376EB8C,BROKEN_FK_customer_id_to_customers
TX029665,UNKNOWN,A0862,2708.7,ZAR,2026-03-04,16:45:01,INTEREST,Interest - Ref 282296,MOBILE,COMPLETED,REFACA2764925AA,BROKEN_FK_customer_id_to_customers
TX029855,UNKNOWN,A1392,268.61,ZAR,2024-03-08,07:20:05,DEBIT_ORDER,Debit Order - Ref 365483,ONLINE,COMPLETED,REF47F29DA95B96,BROKEN_FK_customer_id_to_customers
TX029875,UNKNOWN,A0857,265.75,ZAR,2026-03-16,09:30:14,FEE,Fee - Ref 923336,ATM,PENDING,REF85554C214E21,BROKEN_FK_customer_id_to_customers
TX029899,UNKNOWN,UNKNOWN,747.74,ZAR,2025-08-29,18:32:34,DEBIT_ORDER,Debit Order - Ref 884449,ONLINE,COMPLETED,REF60434EA5A03F,BROKEN_FK_customer_id_to_customers
TX029959,UNKNOWN,A0400,6656.28,ZAR,2024-08-31,05:36:40,DEPOSIT,Deposit - Ref 330510,POS,COMPLETED,REF0AED53C9AA2F,BROKEN_FK_customer_id_to_customers
TX029984,UNKNOWN,UNKNOWN,2010.89,ZAR,2025-05-04,05:55:05,INTEREST,Interest - Ref 288638,POS,COMPLETED,REFB86B21FDFCE3,BROKEN_FK_customer_id_to_customers
TX029992,UNKNOWN,A1023,1837.92,ZAR,2026-05-09,16:57:56,INTEREST,Interest - Ref 162418,MOBILE,COMPLETED,REFF14CFDF0C275,BROKEN_FK_customer_id_to_customers
TX030046,UNKNOWN,A1455,15022.74,ZAR,2024-01-09,01:43:27,TRANSFER,Transfer - Ref 678984,MOBILE,COMPLETED,REF02E98ECD7ECD,BROKEN_FK_customer_id_to_customers
TX030093,UNKNOWN,A0957,15907.6575,ZAR,2026-05-04,09:41:56,TRANSFER,Transfer - Ref 307225,BRANCH,REVERSED,REFB4250DCA59AB,BROKEN_FK_customer_id_to_customers
TX030094,UNKNOWN,A1319,7152.39,ZAR,2024-10-11,11:08:01,PAYMENT,Payment - Ref 254341,MOBILE,COMPLETED,REFEF16101E2760,BROKEN_FK_customer_id_to_customers
TX030105,UNKNOWN,A0310,15907.6575,ZAR,2024-06-01,22:36:15,TRANSFER,Transfer - Ref 958400,MOBILE,COMPLETED,REFA1011019C9DF,BROKEN_FK_customer_id_to_customers
TX030195,UNKNOWN,A0206,1029.99,ZAR,2025-06-13,05:58:48,DEPOSIT,Deposit - Ref 938770,ATM,COMPLETED,REF36C1245DEC1A,BROKEN_FK_customer_id_to_customers
TX030226,UNKNOWN,A1004,1566.74,ZAR,2026-04-24,22:29:11,DEPOSIT,Deposit - Ref 861777,MOBILE,COMPLETED,REF0D20D4E5F7EC,BROKEN_FK_customer_id_to_customers
TX030229,UNKNOWN,A0161,309.18,ZAR,2024-03-28,16:37:47,WITHDRAWAL,Withdrawal - Ref 781410,BRANCH,COMPLETED,REF77EB40EF86BA,BROKEN_FK_customer_id_to_customers
TX030323,UNKNOWN,A1055,282.4,ZAR,2024-10-06,22:47:57,FEE,Fee - Ref 848030,BRANCH,COMPLETED,REF762D904F64E7,BROKEN_FK_customer_id_to_customers
TX030378,UNKNOWN,A0312,762.01,ZAR,2026-06-16,21:53:27,TRANSFER,Transfer - Ref 360693,ONLINE,COMPLETED,REF933E350EDE8D,BROKEN_FK_customer_id_to_customers
TX030414,UNKNOWN,A0225,1205.79,ZAR,2025-10-12,14:42:11,PAYMENT,Payment - Ref 108338,MOBILE,COMPLETED,REFBEB0C9AB8097,BROKEN_FK_customer_id_to_customers
TX030416,UNKNOWN,A0669,15216.33,ZAR,2026-05-21,23:15:30,PAYMENT,Payment - Ref 143355,ONLINE,COMPLETED,REFE897A0B43F9E,BROKEN_FK_customer_id_to_customers
TX030443,UNKNOWN,A0727,15907.6575,ZAR,2026-04-13,15:17:26,TRANSFER,Transfer - Ref 643711,ATM,COMPLETED,REFFB00C2FA43A1,BROKEN_FK_customer_id_to_customers
TX030485,UNKNOWN,A0623,3585.2,ZAR,2026-01-06,10:14:40,INTEREST,Interest - Ref 218027,ONLINE,COMPLETED,REF48B2140B76D2,BROKEN_FK_customer_id_to_customers
TX030509,UNKNOWN,A1144,708.01,ZAR,2025-03-02,20:32:58,DEPOSIT,Deposit - Ref 440505,POS,FAILED,REFB673CCEE20AD,BROKEN_FK_customer_id_to_customers
TX030512,UNKNOWN,A1230,15907.6575,ZAR,2025-10-05,10:13:30,REVERSAL,Reversal - Ref 381841,ONLINE,COMPLETED,REFBF627EEAB23D,BROKEN_FK_customer_id_to_customers
TX030543,FAKE_6D842BF8,A1371,246.33,ZAR,2024-10-08,07:20:21,DEBIT_ORDER,Debit Order - Ref 498210,MOBILE,COMPLETED,REFBA3EE437DC1A,BROKEN_FK_customer_id_to_customers
TX030597,UNKNOWN,A0248,15907.6575,ZAR,2026-03-17,23:08:33,REVERSAL,Reversal - Ref 519585,ATM,COMPLETED,REF65D9B340D7EA,BROKEN_FK_customer_id_to_customers
TX030598,FAKE_79ADE13D,A0915,253.69,ZAR,2026-03-15,06:31:59,FEE,Fee - Ref 254552,ATM,COMPLETED,REF347ACC15ACDB,BROKEN_FK_customer_id_to_customers
TX030644,UNKNOWN,A1286,1100.07,ZAR,2025-03-05,03:27:14,DEPOSIT,Deposit - Ref 892180,ONLINE,COMPLETED,REF6EDD89568BE6,BROKEN_FK_customer_id_to_customers
TX030689,UNKNOWN,A0493,470.41,ZAR,2025-06-05,01:01:45,FEE,Fee - Ref 309798,ONLINE,COMPLETED,REF54F02D23DFBA,BROKEN_FK_customer_id_to_customers
TX030709,UNKNOWN,A0879,41.61,ZAR,2025-12-02,16:18:14,FEE,Fee - Ref 981225,BRANCH,COMPLETED,REFB96E57145C56,BROKEN_FK_customer_id_to_customers
TX030757,UNKNOWN,A1113,265.14,ZAR,2024-10-11,18:26:36,FEE,Fee - Ref 511834,MOBILE,COMPLETED,REF03C8961F3179,BROKEN_FK_customer_id_to_customers
TX030783,UNKNOWN,A0692,15907.6575,ZAR,2024-03-02,02:47:53,REVERSAL,Reversal - Ref 129035,MOBILE,COMPLETED,REF808371B09493,BROKEN_FK_customer_id_to_customers
TX030848,FAKE_6D4DF42B,A1471,2229.67,ZAR,2024-12-06,02:29:02,DEBIT_ORDER,Debit Order - Ref 472853,ATM,COMPLETED,REFD45733B02BBE,BROKEN_FK_customer_id_to_customers
TX030871,FAKE_F5327457,A0960,560.94,ZAR,2026-02-10,02:10:05,TRANSFER,Transfer - Ref 704147,MOBILE,COMPLETED,REF445BEB7D52FD,BROKEN_FK_customer_id_to_customers
TX030872,FAKE_E23F260D,A1459,148.05,ZAR,2026-07-22,08:57:00,WITHDRAWAL,Withdrawal - Ref 375222,ONLINE,COMPLETED,REFEBDE6EEB3932,BROKEN_FK_customer_id_to_customers
TX030875,UNKNOWN,A1036,2243.2,ZAR,2025-06-05,14:12:57,REVERSAL,Reversal - Ref 508078,ONLINE,COMPLETED,REFD1A3C54B8C58,BROKEN_FK_customer_id_to_customers
TX030877,FAKE_4A7F5A42,A0845,1747.39,ZAR,2026-07-06,01:27:36,DEPOSIT,Deposit - Ref 134745,MOBILE,COMPLETED,REF19F38A0EB284,BROKEN_FK_customer_id_to_customers
TX030900,UNKNOWN,A0671,7374.9,ZAR,2025-10-25,20:42:22,TRANSFER,Transfer - Ref 861562,MOBILE,COMPLETED,REF4D7C97EEE069,BROKEN_FK_customer_id_to_customers
TX030916,FAKE_0AF7FBA5,A1330,3409.35,ZAR,2025-03-24,21:14:32,INTEREST,Interest - Ref 558231,POS,COMPLETED,REFBB582610CCE0,BROKEN_FK_customer_id_to_customers
TX030949,FAKE_264C6E2A,A0403,3056.54,ZAR,2025-08-13,13:46:53,PAYMENT,Payment - Ref 121173,BRANCH,COMPLETED,REF7260D8741F66,BROKEN_FK_customer_id_to_customers
TX030963,UNKNOWN,A0704,2854.92,ZAR,2025-12-28,17:22:59,REVERSAL,Reversal - Ref 435085,POS,COMPLETED,REFAB5638EABA86,BROKEN_FK_customer_id_to_customers
TX031016,UNKNOWN,A0450,917.12,ZAR,2026-09-12,19:58:36,PAYMENT,Payment - Ref 763960,ONLINE,PENDING,REF0CCA652DCDA7,BROKEN_FK_customer_id_to_customers
TX031038,UNKNOWN,A1268,319.86,ZAR,2024-01-31,09:49:40,WITHDRAWAL,Withdrawal - Ref 825505,ATM,COMPLETED,REF856C69919D77,BROKEN_FK_customer_id_to_customers
TX031111,UNKNOWN,A0025,339.33,ZAR,2025-09-26,15:00:25,FEE,Fee - Ref 525139,BRANCH,COMPLETED,REFF61FE79F55B9,BROKEN_FK_customer_id_to_customers
TX031120,UNKNOWN,A1408,3340.99,ZAR,2024-04-11,20:14:02,INTEREST,Interest - Ref 675225,MOBILE,COMPLETED,REF215667A200E5,BROKEN_FK_customer_id_to_customers
TX031124,FAKE_49702833,A0035,4647.81,ZAR,2024-01-23,11:06:42,PAYMENT,Payment - Ref 933443,ATM,COMPLETED,REF6722069FF78C,BROKEN_FK_customer_id_to_customers
TX031150,UNKNOWN,A1082,1659.84,ZAR,2025-12-01,23:56:59,DEPOSIT,Deposit - Ref 916682,MOBILE,COMPLETED,REF424570730600,BROKEN_FK_customer_id_to_customers
TX031169,UNKNOWN,A0921,234.42,ZAR,2024-12-20,03:17:01,INTEREST,Interest - Ref 914353,ATM,COMPLETED,REF426E73E71B8B,BROKEN_FK_customer_id_to_customers
TX031175,FAKE_AA94C4A2,A0770,4577.93,ZAR,2024-02-05,12:27:11,INTEREST,Interest - Ref 773891,BRANCH,COMPLETED,REFD7DB77898223,BROKEN_FK_customer_id_to_customers
TX031366,UNKNOWN,A1152,2097.27,ZAR,2025-08-21,06:59:26,DEPOSIT,Deposit - Ref 248656,ONLINE,COMPLETED,REF78A34FBD0F25,BROKEN_FK_customer_id_to_customers
TX031446,UNKNOWN,A0759,1737.8,ZAR,2026-04-26,11:57:00,PAYMENT,Payment - Ref 807113,ONLINE,COMPLETED,REFCFF53B530A2B,BROKEN_FK_customer_id_to_customers
TX031498,FAKE_EDC0E9DF,A0107,13702.58,ZAR,2026-02-23,01:32:22,REVERSAL,Reversal - Ref 399686,MOBILE,COMPLETED,REF7BF5FCFF801E,BROKEN_FK_customer_id_to_customers
TX031565,UNKNOWN,A0452,15907.6575,ZAR,2025-02-09,22:08:43,REVERSAL,Reversal - Ref 185552,POS,COMPLETED,REFE955D9084C8F,BROKEN_FK_customer_id_to_customers
TX031585,UNKNOWN,A1126,3142.69,ZAR,2024-11-12,19:44:24,DEBIT_ORDER,Debit Order - Ref 133164,ATM,COMPLETED,REF70226E695FEE,BROKEN_FK_customer_id_to_customers
TX031616,UNKNOWN,A0071,15907.6575,ZAR,2025-11-19,14:03:05,DEPOSIT,Deposit - Ref 678249,ONLINE,COMPLETED,REF45C5F5CE1FC5,BROKEN_FK_customer_id_to_customers
TX031634,FAKE_B8E7A8E1,A0901,730.27,ZAR,2024-08-08,01:39:15,INTEREST,Interest - Ref 683674,MOBILE,COMPLETED,REF0B25349942D9,BROKEN_FK_customer_id_to_customers
TX031649,UNKNOWN,A1157,281.68,ZAR,2026-01-31,20:56:40,FEE,Fee - Ref 517231,ONLINE,REVERSED,REFA24407DC9AEC,BROKEN_FK_customer_id_to_customers
TX031650,FAKE_0B87AB59,A0333,932.22,ZAR,2024-02-13,14:57:33,WITHDRAWAL,Withdrawal - Ref 119835,ATM,COMPLETED,REF32E564D2FB1A,BROKEN_FK_customer_id_to_customers
TX031702,FAKE_E439369A,A0869,3953.58,ZAR,2025-06-13,17:33:24,DEPOSIT,Deposit - Ref 812487,ONLINE,PENDING,REF3F657D101A9D,BROKEN_FK_customer_id_to_customers
TX031740,UNKNOWN,A0057,519.47,ZAR,2025-08-28,01:49:37,WITHDRAWAL,Withdrawal - Ref 997256,MOBILE,COMPLETED,REFEEED45F248AA,BROKEN_FK_customer_id_to_customers
TX031772,UNKNOWN,A0182,90.54,ZAR,2024-04-25,08:43:28,DEBIT_ORDER,Debit Order - Ref 822190,MOBILE,COMPLETED,REF8591B02A1274,BROKEN_FK_customer_id_to_customers
TX031809,UNKNOWN,A0396,864.08,ZAR,2025-07-27,02:16:52,PAYMENT,Payment - Ref 433686,MOBILE,COMPLETED,REF468AF0D2236A,BROKEN_FK_customer_id_to_customers
TX031845,UNKNOWN,UNKNOWN,786.82,ZAR,2025-01-12,19:51:25,TRANSFER,Transfer - Ref 125625,MOBILE,REVERSED,REF43E24192AB03,BROKEN_FK_customer_id_to_customers
TX031861,FAKE_661EAEF3,A0213,3156.24,ZAR,2024-10-01,03:29:04,INTEREST,Interest - Ref 381829,POS,COMPLETED,REF8B05D84D3BC5,BROKEN_FK_customer_id_to_customers
TX031930,FAKE_A5FE3217,A0529,218.01,ZAR,2026-06-05,20:29:00,DEPOSIT,Deposit - Ref 375618,ONLINE,COMPLETED,REF913885092CDB,BROKEN_FK_customer_id_to_customers
TX032153,UNKNOWN,A0208,4588.37,ZAR,2025-01-25,09:12:47,INTEREST,Interest - Ref 194055,POS,FAILED,REFF52D2CE57643,BROKEN_FK_customer_id_to_customers
TX032186,FAKE_CC9984CE,A1123,798.63,ZAR,2024-10-11,14:18:38,DEPOSIT,Deposit - Ref 590364,ONLINE,COMPLETED,REFB0CD7024E567,BROKEN_FK_customer_id_to_customers
TX032245,UNKNOWN,A1135,2407.68,ZAR,2026-03-26,03:19:35,REVERSAL,Reversal - Ref 496143,BRANCH,COMPLETED,REF9A40F2980A41,BROKEN_FK_customer_id_to_customers
TX032262,FAKE_B5956A13,A0040,15907.6575,ZAR,2025-04-05,20:38:58,REVERSAL,Reversal - Ref 968252,POS,REVERSED,REF27EFA3CA1FF8,BROKEN_FK_customer_id_to_customers
TX032273,FAKE_4C951F42,A0895,256.25,ZAR,2024-05-12,19:54:14,FEE,Fee - Ref 425742,BRANCH,REVERSED,REFD3BA6623A2BE,BROKEN_FK_customer_id_to_customers
TX032292,UNKNOWN,A1350,1262.01,ZAR,2026-04-13,03:39:44,DEPOSIT,Deposit - Ref 140490,MOBILE,COMPLETED,REFC4526D4D781E,BROKEN_FK_customer_id_to_customers
TX032325,UNKNOWN,A0681,341.17,ZAR,2025-07-08,15:57:09,FEE,Fee - Ref 895580,ONLINE,COMPLETED,REF0FA55A0031E4,BROKEN_FK_customer_id_to_customers
TX032464,UNKNOWN,A0447,4672.37,ZAR,2025-03-09,05:34:34,INTEREST,Interest - Ref 483622,ONLINE,COMPLETED,REFF6FB78E2BEED,BROKEN_FK_customer_id_to_customers
TX032496,UNKNOWN,A1407,302.07,ZAR,2024-12-16,21:36:12,TRANSFER,Transfer - Ref 269451,MOBILE,FAILED,REF7679EEE0BD47,BROKEN_FK_customer_id_to_customers
TX032639,UNKNOWN,A0042,3154.99,ZAR,2024-03-25,20:54:47,INTEREST,Interest - Ref 639655,BRANCH,COMPLETED,REFBBF397B11996,BROKEN_FK_customer_id_to_customers
TX032679,FAKE_30B8CA7E,A1435,501.55,ZAR,2024-07-13,16:35:08,INTEREST,Interest - Ref 898835,POS,COMPLETED,REFA24C72D5CF4B,BROKEN_FK_customer_id_to_customers
TX032713,FAKE_F5A3565B,A0424,4720.54,ZAR,2026-05-07,05:35:43,INTEREST,Interest - Ref 398729,ONLINE,COMPLETED,REF2E9CE6047497,BROKEN_FK_customer_id_to_customers
TX032775,UNKNOWN,A1293,617.16,ZAR,2024-12-22,20:34:29,INTEREST,Interest - Ref 570834,ONLINE,COMPLETED,REF774124E7CA5E,BROKEN_FK_customer_id_to_customers
TX032790,UNKNOWN,A1469,206.44,ZAR,2024-04-20,23:32:26,FEE,Fee - Ref 514285,ATM,PENDING,REF445D1AF93F37,BROKEN_FK_customer_id_to_customers
TX032825,UNKNOWN,A1280,572.98,ZAR,2024-08-12,09:58:34,WITHDRAWAL,Withdrawal - Ref 343787,ONLINE,COMPLETED,REFEF5993194EB8,BROKEN_FK_customer_id_to_customers
TX032831,UNKNOWN,A0163,670.37,ZAR,2024-05-22,04:48:36,PAYMENT,Payment - Ref 792193,ATM,COMPLETED,REFA84237FBD3EA,BROKEN_FK_customer_id_to_customers
TX032862,FAKE_6BFA978E,A0540,465.04,ZAR,2025-11-27,22:18:00,PAYMENT,Payment - Ref 328501,ONLINE,COMPLETED,REF11B39E1D781B,BROKEN_FK_customer_id_to_customers
TX032937,UNKNOWN,A1463,313.15,ZAR,2025-07-18,08:21:50,PAYMENT,Payment - Ref 143419,ATM,COMPLETED,REF22700B12C2DE,BROKEN_FK_customer_id_to_customers
TX033013,UNKNOWN,A0645,2229.61,ZAR,2025-03-19,18:14:28,PAYMENT,Payment - Ref 241961,ONLINE,COMPLETED,REFB57E9FB66642,BROKEN_FK_customer_id_to_customers
TX033047,UNKNOWN,A1178,2662.34,ZAR,2025-06-09,15:20:20,INTEREST,Interest - Ref 491353,ONLINE,COMPLETED,REFC5C216CEE441,BROKEN_FK_customer_id_to_customers
TX033189,FAKE_F82E1748,A0195,1345.56,ZAR,2025-06-06,10:10:30,DEPOSIT,Deposit - Ref 636051,MOBILE,COMPLETED,REF10AC7AAE0989,BROKEN_FK_customer_id_to_customers
TX033225,UNKNOWN,A1129,4226.72,ZAR,2024-01-27,20:40:55,TRANSFER,Transfer - Ref 955839,BRANCH,COMPLETED,REF65C74A6147A3,BROKEN_FK_customer_id_to_customers
TX033262,UNKNOWN,A0024,14922.85,ZAR,2024-12-16,00:34:31,TRANSFER,Transfer - Ref 101586,ATM,COMPLETED,REF0BC5EBD6C315,BROKEN_FK_customer_id_to_customers
TX033266,UNKNOWN,A1005,2166.11,ZAR,2025-02-02,02:13:25,PAYMENT,Payment - Ref 805557,ATM,COMPLETED,REF31372658A8AE,BROKEN_FK_customer_id_to_customers
TX033268,UNKNOWN,A0505,1749.11,ZAR,2024-07-20,08:33:43,DEPOSIT,Deposit - Ref 808451,MOBILE,COMPLETED,REF4269CA12B36E,BROKEN_FK_customer_id_to_customers
TX033279,FAKE_0C69B40B,A0725,1958.6,ZAR,2026-08-04,11:11:01,DEBIT_ORDER,Debit Order - Ref 305022,BRANCH,COMPLETED,REF2EDFD514672A,BROKEN_FK_customer_id_to_customers
TX033301,UNKNOWN,A0309,358.06,ZAR,2026-07-07,05:59:35,DEPOSIT,Deposit - Ref 317105,ATM,COMPLETED,REF64B4BC0EC764,BROKEN_FK_customer_id_to_customers
TX033307,UNKNOWN,UNKNOWN,616.89,ZAR,2026-09-07,07:29:50,WITHDRAWAL,Withdrawal - Ref 296227,ONLINE,COMPLETED,REF110B5B34E397,BROKEN_FK_customer_id_to_customers
TX033455,FAKE_679F3089,A0181,47.03,ZAR,2025-02-10,01:27:21,PAYMENT,Payment - Ref 332674,MOBILE,PENDING,REFEBEF534619BD,BROKEN_FK_customer_id_to_customers
TX033482,UNKNOWN,A0630,1855.77,ZAR,2024-09-02,04:17:13,INTEREST,Interest - Ref 365662,BRANCH,COMPLETED,REF91ADFE3F6BD6,BROKEN_FK_customer_id_to_customers
TX033593,FAKE_5D18EB1D,A1087,1098.42,ZAR,2024-12-10,16:16:27,DEBIT_ORDER,Debit Order - Ref 640601,MOBILE,COMPLETED,REF07D60BCE62D1,BROKEN_FK_customer_id_to_customers
TX033663,UNKNOWN,A1161,3297.61,ZAR,2025-12-04,05:41:25,PAYMENT,Payment - Ref 227465,ONLINE,COMPLETED,REFBFFEC76C81D2,BROKEN_FK_customer_id_to_customers
TX033672,UNKNOWN,A0359,906.97,ZAR,2025-11-12,01:05:09,PAYMENT,Payment - Ref 907527,ONLINE,COMPLETED,REFA1B003267676,BROKEN_FK_customer_id_to_customers
TX033676,FAKE_2EF8D5BD,A1229,611.28,ZAR,2025-03-07,13:31:16,WITHDRAWAL,Withdrawal - Ref 636921,MOBILE,COMPLETED,REFEFEC72CC45AE,BROKEN_FK_customer_id_to_customers
TX033686,UNKNOWN,A0845,2806.48,ZAR,2026-05-26,14:35:11,INTEREST,Interest - Ref 733162,MOBILE,COMPLETED,REF6052437F8344,BROKEN_FK_customer_id_to_customers
TX033694,UNKNOWN,A0602,705.65,ZAR,2026-08-22,14:06:56,TRANSFER,Transfer - Ref 560547,ONLINE,COMPLETED,REFB57A16785187,BROKEN_FK_customer_id_to_customers
TX033709,UNKNOWN,A1445,1766.78,ZAR,2025-07-05,15:47:12,DEPOSIT,Deposit - Ref 426732,MOBILE,COMPLETED,REFFF301BAFAC61,BROKEN_FK_customer_id_to_customers
TX033775,UNKNOWN,FAKE_6BB3C942,14333.85,ZAR,2024-05-02,08:00:07,PAYMENT,Payment - Ref 220393,MOBILE,COMPLETED,REF865467C5484A,BROKEN_FK_customer_id_to_customers
TX033864,FAKE_2C88E46F,A0291,2308.38,ZAR,2024-10-03,16:41:29,INTEREST,Interest - Ref 431250,BRANCH,PENDING,REF3279E04DC72A,BROKEN_FK_customer_id_to_customers
TX033883,UNKNOWN,A0407,855.76,ZAR,2024-01-17,09:46:09,DEPOSIT,Deposit - Ref 945349,BRANCH,COMPLETED,REF0365921D9D06,BROKEN_FK_customer_id_to_customers
TX033966,FAKE_D6369A0F,A0550,1202.82,ZAR,2025-01-13,03:46:31,WITHDRAWAL,Withdrawal - Ref 604075,ATM,COMPLETED,REFCC3F9DD637CC,BROKEN_FK_customer_id_to_customers
TX033986,FAKE_1197AAB0,A1416,3202.32,ZAR,2025-03-02,04:15:53,DEPOSIT,Deposit - Ref 982246,ONLINE,COMPLETED,REFBFC8861A47F9,BROKEN_FK_customer_id_to_customers
TX034051,UNKNOWN,A1078,2581.9,ZAR,2026-01-07,12:32:39,PAYMENT,Payment - Ref 159273,ATM,COMPLETED,REF0480FAEB5BDD,BROKEN_FK_customer_id_to_customers
TX034095,UNKNOWN,A0737,15907.6575,ZAR,2025-05-30,03:51:38,TRANSFER,Transfer - Ref 817731,ATM,COMPLETED,REF6ADE1D68155F,BROKEN_FK_customer_id_to_customers
TX034104,UNKNOWN,A1260,15241.92,ZAR,2025-10-06,00:24:48,REVERSAL,Reversal - Ref 959569,ATM,COMPLETED,REF9CA042EE6383,BROKEN_FK_customer_id_to_customers
TX034118,UNKNOWN,A0334,6799.88,ZAR,2024-10-12,06:26:36,DEPOSIT,Deposit - Ref 803037,ONLINE,PENDING,REF65A7400FB511,BROKEN_FK_customer_id_to_customers
TX034178,UNKNOWN,A0502,2200.65,ZAR,2026-09-02,23:14:48,PAYMENT,Payment - Ref 822204,ATM,COMPLETED,REFDD75337BA39E,BROKEN_FK_customer_id_to_customers
TX034202,UNKNOWN,A0820,732.92,ZAR,2026-06-21,16:04:27,WITHDRAWAL,Withdrawal - Ref 601346,ATM,COMPLETED,REFD3D1D27A70E4,BROKEN_FK_customer_id_to_customers
TX034265,FAKE_9908C700,A0224,1908.98,ZAR,2024-10-08,14:18:51,DEPOSIT,Deposit - Ref 862011,ONLINE,COMPLETED,REF3DA6B87E44FD,BROKEN_FK_customer_id_to_customers
TX034281,UNKNOWN,A1266,4572.92,ZAR,2026-05-10,03:24:03,INTEREST,Interest - Ref 227817,ATM,REVERSED,REF4900657C1A30,BROKEN_FK_customer_id_to_customers
TX034331,UNKNOWN,A1319,3388.93,ZAR,2026-08-15,18:30:13,INTEREST,Interest - Ref 991041,ONLINE,COMPLETED,REF2BA654BC0F0E,BROKEN_FK_customer_id_to_customers
TX034347,UNKNOWN,A0955,15907.6575,ZAR,2026-07-13,15:36:53,REVERSAL,Reversal - Ref 129255,MOBILE,COMPLETED,REFB8F6D864944E,BROKEN_FK_customer_id_to_customers
TX034358,UNKNOWN,A0243,2574.68,ZAR,2024-06-07,10:34:56,DEPOSIT,Deposit - Ref 797220,MOBILE,REVERSED,REFCBC758E633A4,BROKEN_FK_customer_id_to_customers
TX034360,UNKNOWN,A1306,2303.83,ZAR,2024-01-28,23:17:59,PAYMENT,Payment - Ref 989945,MOBILE,COMPLETED,REF11010E58DD3C,BROKEN_FK_customer_id_to_customers
TX034377,UNKNOWN,A1012,8174.31,ZAR,2025-02-22,03:10:29,DEPOSIT,Deposit - Ref 466280,MOBILE,COMPLETED,REFB52F17C289EF,BROKEN_FK_customer_id_to_customers
TX034380,UNKNOWN,A0551,1209.14,ZAR,2025-10-31,02:39:02,WITHDRAWAL,Withdrawal - Ref 267817,ONLINE,COMPLETED,REF43993613F266,BROKEN_FK_customer_id_to_customers
TX034383,UNKNOWN,A0118,1907.44,ZAR,2025-05-23,14:13:36,DEPOSIT,Deposit - Ref 410285,BRANCH,COMPLETED,REF1F3273AA5872,BROKEN_FK_customer_id_to_customers
TX034418,UNKNOWN,A0786,2255.89,ZAR,2026-08-04,18:20:59,PAYMENT,Payment - Ref 723848,MOBILE,COMPLETED,REF0946C2D82A5D,BROKEN_FK_customer_id_to_customers
TX034479,FAKE_3D149D98,A1308,152.6,ZAR,2025-01-13,16:42:55,FEE,Fee - Ref 168878,BRANCH,COMPLETED,REF0200B03CB546,BROKEN_FK_customer_id_to_customers
TX034486,FAKE_F35C72F1,A0373,1028.26,ZAR,2024-05-30,22:08:28,DEPOSIT,Deposit - Ref 711041,BRANCH,PENDING,REFB1A0EAF3D95D,BROKEN_FK_customer_id_to_customers
TX034489,FAKE_95505D58,A0366,639.12,ZAR,2025-05-30,16:41:33,TRANSFER,Transfer - Ref 239234,ATM,COMPLETED,REF5B687BC2E24D,BROKEN_FK_customer_id_to_customers
TX034531,UNKNOWN,A0622,158.72,ZAR,2025-04-22,18:28:09,PAYMENT,Payment - Ref 610434,ONLINE,COMPLETED,REF795FFA0BE8BD,BROKEN_FK_customer_id_to_customers
TX034543,UNKNOWN,A1360,15907.6575,ZAR,2024-05-06,12:17:44,DEBIT_ORDER,Debit Order - Ref 685588,ATM,COMPLETED,REFEC6D01C18DF5,BROKEN_FK_customer_id_to_customers
TX034605,UNKNOWN,A1067,717.98,ZAR,2024-04-28,14:03:29,DEBIT_ORDER,Debit Order - Ref 585904,BRANCH,COMPLETED,REFECE3A2496428,BROKEN_FK_customer_id_to_customers
TX034745,UNKNOWN,A0973,15907.6575,ZAR,2025-03-13,18:11:29,DEPOSIT,Deposit - Ref 565449,ONLINE,COMPLETED,REFAA8F079A6C05,BROKEN_FK_customer_id_to_customers
TX034814,UNKNOWN,A0482,812.22,ZAR,2026-09-04,09:33:38,WITHDRAWAL,Withdrawal - Ref 847968,ATM,REVERSED,REFD4703E1E49EF,BROKEN_FK_customer_id_to_customers
TX034851,UNKNOWN,A0668,529.12,ZAR,2025-04-16,15:44:48,PAYMENT,Payment - Ref 955206,POS,COMPLETED,REF239E053867E0,BROKEN_FK_customer_id_to_customers
TX034852,UNKNOWN,A0109,538.46,ZAR,2026-08-27,14:20:20,DEBIT_ORDER,Debit Order - Ref 509597,ATM,COMPLETED,REF3F6FCB6AFCC8,BROKEN_FK_customer_id_to_customers
TX034863,UNKNOWN,UNKNOWN,3783.39,ZAR,2024-11-05,20:10:16,INTEREST,Interest - Ref 583622,ONLINE,COMPLETED,REF8E00D0D9864D,BROKEN_FK_customer_id_to_customers
TX034864,UNKNOWN,A0296,114.76,ZAR,2024-07-11,16:02:37,TRANSFER,Transfer - Ref 586875,ONLINE,COMPLETED,REF0CEE2BFBCE5E,BROKEN_FK_customer_id_to_customers
TX034867,FAKE_45C63EBD,A0169,6552.18,ZAR,2025-08-24,04:43:41,DEPOSIT,Deposit - Ref 574372,MOBILE,FAILED,REF7C72978C420B,BROKEN_FK_customer_id_to_customers
TX034886,UNKNOWN,A0198,15907.6575,ZAR,2025-08-02,07:11:56,REVERSAL,Reversal - Ref 905022,MOBILE,COMPLETED,REF7E9D354EB0B9,BROKEN_FK_customer_id_to_customers
TX034897,FAKE_D19F1048,A1361,452.54,ZAR,2024-07-24,20:03:09,TRANSFER,Transfer - Ref 928806,POS,COMPLETED,REF83E6DD918F10,BROKEN_FK_customer_id_to_customers
TX035030,FAKE_74963B1E,A0947,2282.23,ZAR,2025-11-27,17:06:15,WITHDRAWAL,Withdrawal - Ref 918575,ONLINE,COMPLETED,REF700B9C8AD8F4,BROKEN_FK_customer_id_to_customers
TX035031,UNKNOWN,A1289,2360.18,ZAR,2025-06-25,13:19:09,TRANSFER,Transfer - Ref 558865,ONLINE,COMPLETED,REF06206421A308,BROKEN_FK_customer_id_to_customers
TX035087,UNKNOWN,A0197,163.3,ZAR,2024-10-19,14:11:10,FEE,Fee - Ref 965794,POS,COMPLETED,REF8CAF68461514,BROKEN_FK_customer_id_to_customers
TX035100,UNKNOWN,A1234,697.55,ZAR,2025-04-25,10:11:09,WITHDRAWAL,Withdrawal - Ref 774051,MOBILE,COMPLETED,REFFC9393C8DB94,BROKEN_FK_customer_id_to_customers
TX035150,UNKNOWN,FAKE_518CE1A3,1888.72,ZAR,2026-04-19,13:31:39,TRANSFER,Transfer - Ref 282327,MOBILE,COMPLETED,REF580A9F19D44D,BROKEN_FK_customer_id_to_customers
TX035193,FAKE_C85D8405,A1090,14250.98,ZAR,2024-06-04,15:19:24,DEPOSIT,Deposit - Ref 568870,MOBILE,COMPLETED,REF36580CC0F9EA,BROKEN_FK_customer_id_to_customers
TX035220,UNKNOWN,A0138,138.07,ZAR,2024-01-31,08:47:52,DEBIT_ORDER,Debit Order - Ref 429130,MOBILE,PENDING,REFA03D52172D02,BROKEN_FK_customer_id_to_customers
TX035229,UNKNOWN,A0682,3712.91,ZAR,2026-05-18,18:11:54,DEPOSIT,Deposit - Ref 626933,MOBILE,COMPLETED,REF3C5FE1FAF8E8,BROKEN_FK_customer_id_to_customers
TX035321,FAKE_255DD87D,A0189,5048.96,ZAR,2025-07-15,21:25:13,TRANSFER,Transfer - Ref 850422,BRANCH,PENDING,REFE51ED98444EA,BROKEN_FK_customer_id_to_customers
TX035322,UNKNOWN,A0271,818.37,ZAR,2025-05-31,07:29:54,DEBIT_ORDER,Debit Order - Ref 410948,ONLINE,PENDING,REF2833105D8DD0,BROKEN_FK_customer_id_to_customers
TX035345,FAKE_C9B36756,A1197,3961.22,ZAR,2024-10-30,17:12:58,TRANSFER,Transfer - Ref 204210,ATM,COMPLETED,REFB6F41339DCCC,BROKEN_FK_customer_id_to_customers
TX035357,FAKE_41CFAE69,A0344,3169.95,ZAR,2025-03-16,21:44:22,TRANSFER,Transfer - Ref 314925,ONLINE,COMPLETED,REF76B1A17ED813,BROKEN_FK_customer_id_to_customers
TX035454,UNKNOWN,A1473,4376.27,ZAR,2026-01-21,07:23:30,TRANSFER,Transfer - Ref 134028,MOBILE,COMPLETED,REF6FE5A7A8C36A,BROKEN_FK_customer_id_to_customers
TX035455,UNKNOWN,A0417,629.8,ZAR,2024-10-21,06:08:03,WITHDRAWAL,Withdrawal - Ref 732495,MOBILE,COMPLETED,REF78F9C3316D42,BROKEN_FK_customer_id_to_customers
TX035462,UNKNOWN,A1038,822.12,ZAR,2026-07-14,13:58:47,DEPOSIT,Deposit - Ref 574874,ONLINE,COMPLETED,REFAC2349F6EA34,BROKEN_FK_customer_id_to_customers
TX035486,UNKNOWN,A0377,1694.81,ZAR,2024-05-13,12:30:50,TRANSFER,Transfer - Ref 871891,MOBILE,COMPLETED,REF6A4D62D52276,BROKEN_FK_customer_id_to_customers
TX035502,UNKNOWN,A1346,517.56,ZAR,2026-08-09,01:30:02,WITHDRAWAL,Withdrawal - Ref 174999,ONLINE,COMPLETED,REF72F461D427FD,BROKEN_FK_customer_id_to_customers
TX035545,UNKNOWN,A0987,12208.86,ZAR,2025-06-13,14:21:51,REVERSAL,Reversal - Ref 746923,POS,COMPLETED,REFB08D020CA7FB,BROKEN_FK_customer_id_to_customers
TX035578,UNKNOWN,A0033,402.57,ZAR,2026-07-08,07:56:41,DEPOSIT,Deposit - Ref 240434,MOBILE,COMPLETED,REF7266DD03C556,BROKEN_FK_customer_id_to_customers
TX035603,FAKE_E647DB72,A1450,1404.78,ZAR,2025-07-14,00:36:45,TRANSFER,Transfer - Ref 958897,MOBILE,COMPLETED,REF232D2F3F7732,BROKEN_FK_customer_id_to_customers
TX035659,UNKNOWN,A1474,2689.11,ZAR,2025-09-26,22:15:54,INTEREST,Interest - Ref 416090,BRANCH,COMPLETED,REF7CAF8B3BCE3A,BROKEN_FK_customer_id_to_customers
TX035670,FAKE_1045F8B0,A0895,15907.6575,ZAR,2025-08-15,02:06:19,REVERSAL,Reversal - Ref 126020,ONLINE,COMPLETED,REF83E1942CBA12,BROKEN_FK_customer_id_to_customers
TX035690,UNKNOWN,A1495,130.58,ZAR,2026-02-02,19:45:57,PAYMENT,Payment - Ref 891025,ONLINE,COMPLETED,REFC865E8887074,BROKEN_FK_customer_id_to_customers
TX035712,UNKNOWN,A1065,4442.09,ZAR,2025-06-28,10:55:07,INTEREST,Interest - Ref 958104,ONLINE,COMPLETED,REF4FF817A0F61B,BROKEN_FK_customer_id_to_customers
TX035717,UNKNOWN,A0094,708.76,ZAR,2025-12-08,02:40:55,WITHDRAWAL,Withdrawal - Ref 479434,MOBILE,COMPLETED,REFBD244A44317C,BROKEN_FK_customer_id_to_customers
TX035723,UNKNOWN,A1177,512.61,ZAR,2025-11-11,13:51:38,WITHDRAWAL,Withdrawal - Ref 388382,ONLINE,COMPLETED,REF12E38338789F,BROKEN_FK_customer_id_to_customers
TX035724,UNKNOWN,A1333,5852.13,ZAR,2025-12-15,00:47:48,TRANSFER,Transfer - Ref 609430,MOBILE,COMPLETED,REF2C3105404FCA,BROKEN_FK_customer_id_to_customers
TX035740,UNKNOWN,A0581,15907.6575,ZAR,2025-12-18,02:09:03,REVERSAL,Reversal - Ref 578403,BRANCH,COMPLETED,REFFC6A08E63D9E,BROKEN_FK_customer_id_to_customers
TX035756,UNKNOWN,A0715,327.47,ZAR,2026-05-29,20:14:45,DEBIT_ORDER,Debit Order - Ref 794743,ATM,COMPLETED,REFFBF21D06A537,BROKEN_FK_customer_id_to_customers
TX035797,UNKNOWN,A1062,904.56,ZAR,2024-12-18,15:59:05,TRANSFER,Transfer - Ref 433114,MOBILE,PENDING,REF8489365A613E,BROKEN_FK_customer_id_to_customers
TX035826,UNKNOWN,A0861,4825.84,ZAR,2024-01-03,20:21:08,DEPOSIT,Deposit - Ref 540650,MOBILE,COMPLETED,REF74BCAF64B6A1,BROKEN_FK_customer_id_to_customers
TX035915,UNKNOWN,A0263,219.51,ZAR,2024-08-10,00:20:31,TRANSFER,Transfer - Ref 697517,MOBILE,COMPLETED,REFD2C3E569ECE1,BROKEN_FK_customer_id_to_customers
TX035917,UNKNOWN,A0795,3899.24,ZAR,2026-05-08,06:47:16,DEPOSIT,Deposit - Ref 831447,MOBILE,COMPLETED,REFCB94175B68BA,BROKEN_FK_customer_id_to_customers
TX035920,FAKE_5617C274,A0847,399.4,ZAR,2026-09-06,23:28:24,WITHDRAWAL,Withdrawal - Ref 524366,MOBILE,COMPLETED,REF4ABC51D459A1,BROKEN_FK_customer_id_to_customers
TX036024,UNKNOWN,A0210,376.87,ZAR,2025-11-04,05:05:34,WITHDRAWAL,Withdrawal - Ref 428200,MOBILE,COMPLETED,REF04387B86C810,BROKEN_FK_customer_id_to_customers
TX036142,UNKNOWN,A0459,3829.77,ZAR,2026-03-25,12:25:42,INTEREST,Interest - Ref 696983,ONLINE,COMPLETED,REFD26642C84706,BROKEN_FK_customer_id_to_customers
TX036187,FAKE_53A1FE09,A0568,15907.6575,ZAR,2025-01-07,01:12:17,REVERSAL,Reversal - Ref 867243,MOBILE,COMPLETED,REF139AE3811001,BROKEN_FK_customer_id_to_customers
TX036197,UNKNOWN,A1239,2471.03,ZAR,2026-08-16,04:10:58,DEPOSIT,Deposit - Ref 414346,MOBILE,COMPLETED,REFCE860BB96A55,BROKEN_FK_customer_id_to_customers
TX036231,FAKE_A7AD2C37,A0845,127.64,ZAR,2024-02-04,17:49:06,FEE,Fee - Ref 765345,POS,COMPLETED,REF004D1DBF438D,BROKEN_FK_customer_id_to_customers
TX036248,UNKNOWN,A0539,2134.97,ZAR,2026-02-17,02:40:45,PAYMENT,Payment - Ref 146052,MOBILE,COMPLETED,REF1E7BEECC0757,BROKEN_FK_customer_id_to_customers
TX036387,UNKNOWN,A0547,225.08,ZAR,2024-09-03,14:24:37,WITHDRAWAL,Withdrawal - Ref 375822,ATM,PENDING,REFB633CC1EB812,BROKEN_FK_customer_id_to_customers
TX036403,UNKNOWN,A0485,189.37,ZAR,2026-02-23,23:08:35,WITHDRAWAL,Withdrawal - Ref 866098,ONLINE,COMPLETED,REF16F7F31DEA75,BROKEN_FK_customer_id_to_customers
TX036446,UNKNOWN,A0534,3254.17,ZAR,2025-05-20,18:53:03,WITHDRAWAL,Withdrawal - Ref 763174,MOBILE,COMPLETED,REF9DCA2FBFA46B,BROKEN_FK_customer_id_to_customers
TX036476,UNKNOWN,A0396,3600.99,ZAR,2025-11-04,00:37:54,DEBIT_ORDER,Debit Order - Ref 925100,ONLINE,COMPLETED,REF4E4C876C0AD0,BROKEN_FK_customer_id_to_customers
TX036495,UNKNOWN,A0804,72.37,ZAR,2024-04-30,14:33:54,WITHDRAWAL,Withdrawal - Ref 801868,MOBILE,COMPLETED,REFF2933ED48137,BROKEN_FK_customer_id_to_customers
TX036548,FAKE_17ECC0B1,A0376,2058.07,ZAR,2024-10-29,19:35:21,WITHDRAWAL,Withdrawal - Ref 303736,ONLINE,COMPLETED,REF26C171D92762,BROKEN_FK_customer_id_to_customers
TX036613,UNKNOWN,A0196,15907.6575,ZAR,2025-08-27,12:19:39,REVERSAL,Reversal - Ref 504698,MOBILE,COMPLETED,REF8E497B06BF0E,BROKEN_FK_customer_id_to_customers
TX036662,UNKNOWN,A0617,2246.65,ZAR,2024-02-20,06:19:59,INTEREST,Interest - Ref 259857,ONLINE,COMPLETED,REF35A763C0E41B,BROKEN_FK_customer_id_to_customers
TX036722,UNKNOWN,A0574,4131.55,ZAR,2025-09-28,06:57:36,INTEREST,Interest - Ref 901037,MOBILE,COMPLETED,REFDE3566391D4D,BROKEN_FK_customer_id_to_customers
TX036734,UNKNOWN,A0963,1949.33,ZAR,2024-02-15,07:33:41,WITHDRAWAL,Withdrawal - Ref 964697,ATM,COMPLETED,REF36B7D941E4D0,BROKEN_FK_customer_id_to_customers
TX036739,UNKNOWN,A1351,5336.43,ZAR,2024-09-06,06:41:01,DEPOSIT,Deposit - Ref 583634,BRANCH,COMPLETED,REFB5E65E37D8F8,BROKEN_FK_customer_id_to_customers
TX036747,FAKE_3033F81C,A0381,726.65,ZAR,2024-08-29,22:49:06,DEBIT_ORDER,Debit Order - Ref 167298,ONLINE,COMPLETED,REF4FFEC6980DAD,BROKEN_FK_customer_id_to_customers
TX036856,UNKNOWN,A1155,368.93,ZAR,2026-03-17,21:38:57,TRANSFER,Transfer - Ref 504916,MOBILE,COMPLETED,REFAC8D3B3C0E23,BROKEN_FK_customer_id_to_customers
TX036980,UNKNOWN,A0052,260.03,ZAR,2026-02-23,12:34:14,TRANSFER,Transfer - Ref 269864,MOBILE,COMPLETED,REFC606E3F34F73,BROKEN_FK_customer_id_to_customers
TX037020,FAKE_F490BBD9,A0971,7445.81,ZAR,2025-08-22,11:06:36,REVERSAL,Reversal - Ref 591948,MOBILE,COMPLETED,REFEDD79F201899,BROKEN_FK_customer_id_to_customers
TX037119,UNKNOWN,A1342,4462.7,ZAR,2026-05-08,04:38:35,REVERSAL,Reversal - Ref 355099,ATM,COMPLETED,REF843E3B043629,BROKEN_FK_customer_id_to_customers
TX037153,UNKNOWN,A0611,468.32,ZAR,2024-05-03,10:31:30,DEBIT_ORDER,Debit Order - Ref 636745,MOBILE,COMPLETED,REF79DBEEA1B40C,BROKEN_FK_customer_id_to_customers
TX037211,FAKE_9D7D6023,A1376,938.79,ZAR,2024-03-10,19:48:58,PAYMENT,Payment - Ref 763646,MOBILE,COMPLETED,REF421A493279F0,BROKEN_FK_customer_id_to_customers
TX037212,UNKNOWN,A0101,74.15,ZAR,2024-05-21,22:44:55,DEBIT_ORDER,Debit Order - Ref 181576,ATM,COMPLETED,REFABF2BA0C063B,BROKEN_FK_customer_id_to_customers
TX037305,UNKNOWN,A0329,1758.62,ZAR,2025-03-19,15:23:31,PAYMENT,Payment - Ref 303039,ATM,COMPLETED,REF11056AB5FA16,BROKEN_FK_customer_id_to_customers
TX037399,UNKNOWN,A1322,335.53,ZAR,2026-03-22,08:17:13,PAYMENT,Payment - Ref 941800,ONLINE,COMPLETED,REF62653D5891F6,BROKEN_FK_customer_id_to_customers
TX037458,UNKNOWN,A1183,1101.53,ZAR,2024-07-25,12:54:47,TRANSFER,Transfer - Ref 727121,BRANCH,COMPLETED,REFE2E36F3007B2,BROKEN_FK_customer_id_to_customers
TX037462,UNKNOWN,A0894,4384.53,ZAR,2024-01-09,19:48:12,REVERSAL,Reversal - Ref 832775,MOBILE,FAILED,REFABBEEE9CF0CA,BROKEN_FK_customer_id_to_customers
TX037468,UNKNOWN,A0690,4121.38,ZAR,2025-03-13,18:43:54,DEPOSIT,Deposit - Ref 267891,ONLINE,COMPLETED,REFAB1A4B7BE56F,BROKEN_FK_customer_id_to_customers
TX037482,FAKE_D1C5DFA8,A0628,474.18,ZAR,2026-08-16,22:00:41,FEE,Fee - Ref 982679,MOBILE,COMPLETED,REF04C1853A6535,BROKEN_FK_customer_id_to_customers
TX037542,UNKNOWN,A0458,3707.65,ZAR,2024-12-01,08:23:09,INTEREST,Interest - Ref 451430,ATM,COMPLETED,REF2A44E4FFE703,BROKEN_FK_customer_id_to_customers
TX037602,FAKE_F4B10098,A0145,393.0,ZAR,2025-07-30,01:41:03,FEE,Fee - Ref 887731,POS,COMPLETED,REF3E3FD274F3D7,BROKEN_FK_customer_id_to_customers
TX037616,FAKE_30F2F981,A0428,457.06,ZAR,2026-05-19,13:43:38,FEE,Fee - Ref 540902,MOBILE,COMPLETED,REFBA21E620AE71,BROKEN_FK_customer_id_to_customers
TX037627,UNKNOWN,UNKNOWN,2032.7,ZAR,2026-04-17,00:34:59,PAYMENT,Payment - Ref 108675,POS,COMPLETED,REFAF4F9DF03850,BROKEN_FK_customer_id_to_customers
TX037666,UNKNOWN,A0868,1882.85,ZAR,2024-04-18,10:37:20,DEPOSIT,Deposit - Ref 886958,POS,COMPLETED,REF4504000536EC,BROKEN_FK_customer_id_to_customers
TX037672,UNKNOWN,A1010,4861.39,ZAR,2024-05-08,02:30:32,INTEREST,Interest - Ref 402419,MOBILE,COMPLETED,REFE9BB8B39516B,BROKEN_FK_customer_id_to_customers
TX037688,UNKNOWN,A0104,178.09,ZAR,2024-10-09,09:00:08,FEE,Fee - Ref 185198,ONLINE,COMPLETED,REF467465E8F618,BROKEN_FK_customer_id_to_customers
TX037803,UNKNOWN,A0557,240.33,ZAR,2025-03-11,01:30:44,FEE,Fee - Ref 666342,BRANCH,COMPLETED,REF5F6D1585A04C,BROKEN_FK_customer_id_to_customers
TX037806,FAKE_4130A2B5,A1225,405.05,ZAR,2025-06-03,22:56:50,WITHDRAWAL,Withdrawal - Ref 198528,MOBILE,COMPLETED,REF624D876EB2D7,BROKEN_FK_customer_id_to_customers
TX037842,FAKE_CD30489D,A0347,840.77,ZAR,2024-01-12,07:57:45,WITHDRAWAL,Withdrawal - Ref 940487,ATM,COMPLETED,REFE68B915EDC57,BROKEN_FK_customer_id_to_customers
TX037900,UNKNOWN,A0737,213.34,ZAR,2026-09-15,08:36:12,TRANSFER,Transfer - Ref 156999,BRANCH,COMPLETED,REFB88C641CB771,BROKEN_FK_customer_id_to_customers
TX037961,UNKNOWN,A1030,946.61,ZAR,2026-04-19,13:08:54,INTEREST,Interest - Ref 181281,MOBILE,COMPLETED,REFD82AC8726A7B,BROKEN_FK_customer_id_to_customers
TX037985,FAKE_0614ECAA,A0564,57.44,ZAR,2026-08-31,19:08:14,INTEREST,Interest - Ref 105386,MOBILE,COMPLETED,REFD3749E533896,BROKEN_FK_customer_id_to_customers
TX038013,UNKNOWN,A0024,4675.77,ZAR,2025-07-31,11:04:27,DEPOSIT,Deposit - Ref 469216,ONLINE,COMPLETED,REF354EE285EAE5,BROKEN_FK_customer_id_to_customers
TX038034,UNKNOWN,A0484,476.24,ZAR,2024-01-31,04:21:53,FEE,Fee - Ref 644160,ONLINE,COMPLETED,REF4531D282D3CA,BROKEN_FK_customer_id_to_customers
TX038057,UNKNOWN,A0307,3894.38,ZAR,2024-05-27,00:27:50,TRANSFER,Transfer - Ref 489469,ONLINE,COMPLETED,REF73279BC6B8F9,BROKEN_FK_customer_id_to_customers
TX038090,UNKNOWN,A1423,15907.6575,ZAR,2025-12-23,08:54:32,REVERSAL,Reversal - Ref 903913,BRANCH,COMPLETED,REFD6A9426CDF09,BROKEN_FK_customer_id_to_customers
TX038189,UNKNOWN,A0597,219.82,ZAR,2025-02-24,23:27:49,WITHDRAWAL,Withdrawal - Ref 661923,MOBILE,COMPLETED,REFF9585C24E0B9,BROKEN_FK_customer_id_to_customers
TX038194,UNKNOWN,A1386,1108.76,ZAR,2025-06-22,03:13:06,DEPOSIT,Deposit - Ref 835215,BRANCH,COMPLETED,REF17F6DBCC6CF0,BROKEN_FK_customer_id_to_customers
TX038199,UNKNOWN,A1444,899.48,ZAR,2026-07-17,19:45:21,DEPOSIT,Deposit - Ref 642337,MOBILE,COMPLETED,REFFA5D9226CA4A,BROKEN_FK_customer_id_to_customers
TX038231,UNKNOWN,A0683,174.22,ZAR,2024-02-22,15:31:21,FEE,Fee - Ref 987697,MOBILE,COMPLETED,REFBB5F43EF5644,BROKEN_FK_customer_id_to_customers
TX038343,FAKE_D080C3C2,A0577,763.11,ZAR,2024-02-20,20:00:47,DEPOSIT,Deposit - Ref 473159,POS,COMPLETED,REFAC1778C8D985,BROKEN_FK_customer_id_to_customers
TX038358,UNKNOWN,UNKNOWN,9554.17,ZAR,2024-11-24,20:40:25,DEPOSIT,Deposit - Ref 104589,MOBILE,COMPLETED,REF4066720B4DD8,BROKEN_FK_customer_id_to_customers
TX038428,UNKNOWN,A1153,15907.6575,ZAR,2024-03-05,18:32:21,REVERSAL,Reversal - Ref 792304,POS,COMPLETED,REFB767ADF71D20,BROKEN_FK_customer_id_to_customers
TX038537,FAKE_37096DE8,A0802,15907.6575,ZAR,2025-09-06,17:32:29,REVERSAL,Reversal - Ref 397027,ONLINE,COMPLETED,REFF5A8C8A31E0A,BROKEN_FK_customer_id_to_customers
TX038553,UNKNOWN,A0182,2441.89,ZAR,2025-08-02,05:05:03,INTEREST,Interest - Ref 696309,POS,COMPLETED,REF5BCDE628C2B8,BROKEN_FK_customer_id_to_customers
TX038602,UNKNOWN,A1361,374.58,ZAR,2024-03-31,12:40:54,WITHDRAWAL,Withdrawal - Ref 598942,ONLINE,COMPLETED,REFD783B1696B7C,BROKEN_FK_customer_id_to_customers
TX038720,UNKNOWN,A1039,1772.42,ZAR,2025-11-26,08:17:36,INTEREST,Interest - Ref 309915,MOBILE,COMPLETED,REFCEDD33ED55DA,BROKEN_FK_customer_id_to_customers
TX038730,FAKE_42AB8632,A1275,634.57,ZAR,2025-09-01,00:00:03,TRANSFER,Transfer - Ref 731472,ONLINE,PENDING,REF6E90E144B4D2,BROKEN_FK_customer_id_to_customers
TX038761,UNKNOWN,A0678,1524.44,ZAR,2024-08-25,18:30:05,DEBIT_ORDER,Debit Order - Ref 180381,ATM,COMPLETED,REFD89B2FF750CD,BROKEN_FK_customer_id_to_customers
TX038909,FAKE_865708BA,A0014,339.61,ZAR,2024-07-11,17:14:45,PAYMENT,Payment - Ref 117882,ATM,COMPLETED,REF0246308BDB6B,BROKEN_FK_customer_id_to_customers
TX038921,FAKE_5C2674CB,A0300,160.49,ZAR,2025-01-05,20:34:20,FEE,Fee - Ref 756040,ONLINE,COMPLETED,REF64FF493887AB,BROKEN_FK_customer_id_to_customers
TX039052,UNKNOWN,A0105,2116.09,ZAR,2024-10-22,12:14:25,DEBIT_ORDER,Debit Order - Ref 121650,MOBILE,COMPLETED,REF9EBF1C90BF15,BROKEN_FK_customer_id_to_customers
TX039058,UNKNOWN,A0332,2534.12,ZAR,2024-08-01,11:11:54,DEBIT_ORDER,Debit Order - Ref 488572,ONLINE,COMPLETED,REFAB20261B40E9,BROKEN_FK_customer_id_to_customers
TX039082,FAKE_FB27C0C1,A0117,2810.58,ZAR,2024-07-15,23:01:21,PAYMENT,Payment - Ref 610599,MOBILE,COMPLETED,REF55EBA18492B9,BROKEN_FK_customer_id_to_customers
TX039091,UNKNOWN,A0566,431.19,ZAR,2026-02-07,01:57:04,FEE,Fee - Ref 374455,ATM,COMPLETED,REFC8137832FCEF,BROKEN_FK_customer_id_to_customers
TX039109,FAKE_3BAF8A52,A0013,1566.21,ZAR,2024-08-09,13:43:19,WITHDRAWAL,Withdrawal - Ref 964024,ONLINE,COMPLETED,REF726F0395B6E3,BROKEN_FK_customer_id_to_customers
TX039135,UNKNOWN,A0986,420.08,ZAR,2024-07-13,11:42:12,FEE,Fee - Ref 295722,ATM,COMPLETED,REF307C3419226B,BROKEN_FK_customer_id_to_customers
TX039236,UNKNOWN,A0334,202.93,ZAR,2026-08-06,21:07:54,FEE,Fee - Ref 106478,MOBILE,COMPLETED,REFFAA800C36596,BROKEN_FK_customer_id_to_customers
TX039300,UNKNOWN,A0449,1118.26,ZAR,2026-01-03,04:32:35,WITHDRAWAL,Withdrawal - Ref 260889,MOBILE,COMPLETED,REF5CFE7D46E574,BROKEN_FK_customer_id_to_customers
TX039306,UNKNOWN,A1485,175.68,ZAR,2024-03-27,13:13:52,FEE,Fee - Ref 370994,POS,COMPLETED,REF9726687D6AE7,BROKEN_FK_customer_id_to_customers
TX039361,UNKNOWN,A0669,354.48,ZAR,2025-09-16,18:41:16,FEE,Fee - Ref 267787,MOBILE,COMPLETED,REF18F82C5C6B58,BROKEN_FK_customer_id_to_customers
TX039383,UNKNOWN,A0634,128.14,ZAR,2026-01-22,03:03:41,FEE,Fee - Ref 391414,ONLINE,COMPLETED,REF35619B9CECB3,BROKEN_FK_customer_id_to_customers
TX039391,UNKNOWN,A1464,4862.67,ZAR,2025-05-23,11:45:18,PAYMENT,Payment - Ref 223350,POS,COMPLETED,REF63888D20DD75,BROKEN_FK_customer_id_to_customers
TX039400,UNKNOWN,A1318,3445.6,ZAR,2025-01-11,20:53:44,PAYMENT,Payment - Ref 380742,MOBILE,COMPLETED,REF725E73EAC67F,BROKEN_FK_customer_id_to_customers
TX039420,UNKNOWN,A1227,1270.43,ZAR,2024-02-05,17:39:23,DEPOSIT,Deposit - Ref 823497,MOBILE,COMPLETED,REF22D55A1C99E4,BROKEN_FK_customer_id_to_customers
TX039484,UNKNOWN,A1045,685.67,ZAR,2024-07-26,13:50:45,DEBIT_ORDER,Debit Order - Ref 547478,ONLINE,COMPLETED,REF70B60FF018BD,BROKEN_FK_customer_id_to_customers
TX039493,FAKE_9F11F038,A0710,1264.09,ZAR,2024-03-01,21:38:34,PAYMENT,Payment - Ref 754144,ATM,COMPLETED,REF8636823C1287,BROKEN_FK_customer_id_to_customers
TX039572,FAKE_3BF995EA,A1180,2008.71,ZAR,2025-05-27,06:25:29,DEPOSIT,Deposit - Ref 310220,ONLINE,COMPLETED,REF67AF19D99D94,BROKEN_FK_customer_id_to_customers
TX039667,UNKNOWN,A0743,3432.71,ZAR,2025-03-19,22:24:03,PAYMENT,Payment - Ref 396242,ONLINE,COMPLETED,REF5448C61F7513,BROKEN_FK_customer_id_to_customers
TX039700,FAKE_6346C629,A1458,5662.06,ZAR,2026-06-17,11:20:33,REVERSAL,Reversal - Ref 750988,POS,COMPLETED,REFB26BA1B28478,BROKEN_FK_customer_id_to_customers
TX039743,UNKNOWN,A0006,1105.65,ZAR,2026-09-03,16:25:02,WITHDRAWAL,Withdrawal - Ref 343030,POS,COMPLETED,REF251D9E25BC06,BROKEN_FK_customer_id_to_customers
TX039769,UNKNOWN,A1162,2431.85,ZAR,2026-09-08,22:17:40,INTEREST,Interest - Ref 631160,BRANCH,COMPLETED,REF86CEBB443D9E,BROKEN_FK_customer_id_to_customers
TX039782,UNKNOWN,A1301,194.53,ZAR,2026-02-09,04:51:08,FEE,Fee - Ref 764877,MOBILE,COMPLETED,REF4C5994828A82,BROKEN_FK_customer_id_to_customers
TX039814,UNKNOWN,A0831,523.65,ZAR,2024-11-04,00:39:16,DEBIT_ORDER,Debit Order - Ref 294225,MOBILE,REVERSED,REF0C0260D8E6FD,BROKEN_FK_customer_id_to_customers
TX039942,FAKE_77147D4E,A1255,716.98,ZAR,2025-09-07,11:12:12,DEBIT_ORDER,Debit Order - Ref 114761,ONLINE,COMPLETED,REFB979BC07AB60,BROKEN_FK_customer_id_to_customers
TX039950,UNKNOWN,A0392,5790.13,ZAR,2025-06-10,10:04:43,DEPOSIT,Deposit - Ref 300191,MOBILE,PENDING,REF6FFCB21998AB,BROKEN_FK_customer_id_to_customers
TX039953,UNKNOWN,A0076,7.12,ZAR,2025-09-16,01:49:42,FEE,Fee - Ref 324261,ONLINE,COMPLETED,REF14B09494359C,BROKEN_FK_customer_id_to_customers
TX039960,UNKNOWN,A0455,9652.12,ZAR,2025-01-31,12:27:38,DEPOSIT,Deposit - Ref 963687,MOBILE,COMPLETED,REFB7BE6AD262A6,BROKEN_FK_customer_id_to_customers
TX040069,UNKNOWN,A0562,639.13,ZAR,2024-05-31,10:45:56,WITHDRAWAL,Withdrawal - Ref 630297,BRANCH,REVERSED,REF1FB151289C32,BROKEN_FK_customer_id_to_customers
TX040084,FAKE_9FF01645,A0695,307.5,ZAR,2026-02-16,16:49:14,PAYMENT,Payment - Ref 850527,MOBILE,COMPLETED,REFD87D4A6515EE,BROKEN_FK_customer_id_to_customers
TX040161,UNKNOWN,A0895,135.53,ZAR,2024-01-07,23:42:52,DEBIT_ORDER,Debit Order - Ref 294983,MOBILE,COMPLETED,REF0BC1E31D113E,BROKEN_FK_customer_id_to_customers
TX040191,UNKNOWN,A0381,5313.07,ZAR,2024-04-19,15:41:03,PAYMENT,Payment - Ref 438961,MOBILE,COMPLETED,REF487AB20CB936,BROKEN_FK_customer_id_to_customers
TX040218,UNKNOWN,A1059,8415.3,ZAR,2024-12-05,06:58:17,DEPOSIT,Deposit - Ref 418159,ATM,COMPLETED,REFE2CE7AEDA205,BROKEN_FK_customer_id_to_customers
TX040219,UNKNOWN,A1165,60.25,ZAR,2025-09-30,04:18:21,FEE,Fee - Ref 236983,POS,COMPLETED,REF733BB3181B64,BROKEN_FK_customer_id_to_customers
TX040235,UNKNOWN,A0478,2542.73,ZAR,2024-07-27,14:37:01,DEBIT_ORDER,Debit Order - Ref 271248,MOBILE,COMPLETED,REF93D94FAD4B3F,BROKEN_FK_customer_id_to_customers
TX040277,UNKNOWN,A0689,66.83,ZAR,2024-12-17,00:12:22,WITHDRAWAL,Withdrawal - Ref 897967,ATM,COMPLETED,REF42F467ED0C30,BROKEN_FK_customer_id_to_customers
TX040281,UNKNOWN,A0608,408.45,ZAR,2026-02-12,12:27:26,FEE,Fee - Ref 102635,POS,COMPLETED,REF3BD8849FB50D,BROKEN_FK_customer_id_to_customers
TX040354,FAKE_66F150ED,A0829,734.03,ZAR,2024-03-10,21:41:21,PAYMENT,Payment - Ref 112710,ATM,COMPLETED,REF7A99E48B2095,BROKEN_FK_customer_id_to_customers
TX040411,UNKNOWN,A0750,3012.69,ZAR,2026-09-04,01:03:42,DEBIT_ORDER,Debit Order - Ref 462098,ONLINE,COMPLETED,REF62BF32AB9AB7,BROKEN_FK_customer_id_to_customers
TX040412,UNKNOWN,A0318,15907.6575,ZAR,2024-05-06,10:37:37,TRANSFER,Transfer - Ref 799478,MOBILE,COMPLETED,REFD3154DFF0067,BROKEN_FK_customer_id_to_customers
TX040445,UNKNOWN,A0676,4540.53,ZAR,2025-07-29,21:24:22,DEPOSIT,Deposit - Ref 839832,POS,PENDING,REFFA8E57A34E65,BROKEN_FK_customer_id_to_customers
TX040486,UNKNOWN,A0658,2801.23,ZAR,2025-04-13,19:26:30,PAYMENT,Payment - Ref 661202,ONLINE,COMPLETED,REF4F94BAD12FD6,BROKEN_FK_customer_id_to_customers
TX040504,UNKNOWN,A0692,3070.73,ZAR,2024-06-24,05:41:25,DEPOSIT,Deposit - Ref 301738,MOBILE,COMPLETED,REF74541D3C8EA1,BROKEN_FK_customer_id_to_customers
TX040517,UNKNOWN,A0698,6618.02,ZAR,2025-03-04,20:26:47,TRANSFER,Transfer - Ref 449457,ONLINE,COMPLETED,REFA9081C103470,BROKEN_FK_customer_id_to_customers
TX040571,UNKNOWN,A0744,138.72,ZAR,2025-03-15,05:28:12,WITHDRAWAL,Withdrawal - Ref 582756,POS,COMPLETED,REFA76A94F805D8,BROKEN_FK_customer_id_to_customers
TX040632,UNKNOWN,A0192,52.39,ZAR,2024-12-01,15:22:48,DEBIT_ORDER,Debit Order - Ref 941099,ONLINE,COMPLETED,REF11CDB25B0E5B,BROKEN_FK_customer_id_to_customers
TX040702,UNKNOWN,A1053,3052.76,ZAR,2026-04-20,20:29:08,PAYMENT,Payment - Ref 196429,ONLINE,COMPLETED,REF9C3426DC2A60,BROKEN_FK_customer_id_to_customers
TX040705,FAKE_85C9EC87,A1316,15907.6575,ZAR,2025-01-12,20:50:54,TRANSFER,Transfer - Ref 167453,MOBILE,COMPLETED,REFA836951DB12A,BROKEN_FK_customer_id_to_customers
TX040722,FAKE_7C74574F,A0768,2497.62,ZAR,2026-04-18,21:47:52,DEBIT_ORDER,Debit Order - Ref 612091,ONLINE,COMPLETED,REFB489C9358FFE,BROKEN_FK_customer_id_to_customers
TX040747,UNKNOWN,A0240,2947.85,ZAR,2024-10-27,18:57:12,DEPOSIT,Deposit - Ref 312789,ONLINE,COMPLETED,REF1DF3704DCBD5,BROKEN_FK_customer_id_to_customers
TX040756,UNKNOWN,A0311,15907.6575,ZAR,2025-08-21,05:55:54,DEPOSIT,Deposit - Ref 237527,MOBILE,COMPLETED,REFFBC81E69355E,BROKEN_FK_customer_id_to_customers
TX040757,UNKNOWN,A0984,15907.6575,ZAR,2025-06-25,23:56:57,REVERSAL,Reversal - Ref 908312,ONLINE,COMPLETED,REFB0528491B450,BROKEN_FK_customer_id_to_customers
TX040798,FAKE_CCC9A10E,A0325,5865.61,ZAR,2026-08-06,16:32:23,DEPOSIT,Deposit - Ref 236110,POS,COMPLETED,REFFFD660383E81,BROKEN_FK_customer_id_to_customers
TX040803,UNKNOWN,A0471,7853.66,ZAR,2025-08-06,22:55:45,DEPOSIT,Deposit - Ref 779296,ONLINE,COMPLETED,REFF337407E5347,BROKEN_FK_customer_id_to_customers
TX040827,UNKNOWN,A1232,2832.43,ZAR,2024-11-30,07:56:04,INTEREST,Interest - Ref 191695,ONLINE,PENDING,REF636578D382D2,BROKEN_FK_customer_id_to_customers
TX040893,UNKNOWN,A0844,2589.22,ZAR,2026-03-12,04:27:16,INTEREST,Interest - Ref 311704,MOBILE,COMPLETED,REF5D364BB5B6DC,BROKEN_FK_customer_id_to_customers
TX040948,FAKE_70E75576,A0206,2841.58,ZAR,2026-09-07,04:35:46,PAYMENT,Payment - Ref 129061,ONLINE,COMPLETED,REF0408354F7368,BROKEN_FK_customer_id_to_customers
TX040992,UNKNOWN,A1021,15907.6575,ZAR,2024-01-06,01:05:06,REVERSAL,Reversal - Ref 780624,MOBILE,COMPLETED,REFDAD660144B8E,BROKEN_FK_customer_id_to_customers
TX040994,UNKNOWN,A1264,924.96,ZAR,2024-02-14,12:20:51,PAYMENT,Payment - Ref 108658,MOBILE,COMPLETED,REFD186B330CEA5,BROKEN_FK_customer_id_to_customers
TX040996,UNKNOWN,A0223,5516.26,ZAR,2025-05-22,15:39:26,PAYMENT,Payment - Ref 617551,MOBILE,COMPLETED,REF3209CB2421AE,BROKEN_FK_customer_id_to_customers
TX041009,UNKNOWN,A1069,460.19,ZAR,2024-08-30,18:46:38,TRANSFER,Transfer - Ref 141075,MOBILE,COMPLETED,REF13CCA84E4784,BROKEN_FK_customer_id_to_customers
TX041050,UNKNOWN,A1384,1019.54,ZAR,2024-03-07,05:02:49,PAYMENT,Payment - Ref 872626,MOBILE,COMPLETED,REFA4487B3D7CA6,BROKEN_FK_customer_id_to_customers
TX041080,UNKNOWN,A1355,1962.47,ZAR,2025-08-03,23:26:47,INTEREST,Interest - Ref 811520,MOBILE,COMPLETED,REF8221DD5AE957,BROKEN_FK_customer_id_to_customers
TX041089,FAKE_659F2084,A0872,1233.18,ZAR,2024-08-27,20:01:35,PAYMENT,Payment - Ref 137926,MOBILE,COMPLETED,REF097B28F70F8C,BROKEN_FK_customer_id_to_customers
TX041093,UNKNOWN,A0438,921.01,ZAR,2024-09-24,00:34:41,TRANSFER,Transfer - Ref 602305,ONLINE,COMPLETED,REF1FE0A27F1295,BROKEN_FK_customer_id_to_customers
TX041126,FAKE_08B44DFC,A0320,917.47,ZAR,2024-06-08,16:07:20,PAYMENT,Payment - Ref 789393,MOBILE,COMPLETED,REFDBDD16544887,BROKEN_FK_customer_id_to_customers
TX041129,FAKE_973691E5,A0615,373.87,ZAR,2025-12-30,13:19:47,TRANSFER,Transfer - Ref 956742,MOBILE,COMPLETED,REF979EF8EC48D4,BROKEN_FK_customer_id_to_customers
TX041132,FAKE_E91F95C2,A1312,12342.18,ZAR,2025-06-11,12:59:55,TRANSFER,Transfer - Ref 760506,ATM,REVERSED,REF9C61C30B1242,BROKEN_FK_customer_id_to_customers
TX041154,UNKNOWN,A0415,4583.92,ZAR,2025-06-02,19:50:32,DEPOSIT,Deposit - Ref 220477,ONLINE,COMPLETED,REF57480B79B6E2,BROKEN_FK_customer_id_to_customers
TX041155,UNKNOWN,A0905,261.01,ZAR,2026-06-11,16:48:32,WITHDRAWAL,Withdrawal - Ref 172130,MOBILE,COMPLETED,REFA8C4670C0DBB,BROKEN_FK_customer_id_to_customers
TX041187,UNKNOWN,A0276,257.37,ZAR,2026-04-18,08:52:13,FEE,Fee - Ref 545067,ONLINE,COMPLETED,REF0005467221EC,BROKEN_FK_customer_id_to_customers
TX041227,UNKNOWN,A0706,222.71,ZAR,2026-05-31,07:43:22,FEE,Fee - Ref 985038,MOBILE,REVERSED,REF94AB6835F1EC,BROKEN_FK_customer_id_to_customers
TX041229,UNKNOWN,A1132,76.44,ZAR,2026-03-02,11:45:12,FEE,Fee - Ref 121100,ONLINE,COMPLETED,REF3DDDDBE1C69F,BROKEN_FK_customer_id_to_customers
TX041241,UNKNOWN,A0488,160.95,ZAR,2025-10-07,23:45:19,FEE,Fee - Ref 150576,POS,COMPLETED,REF00F488F77483,BROKEN_FK_customer_id_to_customers
TX041250,FAKE_930C39D0,A0954,114.79,ZAR,2025-05-22,09:32:30,FEE,Fee - Ref 105749,MOBILE,COMPLETED,REF398405DE60A4,BROKEN_FK_customer_id_to_customers
TX041276,UNKNOWN,A0789,59.54,ZAR,2024-07-01,06:54:28,FEE,Fee - Ref 629379,POS,COMPLETED,REFD19A8A690FC4,BROKEN_FK_customer_id_to_customers
TX041449,UNKNOWN,A1308,1399.17,ZAR,2026-06-24,20:01:38,INTEREST,Interest - Ref 894089,BRANCH,COMPLETED,REF0EAD97FB24A5,BROKEN_FK_customer_id_to_customers
TX041469,FAKE_BC57C85E,A0374,207.55,ZAR,2025-04-04,23:21:12,WITHDRAWAL,Withdrawal - Ref 297200,MOBILE,COMPLETED,REF924826757CAB,BROKEN_FK_customer_id_to_customers
TX041529,UNKNOWN,A0614,813.91,ZAR,2024-11-28,04:33:16,DEPOSIT,Deposit - Ref 779192,BRANCH,COMPLETED,REFCF1236E465F3,BROKEN_FK_customer_id_to_customers
TX041532,FAKE_FE106D81,A0956,1259.35,ZAR,2026-01-13,07:20:28,DEBIT_ORDER,Debit Order - Ref 578542,MOBILE,COMPLETED,REF8CC4E8C7FBF9,BROKEN_FK_customer_id_to_customers
TX041536,UNKNOWN,A1153,982.28,ZAR,2026-06-25,11:39:25,DEPOSIT,Deposit - Ref 937137,ONLINE,COMPLETED,REFEA0B69AC06E7,BROKEN_FK_customer_id_to_customers
TX041551,UNKNOWN,A0180,4827.42,ZAR,2026-06-27,21:56:13,PAYMENT,Payment - Ref 770652,BRANCH,COMPLETED,REFF984AF0E9082,BROKEN_FK_customer_id_to_customers
TX041621,FAKE_7EA81987,A1409,15907.6575,ZAR,2024-11-24,14:36:17,REVERSAL,Reversal - Ref 820881,ONLINE,COMPLETED,REF02A931F0E261,BROKEN_FK_customer_id_to_customers
TX041658,UNKNOWN,A0915,1125.41,ZAR,2024-07-22,01:40:36,TRANSFER,Transfer - Ref 769656,ONLINE,COMPLETED,REF16A10069E4A4,BROKEN_FK_customer_id_to_customers
TX041694,UNKNOWN,A1188,445.62,ZAR,2024-03-15,20:59:32,FEE,Fee - Ref 951055,MOBILE,COMPLETED,REF21227792C5F1,BROKEN_FK_customer_id_to_customers
TX041721,FAKE_14729406,A0780,460.41,ZAR,2024-11-20,16:53:47,FEE,Fee - Ref 464118,ONLINE,COMPLETED,REF6A2566E8BEE9,BROKEN_FK_customer_id_to_customers
TX041739,FAKE_D840E41C,A0065,1480.73,ZAR,2025-01-26,10:14:35,INTEREST,Interest - Ref 155941,ONLINE,COMPLETED,REF3B86E5989775,BROKEN_FK_customer_id_to_customers
TX041765,UNKNOWN,A0549,3434.98,ZAR,2024-09-22,09:01:26,INTEREST,Interest - Ref 204646,MOBILE,COMPLETED,REFFF633849E2BA,BROKEN_FK_customer_id_to_customers
TX041770,UNKNOWN,UNKNOWN,1553.07,ZAR,2024-12-24,20:59:59,DEPOSIT,Deposit - Ref 808965,ONLINE,PENDING,REFF4C4EFD7AF33,BROKEN_FK_customer_id_to_customers
TX041806,UNKNOWN,A0430,770.7,ZAR,2024-12-31,16:14:33,WITHDRAWAL,Withdrawal - Ref 107019,ONLINE,COMPLETED,REF54B59161E1CA,BROKEN_FK_customer_id_to_customers
TX041834,UNKNOWN,A0433,4112.85,ZAR,2024-07-25,19:19:32,DEPOSIT,Deposit - Ref 755898,ONLINE,COMPLETED,REF0FEDCF5BA3CD,BROKEN_FK_customer_id_to_customers
TX041873,UNKNOWN,A1226,464.14,ZAR,2024-02-09,01:14:51,DEPOSIT,Deposit - Ref 918904,MOBILE,COMPLETED,REFC5C069CD2E62,BROKEN_FK_customer_id_to_customers
TX041903,FAKE_1116D5E6,A1308,3301.5,ZAR,2025-03-23,13:07:46,WITHDRAWAL,Withdrawal - Ref 743720,MOBILE,COMPLETED,REF59775299082A,BROKEN_FK_customer_id_to_customers
TX041916,UNKNOWN,A0954,2153.14,ZAR,2026-02-24,20:47:55,WITHDRAWAL,Withdrawal - Ref 782880,ONLINE,COMPLETED,REF2C3F987C9618,BROKEN_FK_customer_id_to_customers
TX041917,UNKNOWN,A0689,555.17,ZAR,2025-03-31,17:53:41,TRANSFER,Transfer - Ref 107112,BRANCH,COMPLETED,REFE93D9147565C,BROKEN_FK_customer_id_to_customers
TX041971,UNKNOWN,A1207,549.72,ZAR,2025-10-10,13:12:00,DEBIT_ORDER,Debit Order - Ref 564261,MOBILE,COMPLETED,REFA6DA85CC0696,BROKEN_FK_customer_id_to_customers
TX041972,UNKNOWN,A0635,208.84,ZAR,2025-02-27,19:59:06,REVERSAL,Reversal - Ref 126629,ONLINE,COMPLETED,REFE2409CFFDF54,BROKEN_FK_customer_id_to_customers
TX041999,UNKNOWN,A0204,15907.6575,ZAR,2026-05-21,05:59:58,REVERSAL,Reversal - Ref 908391,ONLINE,COMPLETED,REFCBF690D78887,BROKEN_FK_customer_id_to_customers
TX042013,FAKE_0C6B9318,A0114,7168.95,ZAR,2026-02-04,09:01:52,REVERSAL,Reversal - Ref 548022,ATM,COMPLETED,REF10E71818E7B7,BROKEN_FK_customer_id_to_customers
TX042040,UNKNOWN,A0752,599.32,ZAR,2024-10-30,21:54:17,WITHDRAWAL,Withdrawal - Ref 223234,ONLINE,PENDING,REF8D222094FA61,BROKEN_FK_customer_id_to_customers
TX042046,UNKNOWN,A1180,474.26,ZAR,2025-10-12,01:33:52,FEE,Fee - Ref 511951,ONLINE,COMPLETED,REF7FF2621FF203,BROKEN_FK_customer_id_to_customers
TX042089,UNKNOWN,A0379,4622.51,ZAR,2024-08-07,20:38:41,INTEREST,Interest - Ref 971814,MOBILE,COMPLETED,REF2398A2130601,BROKEN_FK_customer_id_to_customers
TX042215,UNKNOWN,A1276,138.61,ZAR,2024-08-19,07:52:54,FEE,Fee - Ref 791334,BRANCH,COMPLETED,REF6E14D50867E0,BROKEN_FK_customer_id_to_customers
TX042236,UNKNOWN,A0593,2091.76,ZAR,2026-03-30,02:53:53,PAYMENT,Payment - Ref 170067,BRANCH,PENDING,REF367948B9118C,BROKEN_FK_customer_id_to_customers
TX042267,UNKNOWN,A0603,1349.45,ZAR,2026-03-25,05:16:51,DEBIT_ORDER,Debit Order - Ref 850229,ATM,COMPLETED,REFE1E6B6A130B4,BROKEN_FK_customer_id_to_customers
TX042269,UNKNOWN,A0623,8623.85,ZAR,2025-12-14,22:00:22,REVERSAL,Reversal - Ref 287065,ONLINE,COMPLETED,REFECAD4B54EE5D,BROKEN_FK_customer_id_to_customers
TX042275,UNKNOWN,A0339,10709.48,ZAR,2026-02-21,11:25:52,REVERSAL,Reversal - Ref 627176,ONLINE,COMPLETED,REF6D9B97B37D04,BROKEN_FK_customer_id_to_customers
TX042276,UNKNOWN,A1291,151.32,ZAR,2025-11-26,01:47:07,DEBIT_ORDER,Debit Order - Ref 767033,ONLINE,COMPLETED,REF6931844F18DB,BROKEN_FK_customer_id_to_customers
TX042318,FAKE_CA054656,A1215,15907.6575,ZAR,2025-07-01,21:10:19,REVERSAL,Reversal - Ref 728794,ONLINE,COMPLETED,REFE855A9885792,BROKEN_FK_customer_id_to_customers
TX042320,FAKE_C0551685,A1389,168.42,ZAR,2026-04-12,19:41:52,WITHDRAWAL,Withdrawal - Ref 774489,MOBILE,COMPLETED,REF264C089453D2,BROKEN_FK_customer_id_to_customers
TX042342,UNKNOWN,A0808,8511.93,ZAR,2024-10-10,00:19:31,PAYMENT,Payment - Ref 281283,MOBILE,COMPLETED,REFF8F34C75D487,BROKEN_FK_customer_id_to_customers
TX042352,UNKNOWN,A1276,94.07,ZAR,2026-08-09,16:01:52,FEE,Fee - Ref 423270,ONLINE,COMPLETED,REF55B396223773,BROKEN_FK_customer_id_to_customers
TX042366,UNKNOWN,A0090,15907.6575,ZAR,2025-03-19,04:25:54,REVERSAL,Reversal - Ref 599725,MOBILE,COMPLETED,REFC84CF8AECA47,BROKEN_FK_customer_id_to_customers
TX042451,UNKNOWN,A1328,15907.6575,ZAR,2026-02-22,15:06:23,REVERSAL,Reversal - Ref 187562,POS,COMPLETED,REF87E7A97C9DA5,BROKEN_FK_customer_id_to_customers
TX042473,UNKNOWN,A0087,571.9,ZAR,2024-09-11,20:42:21,INTEREST,Interest - Ref 123026,MOBILE,COMPLETED,REFAAF91BD7BCBC,BROKEN_FK_customer_id_to_customers
TX042481,UNKNOWN,A0705,14090.23,ZAR,2024-04-30,15:34:38,REVERSAL,Reversal - Ref 687594,ONLINE,COMPLETED,REF66C7ECCC1B53,BROKEN_FK_customer_id_to_customers
TX042544,UNKNOWN,A1272,1696.65,ZAR,2025-12-24,19:53:40,INTEREST,Interest - Ref 985698,ONLINE,COMPLETED,REFCDB2A7AC66E6,BROKEN_FK_customer_id_to_customers
TX042593,UNKNOWN,A0798,4665.7,ZAR,2026-03-09,04:59:44,INTEREST,Interest - Ref 123189,ONLINE,COMPLETED,REF6A8D7DAF37EC,BROKEN_FK_customer_id_to_customers
TX042637,FAKE_FD58AA0C,A0292,228.32,ZAR,2026-08-19,05:59:10,FEE,Fee - Ref 920049,BRANCH,COMPLETED,REF5B639C75E903,BROKEN_FK_customer_id_to_customers
TX042679,UNKNOWN,A0029,232.65,ZAR,2025-06-06,06:44:16,FEE,Fee - Ref 745224,BRANCH,COMPLETED,REFEA51C5A72E62,BROKEN_FK_customer_id_to_customers
TX042682,UNKNOWN,A0024,15907.6575,ZAR,2024-12-23,10:07:44,REVERSAL,Reversal - Ref 301922,BRANCH,COMPLETED,REFBE354C7C4DD2,BROKEN_FK_customer_id_to_customers
TX042751,FAKE_BE756FD2,A0152,8938.5,ZAR,2025-07-14,21:46:35,TRANSFER,Transfer - Ref 851865,MOBILE,COMPLETED,REF881CA8303333,BROKEN_FK_customer_id_to_customers
TX042807,UNKNOWN,A0917,15907.6575,ZAR,2024-02-08,23:06:05,REVERSAL,Reversal - Ref 582719,ONLINE,COMPLETED,REFCBF6723B75C8,BROKEN_FK_customer_id_to_customers
TX042922,UNKNOWN,A0035,696.7,ZAR,2026-04-12,18:35:23,WITHDRAWAL,Withdrawal - Ref 291834,BRANCH,REVERSED,REF8B7198D0575E,BROKEN_FK_customer_id_to_customers
TX043035,UNKNOWN,A0222,2452.03,ZAR,2026-01-13,14:33:39,PAYMENT,Payment - Ref 448463,BRANCH,COMPLETED,REFEAFDCEF1301F,BROKEN_FK_customer_id_to_customers
TX043058,FAKE_EB7A02AD,A0914,224.29,ZAR,2024-09-03,05:28:34,DEBIT_ORDER,Debit Order - Ref 823735,MOBILE,COMPLETED,REFE3503DC9F4B6,BROKEN_FK_customer_id_to_customers
TX043069,FAKE_3CBBB952,A0134,15907.6575,ZAR,2026-08-12,04:05:58,REVERSAL,Reversal - Ref 165320,MOBILE,COMPLETED,REF5DB0A100753E,BROKEN_FK_customer_id_to_customers
TX043133,UNKNOWN,A1182,1289.38,ZAR,2024-04-11,20:57:21,INTEREST,Interest - Ref 530314,MOBILE,COMPLETED,REF4BA0A65D126E,BROKEN_FK_customer_id_to_customers
TX043201,UNKNOWN,A1156,299.02,ZAR,2025-12-31,16:03:13,WITHDRAWAL,Withdrawal - Ref 616858,MOBILE,REVERSED,REFAA9C9EA9D6EC,BROKEN_FK_customer_id_to_customers
TX043207,UNKNOWN,A0747,1372.81,ZAR,2024-11-10,02:40:34,INTEREST,Interest - Ref 203540,MOBILE,COMPLETED,REFE8E89B2E9C49,BROKEN_FK_customer_id_to_customers
TX043279,UNKNOWN,A0494,418.79,ZAR,2024-01-18,03:20:54,PAYMENT,Payment - Ref 465747,ATM,FAILED,REFFBE4E21DF726,BROKEN_FK_customer_id_to_customers
TX043280,FAKE_0C973D70,A0035,1981.13,ZAR,2026-08-27,20:23:53,INTEREST,Interest - Ref 224835,ONLINE,FAILED,REF83F41741D723,BROKEN_FK_customer_id_to_customers
TX043387,UNKNOWN,A1380,12850.38,ZAR,2025-06-20,01:21:51,DEBIT_ORDER,Debit Order - Ref 193217,BRANCH,COMPLETED,REFF0D20A508B68,BROKEN_FK_customer_id_to_customers
TX043422,UNKNOWN,A0541,945.13,ZAR,2025-06-11,16:29:43,DEPOSIT,Deposit - Ref 395554,ONLINE,REVERSED,REF319C7027B714,BROKEN_FK_customer_id_to_customers
TX043448,UNKNOWN,A1439,2179.08,ZAR,2024-05-07,03:30:19,DEPOSIT,Deposit - Ref 190382,ONLINE,COMPLETED,REF446B7CABD7D1,BROKEN_FK_customer_id_to_customers
TX043482,UNKNOWN,A0584,471.34,ZAR,2024-07-04,00:10:15,FEE,Fee - Ref 138902,MOBILE,COMPLETED,REF46D50D66FC28,BROKEN_FK_customer_id_to_customers
TX043500,UNKNOWN,A1057,9352.57,ZAR,2026-01-20,01:14:23,TRANSFER,Transfer - Ref 410001,ATM,COMPLETED,REF57ACBE0994E5,BROKEN_FK_customer_id_to_customers
TX043513,UNKNOWN,A1053,810.81,ZAR,2025-12-01,19:44:11,PAYMENT,Payment - Ref 293331,MOBILE,FAILED,REF2D8008B94885,BROKEN_FK_customer_id_to_customers
TX043534,UNKNOWN,A0188,2619.79,ZAR,2025-04-27,15:59:10,WITHDRAWAL,Withdrawal - Ref 800651,ATM,COMPLETED,REFA06201473BDE,BROKEN_FK_customer_id_to_customers
TX043582,FAKE_90058873,A0605,15907.6575,ZAR,2024-10-27,23:47:29,REVERSAL,Reversal - Ref 394061,POS,COMPLETED,REFA269E3E0E8D4,BROKEN_FK_customer_id_to_customers
TX043621,FAKE_B65587A4,A1490,1051.2,ZAR,2024-02-26,04:56:52,DEPOSIT,Deposit - Ref 572568,ONLINE,COMPLETED,REF24A4082855D8,BROKEN_FK_customer_id_to_customers
TX043635,UNKNOWN,A0122,2621.16,ZAR,2024-10-20,14:21:37,INTEREST,Interest - Ref 385304,ATM,FAILED,REFD544E39662F0,BROKEN_FK_customer_id_to_customers
TX043683,UNKNOWN,A0425,3327.36,ZAR,2024-01-18,03:01:22,INTEREST,Interest - Ref 243999,ATM,COMPLETED,REF1D7063F3C6E8,BROKEN_FK_customer_id_to_customers
TX043714,UNKNOWN,A0015,2643.17,ZAR,2024-09-01,18:04:58,WITHDRAWAL,Withdrawal - Ref 339752,ONLINE,COMPLETED,REF6829D67362EA,BROKEN_FK_customer_id_to_customers
TX043731,UNKNOWN,A0717,1932.1,ZAR,2024-06-26,10:19:32,TRANSFER,Transfer - Ref 636941,BRANCH,COMPLETED,REFA6BE31060857,BROKEN_FK_customer_id_to_customers
TX043741,FAKE_8C407D86,A1000,595.68,ZAR,2026-06-28,17:18:54,INTEREST,Interest - Ref 560079,ONLINE,COMPLETED,REF081B1F7038B5,BROKEN_FK_customer_id_to_customers
TX043922,FAKE_DDD1EF0A,A0584,3534.87,ZAR,2026-08-23,23:42:33,DEPOSIT,Deposit - Ref 357823,ONLINE,COMPLETED,REFE59B305EE94B,BROKEN_FK_customer_id_to_customers
TX043923,UNKNOWN,A1141,3558.65,ZAR,2024-11-17,04:41:16,TRANSFER,Transfer - Ref 192383,BRANCH,COMPLETED,REF389BB44651BC,BROKEN_FK_customer_id_to_customers
TX043941,UNKNOWN,A0737,4127.13,ZAR,2025-07-28,22:54:53,INTEREST,Interest - Ref 126455,MOBILE,COMPLETED,REFB542B2BD4C45,BROKEN_FK_customer_id_to_customers
TX043957,FAKE_C981CD7E,A0963,2175.01,ZAR,2024-12-05,03:37:35,DEPOSIT,Deposit - Ref 808744,MOBILE,COMPLETED,REF34325BCF70F9,BROKEN_FK_customer_id_to_customers
TX043975,UNKNOWN,A0826,12531.35,ZAR,2024-09-27,18:13:37,DEPOSIT,Deposit - Ref 722058,MOBILE,COMPLETED,REF61D8B0CFBFBC,BROKEN_FK_customer_id_to_customers
TX044027,UNKNOWN,A0588,8548.92,ZAR,2026-03-05,02:55:24,DEBIT_ORDER,Debit Order - Ref 726336,ONLINE,COMPLETED,REFC013CBB057A6,BROKEN_FK_customer_id_to_customers
TX044057,UNKNOWN,A0954,1211.19,ZAR,2025-04-17,06:26:14,DEPOSIT,Deposit - Ref 103489,POS,COMPLETED,REF5A9B9244635F,BROKEN_FK_customer_id_to_customers
TX044064,UNKNOWN,A0207,11260.77,ZAR,2025-08-28,12:43:01,REVERSAL,Reversal - Ref 914653,MOBILE,COMPLETED,REFFC79E2B30925,BROKEN_FK_customer_id_to_customers
TX044067,UNKNOWN,A1271,6090.4,ZAR,2024-09-03,11:40:50,PAYMENT,Payment - Ref 578544,ATM,FAILED,REFFA202EFE5396,BROKEN_FK_customer_id_to_customers
TX044102,UNKNOWN,A1010,91.39,ZAR,2024-11-23,06:40:48,FEE,Fee - Ref 923150,MOBILE,COMPLETED,REF9D3134696BD0,BROKEN_FK_customer_id_to_customers
TX044119,UNKNOWN,A0956,1008.9,ZAR,2025-10-28,08:56:29,INTEREST,Interest - Ref 346612,ONLINE,COMPLETED,REFC82788827EB6,BROKEN_FK_customer_id_to_customers
TX044130,FAKE_CBE6D0FE,A1332,436.64,ZAR,2026-06-12,15:41:46,PAYMENT,Payment - Ref 569739,MOBILE,COMPLETED,REF111B4761BD2F,BROKEN_FK_customer_id_to_customers
TX044241,UNKNOWN,A0702,15907.6575,ZAR,2024-06-25,19:16:49,REVERSAL,Reversal - Ref 226794,MOBILE,COMPLETED,REF184F868C015C,BROKEN_FK_customer_id_to_customers
TX044251,UNKNOWN,A1428,164.65,ZAR,2024-07-16,13:25:53,PAYMENT,Payment - Ref 106146,MOBILE,COMPLETED,REF61E1A8A74CD4,BROKEN_FK_customer_id_to_customers
TX044260,UNKNOWN,A1344,3685.39,ZAR,2024-11-06,07:40:36,DEPOSIT,Deposit - Ref 906644,BRANCH,COMPLETED,REF8F3BFD6C7CFC,BROKEN_FK_customer_id_to_customers
TX044299,UNKNOWN,FAKE_CA47F980,1676.26,ZAR,2024-03-20,18:34:24,TRANSFER,Transfer - Ref 669062,ATM,COMPLETED,REFB7B90EADF990,BROKEN_FK_customer_id_to_customers
TX044365,UNKNOWN,A1073,4135.95,ZAR,2025-09-25,07:18:24,TRANSFER,Transfer - Ref 468153,MOBILE,COMPLETED,REF43046A1EA406,BROKEN_FK_customer_id_to_customers
TX044414,UNKNOWN,A0919,1869.17,ZAR,2025-01-10,05:51:51,DEBIT_ORDER,Debit Order - Ref 564747,MOBILE,COMPLETED,REFE2B2C9AB613C,BROKEN_FK_customer_id_to_customers
TX044439,FAKE_FB746561,A0712,1198.14,ZAR,2026-01-05,20:50:10,DEPOSIT,Deposit - Ref 150445,MOBILE,COMPLETED,REF5C50479F5400,BROKEN_FK_customer_id_to_customers
TX044450,FAKE_6AF1D63B,A0891,239.33,ZAR,2026-03-26,19:00:20,DEBIT_ORDER,Debit Order - Ref 712549,MOBILE,COMPLETED,REFDA51EA96A525,BROKEN_FK_customer_id_to_customers
TX044500,UNKNOWN,A0068,7315.99,ZAR,2026-03-27,19:46:06,DEBIT_ORDER,Debit Order - Ref 576527,MOBILE,COMPLETED,REF41B752C4BF70,BROKEN_FK_customer_id_to_customers
TX044513,UNKNOWN,A0279,1592.5,ZAR,2024-12-05,04:14:12,DEPOSIT,Deposit - Ref 742411,ONLINE,COMPLETED,REF7EAFC0497DF2,BROKEN_FK_customer_id_to_customers
TX044564,UNKNOWN,A0163,275.99,ZAR,2025-08-14,04:35:01,DEBIT_ORDER,Debit Order - Ref 382220,ONLINE,COMPLETED,REF6A29FB06CDCC,BROKEN_FK_customer_id_to_customers
TX044565,UNKNOWN,A1453,4740.22,ZAR,2026-06-01,16:30:36,INTEREST,Interest - Ref 974511,MOBILE,COMPLETED,REFAFCD9161536B,BROKEN_FK_customer_id_to_customers
TX044622,UNKNOWN,A1476,2361.7,ZAR,2025-04-10,07:15:23,INTEREST,Interest - Ref 549070,MOBILE,COMPLETED,REFB83AE4E458D7,BROKEN_FK_customer_id_to_customers
TX044626,UNKNOWN,A0978,254.15,ZAR,2025-08-04,23:50:48,DEBIT_ORDER,Debit Order - Ref 937863,ONLINE,COMPLETED,REFE91534811569,BROKEN_FK_customer_id_to_customers
TX044661,UNKNOWN,A0196,930.47,ZAR,2025-05-28,12:02:16,DEPOSIT,Deposit - Ref 768951,ONLINE,FAILED,REFC1A963A6FE74,BROKEN_FK_customer_id_to_customers
TX044711,UNKNOWN,A1156,15907.6575,ZAR,2025-08-20,01:26:35,DEPOSIT,Deposit - Ref 423008,ONLINE,COMPLETED,REFEDB0AE373971,BROKEN_FK_customer_id_to_customers
TX044724,UNKNOWN,A1171,1021.03,ZAR,2026-07-24,01:30:05,INTEREST,Interest - Ref 361381,POS,FAILED,REF1E6B27EF8A34,BROKEN_FK_customer_id_to_customers
TX044753,UNKNOWN,A0233,2943.12,ZAR,2025-06-27,18:02:25,INTEREST,Interest - Ref 151373,MOBILE,COMPLETED,REF1676036899FD,BROKEN_FK_customer_id_to_customers
TX044776,FAKE_C637AABA,A0929,447.62,ZAR,2025-08-13,10:12:39,INTEREST,Interest - Ref 606929,MOBILE,COMPLETED,REF056F4FFE814F,BROKEN_FK_customer_id_to_customers
TX044813,FAKE_D529C449,A0066,4550.04,ZAR,2026-05-13,07:15:58,PAYMENT,Payment - Ref 580331,ONLINE,COMPLETED,REFB67A6F49E94E,BROKEN_FK_customer_id_to_customers
TX044861,UNKNOWN,A0649,4015.42,ZAR,2024-02-07,06:35:24,DEPOSIT,Deposit - Ref 177953,POS,COMPLETED,REF779F3FE29A5D,BROKEN_FK_customer_id_to_customers
TX044881,UNKNOWN,A0977,3143.74,ZAR,2024-06-13,18:17:29,INTEREST,Interest - Ref 235585,MOBILE,COMPLETED,REFDF1AE3C3BA8C,BROKEN_FK_customer_id_to_customers
TX044908,UNKNOWN,A1264,15524.94,ZAR,2024-11-10,21:56:56,REVERSAL,Reversal - Ref 562226,ONLINE,COMPLETED,REF6889F4BD7B4F,BROKEN_FK_customer_id_to_customers
TX044943,UNKNOWN,A0218,695.08,ZAR,2024-08-08,16:27:32,WITHDRAWAL,Withdrawal - Ref 542634,POS,COMPLETED,REF3ABBEFAF8B0A,BROKEN_FK_customer_id_to_customers
TX044955,FAKE_C0485AB9,A0436,459.61,ZAR,2025-03-30,09:25:00,FEE,Fee - Ref 266767,MOBILE,COMPLETED,REFEA3ACA53E659,BROKEN_FK_customer_id_to_customers
TX044964,UNKNOWN,A1000,15907.6575,ZAR,2026-04-09,16:15:32,REVERSAL,Reversal - Ref 444463,ONLINE,PENDING,REF9771C6F4548B,BROKEN_FK_customer_id_to_customers
TX044973,UNKNOWN,A1154,398.62,ZAR,2026-08-02,12:31:43,PAYMENT,Payment - Ref 954124,MOBILE,COMPLETED,REFC59B3B9E754F,BROKEN_FK_customer_id_to_customers
TX044984,UNKNOWN,A0756,2992.86,ZAR,2026-04-18,05:46:35,PAYMENT,Payment - Ref 136491,ONLINE,COMPLETED,REFB727E852A6F3,BROKEN_FK_customer_id_to_customers
TX044987,UNKNOWN,A1282,3908.13,ZAR,2026-06-26,03:22:16,DEPOSIT,Deposit - Ref 896233,ONLINE,COMPLETED,REF1618F2FC4FD6,BROKEN_FK_customer_id_to_customers
TX045006,UNKNOWN,A0673,390.1,ZAR,2024-07-10,18:33:26,FEE,Fee - Ref 294240,ATM,COMPLETED,REF68BC99010CC5,BROKEN_FK_customer_id_to_customers
TX045123,UNKNOWN,A0932,2027.32,ZAR,2026-07-31,17:52:25,INTEREST,Interest - Ref 174638,ONLINE,PENDING,REFA4A191C2EB16,BROKEN_FK_customer_id_to_customers
TX045210,FAKE_81F65AB2,A0855,15907.6575,ZAR,2025-07-04,16:55:13,REVERSAL,Reversal - Ref 988043,POS,COMPLETED,REFC849D2B6FDAA,BROKEN_FK_customer_id_to_customers
TX045251,UNKNOWN,A0561,2082.72,ZAR,2025-11-08,11:06:16,INTEREST,Interest - Ref 359910,ONLINE,COMPLETED,REF912AB2D69AD4,BROKEN_FK_customer_id_to_customers
TX045288,FAKE_ED68771A,A1031,1321.9,ZAR,2025-04-05,15:56:33,DEBIT_ORDER,Debit Order - Ref 699507,ATM,COMPLETED,REFB6E341CE5174,BROKEN_FK_customer_id_to_customers
TX045346,UNKNOWN,A1147,652.27,ZAR,2026-09-06,00:21:54,TRANSFER,Transfer - Ref 245710,MOBILE,COMPLETED,REFA4DF953C947E,BROKEN_FK_customer_id_to_customers
TX045453,UNKNOWN,A0880,2376.39,ZAR,2024-01-04,06:09:12,DEPOSIT,Deposit - Ref 256996,POS,COMPLETED,REFD74E5986544F,BROKEN_FK_customer_id_to_customers
TX045466,UNKNOWN,A0837,1586.06,ZAR,2024-05-29,08:34:05,INTEREST,Interest - Ref 553085,BRANCH,COMPLETED,REF2A60109186AB,BROKEN_FK_customer_id_to_customers
TX045484,UNKNOWN,A0291,884.63,ZAR,2024-01-16,00:26:06,DEPOSIT,Deposit - Ref 474965,MOBILE,COMPLETED,REFF6549AE38D3E,BROKEN_FK_customer_id_to_customers
TX045495,UNKNOWN,A1477,12900.77,ZAR,2025-06-13,18:57:49,DEBIT_ORDER,Debit Order - Ref 776154,MOBILE,COMPLETED,REF7DD8CBE805FB,BROKEN_FK_customer_id_to_customers
TX045501,UNKNOWN,A0818,785.73,ZAR,2026-03-07,11:33:51,PAYMENT,Payment - Ref 640169,ONLINE,COMPLETED,REF34C6353567E0,BROKEN_FK_customer_id_to_customers
TX045528,UNKNOWN,A0849,15907.6575,ZAR,2026-03-09,10:06:59,REVERSAL,Reversal - Ref 742673,MOBILE,REVERSED,REF4678BB668F94,BROKEN_FK_customer_id_to_customers
TX045634,FAKE_A25DAF62,A1127,499.47,ZAR,2026-07-07,03:27:01,FEE,Fee - Ref 760542,ONLINE,COMPLETED,REFC50A0626F762,BROKEN_FK_customer_id_to_customers
TX045690,UNKNOWN,A0071,3259.05,ZAR,2024-04-28,02:52:34,DEPOSIT,Deposit - Ref 560216,MOBILE,COMPLETED,REF297F2BE3F47D,BROKEN_FK_customer_id_to_customers
TX045721,UNKNOWN,A1056,1692.52,ZAR,2024-11-15,10:50:01,WITHDRAWAL,Withdrawal - Ref 326396,ONLINE,COMPLETED,REFA9EA225E89F5,BROKEN_FK_customer_id_to_customers
TX045750,FAKE_304577EA,A0758,15907.6575,ZAR,2026-06-30,23:56:18,REVERSAL,Reversal - Ref 958577,MOBILE,COMPLETED,REF8D375ACEA519,BROKEN_FK_customer_id_to_customers
TX045756,UNKNOWN,A1425,10501.74,ZAR,2024-08-01,12:00:58,REVERSAL,Reversal - Ref 781747,POS,COMPLETED,REFBC630605EF58,BROKEN_FK_customer_id_to_customers
TX045797,UNKNOWN,A1431,260.47,ZAR,2024-01-26,10:34:53,FEE,Fee - Ref 530932,POS,COMPLETED,REF255B1C92EB03,BROKEN_FK_customer_id_to_customers
TX045813,UNKNOWN,A0391,10719.3,ZAR,2024-11-28,16:24:23,DEPOSIT,Deposit - Ref 716561,MOBILE,COMPLETED,REF6E3351A8BB49,BROKEN_FK_customer_id_to_customers
TX045853,UNKNOWN,A1032,451.19,ZAR,2025-11-10,15:11:56,FEE,Fee - Ref 736045,MOBILE,COMPLETED,REF500289A7928D,BROKEN_FK_customer_id_to_customers
TX045897,UNKNOWN,A0843,384.29,ZAR,2024-07-17,01:43:09,INTEREST,Interest - Ref 836796,ATM,COMPLETED,REF06B982E44368,BROKEN_FK_customer_id_to_customers
TX045916,UNKNOWN,A0879,1460.12,ZAR,2025-11-16,13:35:23,PAYMENT,Payment - Ref 609220,MOBILE,COMPLETED,REF1C7962548934,BROKEN_FK_customer_id_to_customers
TX045935,UNKNOWN,A0820,2713.32,ZAR,2026-04-10,20:41:44,WITHDRAWAL,Withdrawal - Ref 218052,BRANCH,COMPLETED,REF1197D43B9FB9,BROKEN_FK_customer_id_to_customers
TX045959,UNKNOWN,A0055,1326.82,ZAR,2026-08-15,19:48:30,WITHDRAWAL,Withdrawal - Ref 373586,ONLINE,COMPLETED,REF088C56E1FF5E,BROKEN_FK_customer_id_to_customers
TX045960,UNKNOWN,A0128,149.03,ZAR,2024-09-14,18:34:45,FEE,Fee - Ref 837574,ATM,COMPLETED,REF55A1D0424BCD,BROKEN_FK_customer_id_to_customers
TX045992,UNKNOWN,A0963,493.17,ZAR,2026-01-20,14:31:14,DEPOSIT,Deposit - Ref 418333,BRANCH,COMPLETED,REF3D9D973443CE,BROKEN_FK_customer_id_to_customers
TX046014,UNKNOWN,A0774,15907.6575,ZAR,2025-02-07,00:20:04,REVERSAL,Reversal - Ref 646989,ONLINE,COMPLETED,REF89A2EDACC02B,BROKEN_FK_customer_id_to_customers
TX046027,FAKE_C8CCF746,A0967,346.88,ZAR,2024-11-15,07:16:36,PAYMENT,Payment - Ref 858693,BRANCH,COMPLETED,REF8E00F6355C33,BROKEN_FK_customer_id_to_customers
TX046069,UNKNOWN,A0357,838.56,ZAR,2026-02-20,21:26:33,WITHDRAWAL,Withdrawal - Ref 337722,BRANCH,COMPLETED,REF4C6564AA2630,BROKEN_FK_customer_id_to_customers
TX046086,UNKNOWN,A0822,15907.6575,ZAR,2025-03-25,08:06:55,REVERSAL,Reversal - Ref 164571,POS,COMPLETED,REF0EC8BAB13FFB,BROKEN_FK_customer_id_to_customers
TX046116,FAKE_C97C07C8,A0022,200.01,ZAR,2024-08-09,19:42:37,FEE,Fee - Ref 409381,ATM,COMPLETED,REF20001E43B91A,BROKEN_FK_customer_id_to_customers
TX046132,FAKE_510F66CC,A0652,15907.6575,ZAR,2024-02-16,10:25:40,REVERSAL,Reversal - Ref 468340,ATM,COMPLETED,REF06EDE8366FCB,BROKEN_FK_customer_id_to_customers
TX046229,FAKE_0ECB2DF3,A0979,585.61,ZAR,2026-09-07,06:33:51,PAYMENT,Payment - Ref 660022,MOBILE,COMPLETED,REF1627D1084462,BROKEN_FK_customer_id_to_customers
TX046239,UNKNOWN,A1145,835.27,ZAR,2026-04-16,02:19:11,PAYMENT,Payment - Ref 634300,POS,FAILED,REFD214E9D54129,BROKEN_FK_customer_id_to_customers
TX046389,UNKNOWN,A0272,228.24,ZAR,2026-06-07,20:39:11,DEBIT_ORDER,Debit Order - Ref 713135,ATM,COMPLETED,REF7B0C319E9B64,BROKEN_FK_customer_id_to_customers
TX046411,UNKNOWN,A0879,487.21,ZAR,2025-01-01,13:29:52,WITHDRAWAL,Withdrawal - Ref 537686,MOBILE,FAILED,REF9DFE93854969,BROKEN_FK_customer_id_to_customers
TX046412,UNKNOWN,A0328,873.7,ZAR,2026-06-06,02:32:47,INTEREST,Interest - Ref 760000,ONLINE,COMPLETED,REF0831C6D809AC,BROKEN_FK_customer_id_to_customers
TX046467,UNKNOWN,A0702,15907.6575,ZAR,2025-07-23,05:06:19,REVERSAL,Reversal - Ref 918651,ONLINE,COMPLETED,REFFF64318FAA48,BROKEN_FK_customer_id_to_customers
TX046503,UNKNOWN,A0089,1981.9,ZAR,2024-09-08,09:13:29,WITHDRAWAL,Withdrawal - Ref 381944,ONLINE,COMPLETED,REF456D0310F678,BROKEN_FK_customer_id_to_customers
TX046563,UNKNOWN,A0433,15907.6575,ZAR,2024-05-17,06:28:47,REVERSAL,Reversal - Ref 124351,ATM,COMPLETED,REF9A2142887945,BROKEN_FK_customer_id_to_customers
TX046580,UNKNOWN,A0778,4363.06,ZAR,2024-09-09,19:23:52,INTEREST,Interest - Ref 964885,ONLINE,COMPLETED,REF837CE793E751,BROKEN_FK_customer_id_to_customers
TX046694,UNKNOWN,A0168,2029.99,ZAR,2024-03-13,17:02:13,DEBIT_ORDER,Debit Order - Ref 927153,ONLINE,COMPLETED,REFEE4CCD3CD620,BROKEN_FK_customer_id_to_customers
TX046719,FAKE_080EC099,A1221,145.15,ZAR,2024-03-21,19:08:13,PAYMENT,Payment - Ref 120168,ONLINE,COMPLETED,REFB10745F10FBB,BROKEN_FK_customer_id_to_customers
TX046808,UNKNOWN,A1135,741.57,ZAR,2024-04-24,15:24:02,DEBIT_ORDER,Debit Order - Ref 915587,ONLINE,COMPLETED,REF87F0E98536C4,BROKEN_FK_customer_id_to_customers
TX046840,FAKE_30BAF041,A0438,345.02,ZAR,2024-11-23,09:13:49,PAYMENT,Payment - Ref 779746,ATM,FAILED,REFF480EF98A430,BROKEN_FK_customer_id_to_customers
TX046850,FAKE_05E8F787,UNKNOWN,1490.53,ZAR,2026-09-13,15:48:06,DEPOSIT,Deposit - Ref 469317,MOBILE,COMPLETED,REF09F244CDB15C,BROKEN_FK_customer_id_to_customers
TX046883,UNKNOWN,A1102,498.52,ZAR,2025-01-03,17:10:27,WITHDRAWAL,Withdrawal - Ref 882553,MOBILE,FAILED,REF7A8165BD8E85,BROKEN_FK_customer_id_to_customers
TX046922,UNKNOWN,A0596,349.34,ZAR,2026-05-30,14:55:42,FEE,Fee - Ref 774062,ATM,COMPLETED,REF02AA3B505A5B,BROKEN_FK_customer_id_to_customers
TX046943,FAKE_215CF355,A1177,3614.63,ZAR,2026-03-04,10:23:10,WITHDRAWAL,Withdrawal - Ref 952228,ONLINE,COMPLETED,REF72FA02600C08,BROKEN_FK_customer_id_to_customers
TX046963,UNKNOWN,A1093,38.71,ZAR,2025-10-03,09:56:34,FEE,Fee - Ref 243487,POS,COMPLETED,REFBA0320C89FE0,BROKEN_FK_customer_id_to_customers
TX046966,UNKNOWN,A1378,3281.24,ZAR,2025-04-02,23:01:02,WITHDRAWAL,Withdrawal - Ref 583794,ONLINE,PENDING,REF86A6BA2D53AD,BROKEN_FK_customer_id_to_customers
TX047009,UNKNOWN,A1448,15907.6575,ZAR,2025-04-12,01:56:28,TRANSFER,Transfer - Ref 334567,ATM,COMPLETED,REFAD91F65E2292,BROKEN_FK_customer_id_to_customers
TX047014,UNKNOWN,A0571,3442.98,ZAR,2025-07-02,23:19:49,DEPOSIT,Deposit - Ref 367415,ONLINE,REVERSED,REFA51C755ED60C,BROKEN_FK_customer_id_to_customers
TX047065,FAKE_435E817A,A0111,2574.45,ZAR,2025-01-01,05:38:57,DEPOSIT,Deposit - Ref 743434,POS,COMPLETED,REFA7765F7CC75B,BROKEN_FK_customer_id_to_customers
TX047144,UNKNOWN,A0120,15907.6575,ZAR,2025-04-22,22:23:58,REVERSAL,Reversal - Ref 215369,MOBILE,COMPLETED,REFB73898A36DF0,BROKEN_FK_customer_id_to_customers
TX047151,UNKNOWN,A1296,8135.78,ZAR,2024-11-14,12:43:55,PAYMENT,Payment - Ref 175923,MOBILE,COMPLETED,REFC5392559ECA3,BROKEN_FK_customer_id_to_customers
TX047226,UNKNOWN,A1285,117.39,ZAR,2025-11-24,19:54:27,FEE,Fee - Ref 190865,POS,COMPLETED,REF72C19B78A64B,BROKEN_FK_customer_id_to_customers
TX047319,UNKNOWN,A0531,3312.86,ZAR,2024-03-06,09:01:30,TRANSFER,Transfer - Ref 476723,ONLINE,COMPLETED,REF9227EE56BDEE,BROKEN_FK_customer_id_to_customers
TX047374,FAKE_DFF8D9A6,A1403,15907.6575,ZAR,2025-05-18,00:21:11,REVERSAL,Reversal - Ref 573166,ONLINE,COMPLETED,REF12DC32404286,BROKEN_FK_customer_id_to_customers
TX047382,UNKNOWN,A0015,522.71,ZAR,2024-06-21,15:52:53,DEPOSIT,Deposit - Ref 529615,MOBILE,COMPLETED,REF3FEA8EF6B712,BROKEN_FK_customer_id_to_customers
TX047538,UNKNOWN,A0041,1058.53,ZAR,2026-04-02,19:52:56,DEBIT_ORDER,Debit Order - Ref 212706,POS,FAILED,REF20BF1E38EBDE,BROKEN_FK_customer_id_to_customers
TX047590,FAKE_934D8006,A0469,776.25,ZAR,2025-06-22,04:36:39,INTEREST,Interest - Ref 402026,POS,COMPLETED,REF02B57CAC2E3A,BROKEN_FK_customer_id_to_customers
TX047653,FAKE_3C98A6D2,A0684,315.28,ZAR,2025-01-20,16:45:11,FEE,Fee - Ref 748434,MOBILE,FAILED,REF6CE941810643,BROKEN_FK_customer_id_to_customers
TX047659,UNKNOWN,A0369,15907.6575,ZAR,2024-02-07,00:47:25,REVERSAL,Reversal - Ref 184971,BRANCH,COMPLETED,REFDDAE5C52F6D8,BROKEN_FK_customer_id_to_customers
TX047682,UNKNOWN,UNKNOWN,399.51,ZAR,2026-05-13,08:39:16,FEE,Fee - Ref 994760,MOBILE,COMPLETED,REF087A3CC51ACA,BROKEN_FK_customer_id_to_customers
TX047686,FAKE_E6C7676D,A0134,819.19,ZAR,2025-06-06,09:26:10,PAYMENT,Payment - Ref 866162,MOBILE,COMPLETED,REF7C15B8567808,BROKEN_FK_customer_id_to_customers
TX047705,UNKNOWN,A1475,10545.11,ZAR,2025-03-17,03:43:53,DEPOSIT,Deposit - Ref 165134,ONLINE,COMPLETED,REF7B3AABDF6BA9,BROKEN_FK_customer_id_to_customers
TX047709,UNKNOWN,A1033,15907.6575,ZAR,2025-05-07,11:09:11,REVERSAL,Reversal - Ref 853297,MOBILE,COMPLETED,REF3707BCD75A4D,BROKEN_FK_customer_id_to_customers
TX047715,UNKNOWN,A1373,461.06,ZAR,2026-05-13,10:47:50,WITHDRAWAL,Withdrawal - Ref 240962,ATM,PENDING,REFE25CC0C6E580,BROKEN_FK_customer_id_to_customers
TX047746,UNKNOWN,A1205,61.43,ZAR,2024-06-22,15:59:41,FEE,Fee - Ref 382670,ONLINE,COMPLETED,REF30E7ED527050,BROKEN_FK_customer_id_to_customers
TX047749,UNKNOWN,UNKNOWN,15907.6575,ZAR,2025-02-05,12:15:30,REVERSAL,Reversal - Ref 386921,MOBILE,COMPLETED,REF58D3799081BC,BROKEN_FK_customer_id_to_customers
TX047762,FAKE_5AC3D4DC,A1014,314.78,ZAR,2024-10-20,04:58:25,DEPOSIT,Deposit - Ref 236786,ONLINE,COMPLETED,REF32C6CFC7DE8D,BROKEN_FK_customer_id_to_customers
TX047848,UNKNOWN,A0980,802.84,ZAR,2025-08-17,12:06:06,DEBIT_ORDER,Debit Order - Ref 833852,MOBILE,COMPLETED,REF17158C1DF5EA,BROKEN_FK_customer_id_to_customers
TX047852,FAKE_9FC13DEE,A0201,12955.72,ZAR,2024-05-18,03:04:10,REVERSAL,Reversal - Ref 477578,ATM,PENDING,REF7C7A095A68EC,BROKEN_FK_customer_id_to_customers
TX047881,UNKNOWN,A0648,687.73,ZAR,2026-02-28,14:53:22,INTEREST,Interest - Ref 258015,MOBILE,COMPLETED,REFE4C568898764,BROKEN_FK_customer_id_to_customers
TX047932,UNKNOWN,A0559,648.97,ZAR,2025-07-30,12:59:56,INTEREST,Interest - Ref 298793,MOBILE,COMPLETED,REFBED37FA49772,BROKEN_FK_customer_id_to_customers
TX047933,FAKE_014814BB,A0676,458.23,ZAR,2025-08-04,19:41:14,FEE,Fee - Ref 634422,ONLINE,COMPLETED,REF1D4C949BB837,BROKEN_FK_customer_id_to_customers
TX047936,UNKNOWN,A0354,15907.6575,ZAR,2026-01-21,15:15:57,REVERSAL,Reversal - Ref 397411,MOBILE,REVERSED,REFBABEA12C9FE6,BROKEN_FK_customer_id_to_customers
TX047946,FAKE_9A122832,A1256,4231.65,ZAR,2025-01-02,21:41:13,PAYMENT,Payment - Ref 867457,ATM,COMPLETED,REF5224606080FD,BROKEN_FK_customer_id_to_customers
TX047965,UNKNOWN,A1158,7203.23,ZAR,2024-06-09,20:35:45,REVERSAL,Reversal - Ref 901701,MOBILE,COMPLETED,REF17DB8486A77B,BROKEN_FK_customer_id_to_customers
TX047973,FAKE_B76EFA1B,A0542,7458.04,ZAR,2026-03-25,14:31:02,TRANSFER,Transfer - Ref 426525,ATM,COMPLETED,REFDEC0518F9AE8,BROKEN_FK_customer_id_to_customers
TX048026,UNKNOWN,A1373,231.6,ZAR,2026-08-10,17:52:25,WITHDRAWAL,Withdrawal - Ref 101673,ONLINE,COMPLETED,REF76C63FBD4A16,BROKEN_FK_customer_id_to_customers
TX048082,UNKNOWN,A1002,1358.07,ZAR,2026-03-27,13:11:27,WITHDRAWAL,Withdrawal - Ref 266105,MOBILE,COMPLETED,REF09DF39B1B29F,BROKEN_FK_customer_id_to_customers
TX048116,UNKNOWN,A1234,1139.21,ZAR,2026-06-18,23:05:10,PAYMENT,Payment - Ref 800720,MOBILE,COMPLETED,REF4F30A2F2EE48,BROKEN_FK_customer_id_to_customers
TX048148,UNKNOWN,A1213,2685.86,ZAR,2024-07-30,21:01:54,INTEREST,Interest - Ref 706355,BRANCH,COMPLETED,REF73F1BF6E163E,BROKEN_FK_customer_id_to_customers
TX048213,FAKE_A66851EF,A0994,2311.35,ZAR,2024-08-10,05:57:51,WITHDRAWAL,Withdrawal - Ref 309369,ATM,COMPLETED,REF3B67D065F371,BROKEN_FK_customer_id_to_customers
TX048215,UNKNOWN,A1151,1157.78,ZAR,2024-10-22,08:40:44,DEPOSIT,Deposit - Ref 550970,ONLINE,COMPLETED,REFBBCDB7053166,BROKEN_FK_customer_id_to_customers
TX048240,UNKNOWN,A0930,270.34,ZAR,2025-04-17,03:28:22,FEE,Fee - Ref 186669,MOBILE,COMPLETED,REF79BC5D2ED18D,BROKEN_FK_customer_id_to_customers
TX048257,UNKNOWN,A0970,168.28,ZAR,2025-07-17,18:16:17,DEBIT_ORDER,Debit Order - Ref 133996,ATM,COMPLETED,REF0B6FAE825EAA,BROKEN_FK_customer_id_to_customers
TX048333,UNKNOWN,A0538,6099.01,ZAR,2025-11-09,05:32:12,DEPOSIT,Deposit - Ref 136267,ONLINE,COMPLETED,REF301370271068,BROKEN_FK_customer_id_to_customers
TX048337,UNKNOWN,A0762,351.64,ZAR,2024-11-13,12:01:33,FEE,Fee - Ref 932671,ATM,COMPLETED,REFF88F3F33CCFF,BROKEN_FK_customer_id_to_customers
TX048364,FAKE_AD9B0EAD,A1499,46.68,ZAR,2024-06-05,01:16:36,WITHDRAWAL,Withdrawal - Ref 961776,MOBILE,COMPLETED,REFFF365C8BF418,BROKEN_FK_customer_id_to_customers
TX048455,UNKNOWN,A0526,832.3,ZAR,2024-07-28,12:54:58,DEPOSIT,Deposit - Ref 315734,POS,COMPLETED,REF606AC8B28BCA,BROKEN_FK_customer_id_to_customers
TX048484,UNKNOWN,A0564,1594.61,ZAR,2025-05-27,10:11:41,DEBIT_ORDER,Debit Order - Ref 517717,BRANCH,COMPLETED,REF881B19B61333,BROKEN_FK_customer_id_to_customers
TX048529,FAKE_95AE054A,A0570,249.02,ZAR,2026-07-17,16:20:45,WITHDRAWAL,Withdrawal - Ref 585127,ONLINE,COMPLETED,REF8A1821D5D075,BROKEN_FK_customer_id_to_customers
TX048531,UNKNOWN,A0994,1093.33,ZAR,2024-08-27,08:40:13,WITHDRAWAL,Withdrawal - Ref 113794,ATM,COMPLETED,REF01FA747D8057,BROKEN_FK_customer_id_to_customers
TX048545,UNKNOWN,UNKNOWN,1027.63,ZAR,2024-05-09,22:11:34,DEPOSIT,Deposit - Ref 377786,ONLINE,COMPLETED,REF0D6DC56BE7E4,BROKEN_FK_customer_id_to_customers
TX048553,UNKNOWN,A0648,54.81,ZAR,2024-07-26,21:44:08,FEE,Fee - Ref 494869,ATM,COMPLETED,REFE644D311F151,BROKEN_FK_customer_id_to_customers
TX048598,UNKNOWN,A1294,2466.72,ZAR,2025-06-11,12:24:59,INTEREST,Interest - Ref 121315,ATM,FAILED,REF9201CA355EA5,BROKEN_FK_customer_id_to_customers
TX048642,UNKNOWN,A0829,4076.84,ZAR,2025-04-02,08:15:00,INTEREST,Interest - Ref 660070,BRANCH,COMPLETED,REFD3C4EF4EB87E,BROKEN_FK_customer_id_to_customers
TX048660,FAKE_7186D6FA,A0050,5725.33,ZAR,2025-01-23,03:35:39,TRANSFER,Transfer - Ref 368837,BRANCH,COMPLETED,REF28A0E6B5B5A7,BROKEN_FK_customer_id_to_customers
TX048661,UNKNOWN,A1310,492.21,ZAR,2024-03-29,09:38:44,WITHDRAWAL,Withdrawal - Ref 856898,ATM,COMPLETED,REFAB0E3CFEA5E9,BROKEN_FK_customer_id_to_customers
TX048670,UNKNOWN,A0694,4227.34,ZAR,2025-11-17,00:02:49,INTEREST,Interest - Ref 804175,ATM,COMPLETED,REF1FE443432DF7,BROKEN_FK_customer_id_to_customers
TX048735,FAKE_D0BB7056,A0352,483.52,ZAR,2025-03-22,08:57:24,INTEREST,Interest - Ref 251763,ONLINE,COMPLETED,REF420F92295286,BROKEN_FK_customer_id_to_customers
TX048756,UNKNOWN,A0669,370.57,ZAR,2026-03-10,01:07:00,DEBIT_ORDER,Debit Order - Ref 588848,ONLINE,PENDING,REF083975F48C1B,BROKEN_FK_customer_id_to_customers
TX048795,FAKE_AE263AD8,A0939,94.11,ZAR,2024-05-11,18:33:25,PAYMENT,Payment - Ref 988547,ONLINE,COMPLETED,REFA15DA68E305B,BROKEN_FK_customer_id_to_customers
TX048836,UNKNOWN,A0306,698.72,ZAR,2024-07-10,00:47:47,DEPOSIT,Deposit - Ref 151555,ONLINE,COMPLETED,REF81B2DFC7CD70,BROKEN_FK_customer_id_to_customers
TX048871,UNKNOWN,A0646,15907.6575,ZAR,2025-07-28,05:16:01,DEBIT_ORDER,Debit Order - Ref 248251,ONLINE,COMPLETED,REF34852BE33E74,BROKEN_FK_customer_id_to_customers
TX048958,FAKE_02443D6D,A1490,453.58,ZAR,2026-08-02,09:06:56,INTEREST,Interest - Ref 229822,MOBILE,COMPLETED,REFD953B0CDD050,BROKEN_FK_customer_id_to_customers
TX048997,UNKNOWN,A0606,3232.5,ZAR,2026-09-08,20:20:44,PAYMENT,Payment - Ref 471507,BRANCH,COMPLETED,REF77FF96370F68,BROKEN_FK_customer_id_to_customers
TX049047,UNKNOWN,A1340,1118.84,ZAR,2025-01-23,23:02:40,WITHDRAWAL,Withdrawal - Ref 579362,POS,PENDING,REFC00A4FFE9E3D,BROKEN_FK_customer_id_to_customers
TX049102,FAKE_005C59E1,A0567,4395.77,ZAR,2024-08-05,06:55:35,DEPOSIT,Deposit - Ref 221696,MOBILE,COMPLETED,REF922E8B6390DC,BROKEN_FK_customer_id_to_customers
TX049266,UNKNOWN,A1335,794.08,ZAR,2024-01-16,01:47:49,WITHDRAWAL,Withdrawal - Ref 528844,ONLINE,COMPLETED,REF5093ADC7A44C,BROKEN_FK_customer_id_to_customers
TX049295,FAKE_A4FCBE04,A0513,2088.79,ZAR,2024-05-28,09:23:53,PAYMENT,Payment - Ref 171441,ATM,COMPLETED,REFC8545A0F4BB0,BROKEN_FK_customer_id_to_customers
TX049305,UNKNOWN,A0991,2823.19,ZAR,2026-04-07,10:05:45,DEBIT_ORDER,Debit Order - Ref 902140,MOBILE,COMPLETED,REF23D474D4D3F9,BROKEN_FK_customer_id_to_customers
TX049309,UNKNOWN,A1151,15907.6575,ZAR,2026-01-21,19:31:26,REVERSAL,Reversal - Ref 400727,BRANCH,COMPLETED,REFD98BEDF30CD2,BROKEN_FK_customer_id_to_customers
TX049341,FAKE_C3ADEDEE,A0281,1682.94,ZAR,2024-10-18,11:07:57,WITHDRAWAL,Withdrawal - Ref 670421,MOBILE,COMPLETED,REF11973EE1C4F6,BROKEN_FK_customer_id_to_customers
TX049469,FAKE_80B30887,A0611,395.38,ZAR,2024-12-03,06:05:12,WITHDRAWAL,Withdrawal - Ref 443994,ONLINE,PENDING,REF5F5B2B80ABF6,BROKEN_FK_customer_id_to_customers
TX049504,FAKE_012C4BED,A0613,15907.6575,ZAR,2026-01-23,00:31:22,REVERSAL,Reversal - Ref 879494,POS,COMPLETED,REF9138A9864F1B,BROKEN_FK_customer_id_to_customers
TX049538,FAKE_751C730A,UNKNOWN,3973.71,ZAR,2025-02-02,00:59:04,DEPOSIT,Deposit - Ref 441982,ONLINE,COMPLETED,REFFF5D2DD625B7,BROKEN_FK_customer_id_to_customers
TX049553,FAKE_672ECE8E,A0803,510.16,ZAR,2026-05-14,18:26:18,TRANSFER,Transfer - Ref 933019,MOBILE,COMPLETED,REF8333839A6AC2,BROKEN_FK_customer_id_to_customers
TX049573,UNKNOWN,A0512,419.99,ZAR,2026-03-25,04:37:10,FEE,Fee - Ref 750365,ONLINE,COMPLETED,REF7DFA68BC7DBD,BROKEN_FK_customer_id_to_customers
TX049619,UNKNOWN,A0666,6554.19,ZAR,2025-04-03,15:12:44,TRANSFER,Transfer - Ref 134430,MOBILE,COMPLETED,REF240B51EF88FE,BROKEN_FK_customer_id_to_customers
TX049720,UNKNOWN,A1190,533.0,ZAR,2024-09-21,11:09:28,TRANSFER,Transfer - Ref 419031,MOBILE,COMPLETED,REF59B6121B9B42,BROKEN_FK_customer_id_to_customers
TX049775,UNKNOWN,A0910,1186.35,ZAR,2024-09-03,06:44:32,DEPOSIT,Deposit - Ref 404390,MOBILE,COMPLETED,REF1025311DC5B9,BROKEN_FK_customer_id_to_customers
TX049779,UNKNOWN,A1346,15907.6575,ZAR,2024-12-06,23:46:48,REVERSAL,Reversal - Ref 301248,BRANCH,COMPLETED,REF817A2EF994A1,BROKEN_FK_customer_id_to_customers
TX049863,UNKNOWN,A1195,835.65,ZAR,2024-08-02,07:13:01,REVERSAL,Reversal - Ref 963454,ATM,COMPLETED,REFA3C8AF5AD59E,BROKEN_FK_customer_id_to_customers
TX049870,UNKNOWN,A0243,176.41,ZAR,2024-10-17,22:59:19,FEE,Fee - Ref 573938,ATM,COMPLETED,REF1387744CA7F3,BROKEN_FK_customer_id_to_customers
TX049923,UNKNOWN,A0429,849.49,ZAR,2026-03-17,14:06:08,WITHDRAWAL,Withdrawal - Ref 515541,ONLINE,COMPLETED,REFC7DAEE5E5A30,BROKEN_FK_customer_id_to_customers
TX049966,UNKNOWN,A1186,2968.25,ZAR,2025-06-12,12:56:13,PAYMENT,Payment - Ref 959843,ONLINE,COMPLETED,REF42C04D724598,BROKEN_FK_customer_id_to_customers
TX049977,UNKNOWN,A1050,2841.33,ZAR,2026-06-14,22:10:01,INTEREST,Interest - Ref 685172,BRANCH,COMPLETED,REF65E4BC344E13,BROKEN_FK_customer_id_to_customers
TX049990,UNKNOWN,A1214,15907.6575,ZAR,2024-01-07,04:24:32,REVERSAL,Reversal - Ref 601546,ONLINE,COMPLETED,REFDB6299A94D9F,BROKEN_FK_customer_id_to_customers
TX049995,FAKE_B47AA98C,A0186,795.08,ZAR,2024-03-27,21:32:15,WITHDRAWAL,Withdrawal - Ref 614669,BRANCH,COMPLETED,REF3949A745ABC9,BROKEN_FK_customer_id_to_customers
TX049996,UNKNOWN,A0530,13290.47,ZAR,2024-02-13,15:03:43,TRANSFER,Transfer - Ref 514474,MOBILE,COMPLETED,REFF26090AF50DC,BROKEN_FK_customer_id_to_customers
TX000030,C0138,A0544,7823.79,ZAR,2025-10-04,08:58:52,REVERSAL,Reversal - Ref 459285,ONLINE,COMPLETED,REF5B716140A843,BROKEN_FK_account_id_to_accounts
TX000046,C0107,A1386,2597.26,ZAR,2024-04-18,15:35:47,REVERSAL,Reversal - Ref 479711,ONLINE,COMPLETED,REF35B2FE70452A,BROKEN_FK_account_id_to_accounts
TX000064,C0433,A1025,176.23,ZAR,2024-02-23,21:29:46,WITHDRAWAL,Withdrawal - Ref 828180,ONLINE,COMPLETED,REF11C8A7428AB8,BROKEN_FK_account_id_to_accounts
TX000073,C0158,A1330,15907.6575,ZAR,2025-07-08,16:29:30,REVERSAL,Reversal - Ref 446704,ONLINE,COMPLETED,REFCC67C34FE987,BROKEN_FK_account_id_to_accounts
TX000090,C0305,UNKNOWN,3352.75,ZAR,2024-06-28,17:32:56,DEBIT_ORDER,Debit Order - Ref 263912,POS,COMPLETED,REF782DC48063A6,BROKEN_FK_account_id_to_accounts
TX000099,C0644,FAKE_670BF5EF,3535.66,ZAR,2024-02-27,08:21:13,PAYMENT,Payment - Ref 456156,MOBILE,COMPLETED,REFECA296C842B1,BROKEN_FK_account_id_to_accounts
TX000125,C0874,A0790,1217.38,ZAR,2025-04-19,06:01:32,DEBIT_ORDER,Debit Order - Ref 866143,ATM,COMPLETED,REF34D74FB9B221,BROKEN_FK_account_id_to_accounts
TX000151,C0614,A0422,1500.07,ZAR,2025-03-10,12:55:29,PAYMENT,Payment - Ref 123813,ONLINE,COMPLETED,REF81A58DE6A895,BROKEN_FK_account_id_to_accounts
TX000174,C0391,A0473,1178.83,ZAR,2026-05-21,02:05:38,PAYMENT,Payment - Ref 533756,MOBILE,COMPLETED,REFCC3BA6CC372C,BROKEN_FK_account_id_to_accounts
TX000200,C0240,A0937,401.12,ZAR,2024-06-25,23:49:19,FEE,Fee - Ref 613249,ONLINE,COMPLETED,REF8CA6618ADAF2,BROKEN_FK_account_id_to_accounts
TX000201,C0532,UNKNOWN,485.18,ZAR,2024-07-08,07:31:46,FEE,Fee - Ref 801607,MOBILE,COMPLETED,REF3DB62EED56AD,BROKEN_FK_account_id_to_accounts
TX000205,C0363,FAKE_09CCF92E,2065.55,ZAR,2024-01-20,04:34:27,INTEREST,Interest - Ref 478101,POS,COMPLETED,REF2B8E06B391AE,BROKEN_FK_account_id_to_accounts
TX000211,C0174,A1169,1068.05,ZAR,2024-10-06,16:17:38,WITHDRAWAL,Withdrawal - Ref 262058,BRANCH,COMPLETED,REFB1673E399D79,BROKEN_FK_account_id_to_accounts
TX000222,C0734,UNKNOWN,250.38,ZAR,2026-01-07,11:53:53,PAYMENT,Payment - Ref 320139,MOBILE,PENDING,REF26B3F5A3439F,BROKEN_FK_account_id_to_accounts
TX000240,C0158,A1330,3193.1,ZAR,2026-02-24,01:25:41,INTEREST,Interest - Ref 579977,ONLINE,COMPLETED,REFC1EF32965DFA,BROKEN_FK_account_id_to_accounts
TX000249,C0163,UNKNOWN,10284.14,ZAR,2025-12-22,05:10:46,REVERSAL,Reversal - Ref 314439,ONLINE,COMPLETED,REF57C192E7D9A5,BROKEN_FK_account_id_to_accounts
TX000262,C0963,UNKNOWN,311.39,ZAR,2025-05-30,01:25:10,FEE,Fee - Ref 883188,MOBILE,COMPLETED,REFAA33F50A6430,BROKEN_FK_account_id_to_accounts
TX000280,C0366,A0418,1224.74,ZAR,2026-02-08,17:58:45,DEPOSIT,Deposit - Ref 919371,ATM,REVERSED,REF2A6BC6C82F41,BROKEN_FK_account_id_to_accounts
TX000303,C0423,FAKE_08A91AB2,101.65,ZAR,2024-04-08,12:54:18,FEE,Fee - Ref 619432,ONLINE,REVERSED,REF3705D60233B5,BROKEN_FK_account_id_to_accounts
TX000323,C0222,UNKNOWN,951.26,ZAR,2025-11-26,10:23:32,WITHDRAWAL,Withdrawal - Ref 596470,MOBILE,COMPLETED,REF1F465A1713F8,BROKEN_FK_account_id_to_accounts
TX000338,C0614,A0422,2175.62,ZAR,2024-08-19,09:19:38,DEBIT_ORDER,Debit Order - Ref 728778,MOBILE,COMPLETED,REFE181F75DEDE1,BROKEN_FK_account_id_to_accounts
TX000348,C0772,A0436,4327.41,ZAR,2025-07-04,05:30:35,INTEREST,Interest - Ref 928517,ONLINE,COMPLETED,REFACEE298264C7,BROKEN_FK_account_id_to_accounts
TX000359,C0812,FAKE_73CCE1E1,15907.6575,ZAR,2025-03-13,16:31:30,REVERSAL,Reversal - Ref 611826,MOBILE,COMPLETED,REFC103CEB534AA,BROKEN_FK_account_id_to_accounts
TX000365,C0261,A0515,15907.6575,ZAR,2026-02-15,02:16:37,REVERSAL,Reversal - Ref 733034,ONLINE,COMPLETED,REFBA2D7A10EA1D,BROKEN_FK_account_id_to_accounts
TX000379,C0872,UNKNOWN,4426.25,ZAR,2026-02-22,11:38:25,INTEREST,Interest - Ref 947747,ATM,COMPLETED,REF916F5230BE88,BROKEN_FK_account_id_to_accounts
TX000389,C0250,A0563,670.03,ZAR,2024-12-26,00:46:56,TRANSFER,Transfer - Ref 505089,ONLINE,COMPLETED,REF2F1F1E0F1BCB,BROKEN_FK_account_id_to_accounts
TX000394,C0174,A1169,13259.59,ZAR,2024-12-09,19:09:50,REVERSAL,Reversal - Ref 156293,BRANCH,COMPLETED,REF638B97E3402F,BROKEN_FK_account_id_to_accounts
TX000398,C0224,A0045,445.1,ZAR,2024-09-14,06:56:20,INTEREST,Interest - Ref 568909,ATM,COMPLETED,REF244B427FABE1,BROKEN_FK_account_id_to_accounts
TX000420,C0398,A0053,3518.29,ZAR,2024-05-29,20:38:22,TRANSFER,Transfer - Ref 325445,ONLINE,REVERSED,REF371DD95080DB,BROKEN_FK_account_id_to_accounts
TX000426,C0129,FAKE_185ABF1F,122.17,ZAR,2026-04-29,03:23:54,FEE,Fee - Ref 188757,MOBILE,COMPLETED,REF9F9855CF74D9,BROKEN_FK_account_id_to_accounts
TX000475,C0874,A0790,519.44,ZAR,2024-02-25,11:21:04,PAYMENT,Payment - Ref 991006,BRANCH,PENDING,REFCA7E2E457EFC,BROKEN_FK_account_id_to_accounts
TX000484,C0108,A0572,1490.83,ZAR,2024-07-31,06:35:06,DEPOSIT,Deposit - Ref 101639,MOBILE,PENDING,REF053FB2B076F3,BROKEN_FK_account_id_to_accounts
TX000540,C0527,UNKNOWN,15907.6575,ZAR,2025-03-09,22:10:03,DEPOSIT,Deposit - Ref 242345,MOBILE,COMPLETED,REFCDAEA7B31109,BROKEN_FK_account_id_to_accounts
TX000541,C0985,UNKNOWN,12716.38,ZAR,2025-05-31,03:07:11,REVERSAL,Reversal - Ref 685661,ONLINE,COMPLETED,REFAD92DDDFB5D3,BROKEN_FK_account_id_to_accounts
TX000604,C0831,A0527,433.72,ZAR,2026-01-27,11:17:47,DEBIT_ORDER,Debit Order - Ref 279636,ONLINE,COMPLETED,REFFA51F156786C,BROKEN_FK_account_id_to_accounts
TX000659,C0035,UNKNOWN,444.71,ZAR,2026-04-05,21:30:18,FEE,Fee - Ref 129710,POS,COMPLETED,REF86BB04FD8031,BROKEN_FK_account_id_to_accounts
TX000662,C0645,A0282,5080.74,ZAR,2025-01-23,00:31:06,PAYMENT,Payment - Ref 359885,BRANCH,COMPLETED,REF3EB916DB40EB,BROKEN_FK_account_id_to_accounts
TX000663,C0366,A0418,1633.98,ZAR,2026-03-13,01:23:55,PAYMENT,Payment - Ref 234841,ONLINE,REVERSED,REF0C9F32763839,BROKEN_FK_account_id_to_accounts
TX000689,C0871,A1487,84.87,ZAR,2025-05-19,22:55:18,TRANSFER,Transfer - Ref 814136,BRANCH,COMPLETED,REF1AFDA0DB0926,BROKEN_FK_account_id_to_accounts
TX000729,C0071,A0452,1112.4,ZAR,2025-04-25,06:21:49,DEPOSIT,Deposit - Ref 620425,ONLINE,COMPLETED,REF50CE4BCA91B7,BROKEN_FK_account_id_to_accounts
TX000731,C0791,A0938,394.9,ZAR,2024-04-27,11:14:09,FEE,Fee - Ref 839916,MOBILE,COMPLETED,REF0FFC5FF49151,BROKEN_FK_account_id_to_accounts
TX000735,C0021,FAKE_245C1D9B,219.67,ZAR,2026-08-16,17:17:39,FEE,Fee - Ref 812668,MOBILE,COMPLETED,REF6EFA0D4ACA15,BROKEN_FK_account_id_to_accounts
TX000768,C0915,A0345,391.31,ZAR,2025-02-06,21:59:34,WITHDRAWAL,Withdrawal - Ref 397750,ONLINE,COMPLETED,REFBE44E1B106FB,BROKEN_FK_account_id_to_accounts
TX000809,C0431,A0469,235.75,ZAR,2025-04-03,23:20:09,WITHDRAWAL,Withdrawal - Ref 291195,MOBILE,COMPLETED,REFFEB962531FF0,BROKEN_FK_account_id_to_accounts
TX000814,C0071,A0452,7805.02,ZAR,2025-08-27,17:09:07,REVERSAL,Reversal - Ref 116925,MOBILE,COMPLETED,REFB65A9945726E,BROKEN_FK_account_id_to_accounts
TX000815,C0703,UNKNOWN,747.85,ZAR,2024-11-14,21:12:38,DEPOSIT,Deposit - Ref 260252,ONLINE,COMPLETED,REF1ED85DD1E1DE,BROKEN_FK_account_id_to_accounts
TX000824,C0089,A0779,1256.4,ZAR,2024-08-03,04:20:28,DEPOSIT,Deposit - Ref 870083,ATM,COMPLETED,REF821717D4C879,BROKEN_FK_account_id_to_accounts
TX000845,C0800,A0764,575.43,ZAR,2024-11-16,09:46:31,TRANSFER,Transfer - Ref 419233,MOBILE,COMPLETED,REF8BB3C1E7A12C,BROKEN_FK_account_id_to_accounts
TX000849,C0611,A1314,2669.33,ZAR,2024-07-02,06:10:07,TRANSFER,Transfer - Ref 498919,BRANCH,COMPLETED,REFDE30505EDF09,BROKEN_FK_account_id_to_accounts
TX000875,C0527,FAKE_0A5C3FF8,1333.33,ZAR,2026-08-12,15:55:29,TRANSFER,Transfer - Ref 895221,ATM,COMPLETED,REFC70D7FA07C98,BROKEN_FK_account_id_to_accounts
TX000903,C0511,UNKNOWN,76.1,ZAR,2025-03-06,23:47:37,INTEREST,Interest - Ref 508164,ONLINE,COMPLETED,REFDE9E6BF88B0A,BROKEN_FK_account_id_to_accounts
TX000908,C0047,UNKNOWN,388.34,ZAR,2025-07-25,19:34:26,DEPOSIT,Deposit - Ref 927538,POS,COMPLETED,REF33BCB6C10DF8,BROKEN_FK_account_id_to_accounts
TX000910,C0484,A1438,116.17,ZAR,2024-05-24,11:02:54,DEBIT_ORDER,Debit Order - Ref 584540,MOBILE,COMPLETED,REFC6F3FC78025B,BROKEN_FK_account_id_to_accounts
TX000937,C0419,A0556,1477.14,ZAR,2025-06-07,11:09:01,PAYMENT,Payment - Ref 517199,ATM,COMPLETED,REFF0944727AE70,BROKEN_FK_account_id_to_accounts
TX000940,C0326,A0448,2970.25,ZAR,2024-10-20,03:45:39,PAYMENT,Payment - Ref 169160,MOBILE,COMPLETED,REFCF30E3AC40B3,BROKEN_FK_account_id_to_accounts
TX000959,C0371,A1236,476.09,ZAR,2025-01-28,21:46:21,FEE,Fee - Ref 755297,MOBILE,COMPLETED,REF5F3D34E73BB2,BROKEN_FK_account_id_to_accounts
TX001007,C0628,UNKNOWN,142.78,ZAR,2026-05-09,18:41:20,TRANSFER,Transfer - Ref 788441,ONLINE,PENDING,REFF72C826D2A3D,BROKEN_FK_account_id_to_accounts
TX001020,C0987,A0943,259.14,ZAR,2025-08-16,20:44:00,TRANSFER,Transfer - Ref 464387,MOBILE,COMPLETED,REF2FC4BB8AF009,BROKEN_FK_account_id_to_accounts
TX001040,C0359,UNKNOWN,508.32,ZAR,2024-01-22,16:06:32,WITHDRAWAL,Withdrawal - Ref 306100,MOBILE,COMPLETED,REF875D677520D4,BROKEN_FK_account_id_to_accounts
TX001068,C0484,A1438,1981.3,ZAR,2024-05-22,16:48:44,WITHDRAWAL,Withdrawal - Ref 101023,ATM,COMPLETED,REF8E4506C77928,BROKEN_FK_account_id_to_accounts
TX001070,C0172,UNKNOWN,140.91,ZAR,2025-01-11,08:04:53,FEE,Fee - Ref 665346,MOBILE,COMPLETED,REFA3C9C4913229,BROKEN_FK_account_id_to_accounts
TX001178,C0021,A1205,112.85,ZAR,2026-05-05,05:29:51,FEE,Fee - Ref 307498,ONLINE,COMPLETED,REF161578F74BB6,BROKEN_FK_account_id_to_accounts
TX001186,C0256,UNKNOWN,356.09,ZAR,2024-01-09,23:00:33,WITHDRAWAL,Withdrawal - Ref 993048,ONLINE,COMPLETED,REF109BEA97B6CB,BROKEN_FK_account_id_to_accounts
TX001191,C0569,A0141,2392.63,ZAR,2025-02-24,22:26:36,TRANSFER,Transfer - Ref 418201,MOBILE,PENDING,REFC1CDB93570EE,BROKEN_FK_account_id_to_accounts
TX001199,C0158,A1330,452.66,ZAR,2025-02-11,08:22:02,TRANSFER,Transfer - Ref 654028,MOBILE,COMPLETED,REFC2602CDA16E1,BROKEN_FK_account_id_to_accounts
TX001208,C0272,FAKE_3780414E,4882.04,ZAR,2024-05-22,07:26:34,DEPOSIT,Deposit - Ref 347418,ONLINE,COMPLETED,REF26D9DFCDD9C8,BROKEN_FK_account_id_to_accounts
TX001213,C0444,UNKNOWN,11199.33,ZAR,2025-01-08,21:13:17,REVERSAL,Reversal - Ref 200120,POS,COMPLETED,REFB4BBB4F306A0,BROKEN_FK_account_id_to_accounts
TX001216,C0043,UNKNOWN,15907.6575,ZAR,2026-06-28,13:27:40,PAYMENT,Payment - Ref 609977,POS,COMPLETED,REFDE76F660D514,BROKEN_FK_account_id_to_accounts
TX001226,C0219,UNKNOWN,4074.28,ZAR,2025-01-12,21:32:50,WITHDRAWAL,Withdrawal - Ref 722915,MOBILE,COMPLETED,REF0C74672A9E87,BROKEN_FK_account_id_to_accounts
TX001249,C0071,A1181,220.87,ZAR,2025-05-07,08:25:25,PAYMENT,Payment - Ref 842372,POS,COMPLETED,REF3B3B6A7375A8,BROKEN_FK_account_id_to_accounts
TX001268,C0096,UNKNOWN,236.96,ZAR,2025-11-03,04:36:15,PAYMENT,Payment - Ref 327426,ATM,COMPLETED,REF560FFB9DD264,BROKEN_FK_account_id_to_accounts
TX001281,C0345,A0694,1886.5,ZAR,2025-10-28,00:20:33,TRANSFER,Transfer - Ref 111049,ONLINE,COMPLETED,REF1E50473D4B64,BROKEN_FK_account_id_to_accounts
TX001289,C0611,A1314,827.59,ZAR,2024-03-18,08:22:37,INTEREST,Interest - Ref 610459,MOBILE,REVERSED,REF7F70C6196ACA,BROKEN_FK_account_id_to_accounts
TX001308,C0049,A1190,271.89,ZAR,2026-06-07,13:54:24,WITHDRAWAL,Withdrawal - Ref 531924,ONLINE,COMPLETED,REF48C9EFAC2AD4,BROKEN_FK_account_id_to_accounts
TX001321,C0835,FAKE_72F05890,15907.6575,ZAR,2025-06-17,10:14:28,REVERSAL,Reversal - Ref 696809,ATM,COMPLETED,REF01CEE2F28E02,BROKEN_FK_account_id_to_accounts
TX001356,C0339,A0380,1313.57,ZAR,2024-12-19,21:42:32,INTEREST,Interest - Ref 875795,MOBILE,COMPLETED,REFADB76CCB50DB,BROKEN_FK_account_id_to_accounts
TX001359,C0302,A0994,683.83,ZAR,2025-09-09,06:51:35,INTEREST,Interest - Ref 947222,ONLINE,COMPLETED,REFCD23D95F9845,BROKEN_FK_account_id_to_accounts
TX001364,C0336,UNKNOWN,3208.68,ZAR,2024-07-31,17:16:07,TRANSFER,Transfer - Ref 821347,MOBILE,COMPLETED,REF3E92F211A3B5,BROKEN_FK_account_id_to_accounts
TX001397,C0922,A0672,7023.42,ZAR,2024-02-08,03:18:37,DEBIT_ORDER,Debit Order - Ref 803349,ATM,COMPLETED,REFE694869F9564,BROKEN_FK_account_id_to_accounts
TX001422,C0484,A1438,15907.6575,ZAR,2025-01-08,09:26:28,DEBIT_ORDER,Debit Order - Ref 327366,ONLINE,COMPLETED,REFBE8AACDE30D8,BROKEN_FK_account_id_to_accounts
TX001423,C0366,A0418,3764.03,ZAR,2026-01-28,15:57:53,REVERSAL,Reversal - Ref 848639,ONLINE,COMPLETED,REF167C811288D7,BROKEN_FK_account_id_to_accounts
TX001445,C0484,A1438,1272.46,ZAR,2025-01-15,20:53:41,WITHDRAWAL,Withdrawal - Ref 998159,MOBILE,COMPLETED,REFDEE04AC65667,BROKEN_FK_account_id_to_accounts
TX001451,C0420,UNKNOWN,9961.76,ZAR,2025-02-03,12:32:03,DEPOSIT,Deposit - Ref 515999,POS,COMPLETED,REFBC5E06DF2940,BROKEN_FK_account_id_to_accounts
TX001456,C0987,A0943,303.32,ZAR,2026-06-18,17:09:49,FEE,Fee - Ref 966122,ATM,COMPLETED,REF8E3225AB81E7,BROKEN_FK_account_id_to_accounts
TX001457,C0760,UNKNOWN,2011.55,ZAR,2024-12-03,12:31:31,DEPOSIT,Deposit - Ref 243658,MOBILE,COMPLETED,REF427F5C1F175E,BROKEN_FK_account_id_to_accounts
TX001461,C0445,UNKNOWN,2408.23,ZAR,2025-11-23,09:46:09,TRANSFER,Transfer - Ref 112441,MOBILE,COMPLETED,REF126AF0358F57,BROKEN_FK_account_id_to_accounts
TX001469,C0800,A0764,14704.45,ZAR,2024-07-01,08:25:36,PAYMENT,Payment - Ref 392468,POS,COMPLETED,REF4E04CC74301F,BROKEN_FK_account_id_to_accounts
TX001477,C0132,A1146,879.21,ZAR,2025-07-07,00:12:28,WITHDRAWAL,Withdrawal - Ref 768938,ONLINE,COMPLETED,REF5800DD64CE22,BROKEN_FK_account_id_to_accounts
TX001497,C0484,UNKNOWN,10.53,ZAR,2025-07-04,03:36:38,FEE,Fee - Ref 890132,ATM,FAILED,REFB3F636DFC9C4,BROKEN_FK_account_id_to_accounts
TX001513,C0250,A0563,15907.6575,ZAR,2025-05-10,23:42:24,REVERSAL,Reversal - Ref 297856,ATM,COMPLETED,REF9BC492BD3ECD,BROKEN_FK_account_id_to_accounts
TX001543,C0254,UNKNOWN,4191.25,ZAR,2024-07-20,22:23:02,DEBIT_ORDER,Debit Order - Ref 159383,POS,COMPLETED,REFE827E6CB271C,BROKEN_FK_account_id_to_accounts
TX001553,C0880,UNKNOWN,1388.29,ZAR,2024-02-10,07:04:06,DEBIT_ORDER,Debit Order - Ref 668747,ONLINE,COMPLETED,REFBFDEBA692D7A,BROKEN_FK_account_id_to_accounts
TX001588,C0628,UNKNOWN,6661.35,ZAR,2025-01-31,18:56:16,PAYMENT,Payment - Ref 795127,BRANCH,COMPLETED,REFFB207C56B474,BROKEN_FK_account_id_to_accounts
TX001594,C0108,A0572,386.94,ZAR,2025-10-01,08:49:09,DEPOSIT,Deposit - Ref 885089,MOBILE,COMPLETED,REFB83999EFD926,BROKEN_FK_account_id_to_accounts
TX001635,C0626,UNKNOWN,1118.2,ZAR,2026-06-17,16:40:17,TRANSFER,Transfer - Ref 192057,MOBILE,COMPLETED,REF0AD4611E8245,BROKEN_FK_account_id_to_accounts
TX001638,C0772,A0436,374.77,ZAR,2026-04-01,04:30:26,WITHDRAWAL,Withdrawal - Ref 834168,MOBILE,COMPLETED,REF03C5F4D4D0F5,BROKEN_FK_account_id_to_accounts
TX001654,C0019,UNKNOWN,1770.59,ZAR,2026-05-13,17:49:33,PAYMENT,Payment - Ref 254385,ONLINE,PENDING,REF31ECF65DD184,BROKEN_FK_account_id_to_accounts
TX001669,C0503,UNKNOWN,5390.42,ZAR,2025-03-04,23:56:55,REVERSAL,Reversal - Ref 651429,MOBILE,COMPLETED,REFFC355FCD34CC,BROKEN_FK_account_id_to_accounts
TX001672,C0645,A0282,8272.68,ZAR,2025-05-07,19:38:17,DEBIT_ORDER,Debit Order - Ref 857708,ONLINE,COMPLETED,REF70D52126473A,BROKEN_FK_account_id_to_accounts
TX001697,C0345,A0694,1522.91,ZAR,2026-07-28,13:43:43,DEPOSIT,Deposit - Ref 473431,ONLINE,COMPLETED,REFBB8B1B8A0B07,BROKEN_FK_account_id_to_accounts
TX001701,C0135,UNKNOWN,2105.53,ZAR,2024-09-23,23:04:43,PAYMENT,Payment - Ref 460988,ATM,COMPLETED,REFAF92F5D7B854,BROKEN_FK_account_id_to_accounts
TX001704,C0907,A1444,35.94,ZAR,2024-10-28,20:49:18,DEBIT_ORDER,Debit Order - Ref 338303,ONLINE,COMPLETED,REFC7A34221CF22,BROKEN_FK_account_id_to_accounts
TX001734,C0615,FAKE_74D8223F,1545.38,ZAR,2025-09-17,18:22:56,INTEREST,Interest - Ref 956067,ATM,COMPLETED,REF65F3C512A5F3,BROKEN_FK_account_id_to_accounts
TX001753,C0791,A0938,1376.95,ZAR,2026-01-12,04:37:41,WITHDRAWAL,Withdrawal - Ref 599758,MOBILE,COMPLETED,REF438046BD35A6,BROKEN_FK_account_id_to_accounts
TX001757,C0071,A0452,11025.41,ZAR,2026-05-05,00:20:13,REVERSAL,Reversal - Ref 913725,ATM,COMPLETED,REF49C17136586F,BROKEN_FK_account_id_to_accounts
TX001769,C0399,UNKNOWN,36.74,ZAR,2026-05-22,06:24:28,WITHDRAWAL,Withdrawal - Ref 999568,ONLINE,COMPLETED,REF3615078CE8F7,BROKEN_FK_account_id_to_accounts
TX001770,C0038,FAKE_94EA2061,194.02,ZAR,2026-02-22,23:33:04,FEE,Fee - Ref 390480,ONLINE,COMPLETED,REFEC8A3DD1C5FA,BROKEN_FK_account_id_to_accounts
TX001830,C0772,A0436,1253.59,ZAR,2024-05-16,02:31:33,TRANSFER,Transfer - Ref 218831,MOBILE,COMPLETED,REFE19E16F2DE1A,BROKEN_FK_account_id_to_accounts
TX001833,C0326,A0448,251.36,ZAR,2026-05-27,08:07:24,PAYMENT,Payment - Ref 460783,ONLINE,COMPLETED,REF85D81BF667F1,BROKEN_FK_account_id_to_accounts
TX001867,C0342,FAKE_1F8B9A6C,742.8,ZAR,2024-09-24,10:03:41,DEPOSIT,Deposit - Ref 646849,ONLINE,COMPLETED,REF4F4E76B7B4B3,BROKEN_FK_account_id_to_accounts
TX001868,C0925,FAKE_1F193E9A,152.25,ZAR,2025-03-28,01:09:53,DEBIT_ORDER,Debit Order - Ref 307733,MOBILE,COMPLETED,REF67011C2F6DDE,BROKEN_FK_account_id_to_accounts
TX001870,C0692,A0415,8382.12,ZAR,2024-07-11,08:47:05,TRANSFER,Transfer - Ref 571971,MOBILE,REVERSED,REFBCA87E6D5B29,BROKEN_FK_account_id_to_accounts
TX001875,C0965,UNKNOWN,3262.1,ZAR,2024-12-28,13:06:08,INTEREST,Interest - Ref 951639,ONLINE,COMPLETED,REF9A34C5AB4A0E,BROKEN_FK_account_id_to_accounts
TX001884,C0345,A0694,738.19,ZAR,2024-01-16,13:31:14,WITHDRAWAL,Withdrawal - Ref 115697,BRANCH,COMPLETED,REF55390DDBE466,BROKEN_FK_account_id_to_accounts
TX001902,C0431,A0469,159.46,ZAR,2024-10-14,10:59:22,FEE,Fee - Ref 932046,POS,COMPLETED,REF164636F5B5A5,BROKEN_FK_account_id_to_accounts
TX001919,C0871,A1487,15907.6575,ZAR,2025-04-10,12:00:09,REVERSAL,Reversal - Ref 635717,MOBILE,COMPLETED,REF4AEE6ED30F31,BROKEN_FK_account_id_to_accounts
TX001944,C0985,UNKNOWN,8950.75,ZAR,2025-06-08,23:24:20,PAYMENT,Payment - Ref 434518,ATM,COMPLETED,REF6778CD3D614C,BROKEN_FK_account_id_to_accounts
TX001948,C0779,UNKNOWN,15907.6575,ZAR,2024-11-23,15:19:33,REVERSAL,Reversal - Ref 496389,ONLINE,COMPLETED,REFFF0B1137DEC8,BROKEN_FK_account_id_to_accounts
TX001953,C0191,UNKNOWN,2035.32,ZAR,2026-04-03,22:10:18,INTEREST,Interest - Ref 406049,BRANCH,COMPLETED,REFC6ACDB17F710,BROKEN_FK_account_id_to_accounts
TX001968,C0419,A0556,2402.41,ZAR,2025-04-24,02:37:26,INTEREST,Interest - Ref 594563,MOBILE,COMPLETED,REF42BC217CB205,BROKEN_FK_account_id_to_accounts
TX002045,C0398,A0053,1380.86,ZAR,2025-04-27,19:51:53,DEBIT_ORDER,Debit Order - Ref 658957,BRANCH,COMPLETED,REF7EA734EED327,BROKEN_FK_account_id_to_accounts
TX002048,C0233,UNKNOWN,760.17,ZAR,2025-02-12,20:29:55,WITHDRAWAL,Withdrawal - Ref 863604,MOBILE,COMPLETED,REF279FF397A282,BROKEN_FK_account_id_to_accounts
TX002071,C0089,A0779,721.86,ZAR,2024-05-24,07:03:41,WITHDRAWAL,Withdrawal - Ref 421867,MOBILE,COMPLETED,REF594BAE95634F,BROKEN_FK_account_id_to_accounts
TX002096,C0909,UNKNOWN,3066.16,ZAR,2026-04-28,18:32:52,DEPOSIT,Deposit - Ref 783959,ONLINE,COMPLETED,REF546B1D8220A7,BROKEN_FK_account_id_to_accounts
TX002097,C0429,A1065,1084.7,ZAR,2024-10-15,17:57:45,DEBIT_ORDER,Debit Order - Ref 108592,BRANCH,COMPLETED,REFC5C197AFB7B0,BROKEN_FK_account_id_to_accounts
TX002100,C0419,A0556,15907.6575,ZAR,2026-08-24,08:00:58,REVERSAL,Reversal - Ref 651719,ONLINE,COMPLETED,REF433E0AF917FB,BROKEN_FK_account_id_to_accounts
TX002114,C0132,A1146,15907.6575,ZAR,2024-10-02,19:20:22,REVERSAL,Reversal - Ref 738590,ONLINE,COMPLETED,REFB90F57285AB2,BROKEN_FK_account_id_to_accounts
TX002115,C0990,UNKNOWN,490.18,ZAR,2025-01-03,11:54:33,WITHDRAWAL,Withdrawal - Ref 628641,MOBILE,COMPLETED,REF2A361AA31162,BROKEN_FK_account_id_to_accounts
TX002116,C0767,A0305,361.58,ZAR,2024-09-25,12:41:13,WITHDRAWAL,Withdrawal - Ref 779099,MOBILE,COMPLETED,REFD8F3E6FE3DEC,BROKEN_FK_account_id_to_accounts
TX002205,C0302,A0994,853.04,ZAR,2026-02-28,18:55:45,PAYMENT,Payment - Ref 405416,POS,COMPLETED,REF3771D607FC37,BROKEN_FK_account_id_to_accounts
TX002237,C0250,A0563,251.74,ZAR,2024-03-17,00:51:22,WITHDRAWAL,Withdrawal - Ref 488464,ATM,COMPLETED,REF6614A2D4BC05,BROKEN_FK_account_id_to_accounts
TX002244,C0151,UNKNOWN,4817.79,ZAR,2024-01-11,20:16:44,INTEREST,Interest - Ref 623142,ONLINE,COMPLETED,REF988C4B6AD8FA,BROKEN_FK_account_id_to_accounts
TX002261,C0071,A1181,7538.96,ZAR,2024-02-26,17:11:42,DEPOSIT,Deposit - Ref 361040,ATM,COMPLETED,REF144CF2273BF5,BROKEN_FK_account_id_to_accounts
TX002323,C0398,A0053,5154.9,ZAR,2024-03-03,23:37:09,PAYMENT,Payment - Ref 443307,MOBILE,COMPLETED,REF2D9372809891,BROKEN_FK_account_id_to_accounts
TX002324,C0692,A0415,463.97,ZAR,2025-11-01,13:53:08,FEE,Fee - Ref 567779,MOBILE,COMPLETED,REFF378D7ECB43B,BROKEN_FK_account_id_to_accounts
TX002332,C0831,A0527,395.19,ZAR,2025-05-21,12:22:32,DEBIT_ORDER,Debit Order - Ref 843129,BRANCH,COMPLETED,REF05242D523F3B,BROKEN_FK_account_id_to_accounts
TX002335,C0050,UNKNOWN,15833.84,ZAR,2026-06-05,16:28:04,DEPOSIT,Deposit - Ref 992641,ATM,COMPLETED,REF79FB43ED6689,BROKEN_FK_account_id_to_accounts
TX002353,C0222,FAKE_A4E149AB,1508.06,ZAR,2025-07-24,03:52:36,TRANSFER,Transfer - Ref 449435,ONLINE,COMPLETED,REFC88DF899E72A,BROKEN_FK_account_id_to_accounts
TX002458,C0731,UNKNOWN,82.41,ZAR,2024-03-04,21:06:46,FEE,Fee - Ref 392126,MOBILE,COMPLETED,REFD3B43471ACE4,BROKEN_FK_account_id_to_accounts
TX002463,C0602,UNKNOWN,67.67,ZAR,2025-02-10,08:37:58,FEE,Fee - Ref 377229,ONLINE,PENDING,REF887B5866DE72,BROKEN_FK_account_id_to_accounts
TX002478,C0082,A1200,899.46,ZAR,2024-07-20,21:37:36,WITHDRAWAL,Withdrawal - Ref 591602,ONLINE,COMPLETED,REF27DB410670D0,BROKEN_FK_account_id_to_accounts
TX002480,C0089,A0779,5705.13,ZAR,2024-02-21,04:39:54,TRANSFER,Transfer - Ref 548021,BRANCH,COMPLETED,REFD27E6FB95B54,BROKEN_FK_account_id_to_accounts
TX002498,C0646,A0291,1751.01,ZAR,2024-08-09,15:18:28,TRANSFER,Transfer - Ref 964045,ONLINE,COMPLETED,REFB5BFF1234CE9,BROKEN_FK_account_id_to_accounts
TX002500,C0174,A1169,133.71,ZAR,2025-05-25,13:47:56,FEE,Fee - Ref 232080,MOBILE,COMPLETED,REF47577D4931BD,BROKEN_FK_account_id_to_accounts
TX002508,C0326,A0656,2036.78,ZAR,2026-03-06,03:25:39,PAYMENT,Payment - Ref 706568,ONLINE,COMPLETED,REFF87A3C72597E,BROKEN_FK_account_id_to_accounts
TX002510,C0569,A0141,31.03,ZAR,2025-02-12,05:49:18,INTEREST,Interest - Ref 973719,MOBILE,COMPLETED,REF478AC5797E2E,BROKEN_FK_account_id_to_accounts
TX002512,C0537,A0699,15907.6575,ZAR,2024-06-01,20:36:25,REVERSAL,Reversal - Ref 514308,BRANCH,PENDING,REFE0067FFCF612,BROKEN_FK_account_id_to_accounts
TX002547,C0511,FAKE_63C5CCD7,1355.23,ZAR,2025-08-18,09:05:16,PAYMENT,Payment - Ref 235820,MOBILE,COMPLETED,REF98DCBCB2516A,BROKEN_FK_account_id_to_accounts
TX002559,C0941,UNKNOWN,129.95,ZAR,2026-01-09,01:37:25,FEE,Fee - Ref 585083,ATM,COMPLETED,REFC1998CF5257C,BROKEN_FK_account_id_to_accounts
TX002561,C0302,A0994,15907.6575,ZAR,2026-03-20,00:12:23,REVERSAL,Reversal - Ref 363703,POS,COMPLETED,REF3EF984E4DB11,BROKEN_FK_account_id_to_accounts
TX002578,C0177,UNKNOWN,15907.6575,ZAR,2025-10-02,17:10:05,TRANSFER,Transfer - Ref 939742,MOBILE,COMPLETED,REF039B9B7CE836,BROKEN_FK_account_id_to_accounts
TX002590,C0429,A1065,15907.6575,ZAR,2025-03-31,12:20:52,DEPOSIT,Deposit - Ref 326912,POS,COMPLETED,REFCD068C435F6E,BROKEN_FK_account_id_to_accounts
TX002599,C0050,UNKNOWN,491.88,ZAR,2024-08-23,20:31:08,PAYMENT,Payment - Ref 632885,ATM,COMPLETED,REFE93D315B7175,BROKEN_FK_account_id_to_accounts
TX002615,C0071,A0452,2132.87,ZAR,2025-05-31,11:02:45,DEPOSIT,Deposit - Ref 410116,ONLINE,COMPLETED,REF64A88592EFB0,BROKEN_FK_account_id_to_accounts
TX002618,C0049,A1190,348.57,ZAR,2024-09-28,22:52:24,DEBIT_ORDER,Debit Order - Ref 982796,ONLINE,COMPLETED,REFB9616D8FC36D,BROKEN_FK_account_id_to_accounts
TX002622,C0433,A1025,13030.26,ZAR,2025-08-07,19:40:53,DEBIT_ORDER,Debit Order - Ref 732233,BRANCH,COMPLETED,REFFAAACADA1200,BROKEN_FK_account_id_to_accounts
TX002627,C0398,A0053,1604.45,ZAR,2026-08-09,01:20:42,TRANSFER,Transfer - Ref 103065,ONLINE,REVERSED,REF97EE72CC9C5E,BROKEN_FK_account_id_to_accounts
TX002629,C0907,A1444,310.42,ZAR,2025-01-10,16:13:16,FEE,Fee - Ref 805050,POS,COMPLETED,REFFE371CAFBC33,BROKEN_FK_account_id_to_accounts
TX002632,C0419,A0556,1833.48,ZAR,2026-05-03,14:35:28,PAYMENT,Payment - Ref 282523,MOBILE,COMPLETED,REF0CC11E90520D,BROKEN_FK_account_id_to_accounts
TX002649,C0302,A0994,1207.55,ZAR,2026-02-02,16:31:48,INTEREST,Interest - Ref 952489,MOBILE,COMPLETED,REFE550C2640989,BROKEN_FK_account_id_to_accounts
TX002651,C0646,A0291,1089.48,ZAR,2026-06-19,01:19:18,DEPOSIT,Deposit - Ref 644273,ONLINE,COMPLETED,REFAB8D05B69F66,BROKEN_FK_account_id_to_accounts
TX002660,C0918,UNKNOWN,2913.56,ZAR,2025-09-19,22:31:39,DEPOSIT,Deposit - Ref 538782,MOBILE,REVERSED,REF352CCCB243D7,BROKEN_FK_account_id_to_accounts
TX002667,C0082,A1200,823.27,ZAR,2024-12-30,08:42:58,DEBIT_ORDER,Debit Order - Ref 856520,MOBILE,COMPLETED,REF4A557F875C28,BROKEN_FK_account_id_to_accounts
TX002670,C0391,A0473,685.32,ZAR,2025-08-23,00:16:52,DEBIT_ORDER,Debit Order - Ref 502941,MOBILE,COMPLETED,REF26AAD698FF20,BROKEN_FK_account_id_to_accounts
TX002676,C0009,UNKNOWN,3045.18,ZAR,2025-09-22,06:31:31,WITHDRAWAL,Withdrawal - Ref 607209,ATM,COMPLETED,REFFAB47930B8C7,BROKEN_FK_account_id_to_accounts
TX002700,C0999,A0831,427.96,ZAR,2024-02-27,03:56:34,FEE,Fee - Ref 150663,ONLINE,COMPLETED,REFFB51356CDA7C,BROKEN_FK_account_id_to_accounts
TX002708,C0614,A0422,3059.31,ZAR,2024-02-23,04:24:09,TRANSFER,Transfer - Ref 343767,MOBILE,COMPLETED,REFD30E0DE9FB11,BROKEN_FK_account_id_to_accounts
TX002715,C0228,UNKNOWN,15907.6575,ZAR,2024-10-11,11:48:21,REVERSAL,Reversal - Ref 274195,ATM,COMPLETED,REF3BC6669310A8,BROKEN_FK_account_id_to_accounts
TX002737,C0922,UNKNOWN,983.74,ZAR,2025-01-31,18:49:46,PAYMENT,Payment - Ref 332924,ONLINE,COMPLETED,REFF70688B1DF2E,BROKEN_FK_account_id_to_accounts
TX002745,C0345,A0694,1111.1,ZAR,2026-04-10,14:02:00,WITHDRAWAL,Withdrawal - Ref 623897,ONLINE,COMPLETED,REF87A32A124A3E,BROKEN_FK_account_id_to_accounts
TX002756,C0085,UNKNOWN,9954.9,ZAR,2025-10-13,16:03:21,DEBIT_ORDER,Debit Order - Ref 829091,MOBILE,COMPLETED,REF519D28519365,BROKEN_FK_account_id_to_accounts
TX002759,C0720,A0589,15907.6575,ZAR,2024-05-07,21:12:09,REVERSAL,Reversal - Ref 102496,ONLINE,COMPLETED,REF951AEB600BBF,BROKEN_FK_account_id_to_accounts
TX002831,C0419,A0556,639.94,ZAR,2025-10-26,22:16:04,TRANSFER,Transfer - Ref 289410,BRANCH,COMPLETED,REF8BBB0718135D,BROKEN_FK_account_id_to_accounts
TX002842,C0710,UNKNOWN,1608.42,ZAR,2025-08-06,07:07:15,DEBIT_ORDER,Debit Order - Ref 441999,ONLINE,REVERSED,REFF3464F346CBB,BROKEN_FK_account_id_to_accounts
TX002863,C0657,UNKNOWN,1019.64,ZAR,2024-08-04,02:42:00,PAYMENT,Payment - Ref 558377,MOBILE,COMPLETED,REF823276E66FEE,BROKEN_FK_account_id_to_accounts
TX002877,C0093,UNKNOWN,15907.6575,ZAR,2025-01-20,04:07:40,REVERSAL,Reversal - Ref 999039,ONLINE,COMPLETED,REFCD366D4471F3,BROKEN_FK_account_id_to_accounts
TX002894,C0983,UNKNOWN,15907.6575,ZAR,2026-01-30,15:00:42,REVERSAL,Reversal - Ref 888643,POS,COMPLETED,REF6675DCF01263,BROKEN_FK_account_id_to_accounts
TX002932,C0342,UNKNOWN,15907.6575,ZAR,2024-08-19,09:50:20,REVERSAL,Reversal - Ref 346258,POS,COMPLETED,REF0FBEF56714BA,BROKEN_FK_account_id_to_accounts
TX002943,C0345,A0694,3497.68,ZAR,2024-08-05,05:08:06,DEPOSIT,Deposit - Ref 418460,BRANCH,COMPLETED,REFC783D1F95F25,BROKEN_FK_account_id_to_accounts
TX002973,C0776,UNKNOWN,149.16,ZAR,2024-02-02,01:45:23,PAYMENT,Payment - Ref 683181,MOBILE,COMPLETED,REF272CCC1B160D,BROKEN_FK_account_id_to_accounts
TX002993,C0881,A0400,7616.54,ZAR,2025-10-05,13:06:47,REVERSAL,Reversal - Ref 610764,MOBILE,COMPLETED,REF6A5223A3CB60,BROKEN_FK_account_id_to_accounts
TX002994,C0302,A0994,416.95,ZAR,2025-01-29,03:32:57,PAYMENT,Payment - Ref 354715,BRANCH,COMPLETED,REFF22D830DD6C5,BROKEN_FK_account_id_to_accounts
TX003011,C0391,A0473,669.43,ZAR,2024-02-24,00:11:31,WITHDRAWAL,Withdrawal - Ref 769147,ATM,COMPLETED,REF923111BDEDB1,BROKEN_FK_account_id_to_accounts
TX003025,C0216,UNKNOWN,160.77,ZAR,2024-06-15,16:54:49,FEE,Fee - Ref 949644,MOBILE,PENDING,REFBE7F3CA7AD9A,BROKEN_FK_account_id_to_accounts
TX003042,C0340,FAKE_C796C4D4,333.57,ZAR,2025-11-26,03:40:22,TRANSFER,Transfer - Ref 898549,MOBILE,COMPLETED,REFDFD6336DE400,BROKEN_FK_account_id_to_accounts
TX003047,C0645,A0282,15907.6575,ZAR,2026-08-19,17:46:30,REVERSAL,Reversal - Ref 558269,MOBILE,COMPLETED,REF97ACA6E86B33,BROKEN_FK_account_id_to_accounts
TX003058,C0824,UNKNOWN,432.3,ZAR,2026-02-11,02:19:44,FEE,Fee - Ref 745663,ONLINE,COMPLETED,REF92BFFA4F92F6,BROKEN_FK_account_id_to_accounts
TX003079,C0366,A0418,1093.02,ZAR,2025-05-25,19:30:00,WITHDRAWAL,Withdrawal - Ref 657196,MOBILE,COMPLETED,REF9A24429FF49F,BROKEN_FK_account_id_to_accounts
TX003125,C0881,A0400,1544.82,ZAR,2025-10-02,10:00:29,PAYMENT,Payment - Ref 889621,POS,COMPLETED,REF089C6C2185F4,BROKEN_FK_account_id_to_accounts
TX003131,C0326,A0656,15907.6575,ZAR,2024-10-28,02:02:15,REVERSAL,Reversal - Ref 598945,MOBILE,COMPLETED,REF21D0E6970B54,BROKEN_FK_account_id_to_accounts
TX003151,C0415,FAKE_B43677C7,567.18,ZAR,2024-07-21,20:02:13,TRANSFER,Transfer - Ref 127607,MOBILE,COMPLETED,REF9B5DA445306F,BROKEN_FK_account_id_to_accounts
TX003169,C0987,A0943,400.12,ZAR,2024-01-29,22:45:58,INTEREST,Interest - Ref 987832,POS,COMPLETED,REFDCBB16FF3874,BROKEN_FK_account_id_to_accounts
TX003189,C0915,A0345,113.03,ZAR,2024-04-13,07:17:53,PAYMENT,Payment - Ref 753702,ATM,COMPLETED,REF6B063DC4EE00,BROKEN_FK_account_id_to_accounts
TX003211,C0107,A1386,15907.6575,ZAR,2025-02-07,09:23:05,REVERSAL,Reversal - Ref 913410,BRANCH,COMPLETED,REF2E7C9B888240,BROKEN_FK_account_id_to_accounts
TX003212,C0645,A0282,15907.6575,ZAR,2024-09-28,12:34:43,REVERSAL,Reversal - Ref 233630,ATM,COMPLETED,REF0037E14E96D2,BROKEN_FK_account_id_to_accounts
TX003213,C0132,A1146,50.14,ZAR,2024-12-20,04:11:42,FEE,Fee - Ref 646697,MOBILE,PENDING,REFF36E7B087C59,BROKEN_FK_account_id_to_accounts
TX003223,C0399,UNKNOWN,11622.04,ZAR,2025-10-05,19:32:41,DEPOSIT,Deposit - Ref 982642,MOBILE,COMPLETED,REF3FCB363E6B45,BROKEN_FK_account_id_to_accounts
TX003233,C0431,A0469,2476.22,ZAR,2024-07-11,04:42:45,TRANSFER,Transfer - Ref 169510,MOBILE,COMPLETED,REF282C921EFD1B,BROKEN_FK_account_id_to_accounts
TX003235,C0611,A1314,607.92,ZAR,2025-06-20,08:24:38,PAYMENT,Payment - Ref 641010,ATM,COMPLETED,REFB9C3849F4590,BROKEN_FK_account_id_to_accounts
TX003245,C0537,A0699,842.65,ZAR,2024-05-21,20:43:32,TRANSFER,Transfer - Ref 471149,ONLINE,COMPLETED,REFA2782FCA06CD,BROKEN_FK_account_id_to_accounts
TX003246,C0108,A0572,1063.49,ZAR,2024-11-28,09:53:06,PAYMENT,Payment - Ref 849815,MOBILE,COMPLETED,REFC1735C62EC65,BROKEN_FK_account_id_to_accounts
TX003248,C0479,UNKNOWN,131.25,ZAR,2026-02-07,01:13:11,PAYMENT,Payment - Ref 266118,POS,COMPLETED,REF9D69EE9E35B4,BROKEN_FK_account_id_to_accounts
TX003281,C0831,A0527,218.48,ZAR,2024-11-02,12:34:26,FEE,Fee - Ref 497302,MOBILE,COMPLETED,REF03C9AF8BE041,BROKEN_FK_account_id_to_accounts
TX003300,C0963,UNKNOWN,522.6,ZAR,2024-12-20,09:50:46,PAYMENT,Payment - Ref 966358,MOBILE,COMPLETED,REF11D9A02E6E1A,BROKEN_FK_account_id_to_accounts
TX003358,C0922,FAKE_A953B01D,4468.38,ZAR,2026-04-05,05:15:55,TRANSFER,Transfer - Ref 316469,POS,COMPLETED,REF326268D6A465,BROKEN_FK_account_id_to_accounts
TX003366,C0174,A1169,2667.75,ZAR,2025-11-15,08:12:22,PAYMENT,Payment - Ref 870568,ATM,COMPLETED,REFF0634B585DD1,BROKEN_FK_account_id_to_accounts
TX003405,C0174,A1169,848.91,ZAR,2024-12-06,19:44:51,WITHDRAWAL,Withdrawal - Ref 875102,BRANCH,PENDING,REFBA1537D9AE7C,BROKEN_FK_account_id_to_accounts
TX003437,C0475,UNKNOWN,288.95,ZAR,2025-08-12,03:28:39,PAYMENT,Payment - Ref 494103,MOBILE,COMPLETED,REFA1098D243F9F,BROKEN_FK_account_id_to_accounts
TX003438,C0232,FAKE_1C041F19,3814.27,ZAR,2026-04-29,00:34:24,DEPOSIT,Deposit - Ref 444101,ONLINE,COMPLETED,REF05D21EE271B0,BROKEN_FK_account_id_to_accounts
TX003461,C0366,A0418,1293.18,ZAR,2026-03-22,13:06:12,DEPOSIT,Deposit - Ref 451762,BRANCH,COMPLETED,REF6328D58ACB98,BROKEN_FK_account_id_to_accounts
TX003491,C0674,UNKNOWN,1790.92,ZAR,2025-04-29,12:20:19,INTEREST,Interest - Ref 323701,MOBILE,FAILED,REF2429AD7BCCEC,BROKEN_FK_account_id_to_accounts
TX003496,C0419,A0556,1828.16,ZAR,2024-10-12,14:50:51,DEBIT_ORDER,Debit Order - Ref 800083,ATM,COMPLETED,REF09A975D2C591,BROKEN_FK_account_id_to_accounts
TX003510,C0764,UNKNOWN,4630.59,ZAR,2025-11-22,14:56:45,INTEREST,Interest - Ref 285756,MOBILE,COMPLETED,REFF1000A87B590,BROKEN_FK_account_id_to_accounts
TX003517,C0559,UNKNOWN,853.71,ZAR,2026-01-04,09:56:04,DEPOSIT,Deposit - Ref 948730,MOBILE,COMPLETED,REFE703DDA5E5E3,BROKEN_FK_account_id_to_accounts
TX003529,C0767,A0305,1508.78,ZAR,2026-03-11,18:36:12,DEBIT_ORDER,Debit Order - Ref 708142,ONLINE,COMPLETED,REF40A377ABE011,BROKEN_FK_account_id_to_accounts
TX003554,C0021,A1205,482.24,ZAR,2026-06-26,04:12:49,DEBIT_ORDER,Debit Order - Ref 624968,ONLINE,COMPLETED,REFFA47494C4229,BROKEN_FK_account_id_to_accounts
TX003602,C0614,A0422,5015.68,ZAR,2026-04-26,07:28:47,TRANSFER,Transfer - Ref 330735,ONLINE,FAILED,REF18B17DCF0119,BROKEN_FK_account_id_to_accounts
TX003610,C0158,A1330,3495.61,ZAR,2026-08-29,17:47:26,INTEREST,Interest - Ref 987866,ATM,COMPLETED,REF23094855DA9C,BROKEN_FK_account_id_to_accounts
TX003627,C0281,FAKE_81F686BE,276.29,ZAR,2025-10-26,09:55:23,DEBIT_ORDER,Debit Order - Ref 377967,BRANCH,COMPLETED,REF2427342AAE4D,BROKEN_FK_account_id_to_accounts
TX003639,C0433,A1025,810.91,ZAR,2024-01-29,23:57:06,DEBIT_ORDER,Debit Order - Ref 275928,MOBILE,COMPLETED,REF5D272AFCBD03,BROKEN_FK_account_id_to_accounts
TX003641,C0433,A1025,15268.62,ZAR,2024-06-06,09:30:58,TRANSFER,Transfer - Ref 747814,MOBILE,COMPLETED,REFB5EBBF6A3508,BROKEN_FK_account_id_to_accounts
TX003654,C0302,A0994,1010.7,ZAR,2025-07-31,00:28:20,WITHDRAWAL,Withdrawal - Ref 184401,MOBILE,COMPLETED,REF499A761625BB,BROKEN_FK_account_id_to_accounts
TX003695,C0138,A0544,5816.21,ZAR,2025-05-14,23:20:00,TRANSFER,Transfer - Ref 577907,MOBILE,COMPLETED,REF9747412E91EF,BROKEN_FK_account_id_to_accounts
TX003696,C0692,A0415,3592.7,ZAR,2026-08-08,04:13:14,TRANSFER,Transfer - Ref 220895,ATM,COMPLETED,REF2F17FFE5277F,BROKEN_FK_account_id_to_accounts
TX003712,C0624,UNKNOWN,1058.34,ZAR,2025-04-16,02:01:22,TRANSFER,Transfer - Ref 501344,MOBILE,COMPLETED,REFF5EBC60A57A1,BROKEN_FK_account_id_to_accounts
TX003728,C0494,UNKNOWN,1873.95,ZAR,2025-06-17,21:19:09,INTEREST,Interest - Ref 270665,MOBILE,COMPLETED,REFF6AF77A488DE,BROKEN_FK_account_id_to_accounts
TX003742,C0107,A1386,212.91,ZAR,2025-10-14,04:36:33,DEBIT_ORDER,Debit Order - Ref 995724,BRANCH,COMPLETED,REF369759B460E5,BROKEN_FK_account_id_to_accounts
TX003748,C0486,FAKE_9C3FCFFD,459.77,ZAR,2025-10-19,03:22:48,WITHDRAWAL,Withdrawal - Ref 525677,ONLINE,COMPLETED,REFB79125B1D78E,BROKEN_FK_account_id_to_accounts
TX003766,C0191,UNKNOWN,4831.8,ZAR,2026-01-16,11:42:33,DEBIT_ORDER,Debit Order - Ref 390474,MOBILE,COMPLETED,REF761EE5B6E013,BROKEN_FK_account_id_to_accounts
TX003770,C0999,A0831,15907.6575,ZAR,2025-10-18,04:04:46,REVERSAL,Reversal - Ref 974937,ONLINE,COMPLETED,REFB3DA45F80531,BROKEN_FK_account_id_to_accounts
TX003804,C0807,A0519,192.56,ZAR,2026-05-07,03:42:35,DEBIT_ORDER,Debit Order - Ref 250031,MOBILE,COMPLETED,REFADF16786F2CD,BROKEN_FK_account_id_to_accounts
TX003807,C0082,A1200,328.73,ZAR,2026-01-05,22:38:34,DEBIT_ORDER,Debit Order - Ref 763624,MOBILE,COMPLETED,REF6A2CBE937151,BROKEN_FK_account_id_to_accounts
TX003818,C0302,A0994,4740.51,ZAR,2025-11-09,02:34:45,INTEREST,Interest - Ref 938891,MOBILE,FAILED,REFC6C172AD2ABD,BROKEN_FK_account_id_to_accounts
TX003831,C0326,A0448,4023.96,ZAR,2024-03-15,17:27:20,REVERSAL,Reversal - Ref 664294,ATM,COMPLETED,REF6FB5E7979552,BROKEN_FK_account_id_to_accounts
TX003836,C0174,A1169,6760.0,ZAR,2026-07-14,00:19:41,DEPOSIT,Deposit - Ref 663200,MOBILE,FAILED,REFEF17B54941C4,BROKEN_FK_account_id_to_accounts
TX003854,C0564,UNKNOWN,9600.69,ZAR,2024-12-13,07:31:18,DEPOSIT,Deposit - Ref 245397,ONLINE,COMPLETED,REF7383ADCA758F,BROKEN_FK_account_id_to_accounts
TX003870,C0224,A0045,15907.6575,ZAR,2026-04-21,14:21:59,REVERSAL,Reversal - Ref 233041,MOBILE,COMPLETED,REF6A0AC341A107,BROKEN_FK_account_id_to_accounts
TX003873,C0646,A0291,833.23,ZAR,2026-04-25,06:20:34,WITHDRAWAL,Withdrawal - Ref 246167,ONLINE,COMPLETED,REFA8498B935277,BROKEN_FK_account_id_to_accounts
TX003897,C0431,A0469,45.13,ZAR,2025-07-28,21:02:45,FEE,Fee - Ref 974536,ONLINE,COMPLETED,REF5C4AC826C3A0,BROKEN_FK_account_id_to_accounts
TX003912,C0975,UNKNOWN,1997.44,ZAR,2025-05-17,07:50:53,PAYMENT,Payment - Ref 958169,ONLINE,COMPLETED,REF79ED97DFBB87,BROKEN_FK_account_id_to_accounts
TX003946,C0549,UNKNOWN,3295.99,ZAR,2024-02-21,12:14:02,INTEREST,Interest - Ref 140490,POS,COMPLETED,REFFDDC7084D6C6,BROKEN_FK_account_id_to_accounts
TX003949,C0339,A0380,15907.6575,ZAR,2024-04-21,16:29:35,TRANSFER,Transfer - Ref 890459,ONLINE,COMPLETED,REF2C0658EEDBBC,BROKEN_FK_account_id_to_accounts
TX003960,C0611,A1314,626.88,ZAR,2025-06-12,05:23:26,INTEREST,Interest - Ref 840518,ONLINE,COMPLETED,REFE9EA39A3F227,BROKEN_FK_account_id_to_accounts
TX004006,C0240,A0937,1151.57,ZAR,2026-03-01,08:21:07,WITHDRAWAL,Withdrawal - Ref 244935,MOBILE,COMPLETED,REFD6D9645B3839,BROKEN_FK_account_id_to_accounts
TX004015,C0772,A0436,315.19,ZAR,2024-09-16,14:39:25,FEE,Fee - Ref 435048,BRANCH,COMPLETED,REFA08D8E350E37,BROKEN_FK_account_id_to_accounts
TX004045,C0767,A0305,1764.84,ZAR,2025-05-18,05:16:55,WITHDRAWAL,Withdrawal - Ref 720108,BRANCH,COMPLETED,REF5720DD6E5663,BROKEN_FK_account_id_to_accounts
TX004046,C0038,FAKE_0E40EB39,7170.15,ZAR,2024-09-09,07:08:19,TRANSFER,Transfer - Ref 105574,POS,COMPLETED,REF83B804DCE41F,BROKEN_FK_account_id_to_accounts
TX004069,C0354,UNKNOWN,3243.54,ZAR,2024-08-01,15:34:37,TRANSFER,Transfer - Ref 447133,POS,COMPLETED,REF2536B953A650,BROKEN_FK_account_id_to_accounts
TX004083,C0646,A0291,4713.68,ZAR,2025-04-21,17:47:49,INTEREST,Interest - Ref 381272,ATM,COMPLETED,REFF4A75CF19D66,BROKEN_FK_account_id_to_accounts
TX004084,C0716,UNKNOWN,472.0,ZAR,2024-04-21,10:59:22,TRANSFER,Transfer - Ref 518328,MOBILE,COMPLETED,REF8B5996DF4EEC,BROKEN_FK_account_id_to_accounts
TX004116,C0650,FAKE_FFBA057C,2094.64,ZAR,2025-04-28,20:50:01,INTEREST,Interest - Ref 794098,ATM,PENDING,REF5CDB54766C14,BROKEN_FK_account_id_to_accounts
TX004142,C0021,A1205,303.54,ZAR,2024-10-28,07:11:51,TRANSFER,Transfer - Ref 177981,ATM,COMPLETED,REF4AD5A1DD32CA,BROKEN_FK_account_id_to_accounts
TX004167,C0345,A0694,1898.34,ZAR,2025-05-26,15:31:21,DEBIT_ORDER,Debit Order - Ref 347652,POS,COMPLETED,REF9BF000D07C16,BROKEN_FK_account_id_to_accounts
TX004168,C0505,UNKNOWN,15907.6575,ZAR,2026-02-01,14:50:27,TRANSFER,Transfer - Ref 662988,ONLINE,COMPLETED,REFE8A44F9DDD6D,BROKEN_FK_account_id_to_accounts
TX004205,C0874,A0790,703.02,ZAR,2024-11-28,16:09:39,DEBIT_ORDER,Debit Order - Ref 439949,ONLINE,COMPLETED,REFF8C1499E3602,BROKEN_FK_account_id_to_accounts
TX004241,C0429,A1065,475.27,ZAR,2025-10-05,20:53:49,PAYMENT,Payment - Ref 762059,ONLINE,COMPLETED,REFD87CC2D6DE44,BROKEN_FK_account_id_to_accounts
TX004255,C0365,UNKNOWN,8937.91,ZAR,2025-01-11,23:33:00,REVERSAL,Reversal - Ref 194752,ATM,COMPLETED,REFE94288E6D0F6,BROKEN_FK_account_id_to_accounts
TX004343,C0419,A0556,9071.17,ZAR,2024-01-20,05:03:24,REVERSAL,Reversal - Ref 304387,ONLINE,COMPLETED,REF7650D3417F54,BROKEN_FK_account_id_to_accounts
TX004347,C0645,A0282,15907.6575,ZAR,2024-03-10,16:55:35,REVERSAL,Reversal - Ref 697061,MOBILE,COMPLETED,REFBA6E515BED4B,BROKEN_FK_account_id_to_accounts
TX004350,C0355,UNKNOWN,1752.9,ZAR,2026-05-23,20:04:16,DEPOSIT,Deposit - Ref 251613,POS,COMPLETED,REFC4341C576F43,BROKEN_FK_account_id_to_accounts
TX004356,C0889,FAKE_7FF1A49C,412.1,ZAR,2024-09-26,03:17:14,FEE,Fee - Ref 768119,ONLINE,COMPLETED,REFAE6FC89AF9AF,BROKEN_FK_account_id_to_accounts
TX004362,C0772,A0436,4513.67,ZAR,2024-11-04,04:10:07,DEPOSIT,Deposit - Ref 543785,POS,COMPLETED,REFA01AFFB7E6A0,BROKEN_FK_account_id_to_accounts
TX004408,C0874,A0790,293.34,ZAR,2025-05-01,19:52:38,FEE,Fee - Ref 425656,POS,COMPLETED,REF6805C36E0D2D,BROKEN_FK_account_id_to_accounts
TX004444,C0431,A0469,561.77,ZAR,2025-03-04,03:06:20,DEBIT_ORDER,Debit Order - Ref 986836,ATM,COMPLETED,REF0B5474B0F371,BROKEN_FK_account_id_to_accounts
TX004461,C0154,UNKNOWN,1658.69,ZAR,2024-04-16,05:40:15,INTEREST,Interest - Ref 723249,BRANCH,COMPLETED,REFB2C2F173196B,BROKEN_FK_account_id_to_accounts
TX004469,C0807,UNKNOWN,745.84,ZAR,2024-11-19,07:49:53,DEBIT_ORDER,Debit Order - Ref 806470,ONLINE,COMPLETED,REF1ABC8CDD93E2,BROKEN_FK_account_id_to_accounts
TX004476,C0108,A0572,986.14,ZAR,2024-12-29,09:34:35,WITHDRAWAL,Withdrawal - Ref 175339,BRANCH,COMPLETED,REF9CBDED370B7F,BROKEN_FK_account_id_to_accounts
TX004507,C0326,A0656,542.47,ZAR,2025-02-19,02:30:07,DEPOSIT,Deposit - Ref 638152,MOBILE,COMPLETED,REF02F2CD685816,BROKEN_FK_account_id_to_accounts
TX004518,C0132,A1146,438.04,ZAR,2026-09-10,07:52:29,FEE,Fee - Ref 415425,ATM,COMPLETED,REF388E4BB954B4,BROKEN_FK_account_id_to_accounts
TX004545,C0800,A0764,291.24,ZAR,2024-05-28,04:59:57,DEBIT_ORDER,Debit Order - Ref 771579,ONLINE,COMPLETED,REF3EE1DDFB3C17,BROKEN_FK_account_id_to_accounts
TX004585,C0934,UNKNOWN,74.75,ZAR,2024-02-08,00:18:09,DEBIT_ORDER,Debit Order - Ref 171133,ATM,REVERSED,REFB3C66CF89FCA,BROKEN_FK_account_id_to_accounts
TX004587,C0587,UNKNOWN,3585.43,ZAR,2026-07-24,21:24:43,INTEREST,Interest - Ref 563713,MOBILE,COMPLETED,REFC1A96EB5DEE8,BROKEN_FK_account_id_to_accounts
TX004603,C0174,A1169,85.06,ZAR,2024-12-03,12:00:11,PAYMENT,Payment - Ref 292824,ONLINE,COMPLETED,REFCE4D4CBBF4CA,BROKEN_FK_account_id_to_accounts
TX004616,C0032,FAKE_21A742B1,11711.04,ZAR,2024-02-07,05:08:06,REVERSAL,Reversal - Ref 847874,ONLINE,FAILED,REF1C9F5492473B,BROKEN_FK_account_id_to_accounts
TX004618,C0049,A1190,115.71,ZAR,2024-05-25,02:00:21,FEE,Fee - Ref 740349,MOBILE,COMPLETED,REFEF8926C1B413,BROKEN_FK_account_id_to_accounts
TX004630,C0224,A0045,488.73,ZAR,2025-04-06,04:20:51,FEE,Fee - Ref 311960,ONLINE,COMPLETED,REF8E9269F3C664,BROKEN_FK_account_id_to_accounts
TX004657,C0692,A0415,292.58,ZAR,2026-06-12,01:05:22,FEE,Fee - Ref 515691,ATM,COMPLETED,REF810E24D9D628,BROKEN_FK_account_id_to_accounts
TX004672,C0128,UNKNOWN,15907.6575,ZAR,2026-09-15,16:42:23,REVERSAL,Reversal - Ref 997347,MOBILE,COMPLETED,REF69D7F290389F,BROKEN_FK_account_id_to_accounts
TX004676,C0698,FAKE_4622740F,3137.73,ZAR,2025-01-21,21:49:53,PAYMENT,Payment - Ref 146430,POS,PENDING,REF55C501730FE1,BROKEN_FK_account_id_to_accounts
TX004719,C0468,UNKNOWN,9931.14,ZAR,2025-11-06,13:33:46,TRANSFER,Transfer - Ref 685420,BRANCH,COMPLETED,REF35E7FA469F49,BROKEN_FK_account_id_to_accounts
TX004746,C0107,A1386,15907.6575,ZAR,2024-10-10,10:35:27,DEPOSIT,Deposit - Ref 186022,MOBILE,COMPLETED,REFF3DD3EB947D5,BROKEN_FK_account_id_to_accounts
TX004757,C0715,FAKE_663C6A90,1393.78,ZAR,2024-02-07,04:27:41,DEBIT_ORDER,Debit Order - Ref 848134,ATM,COMPLETED,REF2EEB7E37B149,BROKEN_FK_account_id_to_accounts
TX004767,C0907,A1444,346.52,ZAR,2025-12-29,16:52:48,DEBIT_ORDER,Debit Order - Ref 271099,MOBILE,COMPLETED,REF7E24F8AC5236,BROKEN_FK_account_id_to_accounts
TX004776,C0107,A1386,427.59,ZAR,2025-12-14,20:25:39,FEE,Fee - Ref 212091,BRANCH,COMPLETED,REFEB6481613187,BROKEN_FK_account_id_to_accounts
TX004830,C0132,A1146,1378.17,ZAR,2024-08-24,02:22:06,PAYMENT,Payment - Ref 758762,ATM,COMPLETED,REF93495E306807,BROKEN_FK_account_id_to_accounts
TX004839,C0071,A1181,414.29,ZAR,2024-03-09,19:40:46,TRANSFER,Transfer - Ref 583922,ONLINE,COMPLETED,REFDFE42392C4E9,BROKEN_FK_account_id_to_accounts
TX004865,C0332,UNKNOWN,468.09,ZAR,2025-05-08,02:13:06,PAYMENT,Payment - Ref 222218,ONLINE,FAILED,REFE51DEADDCBF0,BROKEN_FK_account_id_to_accounts
TX004869,C0611,A1314,8794.87,ZAR,2026-05-26,13:11:40,PAYMENT,Payment - Ref 447263,ONLINE,REVERSED,REFF7C313FA4D81,BROKEN_FK_account_id_to_accounts
TX004900,C0399,FAKE_B27B1F1F,15907.6575,ZAR,2024-01-23,22:39:34,TRANSFER,Transfer - Ref 548512,ONLINE,COMPLETED,REF70F859FF5D28,BROKEN_FK_account_id_to_accounts
TX005004,C0829,UNKNOWN,3435.3,ZAR,2025-02-24,19:48:17,DEBIT_ORDER,Debit Order - Ref 849989,MOBILE,COMPLETED,REF2CA671968324,BROKEN_FK_account_id_to_accounts
TX005013,C0345,A0694,172.57,ZAR,2026-08-09,13:53:10,FEE,Fee - Ref 609116,ONLINE,COMPLETED,REF01147BEEA269,BROKEN_FK_account_id_to_accounts
TX005049,C0224,A0045,632.13,ZAR,2024-09-29,23:24:14,DEBIT_ORDER,Debit Order - Ref 452984,BRANCH,FAILED,REF3B75420D6CD6,BROKEN_FK_account_id_to_accounts
TX005074,C0250,A0563,5024.81,ZAR,2024-06-09,18:17:26,DEPOSIT,Deposit - Ref 936007,ATM,COMPLETED,REF8F4CF29EB1D7,BROKEN_FK_account_id_to_accounts
TX005099,C0407,UNKNOWN,4616.14,ZAR,2024-10-07,00:52:54,DEPOSIT,Deposit - Ref 244985,ONLINE,REVERSED,REF2BADDCF039AF,BROKEN_FK_account_id_to_accounts
TX005107,C0240,A0937,15907.6575,ZAR,2024-05-26,19:30:17,REVERSAL,Reversal - Ref 882049,POS,COMPLETED,REF6D93DE3245AD,BROKEN_FK_account_id_to_accounts
TX005127,C0049,A1190,2100.24,ZAR,2025-03-31,06:59:10,REVERSAL,Reversal - Ref 216382,POS,COMPLETED,REFD09E18C52A5D,BROKEN_FK_account_id_to_accounts
TX005148,C0692,A0415,436.08,ZAR,2024-01-07,19:37:03,FEE,Fee - Ref 179861,BRANCH,COMPLETED,REF66A8FF08355B,BROKEN_FK_account_id_to_accounts
TX005151,C0513,FAKE_A2FC8C92,15907.6575,ZAR,2024-12-09,23:53:40,REVERSAL,Reversal - Ref 408187,ONLINE,FAILED,REF000C2E8BD059,BROKEN_FK_account_id_to_accounts
TX005171,C0277,UNKNOWN,561.94,ZAR,2025-12-31,23:33:48,DEPOSIT,Deposit - Ref 941812,BRANCH,COMPLETED,REFF7AA05CBB348,BROKEN_FK_account_id_to_accounts
TX005183,C0132,A1146,2549.1,ZAR,2024-04-18,04:10:13,TRANSFER,Transfer - Ref 181461,MOBILE,COMPLETED,REF7C10C308CE88,BROKEN_FK_account_id_to_accounts
TX005233,C0168,UNKNOWN,496.43,ZAR,2026-09-05,21:10:08,TRANSFER,Transfer - Ref 271291,BRANCH,COMPLETED,REF32170433794D,BROKEN_FK_account_id_to_accounts
TX005259,C0300,UNKNOWN,1158.05,ZAR,2025-11-26,09:32:20,DEPOSIT,Deposit - Ref 721514,MOBILE,PENDING,REFCAACE8DEC1E5,BROKEN_FK_account_id_to_accounts
TX005264,C0071,A1181,1646.26,ZAR,2025-12-01,12:47:23,DEBIT_ORDER,Debit Order - Ref 966065,ONLINE,COMPLETED,REF7789CCE2198B,BROKEN_FK_account_id_to_accounts
TX005288,C0491,UNKNOWN,394.6,ZAR,2025-02-15,15:11:37,TRANSFER,Transfer - Ref 149160,ONLINE,COMPLETED,REF0D571687039E,BROKEN_FK_account_id_to_accounts
TX005295,C0981,UNKNOWN,513.95,ZAR,2025-10-07,11:41:51,INTEREST,Interest - Ref 612190,MOBILE,COMPLETED,REF0B986B7DA00D,BROKEN_FK_account_id_to_accounts
TX005304,C0224,A0045,15907.6575,ZAR,2024-03-10,22:16:56,REVERSAL,Reversal - Ref 226553,MOBILE,COMPLETED,REFD054DB184B2D,BROKEN_FK_account_id_to_accounts
TX005316,C0569,A0141,15907.6575,ZAR,2025-12-20,05:56:55,TRANSFER,Transfer - Ref 168678,BRANCH,COMPLETED,REFA39E1EA40EFC,BROKEN_FK_account_id_to_accounts
TX005328,C0614,A0422,1068.09,ZAR,2024-10-18,15:06:21,DEPOSIT,Deposit - Ref 792080,ONLINE,COMPLETED,REF5FC14D0B9E85,BROKEN_FK_account_id_to_accounts
TX005337,C0071,A1181,1374.24,ZAR,2024-11-16,22:48:15,INTEREST,Interest - Ref 982798,MOBILE,COMPLETED,REF0A682954B016,BROKEN_FK_account_id_to_accounts
TX005349,C0881,A0400,1833.5,ZAR,2024-09-13,17:57:08,DEBIT_ORDER,Debit Order - Ref 358899,BRANCH,COMPLETED,REF75F46594E6ED,BROKEN_FK_account_id_to_accounts
TX005395,C0642,UNKNOWN,3760.79,ZAR,2025-07-28,19:15:09,PAYMENT,Payment - Ref 857292,ONLINE,COMPLETED,REF9F227253D1DE,BROKEN_FK_account_id_to_accounts
TX005403,C0071,A0452,6584.37,ZAR,2025-03-04,20:51:44,TRANSFER,Transfer - Ref 985550,ATM,COMPLETED,REF30091F192E05,BROKEN_FK_account_id_to_accounts
TX005404,C0791,A0938,764.38,ZAR,2025-03-13,13:19:46,WITHDRAWAL,Withdrawal - Ref 114696,BRANCH,COMPLETED,REF3A6075A7A168,BROKEN_FK_account_id_to_accounts
TX005407,C0345,A0694,151.91,ZAR,2026-09-02,09:57:02,FEE,Fee - Ref 685778,MOBILE,COMPLETED,REF79AF9D9F5A2B,BROKEN_FK_account_id_to_accounts
TX005417,C0261,A0515,1087.27,ZAR,2024-05-10,18:31:36,WITHDRAWAL,Withdrawal - Ref 238579,BRANCH,COMPLETED,REFBB9CE5E1BC75,BROKEN_FK_account_id_to_accounts
TX005442,C0646,A0291,114.74,ZAR,2025-01-01,12:13:37,FEE,Fee - Ref 376667,POS,COMPLETED,REF7A2E718BC4B5,BROKEN_FK_account_id_to_accounts
TX005487,C0132,A1146,209.13,ZAR,2025-04-25,23:54:36,FEE,Fee - Ref 503017,ATM,COMPLETED,REF4E4B933A42D4,BROKEN_FK_account_id_to_accounts
TX005488,C0692,A0415,15907.6575,ZAR,2026-01-15,19:23:24,REVERSAL,Reversal - Ref 660401,MOBILE,COMPLETED,REFB1D9FD42E588,BROKEN_FK_account_id_to_accounts
TX005490,C0326,A0448,667.58,ZAR,2025-06-22,15:35:52,DEBIT_ORDER,Debit Order - Ref 497002,BRANCH,REVERSED,REF6FC58FDA2B0E,BROKEN_FK_account_id_to_accounts
TX005492,C0529,UNKNOWN,4615.88,ZAR,2024-05-06,23:00:10,INTEREST,Interest - Ref 253531,ATM,COMPLETED,REF9F2BE5C74928,BROKEN_FK_account_id_to_accounts
TX005502,C0335,UNKNOWN,1859.81,ZAR,2025-02-07,07:04:31,TRANSFER,Transfer - Ref 409713,BRANCH,COMPLETED,REF2D0E7867B9C6,BROKEN_FK_account_id_to_accounts
TX005528,C0365,UNKNOWN,234.74,ZAR,2026-09-12,14:14:58,PAYMENT,Payment - Ref 475838,ATM,COMPLETED,REF82F431B21F55,BROKEN_FK_account_id_to_accounts
TX005545,C0082,A1200,15907.6575,ZAR,2025-05-31,23:21:41,REVERSAL,Reversal - Ref 138775,ATM,COMPLETED,REF15074EB9A8FF,BROKEN_FK_account_id_to_accounts
TX005560,C0449,UNKNOWN,8156.24,ZAR,2024-10-03,16:47:15,REVERSAL,Reversal - Ref 933905,ONLINE,COMPLETED,REF394255E3B951,BROKEN_FK_account_id_to_accounts
TX005578,C0108,A0572,408.51,ZAR,2026-06-22,21:14:08,FEE,Fee - Ref 789331,MOBILE,COMPLETED,REF6E9BDBC6C360,BROKEN_FK_account_id_to_accounts
TX005624,C0907,A1444,2236.18,ZAR,2025-10-31,08:40:00,INTEREST,Interest - Ref 113504,ONLINE,COMPLETED,REFFDA98E05193C,BROKEN_FK_account_id_to_accounts
TX005682,C0158,A1330,15907.6575,ZAR,2024-09-26,09:31:57,REVERSAL,Reversal - Ref 786258,ATM,COMPLETED,REFF53B02B9CE3C,BROKEN_FK_account_id_to_accounts
TX005691,C0915,A0345,444.43,ZAR,2024-09-03,00:15:17,FEE,Fee - Ref 794280,BRANCH,COMPLETED,REFC70910A5438A,BROKEN_FK_account_id_to_accounts
TX005695,C0189,UNKNOWN,1547.42,ZAR,2024-01-12,18:49:50,DEBIT_ORDER,Debit Order - Ref 703275,MOBILE,COMPLETED,REF28A10CA482C9,BROKEN_FK_account_id_to_accounts
TX005696,C0721,FAKE_72C71D15,317.66,ZAR,2024-10-08,23:22:38,FEE,Fee - Ref 807073,POS,COMPLETED,REF937567A40A67,BROKEN_FK_account_id_to_accounts
TX005733,C0570,FAKE_A61F408B,1452.28,ZAR,2025-12-05,02:35:26,DEPOSIT,Deposit - Ref 551497,MOBILE,COMPLETED,REF4D4E1DCF1A48,BROKEN_FK_account_id_to_accounts
TX005747,C0021,A1205,8795.41,ZAR,2024-02-06,11:04:03,DEPOSIT,Deposit - Ref 302672,ONLINE,COMPLETED,REF4AEA1155AC39,BROKEN_FK_account_id_to_accounts
TX005754,C0791,A0938,1253.44,ZAR,2024-02-06,11:10:18,PAYMENT,Payment - Ref 429489,ATM,COMPLETED,REFDF6D6E12B96E,BROKEN_FK_account_id_to_accounts
TX005757,C0419,A0556,1329.9,ZAR,2024-04-03,11:10:07,WITHDRAWAL,Withdrawal - Ref 197007,ATM,COMPLETED,REF9A71A9FCDDCA,BROKEN_FK_account_id_to_accounts
TX005770,C0484,UNKNOWN,243.19,ZAR,2025-03-11,22:41:05,FEE,Fee - Ref 405125,POS,COMPLETED,REF4D99A64AF1F1,BROKEN_FK_account_id_to_accounts
TX005773,C0138,A0544,102.12,ZAR,2024-10-24,02:15:48,DEBIT_ORDER,Debit Order - Ref 652658,POS,COMPLETED,REF67741442796D,BROKEN_FK_account_id_to_accounts
TX005814,C0107,A1386,218.32,ZAR,2025-05-08,10:13:50,WITHDRAWAL,Withdrawal - Ref 699318,ATM,FAILED,REFF4CE8B150B1E,BROKEN_FK_account_id_to_accounts
TX005817,C0321,FAKE_B19CD928,3687.63,ZAR,2025-04-28,15:12:29,DEPOSIT,Deposit - Ref 396680,BRANCH,COMPLETED,REF3237735FF6CB,BROKEN_FK_account_id_to_accounts
TX005845,C0224,A0045,4330.11,ZAR,2024-02-21,13:49:35,DEPOSIT,Deposit - Ref 294718,ATM,COMPLETED,REFC3513D79EAC0,BROKEN_FK_account_id_to_accounts
TX005874,C0250,A0563,9815.4,ZAR,2025-02-11,06:43:59,DEPOSIT,Deposit - Ref 396350,ONLINE,COMPLETED,REFA3F23550A7C0,BROKEN_FK_account_id_to_accounts
TX005875,C0872,UNKNOWN,189.38,ZAR,2024-12-06,21:25:39,FEE,Fee - Ref 645388,ONLINE,FAILED,REF3D9A935B8CC1,BROKEN_FK_account_id_to_accounts
TX005890,C0612,UNKNOWN,2079.81,ZAR,2026-07-13,20:59:02,PAYMENT,Payment - Ref 728155,MOBILE,COMPLETED,REF284E3F2FB44C,BROKEN_FK_account_id_to_accounts
TX005935,C0240,A0937,8049.56,ZAR,2024-10-31,00:01:54,TRANSFER,Transfer - Ref 816846,ONLINE,COMPLETED,REF3C8C45EC0A14,BROKEN_FK_account_id_to_accounts
TX005948,C0250,A0563,3070.57,ZAR,2024-10-29,15:26:51,PAYMENT,Payment - Ref 161102,MOBILE,COMPLETED,REFF59E3C69F36D,BROKEN_FK_account_id_to_accounts
TX005952,C0391,A0473,88.37,ZAR,2024-09-16,17:56:32,WITHDRAWAL,Withdrawal - Ref 499564,MOBILE,COMPLETED,REFA105DF297A25,BROKEN_FK_account_id_to_accounts
TX005969,C0645,A0282,3526.5,ZAR,2024-09-22,00:06:31,DEPOSIT,Deposit - Ref 333156,BRANCH,COMPLETED,REFDC51FC3D39F3,BROKEN_FK_account_id_to_accounts
TX006023,C0049,A1190,1058.25,ZAR,2026-05-11,09:32:55,WITHDRAWAL,Withdrawal - Ref 435275,MOBILE,FAILED,REFA228C05B96DD,BROKEN_FK_account_id_to_accounts
TX006070,C0194,FAKE_FAE648E2,500.32,ZAR,2025-05-10,20:34:11,TRANSFER,Transfer - Ref 982786,MOBILE,COMPLETED,REF17D9201EC08B,BROKEN_FK_account_id_to_accounts
TX006071,C0339,A0380,2093.32,ZAR,2024-09-01,13:39:44,TRANSFER,Transfer - Ref 123283,MOBILE,COMPLETED,REF3CE38D217692,BROKEN_FK_account_id_to_accounts
TX006072,C0915,FAKE_C13CCB02,841.77,ZAR,2025-08-23,12:14:04,DEPOSIT,Deposit - Ref 530364,MOBILE,COMPLETED,REFF10F415E6ADE,BROKEN_FK_account_id_to_accounts
TX006078,C0767,A0305,2002.84,ZAR,2025-01-31,19:19:07,DEPOSIT,Deposit - Ref 440153,ONLINE,COMPLETED,REF567DE2796B04,BROKEN_FK_account_id_to_accounts
TX006097,C0261,A0515,342.36,ZAR,2025-07-19,11:41:26,DEBIT_ORDER,Debit Order - Ref 949948,MOBILE,COMPLETED,REFF6141B523BD1,BROKEN_FK_account_id_to_accounts
TX006104,C0666,UNKNOWN,343.21,ZAR,2024-04-21,21:07:36,PAYMENT,Payment - Ref 126067,MOBILE,COMPLETED,REF705974FC5003,BROKEN_FK_account_id_to_accounts
TX006131,C0366,A0418,369.53,ZAR,2024-08-21,10:46:48,FEE,Fee - Ref 211189,ONLINE,COMPLETED,REF85D79BFC30BF,BROKEN_FK_account_id_to_accounts
TX006134,C0421,UNKNOWN,219.83,ZAR,2024-10-14,02:23:09,WITHDRAWAL,Withdrawal - Ref 603186,ONLINE,COMPLETED,REFA0C258BED842,BROKEN_FK_account_id_to_accounts
TX006153,C0522,UNKNOWN,2919.85,ZAR,2024-02-27,05:24:15,TRANSFER,Transfer - Ref 711093,BRANCH,COMPLETED,REF9CC12E09EE79,BROKEN_FK_account_id_to_accounts
TX006173,C0331,UNKNOWN,866.5,ZAR,2026-07-01,18:40:31,DEBIT_ORDER,Debit Order - Ref 834247,MOBILE,COMPLETED,REFA9E50B0C08FC,BROKEN_FK_account_id_to_accounts
TX006184,C0866,UNKNOWN,73.99,ZAR,2026-08-23,23:34:47,WITHDRAWAL,Withdrawal - Ref 327149,BRANCH,COMPLETED,REFC5D604205798,BROKEN_FK_account_id_to_accounts
TX006201,C0915,A0345,3195.37,ZAR,2024-09-22,11:19:56,TRANSFER,Transfer - Ref 968476,MOBILE,COMPLETED,REFC19FFFBB5546,BROKEN_FK_account_id_to_accounts
TX006202,C0326,A0656,562.65,ZAR,2026-07-24,07:13:11,DEBIT_ORDER,Debit Order - Ref 197911,ONLINE,COMPLETED,REF15298454870F,BROKEN_FK_account_id_to_accounts
TX006214,C0475,UNKNOWN,216.39,ZAR,2025-01-09,14:37:29,TRANSFER,Transfer - Ref 564347,MOBILE,COMPLETED,REF730EA127686E,BROKEN_FK_account_id_to_accounts
TX006217,C0096,UNKNOWN,285.73,ZAR,2026-05-05,06:44:44,WITHDRAWAL,Withdrawal - Ref 428057,MOBILE,COMPLETED,REF2E7E4CA8AB61,BROKEN_FK_account_id_to_accounts
TX006238,C0586,UNKNOWN,204.51,ZAR,2025-10-08,16:09:23,WITHDRAWAL,Withdrawal - Ref 528745,MOBILE,COMPLETED,REFBFA5EA616E4F,BROKEN_FK_account_id_to_accounts
TX006244,C0633,UNKNOWN,3181.17,ZAR,2025-04-09,15:18:53,PAYMENT,Payment - Ref 648382,POS,COMPLETED,REFCB3A95D36364,BROKEN_FK_account_id_to_accounts
TX006247,C0433,A1025,189.45,ZAR,2026-03-04,15:48:29,FEE,Fee - Ref 718235,ATM,COMPLETED,REF1231FA9FF3A9,BROKEN_FK_account_id_to_accounts
TX006337,C0433,A1025,62.88,ZAR,2025-06-04,23:27:47,FEE,Fee - Ref 810506,POS,COMPLETED,REF3DD9227F1203,BROKEN_FK_account_id_to_accounts
TX006352,C0138,A0544,2788.99,ZAR,2024-06-17,20:15:35,INTEREST,Interest - Ref 841913,ATM,COMPLETED,REF14B97E384AC5,BROKEN_FK_account_id_to_accounts
TX006367,C0921,UNKNOWN,101.96,ZAR,2024-09-18,11:17:29,FEE,Fee - Ref 741681,ATM,COMPLETED,REF2B318FCAFEC2,BROKEN_FK_account_id_to_accounts
TX006393,C0302,UNKNOWN,2528.55,ZAR,2025-06-17,04:42:52,DEBIT_ORDER,Debit Order - Ref 672720,MOBILE,PENDING,REF28C4B6052944,BROKEN_FK_account_id_to_accounts
TX006396,C0927,FAKE_4466D170,12018.58,ZAR,2025-10-14,04:00:34,REVERSAL,Reversal - Ref 319202,BRANCH,PENDING,REFCF873F993667,BROKEN_FK_account_id_to_accounts
TX006401,C0714,UNKNOWN,5446.64,ZAR,2025-03-01,11:10:41,REVERSAL,Reversal - Ref 553874,BRANCH,COMPLETED,REF3150B1854445,BROKEN_FK_account_id_to_accounts
TX006413,C0398,A0053,15907.6575,ZAR,2025-01-04,02:29:53,TRANSFER,Transfer - Ref 397227,BRANCH,FAILED,REF04056FEBC2A5,BROKEN_FK_account_id_to_accounts
TX006446,C0224,A0045,1758.06,ZAR,2026-07-08,10:02:43,DEBIT_ORDER,Debit Order - Ref 685094,ONLINE,COMPLETED,REF660B9EFEA3E9,BROKEN_FK_account_id_to_accounts
TX006493,C0174,A1169,3460.4,ZAR,2024-12-30,05:22:46,INTEREST,Interest - Ref 437406,ATM,COMPLETED,REF6BD101EDABE4,BROKEN_FK_account_id_to_accounts
TX006497,C0339,A0380,653.22,ZAR,2026-07-14,18:28:49,INTEREST,Interest - Ref 821031,ATM,COMPLETED,REF68139FDE455C,BROKEN_FK_account_id_to_accounts
TX006505,C0614,A0422,2037.96,ZAR,2024-03-31,18:19:40,TRANSFER,Transfer - Ref 240166,POS,FAILED,REF3585AB765DB7,BROKEN_FK_account_id_to_accounts
TX006512,C0108,A0572,593.79,ZAR,2026-02-21,02:24:10,WITHDRAWAL,Withdrawal - Ref 331868,ONLINE,COMPLETED,REFB637B5E71AF1,BROKEN_FK_account_id_to_accounts
TX006515,C0962,FAKE_62C5B0DA,237.0,ZAR,2024-03-09,02:18:37,WITHDRAWAL,Withdrawal - Ref 525646,ONLINE,COMPLETED,REFDCDA36A9D3B3,BROKEN_FK_account_id_to_accounts
TX006591,C0791,A0938,4395.67,ZAR,2024-02-28,11:24:20,DEPOSIT,Deposit - Ref 243213,ONLINE,PENDING,REF96BE29DB8B83,BROKEN_FK_account_id_to_accounts
TX006598,C0907,A1444,1216.01,ZAR,2024-01-25,05:13:54,PAYMENT,Payment - Ref 925652,MOBILE,COMPLETED,REF14F5C5B39E16,BROKEN_FK_account_id_to_accounts
TX006599,C0593,UNKNOWN,447.51,ZAR,2024-10-02,07:04:13,PAYMENT,Payment - Ref 405942,MOBILE,COMPLETED,REF9827385A9269,BROKEN_FK_account_id_to_accounts
TX006612,C0308,UNKNOWN,794.43,ZAR,2024-05-01,14:39:40,DEBIT_ORDER,Debit Order - Ref 491639,MOBILE,COMPLETED,REFB5AFB061DF57,BROKEN_FK_account_id_to_accounts
TX006613,C0326,A0448,121.07,ZAR,2024-08-30,07:21:03,PAYMENT,Payment - Ref 128587,POS,COMPLETED,REF1284C8D50855,BROKEN_FK_account_id_to_accounts
TX006659,C0831,A0527,3766.78,ZAR,2024-09-23,09:08:41,INTEREST,Interest - Ref 169331,BRANCH,COMPLETED,REF48C360DA115A,BROKEN_FK_account_id_to_accounts
TX006674,C0709,UNKNOWN,412.27,ZAR,2024-07-30,08:07:03,TRANSFER,Transfer - Ref 293458,ATM,COMPLETED,REF740E7DF59B8F,BROKEN_FK_account_id_to_accounts
TX006684,C0082,A1200,2855.14,ZAR,2026-07-09,14:26:33,INTEREST,Interest - Ref 547983,MOBILE,COMPLETED,REF6F5812377A7A,BROKEN_FK_account_id_to_accounts
TX006693,C0419,A0556,2856.67,ZAR,2024-09-09,11:28:05,PAYMENT,Payment - Ref 344414,ATM,COMPLETED,REFDF338F36A398,BROKEN_FK_account_id_to_accounts
TX006699,C0537,A0699,4177.65,ZAR,2025-12-03,10:53:31,TRANSFER,Transfer - Ref 725064,MOBILE,COMPLETED,REF02C86EE613A4,BROKEN_FK_account_id_to_accounts
TX006707,C0250,A0563,4232.03,ZAR,2024-12-05,04:02:46,INTEREST,Interest - Ref 417305,MOBILE,COMPLETED,REFF0FCDAEF658C,BROKEN_FK_account_id_to_accounts
TX006718,C0767,A0305,449.67,ZAR,2026-04-01,03:22:15,FEE,Fee - Ref 195570,ONLINE,COMPLETED,REFA47F2824D4F8,BROKEN_FK_account_id_to_accounts
TX006728,C0871,A1487,347.02,ZAR,2025-04-08,05:41:37,FEE,Fee - Ref 384017,MOBILE,COMPLETED,REFDF3B8CBD9963,BROKEN_FK_account_id_to_accounts
TX006736,C0138,A0544,12749.86,ZAR,2024-03-03,18:16:05,DEPOSIT,Deposit - Ref 649057,ONLINE,COMPLETED,REF10E48A5EA154,BROKEN_FK_account_id_to_accounts
TX006749,C0158,A1330,3513.24,ZAR,2025-01-19,14:58:16,DEPOSIT,Deposit - Ref 556425,MOBILE,PENDING,REF577538B5FE59,BROKEN_FK_account_id_to_accounts
TX006756,C0138,A0544,1410.14,ZAR,2024-10-20,07:52:31,DEBIT_ORDER,Debit Order - Ref 502129,POS,COMPLETED,REF7A1933CBB500,BROKEN_FK_account_id_to_accounts
TX006758,C0690,UNKNOWN,3766.3,ZAR,2026-02-04,15:22:36,DEPOSIT,Deposit - Ref 505920,MOBILE,COMPLETED,REFA38F1EFDC7FA,BROKEN_FK_account_id_to_accounts
TX006771,C0800,A0764,15907.6575,ZAR,2025-06-11,02:04:24,REVERSAL,Reversal - Ref 836715,MOBILE,COMPLETED,REF2C05C665DA11,BROKEN_FK_account_id_to_accounts
TX006777,C0240,A0937,89.48,ZAR,2025-05-31,02:23:21,FEE,Fee - Ref 181166,MOBILE,COMPLETED,REF87C541B525F8,BROKEN_FK_account_id_to_accounts
TX006811,C0138,A0544,3589.21,ZAR,2024-04-27,21:45:49,DEPOSIT,Deposit - Ref 422985,MOBILE,COMPLETED,REF121C381A0DD1,BROKEN_FK_account_id_to_accounts
TX006816,C0107,A1386,491.96,ZAR,2026-01-28,07:24:41,INTEREST,Interest - Ref 589776,MOBILE,COMPLETED,REF4AF1CF585A16,BROKEN_FK_account_id_to_accounts
TX006819,C0915,A0345,15907.6575,ZAR,2025-02-11,16:21:23,REVERSAL,Reversal - Ref 908365,MOBILE,COMPLETED,REFC3FF5EA70574,BROKEN_FK_account_id_to_accounts
TX006826,C0345,A0694,754.66,ZAR,2024-02-27,20:27:44,WITHDRAWAL,Withdrawal - Ref 101285,ATM,COMPLETED,REF2C02FC441402,BROKEN_FK_account_id_to_accounts
TX006835,C0108,A0572,419.4,ZAR,2025-11-19,04:39:51,TRANSFER,Transfer - Ref 682686,MOBILE,COMPLETED,REFA58E470D6A01,BROKEN_FK_account_id_to_accounts
TX006838,C0302,A0994,806.44,ZAR,2024-04-10,20:54:46,DEPOSIT,Deposit - Ref 906946,BRANCH,COMPLETED,REF38B5A8D6C00D,BROKEN_FK_account_id_to_accounts
TX006841,C0391,A0473,2112.04,ZAR,2024-11-22,07:39:24,INTEREST,Interest - Ref 614195,ONLINE,REVERSED,REFFD5A9ECF5E6F,BROKEN_FK_account_id_to_accounts
TX006868,C0644,FAKE_C00A8A75,301.26,ZAR,2024-12-04,11:28:47,PAYMENT,Payment - Ref 138268,ATM,COMPLETED,REF53119E17BB41,BROKEN_FK_account_id_to_accounts
TX006870,C0174,A1169,8556.57,ZAR,2025-11-18,16:08:17,TRANSFER,Transfer - Ref 905351,POS,COMPLETED,REF83F686060C8A,BROKEN_FK_account_id_to_accounts
TX006888,C0132,A1146,378.64,ZAR,2024-08-24,08:08:44,DEPOSIT,Deposit - Ref 673760,ONLINE,COMPLETED,REF327472C72121,BROKEN_FK_account_id_to_accounts
TX006911,C0071,A0452,3125.95,ZAR,2025-05-31,16:51:52,DEPOSIT,Deposit - Ref 774740,BRANCH,COMPLETED,REF2A050BA82655,BROKEN_FK_account_id_to_accounts
TX006924,C0339,A0380,414.21,ZAR,2025-09-29,15:02:31,FEE,Fee - Ref 467727,ONLINE,COMPLETED,REFF98ADEE77B0E,BROKEN_FK_account_id_to_accounts
TX006928,C0345,A0694,195.8,ZAR,2025-03-06,03:11:56,FEE,Fee - Ref 666849,MOBILE,COMPLETED,REF240CAFADD646,BROKEN_FK_account_id_to_accounts
TX006955,C0202,UNKNOWN,409.08,ZAR,2026-01-16,17:03:09,INTEREST,Interest - Ref 651755,MOBILE,COMPLETED,REFB3643DC06F08,BROKEN_FK_account_id_to_accounts
TX006964,C0849,UNKNOWN,2354.97,ZAR,2025-01-07,03:26:45,TRANSFER,Transfer - Ref 539226,MOBILE,COMPLETED,REF6AAEF2061365,BROKEN_FK_account_id_to_accounts
TX006986,C0088,UNKNOWN,372.11,ZAR,2025-10-01,03:12:13,PAYMENT,Payment - Ref 108787,ATM,COMPLETED,REFFEF823D6A65C,BROKEN_FK_account_id_to_accounts
TX006993,C0915,A0345,1082.8,ZAR,2026-04-26,16:47:23,WITHDRAWAL,Withdrawal - Ref 277461,ONLINE,COMPLETED,REFBAEBDF3E60C6,BROKEN_FK_account_id_to_accounts
TX007034,C0049,A1190,509.54,ZAR,2025-06-19,23:02:40,TRANSFER,Transfer - Ref 911815,MOBILE,COMPLETED,REF55816EEADB4C,BROKEN_FK_account_id_to_accounts
TX007051,C0791,A0938,1096.79,ZAR,2024-09-06,17:04:28,WITHDRAWAL,Withdrawal - Ref 374676,MOBILE,COMPLETED,REFFAC64FB62790,BROKEN_FK_account_id_to_accounts
TX007054,C0366,A0418,831.43,ZAR,2025-12-24,14:09:24,WITHDRAWAL,Withdrawal - Ref 431397,ATM,COMPLETED,REF42511DA40784,BROKEN_FK_account_id_to_accounts
TX007081,C0586,UNKNOWN,4880.87,ZAR,2025-12-18,22:24:48,TRANSFER,Transfer - Ref 667843,POS,PENDING,REFCB386DDF8682,BROKEN_FK_account_id_to_accounts
TX007101,C0049,A1190,295.27,ZAR,2025-10-05,22:09:50,FEE,Fee - Ref 613744,BRANCH,COMPLETED,REF5F48E8BF504B,BROKEN_FK_account_id_to_accounts
TX007120,C0132,A1146,3879.24,ZAR,2025-08-07,12:56:56,REVERSAL,Reversal - Ref 958154,MOBILE,COMPLETED,REF239871577F1A,BROKEN_FK_account_id_to_accounts
TX007130,C0071,A0452,3870.82,ZAR,2024-11-02,08:37:14,INTEREST,Interest - Ref 600327,MOBILE,COMPLETED,REF5081357E2F6A,BROKEN_FK_account_id_to_accounts
TX007131,C0738,UNKNOWN,1052.89,ZAR,2025-12-10,17:32:57,PAYMENT,Payment - Ref 596881,BRANCH,FAILED,REFA0FA54D60E8D,BROKEN_FK_account_id_to_accounts
TX007158,C0240,A0937,2955.2,ZAR,2026-04-12,20:35:16,INTEREST,Interest - Ref 934616,BRANCH,COMPLETED,REFB8A08AEB8A1B,BROKEN_FK_account_id_to_accounts
TX007166,C0082,A1200,5945.99,ZAR,2026-06-09,12:35:08,DEPOSIT,Deposit - Ref 824066,POS,COMPLETED,REF6510D0C0FE03,BROKEN_FK_account_id_to_accounts
TX007169,C0922,A0672,1628.97,ZAR,2025-08-24,21:22:28,TRANSFER,Transfer - Ref 332600,ONLINE,COMPLETED,REF9BAEBEDE82A3,BROKEN_FK_account_id_to_accounts
TX007196,C0646,UNKNOWN,2164.9,ZAR,2025-07-09,14:35:08,WITHDRAWAL,Withdrawal - Ref 983538,MOBILE,COMPLETED,REF0FF3EFCC5073,BROKEN_FK_account_id_to_accounts
TX007209,C0240,UNKNOWN,15907.6575,ZAR,2025-09-17,22:50:06,REVERSAL,Reversal - Ref 244290,ONLINE,COMPLETED,REFCF34EB90933A,BROKEN_FK_account_id_to_accounts
TX007230,C0614,A0422,527.91,ZAR,2024-02-08,18:02:27,WITHDRAWAL,Withdrawal - Ref 785853,MOBILE,COMPLETED,REF880D1A58737F,BROKEN_FK_account_id_to_accounts
TX007247,C0069,FAKE_EEADB717,388.52,ZAR,2024-09-30,21:54:40,WITHDRAWAL,Withdrawal - Ref 107352,ONLINE,COMPLETED,REF2724563AAFF0,BROKEN_FK_account_id_to_accounts
TX007255,C0138,A0544,489.19,ZAR,2024-02-02,07:18:27,FEE,Fee - Ref 677896,ATM,COMPLETED,REFF1C9EDCA4F38,BROKEN_FK_account_id_to_accounts
TX007259,C0252,UNKNOWN,552.93,ZAR,2024-10-05,03:19:08,DEBIT_ORDER,Debit Order - Ref 485756,ONLINE,COMPLETED,REF9E4F5F5CD0D8,BROKEN_FK_account_id_to_accounts
TX007298,C0345,A0694,5860.58,ZAR,2024-07-17,00:32:57,TRANSFER,Transfer - Ref 727807,MOBILE,COMPLETED,REFDFDB5B93A60B,BROKEN_FK_account_id_to_accounts
TX007309,C0431,A0469,484.36,ZAR,2024-02-15,23:56:49,FEE,Fee - Ref 577223,MOBILE,COMPLETED,REF68823448860C,BROKEN_FK_account_id_to_accounts
TX007328,C0772,A0436,7377.69,ZAR,2024-09-13,00:50:42,TRANSFER,Transfer - Ref 940087,ATM,COMPLETED,REF211A7D9D5575,BROKEN_FK_account_id_to_accounts
TX007340,C0801,UNKNOWN,1321.28,ZAR,2024-12-09,04:35:41,WITHDRAWAL,Withdrawal - Ref 361521,ONLINE,COMPLETED,REF1EEAE4EBC415,BROKEN_FK_account_id_to_accounts
TX007356,C0884,UNKNOWN,598.35,ZAR,2026-01-08,23:21:47,WITHDRAWAL,Withdrawal - Ref 637709,MOBILE,COMPLETED,REF7BD00D5E68F8,BROKEN_FK_account_id_to_accounts
TX007361,C0431,A0469,949.8,ZAR,2024-06-24,02:04:04,WITHDRAWAL,Withdrawal - Ref 747034,ATM,COMPLETED,REF848104397D5C,BROKEN_FK_account_id_to_accounts
TX007381,C0108,A0572,2288.35,ZAR,2025-04-10,01:41:09,INTEREST,Interest - Ref 313723,MOBILE,FAILED,REFA9B405D0D47C,BROKEN_FK_account_id_to_accounts
TX007383,C0824,UNKNOWN,3390.11,ZAR,2026-01-27,09:47:55,DEPOSIT,Deposit - Ref 194724,MOBILE,COMPLETED,REF73B432DC863E,BROKEN_FK_account_id_to_accounts
TX007387,C0800,A0764,7627.84,ZAR,2025-03-09,03:54:35,PAYMENT,Payment - Ref 559492,MOBILE,COMPLETED,REF22CD09279570,BROKEN_FK_account_id_to_accounts
TX007388,C0807,A0519,206.17,ZAR,2024-01-24,13:45:02,DEBIT_ORDER,Debit Order - Ref 870654,ATM,COMPLETED,REF571898DC8E86,BROKEN_FK_account_id_to_accounts
TX007436,C0371,A1236,5959.66,ZAR,2026-04-15,07:56:48,DEPOSIT,Deposit - Ref 476311,MOBILE,COMPLETED,REFA9CC8A9F5FD0,BROKEN_FK_account_id_to_accounts
TX007443,C0001,UNKNOWN,1923.37,ZAR,2026-07-05,04:56:28,INTEREST,Interest - Ref 217606,MOBILE,FAILED,REF7DBE776B540F,BROKEN_FK_account_id_to_accounts
TX007472,C0513,UNKNOWN,1864.73,ZAR,2025-05-16,13:31:15,DEPOSIT,Deposit - Ref 316234,POS,COMPLETED,REF55137970FE5B,BROKEN_FK_account_id_to_accounts
TX007476,C0646,A0291,15907.6575,ZAR,2024-03-13,16:44:14,REVERSAL,Reversal - Ref 296459,MOBILE,COMPLETED,REFDAFDB20EAD68,BROKEN_FK_account_id_to_accounts
TX007516,C0240,A0937,610.23,ZAR,2024-12-06,06:34:45,DEBIT_ORDER,Debit Order - Ref 656793,ONLINE,COMPLETED,REFA3CE3875752A,BROKEN_FK_account_id_to_accounts
TX007546,C0807,A0519,1098.77,ZAR,2024-07-01,02:28:53,PAYMENT,Payment - Ref 919544,MOBILE,COMPLETED,REFBDC4C01425F6,BROKEN_FK_account_id_to_accounts
TX007576,C0326,A0448,6135.85,ZAR,2025-12-23,21:03:49,DEPOSIT,Deposit - Ref 759839,ATM,COMPLETED,REF3B9C132E1F8B,BROKEN_FK_account_id_to_accounts
TX007586,C0144,FAKE_F1AA70AE,4823.94,ZAR,2024-03-08,03:31:18,INTEREST,Interest - Ref 753615,ATM,COMPLETED,REF41279EE8181F,BROKEN_FK_account_id_to_accounts
TX007588,C0830,FAKE_78A2EF7B,913.19,ZAR,2024-11-16,08:31:43,DEPOSIT,Deposit - Ref 493214,MOBILE,COMPLETED,REFA6E00B106918,BROKEN_FK_account_id_to_accounts
TX007606,C0339,A0380,3940.58,ZAR,2026-07-18,05:04:30,DEPOSIT,Deposit - Ref 160495,BRANCH,FAILED,REFDCF278A42D5B,BROKEN_FK_account_id_to_accounts
TX007688,C0353,UNKNOWN,1464.82,ZAR,2026-02-08,18:15:11,DEBIT_ORDER,Debit Order - Ref 603659,ONLINE,COMPLETED,REFE994FFB070A2,BROKEN_FK_account_id_to_accounts
TX007690,C0646,A0291,15907.6575,ZAR,2026-02-21,13:38:02,REVERSAL,Reversal - Ref 680188,MOBILE,COMPLETED,REFC8144E7A738C,BROKEN_FK_account_id_to_accounts
TX007737,C0681,UNKNOWN,15907.6575,ZAR,2025-07-20,11:47:45,REVERSAL,Reversal - Ref 425129,ATM,COMPLETED,REFC30F6F10F4C4,BROKEN_FK_account_id_to_accounts
TX007738,C0433,A1025,1949.31,ZAR,2026-01-19,23:55:35,DEBIT_ORDER,Debit Order - Ref 816674,ONLINE,FAILED,REF1F181F777F2C,BROKEN_FK_account_id_to_accounts
TX007744,C0429,A1065,13.94,ZAR,2026-06-16,03:43:45,FEE,Fee - Ref 518095,ONLINE,COMPLETED,REF455439299259,BROKEN_FK_account_id_to_accounts
TX007755,C0250,A0563,7504.21,ZAR,2024-08-08,18:37:53,TRANSFER,Transfer - Ref 223319,BRANCH,COMPLETED,REF3600A15DEC46,BROKEN_FK_account_id_to_accounts
TX007813,C0366,A0418,944.99,ZAR,2025-02-16,06:18:12,DEBIT_ORDER,Debit Order - Ref 166586,MOBILE,COMPLETED,REF1D1326A62488,BROKEN_FK_account_id_to_accounts
TX007819,C0681,FAKE_0CC14756,2453.06,ZAR,2025-06-05,06:44:31,PAYMENT,Payment - Ref 996448,ONLINE,COMPLETED,REF1DC0E48533F0,BROKEN_FK_account_id_to_accounts
TX007821,C0326,UNKNOWN,1004.44,ZAR,2025-09-16,12:22:09,TRANSFER,Transfer - Ref 666207,ONLINE,COMPLETED,REFBB79639F2783,BROKEN_FK_account_id_to_accounts
TX007831,C0132,A1146,15907.6575,ZAR,2025-12-12,23:38:19,REVERSAL,Reversal - Ref 590545,POS,COMPLETED,REF35C7102B0CF9,BROKEN_FK_account_id_to_accounts
TX007847,C0419,A0556,698.71,ZAR,2026-08-24,07:57:30,PAYMENT,Payment - Ref 272106,POS,COMPLETED,REFB997C0105258,BROKEN_FK_account_id_to_accounts
TX007848,C0730,UNKNOWN,15907.6575,ZAR,2024-10-31,02:47:22,REVERSAL,Reversal - Ref 959641,BRANCH,COMPLETED,REFBB26F71CB52B,BROKEN_FK_account_id_to_accounts
TX007859,C0040,FAKE_932E9F11,1460.11,ZAR,2024-01-04,04:41:31,DEBIT_ORDER,Debit Order - Ref 786278,ATM,REVERSED,REF04FF0415F5FE,BROKEN_FK_account_id_to_accounts
TX007882,C0024,FAKE_1C884D96,51.76,ZAR,2024-09-07,15:55:39,FEE,Fee - Ref 608122,ATM,COMPLETED,REF8E160D7A8B60,BROKEN_FK_account_id_to_accounts
TX007883,C0807,A0519,264.63,ZAR,2024-03-23,09:14:00,FEE,Fee - Ref 252919,ONLINE,REVERSED,REFBFB65C3540BB,BROKEN_FK_account_id_to_accounts
TX007938,C0302,A0994,261.46,ZAR,2024-05-18,02:39:06,FEE,Fee - Ref 761770,MOBILE,COMPLETED,REF32AC56D98A5D,BROKEN_FK_account_id_to_accounts
TX007946,C0874,A0790,899.67,ZAR,2024-03-14,14:30:59,DEPOSIT,Deposit - Ref 504305,MOBILE,COMPLETED,REF56DC80781C82,BROKEN_FK_account_id_to_accounts
TX007948,C0107,A1386,1547.09,ZAR,2025-01-26,03:40:29,PAYMENT,Payment - Ref 621740,MOBILE,COMPLETED,REF9B08102654EC,BROKEN_FK_account_id_to_accounts
TX007956,C0987,A0943,1169.41,ZAR,2025-12-25,20:32:25,INTEREST,Interest - Ref 281239,ATM,COMPLETED,REF0F7CD02BCD80,BROKEN_FK_account_id_to_accounts
TX007963,C0772,A0436,5903.04,ZAR,2024-12-31,17:48:59,DEPOSIT,Deposit - Ref 720201,ATM,COMPLETED,REFF810A5B8EC46,BROKEN_FK_account_id_to_accounts
TX007972,C0573,FAKE_AAB0C66F,15907.6575,ZAR,2024-02-18,03:14:52,DEBIT_ORDER,Debit Order - Ref 865650,ONLINE,COMPLETED,REF7EFA6DF4B98E,BROKEN_FK_account_id_to_accounts
TX007988,C0086,FAKE_A7740446,1082.36,ZAR,2025-07-25,12:58:40,INTEREST,Interest - Ref 209323,MOBILE,COMPLETED,REF459972216069,BROKEN_FK_account_id_to_accounts
TX007994,C0261,A0515,2587.56,ZAR,2024-09-16,00:52:02,DEPOSIT,Deposit - Ref 893879,BRANCH,COMPLETED,REF53C08FB19B01,BROKEN_FK_account_id_to_accounts
TX007995,C0108,UNKNOWN,14740.02,ZAR,2025-01-05,19:06:18,DEPOSIT,Deposit - Ref 824597,ONLINE,COMPLETED,REF55A92DAD7FEF,BROKEN_FK_account_id_to_accounts
TX008032,C0223,UNKNOWN,248.8,ZAR,2024-01-24,11:25:29,PAYMENT,Payment - Ref 417585,ONLINE,COMPLETED,REF64D1963D625B,BROKEN_FK_account_id_to_accounts
TX008057,C0021,A1205,413.48,ZAR,2025-02-03,00:07:09,DEBIT_ORDER,Debit Order - Ref 867761,POS,COMPLETED,REFF2CB39D564AF,BROKEN_FK_account_id_to_accounts
TX008091,C0332,UNKNOWN,86.07,ZAR,2025-02-11,17:53:48,FEE,Fee - Ref 716902,POS,PENDING,REF7C0D7BE39BAC,BROKEN_FK_account_id_to_accounts
TX008092,C0090,UNKNOWN,2428.73,ZAR,2026-06-27,12:52:59,DEPOSIT,Deposit - Ref 636343,ONLINE,COMPLETED,REFC30A19604491,BROKEN_FK_account_id_to_accounts
TX008099,C0611,A1314,916.97,ZAR,2024-01-17,04:17:17,DEPOSIT,Deposit - Ref 542006,MOBILE,COMPLETED,REFE277D48F12BA,BROKEN_FK_account_id_to_accounts
TX008104,C0380,UNKNOWN,4468.34,ZAR,2024-07-11,05:29:33,INTEREST,Interest - Ref 680796,ATM,FAILED,REF1EC8ED253287,BROKEN_FK_account_id_to_accounts
TX008105,C0104,UNKNOWN,399.22,ZAR,2024-08-12,00:20:00,FEE,Fee - Ref 558029,MOBILE,COMPLETED,REF9F606F3B6F4A,BROKEN_FK_account_id_to_accounts
TX008121,C0399,UNKNOWN,246.27,ZAR,2024-01-12,06:52:57,WITHDRAWAL,Withdrawal - Ref 180908,ATM,COMPLETED,REF2CF6190C109B,BROKEN_FK_account_id_to_accounts
TX008125,C0767,A0305,1213.62,ZAR,2026-01-04,08:55:11,DEBIT_ORDER,Debit Order - Ref 701910,POS,COMPLETED,REF6414E9304972,BROKEN_FK_account_id_to_accounts
TX008132,C0670,UNKNOWN,9842.76,ZAR,2026-01-29,11:29:44,REVERSAL,Reversal - Ref 995328,ONLINE,COMPLETED,REF880615B8C406,BROKEN_FK_account_id_to_accounts
TX008142,C0611,A1314,328.4,ZAR,2026-07-02,21:06:59,WITHDRAWAL,Withdrawal - Ref 100849,MOBILE,COMPLETED,REF678884CE38E5,BROKEN_FK_account_id_to_accounts
TX008152,C0915,A0345,15907.6575,ZAR,2026-03-09,13:23:07,REVERSAL,Reversal - Ref 909808,ONLINE,COMPLETED,REF4DED25BE7991,BROKEN_FK_account_id_to_accounts
TX008174,C0433,UNKNOWN,2404.58,ZAR,2024-05-09,06:27:11,INTEREST,Interest - Ref 815698,MOBILE,COMPLETED,REF9CCDD7CDDB0A,BROKEN_FK_account_id_to_accounts
TX008207,C0831,A0527,612.64,ZAR,2024-11-30,01:54:23,DEPOSIT,Deposit - Ref 450867,MOBILE,COMPLETED,REF716856755FC2,BROKEN_FK_account_id_to_accounts
TX008220,C0692,A0415,8382.33,ZAR,2024-10-26,22:01:54,DEPOSIT,Deposit - Ref 995447,POS,COMPLETED,REFE8D753697C58,BROKEN_FK_account_id_to_accounts
TX008232,C0907,A1444,2946.48,ZAR,2024-07-13,10:23:07,TRANSFER,Transfer - Ref 288663,ATM,COMPLETED,REFF0610DE82EB7,BROKEN_FK_account_id_to_accounts
TX008257,C0658,UNKNOWN,215.28,ZAR,2025-01-15,15:48:21,WITHDRAWAL,Withdrawal - Ref 330712,BRANCH,REVERSED,REFF9E037158A86,BROKEN_FK_account_id_to_accounts
TX008281,C0364,FAKE_968EBF2B,1417.39,ZAR,2024-10-04,05:41:06,PAYMENT,Payment - Ref 955349,ONLINE,COMPLETED,REF0003EB2F5323,BROKEN_FK_account_id_to_accounts
TX008300,C0224,A0045,2128.36,ZAR,2024-11-02,06:04:54,DEPOSIT,Deposit - Ref 683258,ATM,FAILED,REF59209440AFBC,BROKEN_FK_account_id_to_accounts
TX008302,C0345,A0694,3330.26,ZAR,2025-04-03,00:11:35,DEBIT_ORDER,Debit Order - Ref 229260,MOBILE,COMPLETED,REF034F7585AC77,BROKEN_FK_account_id_to_accounts
TX008305,C0981,UNKNOWN,227.37,ZAR,2026-03-23,18:19:21,FEE,Fee - Ref 271602,MOBILE,FAILED,REFD83E2D65B3C3,BROKEN_FK_account_id_to_accounts
TX008321,C0815,UNKNOWN,1181.8,ZAR,2025-02-03,17:30:33,DEBIT_ORDER,Debit Order - Ref 585544,BRANCH,REVERSED,REF0D31FAB3F41E,BROKEN_FK_account_id_to_accounts
TX008335,C0232,UNKNOWN,1689.98,ZAR,2026-04-26,12:59:11,DEBIT_ORDER,Debit Order - Ref 382141,BRANCH,COMPLETED,REF97378F0AC040,BROKEN_FK_account_id_to_accounts
TX008338,C0767,A0305,1554.89,ZAR,2025-11-21,19:17:50,PAYMENT,Payment - Ref 741453,ONLINE,COMPLETED,REFFFB86D5BC01C,BROKEN_FK_account_id_to_accounts
TX008341,C0772,A0436,200.55,ZAR,2025-08-29,10:43:04,WITHDRAWAL,Withdrawal - Ref 474662,MOBILE,COMPLETED,REF9946D2FD6E62,BROKEN_FK_account_id_to_accounts
TX008343,C0339,A0380,1114.48,ZAR,2025-03-20,20:22:12,DEBIT_ORDER,Debit Order - Ref 875112,ONLINE,COMPLETED,REFBBB6BF612675,BROKEN_FK_account_id_to_accounts
TX008345,C0591,UNKNOWN,1177.57,ZAR,2026-07-27,22:14:06,DEPOSIT,Deposit - Ref 371192,MOBILE,COMPLETED,REF23C4D1F21605,BROKEN_FK_account_id_to_accounts
TX008357,C0132,A1146,4945.13,ZAR,2024-03-29,19:09:38,DEPOSIT,Deposit - Ref 161283,ONLINE,REVERSED,REF7D51F465E588,BROKEN_FK_account_id_to_accounts
TX008366,C0108,A0572,1360.89,ZAR,2026-03-07,07:50:49,DEBIT_ORDER,Debit Order - Ref 677885,MOBILE,COMPLETED,REFF1B6CD44D3EF,BROKEN_FK_account_id_to_accounts
TX008369,C0489,UNKNOWN,1283.78,ZAR,2024-08-06,23:40:32,DEPOSIT,Deposit - Ref 811520,MOBILE,COMPLETED,REFDE8743D1CB62,BROKEN_FK_account_id_to_accounts
TX008372,C0326,A0448,1758.22,ZAR,2024-06-15,23:46:43,WITHDRAWAL,Withdrawal - Ref 990093,POS,COMPLETED,REFC6BF49862092,BROKEN_FK_account_id_to_accounts
TX008388,C0371,A1236,696.09,ZAR,2025-10-06,16:09:18,REVERSAL,Reversal - Ref 883125,ATM,COMPLETED,REFF95EB1FB7B96,BROKEN_FK_account_id_to_accounts
TX008395,C0398,A0053,430.6,ZAR,2025-08-18,00:29:07,PAYMENT,Payment - Ref 572801,ONLINE,COMPLETED,REF485CB4196A75,BROKEN_FK_account_id_to_accounts
TX008493,C0614,A0422,8814.9,ZAR,2024-06-09,11:40:21,DEPOSIT,Deposit - Ref 544184,ATM,COMPLETED,REF61C5C187D9AC,BROKEN_FK_account_id_to_accounts
TX008503,C0261,A0515,2310.12,ZAR,2024-01-12,09:54:44,DEPOSIT,Deposit - Ref 683533,MOBILE,COMPLETED,REF095299D1DE09,BROKEN_FK_account_id_to_accounts
TX008504,C0888,UNKNOWN,3851.32,ZAR,2024-01-21,21:03:45,DEPOSIT,Deposit - Ref 295585,MOBILE,COMPLETED,REF9210E9A6A4CF,BROKEN_FK_account_id_to_accounts
TX008510,C0107,A1386,592.86,ZAR,2024-02-06,12:06:17,DEBIT_ORDER,Debit Order - Ref 867400,ATM,COMPLETED,REFB58424217EA7,BROKEN_FK_account_id_to_accounts
TX008512,C0569,A0141,419.12,ZAR,2025-02-14,10:00:13,DEBIT_ORDER,Debit Order - Ref 236156,POS,COMPLETED,REF8C2206895D71,BROKEN_FK_account_id_to_accounts
TX008514,C0431,A0469,470.04,ZAR,2024-04-23,20:18:58,WITHDRAWAL,Withdrawal - Ref 564580,MOBILE,COMPLETED,REF51D147900800,BROKEN_FK_account_id_to_accounts
TX008521,C0831,A0527,1700.47,ZAR,2026-06-15,06:15:42,DEPOSIT,Deposit - Ref 902660,ONLINE,COMPLETED,REFE637D55C50C4,BROKEN_FK_account_id_to_accounts
TX008524,C0615,UNKNOWN,738.49,ZAR,2024-12-02,18:45:30,PAYMENT,Payment - Ref 905269,MOBILE,FAILED,REFE7F698EC2BC7,BROKEN_FK_account_id_to_accounts
TX008545,C0907,A1444,3209.57,ZAR,2026-02-08,00:14:07,DEBIT_ORDER,Debit Order - Ref 807659,POS,COMPLETED,REFCE870B676FD8,BROKEN_FK_account_id_to_accounts
TX008557,C0089,A0779,263.08,ZAR,2025-05-03,01:56:56,WITHDRAWAL,Withdrawal - Ref 211319,ONLINE,COMPLETED,REF924F9EFB0F1B,BROKEN_FK_account_id_to_accounts
TX008580,C0874,A0790,3454.55,ZAR,2026-07-25,05:27:42,TRANSFER,Transfer - Ref 638141,MOBILE,COMPLETED,REF154F583D9438,BROKEN_FK_account_id_to_accounts
TX008582,C0827,UNKNOWN,10694.84,ZAR,2024-01-30,11:05:28,REVERSAL,Reversal - Ref 171388,ONLINE,COMPLETED,REF6A25D7E92F61,BROKEN_FK_account_id_to_accounts
TX008602,C0900,UNKNOWN,656.86,ZAR,2024-04-05,02:30:16,DEPOSIT,Deposit - Ref 488962,MOBILE,COMPLETED,REF91476B427D06,BROKEN_FK_account_id_to_accounts
TX008606,C0222,UNKNOWN,3846.35,ZAR,2025-10-06,20:40:02,INTEREST,Interest - Ref 877238,ATM,FAILED,REF9FD1C51B7FD1,BROKEN_FK_account_id_to_accounts
TX008609,C0552,FAKE_C4E3BD9E,2304.34,ZAR,2025-08-22,20:13:56,TRANSFER,Transfer - Ref 737455,POS,PENDING,REF8D86354A14A2,BROKEN_FK_account_id_to_accounts
TX008633,C0108,A0572,28.02,ZAR,2025-08-11,18:29:04,FEE,Fee - Ref 873905,MOBILE,COMPLETED,REF25E297A82C5E,BROKEN_FK_account_id_to_accounts
TX008645,C0831,A0527,327.2,ZAR,2024-11-24,17:18:38,WITHDRAWAL,Withdrawal - Ref 617041,BRANCH,COMPLETED,REF6FF7A920BEC0,BROKEN_FK_account_id_to_accounts
TX008647,C0132,A1146,1267.24,ZAR,2024-05-27,12:04:25,WITHDRAWAL,Withdrawal - Ref 601137,MOBILE,COMPLETED,REFCDEF3F927962,BROKEN_FK_account_id_to_accounts
TX008657,C0922,A0672,286.4,ZAR,2024-10-20,05:46:04,FEE,Fee - Ref 815368,MOBILE,REVERSED,REF77316F0610BB,BROKEN_FK_account_id_to_accounts
TX008674,C0395,FAKE_18EA9CB2,112.85,ZAR,2024-06-28,12:52:51,WITHDRAWAL,Withdrawal - Ref 603699,ONLINE,FAILED,REFC62B4C401CC7,BROKEN_FK_account_id_to_accounts
TX008694,C0089,UNKNOWN,434.64,ZAR,2024-12-24,11:15:08,INTEREST,Interest - Ref 872130,POS,COMPLETED,REF918A0DED2376,BROKEN_FK_account_id_to_accounts
TX008711,C0849,UNKNOWN,4312.49,ZAR,2024-11-05,11:14:30,INTEREST,Interest - Ref 518620,MOBILE,COMPLETED,REF172EF871B187,BROKEN_FK_account_id_to_accounts
TX008730,C0664,UNKNOWN,2918.3,ZAR,2024-06-22,03:35:39,DEPOSIT,Deposit - Ref 650337,ONLINE,COMPLETED,REF879D4810EFD8,BROKEN_FK_account_id_to_accounts
TX008749,C0157,UNKNOWN,1840.3,ZAR,2024-06-28,00:12:10,DEPOSIT,Deposit - Ref 482392,POS,COMPLETED,REFC7563ACA8FE6,BROKEN_FK_account_id_to_accounts
TX008751,C0437,UNKNOWN,15907.6575,ZAR,2026-05-05,03:43:20,TRANSFER,Transfer - Ref 165715,ATM,COMPLETED,REFB4765CA46AD6,BROKEN_FK_account_id_to_accounts
TX008758,C0429,A1065,2681.63,ZAR,2026-06-18,13:37:20,DEBIT_ORDER,Debit Order - Ref 673906,ATM,COMPLETED,REF1BFAF8D76447,BROKEN_FK_account_id_to_accounts
TX008779,C0261,A0515,2981.77,ZAR,2026-08-27,19:43:19,INTEREST,Interest - Ref 850147,MOBILE,COMPLETED,REFBA56FE808B9C,BROKEN_FK_account_id_to_accounts
TX008804,C0433,A1025,4603.8,ZAR,2026-03-04,08:10:49,PAYMENT,Payment - Ref 769677,ATM,COMPLETED,REFA8DB3084CDC8,BROKEN_FK_account_id_to_accounts
TX008845,C0222,UNKNOWN,154.64,ZAR,2025-10-25,21:56:41,FEE,Fee - Ref 105327,ONLINE,COMPLETED,REF6E31DA9387C7,BROKEN_FK_account_id_to_accounts
TX008850,C0871,A1487,10092.76,ZAR,2025-12-14,22:13:22,REVERSAL,Reversal - Ref 869430,ONLINE,COMPLETED,REF1A47C7602DE6,BROKEN_FK_account_id_to_accounts
TX008874,C0557,UNKNOWN,1062.61,ZAR,2024-08-10,17:02:01,DEBIT_ORDER,Debit Order - Ref 957419,MOBILE,COMPLETED,REF3BBFEEE297B1,BROKEN_FK_account_id_to_accounts
TX008876,C0776,UNKNOWN,2687.53,ZAR,2025-03-19,17:21:27,DEBIT_ORDER,Debit Order - Ref 861720,ONLINE,FAILED,REFF265C99EC499,BROKEN_FK_account_id_to_accounts
TX008899,C0366,A0418,1851.08,ZAR,2026-02-08,22:18:20,TRANSFER,Transfer - Ref 115472,MOBILE,COMPLETED,REF34BE0F366F08,BROKEN_FK_account_id_to_accounts
TX008956,C0987,A0943,284.12,ZAR,2024-04-29,03:51:01,FEE,Fee - Ref 963672,ONLINE,COMPLETED,REF77A3C710153B,BROKEN_FK_account_id_to_accounts
TX008984,C0384,UNKNOWN,6615.94,ZAR,2026-09-15,12:53:08,TRANSFER,Transfer - Ref 518987,ONLINE,COMPLETED,REFAB8F7888EDEC,BROKEN_FK_account_id_to_accounts
TX008996,C0569,A0141,175.38,ZAR,2024-05-25,04:02:56,DEPOSIT,Deposit - Ref 845742,ONLINE,COMPLETED,REF667B770446A7,BROKEN_FK_account_id_to_accounts
TX009000,C0517,UNKNOWN,1422.98,ZAR,2024-10-29,01:10:39,WITHDRAWAL,Withdrawal - Ref 992167,ONLINE,PENDING,REF5A725AE3FFC4,BROKEN_FK_account_id_to_accounts
TX009011,C0027,UNKNOWN,1211.46,ZAR,2026-03-25,07:14:12,DEBIT_ORDER,Debit Order - Ref 412600,ONLINE,COMPLETED,REF9DEDE92D3AA8,BROKEN_FK_account_id_to_accounts
TX009036,C0984,UNKNOWN,348.33,ZAR,2025-07-16,16:54:44,FEE,Fee - Ref 308701,MOBILE,COMPLETED,REF37790AF37754,BROKEN_FK_account_id_to_accounts
TX009062,C0994,UNKNOWN,340.61,ZAR,2024-08-22,11:22:01,FEE,Fee - Ref 840415,ATM,COMPLETED,REF81FD0197412E,BROKEN_FK_account_id_to_accounts
TX009124,C0366,A0418,15907.6575,ZAR,2026-02-05,19:28:00,REVERSAL,Reversal - Ref 629673,MOBILE,COMPLETED,REFB55E8C9C06DF,BROKEN_FK_account_id_to_accounts
TX009126,C0907,A1444,1029.67,ZAR,2024-09-10,12:09:31,DEBIT_ORDER,Debit Order - Ref 935099,ATM,REVERSED,REF8748E4516F5B,BROKEN_FK_account_id_to_accounts
TX009127,C0831,A0527,1454.89,ZAR,2025-10-06,20:31:11,TRANSFER,Transfer - Ref 253377,POS,REVERSED,REF22E24A212CCD,BROKEN_FK_account_id_to_accounts
TX009159,C0336,UNKNOWN,2928.09,ZAR,2024-04-09,23:05:47,DEPOSIT,Deposit - Ref 224907,ATM,PENDING,REF959473CD7B6A,BROKEN_FK_account_id_to_accounts
TX009169,C0074,FAKE_1B4FCB2D,1347.93,ZAR,2024-02-02,08:34:59,TRANSFER,Transfer - Ref 283368,ATM,COMPLETED,REF158E647668F5,BROKEN_FK_account_id_to_accounts
TX009172,C0113,UNKNOWN,314.8,ZAR,2025-05-08,12:10:25,FEE,Fee - Ref 699556,MOBILE,COMPLETED,REFFA89109879F8,BROKEN_FK_account_id_to_accounts
TX009187,C0600,UNKNOWN,996.36,ZAR,2025-06-18,07:37:29,PAYMENT,Payment - Ref 855178,ONLINE,COMPLETED,REFE8C68525FABC,BROKEN_FK_account_id_to_accounts
TX009285,C0433,A1025,1142.82,ZAR,2025-05-07,01:57:28,DEBIT_ORDER,Debit Order - Ref 696064,MOBILE,COMPLETED,REFFA5E84A0CBCB,BROKEN_FK_account_id_to_accounts
TX009307,C0274,FAKE_725B8174,85.74,ZAR,2024-08-30,13:21:20,DEBIT_ORDER,Debit Order - Ref 331763,ONLINE,COMPLETED,REFFE420A422EFA,BROKEN_FK_account_id_to_accounts
TX009308,C0431,A0469,1367.85,ZAR,2025-04-13,19:07:33,WITHDRAWAL,Withdrawal - Ref 111544,POS,COMPLETED,REF9FCF86B98295,BROKEN_FK_account_id_to_accounts
TX009314,C0089,A0779,282.2,ZAR,2026-08-17,04:34:18,FEE,Fee - Ref 916066,MOBILE,COMPLETED,REFA7A1ABA2C186,BROKEN_FK_account_id_to_accounts
TX009358,C0772,A0436,49.6,ZAR,2024-05-24,00:41:16,FEE,Fee - Ref 875810,POS,COMPLETED,REF1B57332653C0,BROKEN_FK_account_id_to_accounts
TX009359,C0303,UNKNOWN,1224.95,ZAR,2024-11-05,06:49:04,INTEREST,Interest - Ref 292905,ONLINE,COMPLETED,REFBE5F2EC3C5D2,BROKEN_FK_account_id_to_accounts
TX009387,C0302,A0994,15907.6575,ZAR,2026-07-30,17:08:58,REVERSAL,Reversal - Ref 659582,ONLINE,COMPLETED,REFBF7419F97860,BROKEN_FK_account_id_to_accounts
TX009444,C0903,FAKE_EDE14118,497.16,ZAR,2025-10-22,23:03:58,TRANSFER,Transfer - Ref 698574,ATM,COMPLETED,REFC355C66605BB,BROKEN_FK_account_id_to_accounts
TX009445,C0772,A0436,2457.42,ZAR,2024-10-17,01:03:57,PAYMENT,Payment - Ref 381450,BRANCH,COMPLETED,REFD8608A47AF3B,BROKEN_FK_account_id_to_accounts
TX009447,C0326,A0448,15907.6575,ZAR,2024-02-02,01:50:25,REVERSAL,Reversal - Ref 428851,MOBILE,COMPLETED,REF9E51FFADE765,BROKEN_FK_account_id_to_accounts
TX009467,C0395,UNKNOWN,177.53,ZAR,2025-10-06,21:35:46,WITHDRAWAL,Withdrawal - Ref 515526,MOBILE,REVERSED,REF7A85A9F7B0E4,BROKEN_FK_account_id_to_accounts
TX009475,C0261,A0515,2981.92,ZAR,2024-02-13,00:24:43,PAYMENT,Payment - Ref 144117,MOBILE,COMPLETED,REF0C4590AB4386,BROKEN_FK_account_id_to_accounts
TX009484,C0158,A1330,1494.57,ZAR,2025-09-15,01:05:32,WITHDRAWAL,Withdrawal - Ref 319023,BRANCH,COMPLETED,REF95D9D24EEDDD,BROKEN_FK_account_id_to_accounts
TX009524,C0191,UNKNOWN,4872.54,ZAR,2025-05-06,21:42:51,WITHDRAWAL,Withdrawal - Ref 554636,MOBILE,COMPLETED,REFA71862278263,BROKEN_FK_account_id_to_accounts
TX009536,C0646,A0291,435.55,ZAR,2025-08-01,09:26:12,FEE,Fee - Ref 138045,BRANCH,PENDING,REF4722C90B0E29,BROKEN_FK_account_id_to_accounts
TX009540,C0660,UNKNOWN,10188.06,ZAR,2025-03-16,23:31:08,TRANSFER,Transfer - Ref 236516,ATM,COMPLETED,REF01DD36B8B3EC,BROKEN_FK_account_id_to_accounts
TX009567,C0302,UNKNOWN,281.09,ZAR,2024-05-04,22:56:19,WITHDRAWAL,Withdrawal - Ref 891443,MOBILE,COMPLETED,REFBBB995B493D2,BROKEN_FK_account_id_to_accounts
TX009570,C0271,UNKNOWN,3380.58,ZAR,2025-11-04,03:49:30,INTEREST,Interest - Ref 234542,BRANCH,COMPLETED,REF1901C427EEC7,BROKEN_FK_account_id_to_accounts
TX009583,C0228,UNKNOWN,1196.69,ZAR,2024-03-03,18:04:13,TRANSFER,Transfer - Ref 417741,ATM,COMPLETED,REFEC240280940B,BROKEN_FK_account_id_to_accounts
TX009630,C0881,A0400,1651.53,ZAR,2026-05-10,03:58:48,DEBIT_ORDER,Debit Order - Ref 735338,ONLINE,COMPLETED,REF462EED3823DE,BROKEN_FK_account_id_to_accounts
TX009631,C0440,UNKNOWN,2981.78,ZAR,2025-08-02,14:42:16,WITHDRAWAL,Withdrawal - Ref 948218,MOBILE,COMPLETED,REF602A6603D787,BROKEN_FK_account_id_to_accounts
TX009634,C0558,UNKNOWN,32.54,ZAR,2024-06-24,10:17:57,FEE,Fee - Ref 103349,MOBILE,COMPLETED,REF8C65799DA43B,BROKEN_FK_account_id_to_accounts
TX009639,C0345,A0694,242.49,ZAR,2024-01-03,20:33:56,FEE,Fee - Ref 802878,MOBILE,COMPLETED,REF9629F3041FF7,BROKEN_FK_account_id_to_accounts
TX009644,C0791,A0938,5343.68,ZAR,2025-04-04,08:38:00,TRANSFER,Transfer - Ref 744361,BRANCH,COMPLETED,REF14F009FF95D6,BROKEN_FK_account_id_to_accounts
TX009657,C0987,A0943,402.29,ZAR,2025-09-24,12:00:11,PAYMENT,Payment - Ref 831864,ATM,COMPLETED,REFEE9CA06060FA,BROKEN_FK_account_id_to_accounts
TX009664,C0724,UNKNOWN,2386.2,ZAR,2026-02-23,10:07:33,TRANSFER,Transfer - Ref 915267,ONLINE,COMPLETED,REFAC322F18FBB8,BROKEN_FK_account_id_to_accounts
TX009730,C0021,A1205,1290.8,ZAR,2025-08-23,10:07:08,DEPOSIT,Deposit - Ref 769100,ONLINE,COMPLETED,REF8DC810616B36,BROKEN_FK_account_id_to_accounts
TX009754,C0082,A1200,298.21,ZAR,2026-09-11,19:46:16,WITHDRAWAL,Withdrawal - Ref 250523,ATM,COMPLETED,REF1FFE2571F094,BROKEN_FK_account_id_to_accounts
TX009778,C0767,A0305,274.87,ZAR,2025-11-21,15:38:24,WITHDRAWAL,Withdrawal - Ref 199208,POS,COMPLETED,REFAA8E295AF677,BROKEN_FK_account_id_to_accounts
TX009786,C0881,A0400,567.63,ZAR,2026-05-06,10:35:52,WITHDRAWAL,Withdrawal - Ref 910567,ONLINE,COMPLETED,REFDE3192D94400,BROKEN_FK_account_id_to_accounts
TX009790,C0345,UNKNOWN,767.72,ZAR,2026-02-25,03:32:57,WITHDRAWAL,Withdrawal - Ref 234191,MOBILE,COMPLETED,REF8745F5BF3119,BROKEN_FK_account_id_to_accounts
TX009798,C0071,A1181,14464.29,ZAR,2025-04-02,22:36:02,DEPOSIT,Deposit - Ref 803265,MOBILE,COMPLETED,REF83E677C69AB8,BROKEN_FK_account_id_to_accounts
TX009799,C0495,UNKNOWN,360.77,ZAR,2024-04-29,14:37:47,WITHDRAWAL,Withdrawal - Ref 396328,BRANCH,COMPLETED,REF2231B602E70C,BROKEN_FK_account_id_to_accounts
TX009842,C0391,A0473,187.36,ZAR,2025-07-21,17:28:05,FEE,Fee - Ref 376670,ATM,COMPLETED,REF8ADB5D9FD21D,BROKEN_FK_account_id_to_accounts
TX009860,C0071,A0452,382.89,ZAR,2026-09-07,12:24:30,WITHDRAWAL,Withdrawal - Ref 990017,ONLINE,COMPLETED,REF80D737276CF0,BROKEN_FK_account_id_to_accounts
TX009886,C0874,A0790,1112.84,ZAR,2025-12-18,00:53:30,PAYMENT,Payment - Ref 680796,BRANCH,COMPLETED,REFE39BD9094CA8,BROKEN_FK_account_id_to_accounts
TX009905,C0187,UNKNOWN,3264.33,ZAR,2026-01-10,17:28:49,TRANSFER,Transfer - Ref 193180,ONLINE,COMPLETED,REF0658AA829E88,BROKEN_FK_account_id_to_accounts
TX009939,C0224,UNKNOWN,769.28,ZAR,2024-08-28,04:47:43,TRANSFER,Transfer - Ref 553861,MOBILE,PENDING,REFBB4D7663A85F,BROKEN_FK_account_id_to_accounts
TX009949,C0525,UNKNOWN,401.35,ZAR,2024-08-21,05:56:26,TRANSFER,Transfer - Ref 859988,MOBILE,COMPLETED,REF43F45BC67B7A,BROKEN_FK_account_id_to_accounts
TX009961,C0090,UNKNOWN,7732.25,ZAR,2025-05-27,11:49:43,TRANSFER,Transfer - Ref 509070,ATM,COMPLETED,REF43D827387D8B,BROKEN_FK_account_id_to_accounts
TX009971,C0614,A0422,102.31,ZAR,2025-05-19,15:51:57,FEE,Fee - Ref 839901,ONLINE,COMPLETED,REFE008D8371A4B,BROKEN_FK_account_id_to_accounts
TX009981,C0692,A0415,3724.57,ZAR,2025-11-18,21:35:24,PAYMENT,Payment - Ref 974508,POS,FAILED,REFD6EC6F5057B7,BROKEN_FK_account_id_to_accounts
TX010012,C0355,UNKNOWN,3465.39,ZAR,2024-10-27,06:34:08,DEBIT_ORDER,Debit Order - Ref 573075,MOBILE,COMPLETED,REF5C42FAE52FD4,BROKEN_FK_account_id_to_accounts
TX010036,C0089,A0779,7600.41,ZAR,2024-02-18,11:48:55,TRANSFER,Transfer - Ref 103006,MOBILE,COMPLETED,REF03D5ACD57222,BROKEN_FK_account_id_to_accounts
TX010038,C0718,UNKNOWN,3439.22,ZAR,2024-09-06,21:34:22,INTEREST,Interest - Ref 676258,ATM,COMPLETED,REF6EBFC1151927,BROKEN_FK_account_id_to_accounts
TX010039,C0611,A1314,4817.87,ZAR,2025-02-28,11:02:02,PAYMENT,Payment - Ref 193389,MOBILE,COMPLETED,REF6AEE2F323D6A,BROKEN_FK_account_id_to_accounts
TX010052,C0569,A0141,5828.1,ZAR,2025-10-10,14:23:11,PAYMENT,Payment - Ref 828022,POS,COMPLETED,REFE4C38FB8698D,BROKEN_FK_account_id_to_accounts
TX010054,C0345,A0694,2780.13,ZAR,2025-09-12,08:09:56,INTEREST,Interest - Ref 197655,MOBILE,REVERSED,REF9A27344687D6,BROKEN_FK_account_id_to_accounts
TX010081,C0573,UNKNOWN,15907.6575,ZAR,2026-06-27,11:23:51,REVERSAL,Reversal - Ref 798634,POS,COMPLETED,REF0F56D8826C43,BROKEN_FK_account_id_to_accounts
TX010087,C0302,A0994,269.51,ZAR,2024-06-21,04:24:41,PAYMENT,Payment - Ref 861718,ATM,FAILED,REFC36692E2CDBD,BROKEN_FK_account_id_to_accounts
TX010094,C0767,A0305,2647.5,ZAR,2025-11-07,04:08:44,DEBIT_ORDER,Debit Order - Ref 842260,ONLINE,COMPLETED,REFB40CDA6CF916,BROKEN_FK_account_id_to_accounts
TX010100,C0569,A0141,15907.6575,ZAR,2024-08-02,12:14:21,REVERSAL,Reversal - Ref 905087,ATM,COMPLETED,REFA091A37ACAE8,BROKEN_FK_account_id_to_accounts
TX010123,C0772,A0436,2470.41,ZAR,2024-06-14,07:19:39,DEPOSIT,Deposit - Ref 886732,ONLINE,COMPLETED,REF5693F4287061,BROKEN_FK_account_id_to_accounts
TX010145,C0138,A0544,4626.02,ZAR,2026-07-26,04:26:26,DEPOSIT,Deposit - Ref 912177,MOBILE,COMPLETED,REFBDF5CBB8F849,BROKEN_FK_account_id_to_accounts
TX010183,C0431,A0469,4626.18,ZAR,2026-06-14,22:22:57,DEPOSIT,Deposit - Ref 520702,ONLINE,COMPLETED,REF98A2CD616A85,BROKEN_FK_account_id_to_accounts
TX010196,C0646,A0291,833.06,ZAR,2024-07-16,16:02:03,DEBIT_ORDER,Debit Order - Ref 404822,MOBILE,COMPLETED,REFDFBF490AD605,BROKEN_FK_account_id_to_accounts
TX010209,C0398,A0053,2446.93,ZAR,2025-02-16,21:45:51,WITHDRAWAL,Withdrawal - Ref 982835,MOBILE,REVERSED,REF0EF4EBB897DE,BROKEN_FK_account_id_to_accounts
TX010220,C0720,A0589,11531.07,ZAR,2025-02-23,08:21:51,DEPOSIT,Deposit - Ref 979990,POS,COMPLETED,REF5BD055BB275A,BROKEN_FK_account_id_to_accounts
TX010232,C0163,UNKNOWN,217.43,ZAR,2024-12-29,09:29:40,DEPOSIT,Deposit - Ref 208313,POS,COMPLETED,REF60B3089999A5,BROKEN_FK_account_id_to_accounts
TX010249,C0569,A0141,940.19,ZAR,2025-05-21,09:20:52,DEBIT_ORDER,Debit Order - Ref 582748,ONLINE,COMPLETED,REF839135C72AB8,BROKEN_FK_account_id_to_accounts
TX010293,C0645,A0282,15907.6575,ZAR,2026-09-15,07:08:13,REVERSAL,Reversal - Ref 580325,MOBILE,COMPLETED,REF973366182CE4,BROKEN_FK_account_id_to_accounts
TX010316,C0126,UNKNOWN,521.12,ZAR,2024-05-31,11:21:04,WITHDRAWAL,Withdrawal - Ref 974178,MOBILE,COMPLETED,REF1B466D991800,BROKEN_FK_account_id_to_accounts
TX010332,C0433,A1025,4114.86,ZAR,2025-08-19,17:52:09,INTEREST,Interest - Ref 933396,BRANCH,COMPLETED,REF7A1D59A3DDDD,BROKEN_FK_account_id_to_accounts
TX010341,C0985,FAKE_A4945B20,10644.89,ZAR,2025-12-23,19:05:13,TRANSFER,Transfer - Ref 938396,MOBILE,COMPLETED,REFD29CE92DE3D1,BROKEN_FK_account_id_to_accounts
TX010355,C0877,UNKNOWN,1227.74,ZAR,2025-04-15,09:57:32,TRANSFER,Transfer - Ref 964508,ONLINE,FAILED,REF0595F84F99D0,BROKEN_FK_account_id_to_accounts
TX010392,C0730,UNKNOWN,15907.6575,ZAR,2025-09-21,07:01:58,REVERSAL,Reversal - Ref 605086,ONLINE,COMPLETED,REF504FE8E3E034,BROKEN_FK_account_id_to_accounts
TX010428,C0836,UNKNOWN,1753.64,ZAR,2025-11-07,16:49:21,DEBIT_ORDER,Debit Order - Ref 689893,POS,COMPLETED,REFFC9846DB070B,BROKEN_FK_account_id_to_accounts
TX010439,C0720,A0589,15907.6575,ZAR,2025-06-27,21:18:54,REVERSAL,Reversal - Ref 111730,POS,COMPLETED,REF889B98C63430,BROKEN_FK_account_id_to_accounts
TX010442,C0999,A0831,15907.6575,ZAR,2026-02-03,14:16:46,REVERSAL,Reversal - Ref 853178,MOBILE,COMPLETED,REF70EB4FA6CC21,BROKEN_FK_account_id_to_accounts
TX010482,C0312,UNKNOWN,219.52,ZAR,2024-02-14,23:07:18,FEE,Fee - Ref 761039,MOBILE,COMPLETED,REF6039A3493B96,BROKEN_FK_account_id_to_accounts
TX010485,C0262,UNKNOWN,1241.71,ZAR,2025-10-01,02:32:59,PAYMENT,Payment - Ref 396609,POS,COMPLETED,REF513974B3F70E,BROKEN_FK_account_id_to_accounts
TX010536,C0752,UNKNOWN,276.32,ZAR,2024-06-30,06:13:30,DEPOSIT,Deposit - Ref 143336,ONLINE,FAILED,REF162C25CD6A68,BROKEN_FK_account_id_to_accounts
TX010544,C0795,UNKNOWN,499.98,ZAR,2025-09-13,10:04:13,DEBIT_ORDER,Debit Order - Ref 384965,POS,COMPLETED,REF032C7332EA29,BROKEN_FK_account_id_to_accounts
TX010558,C0999,A0831,1002.17,ZAR,2026-07-17,23:21:18,TRANSFER,Transfer - Ref 517388,ONLINE,COMPLETED,REF2C2EA3CB608F,BROKEN_FK_account_id_to_accounts
TX010561,C0791,A0938,440.35,ZAR,2024-03-24,06:12:40,PAYMENT,Payment - Ref 466342,MOBILE,COMPLETED,REFF038DF9773B3,BROKEN_FK_account_id_to_accounts
TX010579,C0326,UNKNOWN,1120.68,ZAR,2025-11-18,09:38:11,DEPOSIT,Deposit - Ref 851096,ATM,FAILED,REF76C744F05ABC,BROKEN_FK_account_id_to_accounts
TX010580,C0631,FAKE_E9A78FD6,15907.6575,ZAR,2026-06-11,11:00:47,DEPOSIT,Deposit - Ref 120170,BRANCH,COMPLETED,REFBCEF57B6E11B,BROKEN_FK_account_id_to_accounts
TX010603,C0326,A0656,15907.6575,ZAR,2024-02-06,20:43:59,DEPOSIT,Deposit - Ref 994346,ONLINE,COMPLETED,REF17C3FBD337DB,BROKEN_FK_account_id_to_accounts
TX010606,C0569,FAKE_DA0AF5B1,6928.43,ZAR,2025-01-29,20:20:38,DEBIT_ORDER,Debit Order - Ref 422974,ONLINE,PENDING,REFCCC84E2C2C4E,BROKEN_FK_account_id_to_accounts
TX010608,C0594,UNKNOWN,1530.0,ZAR,2026-08-30,05:23:24,TRANSFER,Transfer - Ref 722251,MOBILE,COMPLETED,REF7DFC1D98F6CC,BROKEN_FK_account_id_to_accounts
TX010617,C0094,UNKNOWN,264.0,ZAR,2026-08-12,23:09:08,WITHDRAWAL,Withdrawal - Ref 111922,MOBILE,COMPLETED,REF97EE21DDB394,BROKEN_FK_account_id_to_accounts
TX010626,C0174,A1169,1343.0,ZAR,2024-08-18,05:19:46,WITHDRAWAL,Withdrawal - Ref 774797,ATM,COMPLETED,REFED2DF2A76C3D,BROKEN_FK_account_id_to_accounts
TX010659,C0261,A0515,1934.83,ZAR,2026-05-30,01:37:09,DEBIT_ORDER,Debit Order - Ref 923930,ONLINE,COMPLETED,REFDC4C8C5EEA83,BROKEN_FK_account_id_to_accounts
TX010686,C0646,A0291,2870.54,ZAR,2024-12-12,18:15:27,WITHDRAWAL,Withdrawal - Ref 937269,ATM,COMPLETED,REF7411B590D08B,BROKEN_FK_account_id_to_accounts
TX010692,C0419,A0556,8712.74,ZAR,2026-05-31,12:30:31,DEPOSIT,Deposit - Ref 398481,BRANCH,COMPLETED,REF18C2EDC66124,BROKEN_FK_account_id_to_accounts
TX010697,C0132,A1146,6131.36,ZAR,2024-06-07,00:38:54,DEBIT_ORDER,Debit Order - Ref 250242,ONLINE,FAILED,REF536C472E96D2,BROKEN_FK_account_id_to_accounts
TX010701,C0250,A0563,1906.43,ZAR,2025-01-16,14:09:52,DEBIT_ORDER,Debit Order - Ref 685948,ONLINE,PENDING,REF881F9BF5ADB6,BROKEN_FK_account_id_to_accounts
TX010715,C0049,A1190,15907.6575,ZAR,2024-12-29,18:45:37,REVERSAL,Reversal - Ref 963108,ONLINE,COMPLETED,REF39757B6C5ED5,BROKEN_FK_account_id_to_accounts
TX010720,C0071,A1181,10891.65,ZAR,2024-08-11,11:03:32,TRANSFER,Transfer - Ref 354500,ONLINE,COMPLETED,REF458E95DAB890,BROKEN_FK_account_id_to_accounts
TX010734,C0522,FAKE_032B5CC9,1128.75,ZAR,2025-09-19,16:52:53,INTEREST,Interest - Ref 766898,MOBILE,COMPLETED,REF96395FC944CA,BROKEN_FK_account_id_to_accounts
TX010778,C0484,A1438,779.07,ZAR,2024-07-12,23:47:24,WITHDRAWAL,Withdrawal - Ref 713351,POS,COMPLETED,REF0155407902DA,BROKEN_FK_account_id_to_accounts
TX010782,C0821,UNKNOWN,867.34,ZAR,2025-01-11,14:54:57,PAYMENT,Payment - Ref 346613,MOBILE,COMPLETED,REF1CEA7C768C5D,BROKEN_FK_account_id_to_accounts
TX010813,C0945,UNKNOWN,2948.12,ZAR,2025-05-23,04:40:26,PAYMENT,Payment - Ref 364883,MOBILE,FAILED,REF4B4C768F12CA,BROKEN_FK_account_id_to_accounts
TX010844,C0302,A0994,2277.2,ZAR,2025-05-04,00:34:25,WITHDRAWAL,Withdrawal - Ref 307484,MOBILE,COMPLETED,REFED062B1C9E84,BROKEN_FK_account_id_to_accounts
TX010859,C0408,FAKE_BB7B41BD,698.71,ZAR,2024-11-02,02:49:33,PAYMENT,Payment - Ref 502697,ONLINE,COMPLETED,REFA05E94CE1F54,BROKEN_FK_account_id_to_accounts
TX010871,C0214,UNKNOWN,185.42,ZAR,2026-01-28,05:19:19,DEBIT_ORDER,Debit Order - Ref 854222,ONLINE,COMPLETED,REF1E3F589F3749,BROKEN_FK_account_id_to_accounts
TX010889,C0791,A0938,891.21,ZAR,2024-08-18,03:20:30,DEBIT_ORDER,Debit Order - Ref 576631,BRANCH,COMPLETED,REFAF6328FC25CF,BROKEN_FK_account_id_to_accounts
TX010910,C0586,UNKNOWN,15907.6575,ZAR,2025-11-03,03:21:08,REVERSAL,Reversal - Ref 642342,BRANCH,COMPLETED,REF96436F5FF1D3,BROKEN_FK_account_id_to_accounts
TX010928,C0915,A0345,216.93,ZAR,2026-03-10,05:02:34,WITHDRAWAL,Withdrawal - Ref 911600,ONLINE,COMPLETED,REFF3B03935A3DF,BROKEN_FK_account_id_to_accounts
TX010929,C0716,UNKNOWN,582.72,ZAR,2024-08-19,07:12:15,TRANSFER,Transfer - Ref 883133,MOBILE,COMPLETED,REFD9418F8C48B3,BROKEN_FK_account_id_to_accounts
TX010931,C0776,UNKNOWN,329.75,ZAR,2026-02-10,07:36:44,FEE,Fee - Ref 242923,ONLINE,COMPLETED,REF82E1B6DC6D53,BROKEN_FK_account_id_to_accounts
TX010943,C0028,UNKNOWN,6958.84,ZAR,2024-06-25,14:15:12,TRANSFER,Transfer - Ref 508012,ONLINE,COMPLETED,REFF9B326DD1221,BROKEN_FK_account_id_to_accounts
TX010958,C0132,A1146,582.97,ZAR,2025-10-20,17:28:44,DEBIT_ORDER,Debit Order - Ref 763015,MOBILE,COMPLETED,REF2CFDA641539C,BROKEN_FK_account_id_to_accounts
TX010969,C0082,A1200,913.43,ZAR,2025-03-14,14:08:54,TRANSFER,Transfer - Ref 245897,ONLINE,COMPLETED,REF7AC9AABC9AFE,BROKEN_FK_account_id_to_accounts
TX010971,C0158,A1330,469.56,ZAR,2026-04-28,03:20:01,TRANSFER,Transfer - Ref 240346,ONLINE,FAILED,REFF91D70037B61,BROKEN_FK_account_id_to_accounts
TX010985,C0808,FAKE_42945FB8,299.18,ZAR,2026-06-23,11:06:12,FEE,Fee - Ref 230705,ONLINE,COMPLETED,REF0456F92FD5F3,BROKEN_FK_account_id_to_accounts
TX010997,C0766,FAKE_3C8FED40,13089.26,ZAR,2026-08-09,03:20:21,REVERSAL,Reversal - Ref 626008,MOBILE,COMPLETED,REF71C51910800F,BROKEN_FK_account_id_to_accounts
TX011022,C0433,A1025,15907.6575,ZAR,2024-10-15,17:55:36,REVERSAL,Reversal - Ref 765173,ATM,COMPLETED,REFC01706EA712C,BROKEN_FK_account_id_to_accounts
TX011027,C0071,A0452,497.99,ZAR,2024-10-20,00:23:52,TRANSFER,Transfer - Ref 390640,MOBILE,COMPLETED,REFC1B25C8E9654,BROKEN_FK_account_id_to_accounts
TX011039,C0261,A0515,15907.6575,ZAR,2026-01-25,11:24:07,DEPOSIT,Deposit - Ref 276621,MOBILE,COMPLETED,REF33619BE114CE,BROKEN_FK_account_id_to_accounts
TX011070,C0138,A0544,15907.6575,ZAR,2024-04-09,16:36:01,REVERSAL,Reversal - Ref 284171,ONLINE,COMPLETED,REFF8C62D58FE1B,BROKEN_FK_account_id_to_accounts
TX011085,C0760,UNKNOWN,40.71,ZAR,2026-01-23,10:18:28,FEE,Fee - Ref 315170,MOBILE,COMPLETED,REFDC881DA5B3A4,BROKEN_FK_account_id_to_accounts
TX011093,C0174,A1169,200.85,ZAR,2026-02-01,04:26:06,TRANSFER,Transfer - Ref 225368,ATM,COMPLETED,REF6E39C306FEE3,BROKEN_FK_account_id_to_accounts
TX011107,C0625,UNKNOWN,15907.6575,ZAR,2024-08-09,16:17:18,REVERSAL,Reversal - Ref 457139,ONLINE,COMPLETED,REFD8D9FB2E869A,BROKEN_FK_account_id_to_accounts
TX011111,C0195,FAKE_D64438C1,15907.6575,ZAR,2026-03-27,21:38:43,DEPOSIT,Deposit - Ref 526003,ONLINE,COMPLETED,REFD94D4A103EF8,BROKEN_FK_account_id_to_accounts
TX011129,C0340,UNKNOWN,15907.6575,ZAR,2024-02-04,09:34:56,REVERSAL,Reversal - Ref 173309,ATM,COMPLETED,REF8097963994E8,BROKEN_FK_account_id_to_accounts
TX011170,C0342,FAKE_A9804213,2759.59,ZAR,2025-05-01,14:24:17,DEBIT_ORDER,Debit Order - Ref 523430,ONLINE,COMPLETED,REF442D9B48B0A8,BROKEN_FK_account_id_to_accounts
TX011191,C0191,UNKNOWN,3125.6,ZAR,2024-11-13,00:22:30,PAYMENT,Payment - Ref 290117,ATM,COMPLETED,REFD10CC8EFE5CC,BROKEN_FK_account_id_to_accounts
TX011218,C0339,A0380,395.98,ZAR,2025-10-14,16:08:52,FEE,Fee - Ref 360791,ONLINE,COMPLETED,REF9624A4C8339E,BROKEN_FK_account_id_to_accounts
TX011221,C0108,A0572,2932.93,ZAR,2026-09-02,13:13:19,TRANSFER,Transfer - Ref 245522,ATM,COMPLETED,REFBE38698D3E3F,BROKEN_FK_account_id_to_accounts
TX011250,C0908,UNKNOWN,563.33,ZAR,2026-08-10,20:32:34,DEBIT_ORDER,Debit Order - Ref 392416,MOBILE,COMPLETED,REFBF9619843820,BROKEN_FK_account_id_to_accounts
TX011255,C0831,A0527,274.87,ZAR,2025-04-22,13:54:22,PAYMENT,Payment - Ref 869224,MOBILE,COMPLETED,REF05EA91A5B4D7,BROKEN_FK_account_id_to_accounts
TX011272,C0315,UNKNOWN,15907.6575,ZAR,2026-02-10,01:05:48,REVERSAL,Reversal - Ref 321934,POS,COMPLETED,REF5701BD0863B2,BROKEN_FK_account_id_to_accounts
TX011278,C0518,UNKNOWN,15907.6575,ZAR,2025-04-15,20:47:29,REVERSAL,Reversal - Ref 838525,ONLINE,COMPLETED,REF46B14360E194,BROKEN_FK_account_id_to_accounts
TX011294,C0733,FAKE_B7640A11,211.35,ZAR,2026-06-04,12:30:23,PAYMENT,Payment - Ref 973222,ATM,COMPLETED,REFA0C4EDB7534F,BROKEN_FK_account_id_to_accounts
TX011319,C0735,UNKNOWN,3097.49,ZAR,2024-07-30,15:21:53,PAYMENT,Payment - Ref 696333,MOBILE,COMPLETED,REF1559388F87C6,BROKEN_FK_account_id_to_accounts
TX011322,C0881,UNKNOWN,2337.74,ZAR,2024-12-04,13:21:32,INTEREST,Interest - Ref 507851,POS,COMPLETED,REF67C422468B00,BROKEN_FK_account_id_to_accounts
TX011324,C0246,FAKE_55C6918E,9811.01,ZAR,2025-07-12,03:14:24,DEPOSIT,Deposit - Ref 628413,ONLINE,COMPLETED,REF08C37186E2F2,BROKEN_FK_account_id_to_accounts
TX011350,C0433,A1025,5307.57,ZAR,2024-05-05,07:25:49,PAYMENT,Payment - Ref 975019,MOBILE,COMPLETED,REF4C5BDBC86DD1,BROKEN_FK_account_id_to_accounts
TX011374,C0261,A0515,1003.03,ZAR,2025-07-18,21:38:07,DEBIT_ORDER,Debit Order - Ref 241180,ONLINE,COMPLETED,REF16F54269D39E,BROKEN_FK_account_id_to_accounts
TX011377,C0387,UNKNOWN,15907.6575,ZAR,2026-09-15,23:01:10,REVERSAL,Reversal - Ref 110856,MOBILE,COMPLETED,REFF620D4DBCDEE,BROKEN_FK_account_id_to_accounts
TX011395,C0250,A0563,15344.1,ZAR,2026-06-03,04:51:33,REVERSAL,Reversal - Ref 643131,ATM,COMPLETED,REFC1C80BC0E449,BROKEN_FK_account_id_to_accounts
TX011399,C0250,A0563,370.56,ZAR,2024-03-27,07:17:52,FEE,Fee - Ref 319166,MOBILE,COMPLETED,REFCFC9FFAFE8A9,BROKEN_FK_account_id_to_accounts
TX011418,C0417,UNKNOWN,102.32,ZAR,2024-10-30,04:26:12,FEE,Fee - Ref 135452,ONLINE,COMPLETED,REF4FE17D6F3CDA,BROKEN_FK_account_id_to_accounts
TX011423,C0398,FAKE_5F13A516,3674.62,ZAR,2026-05-07,19:49:02,INTEREST,Interest - Ref 199306,BRANCH,COMPLETED,REF4C1BB98D81AC,BROKEN_FK_account_id_to_accounts
TX011430,C0071,A0452,628.12,ZAR,2024-04-03,01:40:29,WITHDRAWAL,Withdrawal - Ref 884791,ATM,COMPLETED,REF8FE9F90C6059,BROKEN_FK_account_id_to_accounts
TX011459,C0484,A1438,15907.6575,ZAR,2024-12-11,15:13:38,REVERSAL,Reversal - Ref 807762,MOBILE,COMPLETED,REF3B57B50AB735,BROKEN_FK_account_id_to_accounts
TX011476,C0922,A0672,205.97,ZAR,2025-05-21,23:37:52,FEE,Fee - Ref 252591,ONLINE,COMPLETED,REF781BE9164F04,BROKEN_FK_account_id_to_accounts
TX011479,C0339,A0380,15907.6575,ZAR,2025-03-04,20:06:07,REVERSAL,Reversal - Ref 276522,MOBILE,COMPLETED,REF8DA82F5EA01A,BROKEN_FK_account_id_to_accounts
TX011481,C0302,A0994,15907.6575,ZAR,2025-07-06,05:47:43,REVERSAL,Reversal - Ref 952906,POS,COMPLETED,REF872234D5991E,BROKEN_FK_account_id_to_accounts
TX011488,C0421,FAKE_D4679BF8,62.92,ZAR,2026-03-14,12:49:30,FEE,Fee - Ref 235241,ATM,COMPLETED,REFF5D74AA6DFD6,BROKEN_FK_account_id_to_accounts
TX011493,C0108,A0572,2229.38,ZAR,2026-01-06,02:51:14,TRANSFER,Transfer - Ref 338162,ONLINE,COMPLETED,REF1F42994B2617,BROKEN_FK_account_id_to_accounts
TX011530,C0071,A0452,2547.84,ZAR,2024-05-24,08:41:15,INTEREST,Interest - Ref 402098,ATM,REVERSED,REFCE506CCEC92E,BROKEN_FK_account_id_to_accounts
TX011539,C0174,A1169,380.44,ZAR,2024-05-05,03:47:25,TRANSFER,Transfer - Ref 116300,MOBILE,PENDING,REF24652B2C4017,BROKEN_FK_account_id_to_accounts
TX011559,C0041,UNKNOWN,502.33,ZAR,2024-04-21,16:11:40,TRANSFER,Transfer - Ref 184321,BRANCH,PENDING,REF4C84D1EF89E3,BROKEN_FK_account_id_to_accounts
TX011565,C0089,A0779,3690.38,ZAR,2026-05-03,17:58:16,REVERSAL,Reversal - Ref 467087,POS,PENDING,REF23231CBBFC45,BROKEN_FK_account_id_to_accounts
TX011579,C0271,UNKNOWN,4104.22,ZAR,2025-05-12,23:37:31,WITHDRAWAL,Withdrawal - Ref 379968,ONLINE,COMPLETED,REF822B7AA9834E,BROKEN_FK_account_id_to_accounts
TX011603,C0266,UNKNOWN,6146.98,ZAR,2025-05-04,01:37:50,PAYMENT,Payment - Ref 482060,MOBILE,FAILED,REF6120F25FBEFA,BROKEN_FK_account_id_to_accounts
TX011604,C0720,A0589,4345.36,ZAR,2026-03-19,16:06:42,INTEREST,Interest - Ref 803566,ONLINE,COMPLETED,REF1B21060CE715,BROKEN_FK_account_id_to_accounts
TX011618,C0345,A0694,210.04,ZAR,2025-09-08,02:51:21,FEE,Fee - Ref 313987,MOBILE,COMPLETED,REF68AF373BA7E5,BROKEN_FK_account_id_to_accounts
TX011639,C0552,UNKNOWN,1034.01,ZAR,2025-10-25,01:37:03,DEPOSIT,Deposit - Ref 174499,ONLINE,COMPLETED,REFCFDAF690542E,BROKEN_FK_account_id_to_accounts
TX011645,C0429,A1065,591.15,ZAR,2026-03-01,04:21:26,DEBIT_ORDER,Debit Order - Ref 168616,ATM,COMPLETED,REF22392100B8C2,BROKEN_FK_account_id_to_accounts
TX011647,C0656,UNKNOWN,1647.13,ZAR,2025-04-29,01:48:53,DEBIT_ORDER,Debit Order - Ref 195303,MOBILE,COMPLETED,REF4305A5B95EDA,BROKEN_FK_account_id_to_accounts
TX011660,C0945,UNKNOWN,832.08,ZAR,2024-08-15,11:14:11,WITHDRAWAL,Withdrawal - Ref 700484,MOBILE,COMPLETED,REF6633C78CE3FE,BROKEN_FK_account_id_to_accounts
TX011671,C0379,UNKNOWN,119.83,ZAR,2026-09-14,14:27:20,TRANSFER,Transfer - Ref 617373,MOBILE,COMPLETED,REF0AEE0BA0CC74,BROKEN_FK_account_id_to_accounts
TX011674,C0534,UNKNOWN,2350.53,ZAR,2026-03-01,07:42:48,DEBIT_ORDER,Debit Order - Ref 121909,ATM,COMPLETED,REF0C848385E766,BROKEN_FK_account_id_to_accounts
TX011695,C0907,A1444,1372.64,ZAR,2024-10-02,22:34:40,WITHDRAWAL,Withdrawal - Ref 629808,BRANCH,COMPLETED,REF92BF3BFAE51E,BROKEN_FK_account_id_to_accounts
TX011708,C0407,UNKNOWN,15907.6575,ZAR,2026-05-26,13:55:49,REVERSAL,Reversal - Ref 809324,POS,COMPLETED,REFCBAF4365E901,BROKEN_FK_account_id_to_accounts
TX011711,C0537,A0699,423.56,ZAR,2024-12-20,17:37:13,WITHDRAWAL,Withdrawal - Ref 650009,MOBILE,COMPLETED,REF404DE73186F1,BROKEN_FK_account_id_to_accounts
TX011713,C0366,A0418,15907.6575,ZAR,2025-08-09,09:11:00,REVERSAL,Reversal - Ref 560007,MOBILE,COMPLETED,REF60CD24581F14,BROKEN_FK_account_id_to_accounts
TX011715,C0808,UNKNOWN,183.53,ZAR,2025-02-01,07:44:07,WITHDRAWAL,Withdrawal - Ref 629219,ONLINE,COMPLETED,REFE10A76CA6157,BROKEN_FK_account_id_to_accounts
TX011743,C0309,FAKE_894BCDC2,415.99,ZAR,2026-04-01,19:19:10,WITHDRAWAL,Withdrawal - Ref 616543,MOBILE,COMPLETED,REFE2180246018F,BROKEN_FK_account_id_to_accounts
TX011756,C0345,A0694,1058.12,ZAR,2025-10-19,03:10:48,WITHDRAWAL,Withdrawal - Ref 420378,ONLINE,COMPLETED,REF217C5638C73C,BROKEN_FK_account_id_to_accounts
TX011777,C0999,A0831,4081.99,ZAR,2026-02-26,16:26:10,DEPOSIT,Deposit - Ref 660237,MOBILE,COMPLETED,REF951A3CCAC265,BROKEN_FK_account_id_to_accounts
TX011794,C0907,A1444,702.6,ZAR,2025-07-24,01:47:57,TRANSFER,Transfer - Ref 410622,ATM,COMPLETED,REF2C79313A6E5B,BROKEN_FK_account_id_to_accounts
TX011799,C0688,UNKNOWN,2670.81,ZAR,2026-03-06,07:12:50,DEPOSIT,Deposit - Ref 883519,POS,COMPLETED,REFAAFD3D64581A,BROKEN_FK_account_id_to_accounts
TX011801,C0071,A1181,481.67,ZAR,2026-06-06,23:35:38,FEE,Fee - Ref 553914,MOBILE,COMPLETED,REF8E588D040A70,BROKEN_FK_account_id_to_accounts
TX011806,C0296,UNKNOWN,1377.2,ZAR,2025-07-24,01:37:32,DEPOSIT,Deposit - Ref 642586,POS,COMPLETED,REF707F3D3C795C,BROKEN_FK_account_id_to_accounts
TX011813,C0881,A0400,77.71,ZAR,2025-03-21,13:17:41,FEE,Fee - Ref 187576,ONLINE,COMPLETED,REF52633740DD16,BROKEN_FK_account_id_to_accounts
TX011842,C0391,UNKNOWN,479.85,ZAR,2024-05-30,19:23:50,WITHDRAWAL,Withdrawal - Ref 696837,BRANCH,COMPLETED,REFCC8404BE1783,BROKEN_FK_account_id_to_accounts
TX011850,C0224,A0045,1286.07,ZAR,2025-11-23,06:13:26,INTEREST,Interest - Ref 593595,MOBILE,COMPLETED,REF779727620A56,BROKEN_FK_account_id_to_accounts
TX011872,C0326,A0656,426.94,ZAR,2026-07-29,17:34:51,FEE,Fee - Ref 503071,MOBILE,COMPLETED,REF9A066971FFF3,BROKEN_FK_account_id_to_accounts
TX011883,C0224,A0045,808.05,ZAR,2026-03-25,06:15:53,DEBIT_ORDER,Debit Order - Ref 555138,POS,COMPLETED,REF61A045E33AF3,BROKEN_FK_account_id_to_accounts
TX011912,C0664,UNKNOWN,2722.26,ZAR,2025-01-11,15:21:14,INTEREST,Interest - Ref 321020,POS,COMPLETED,REFACE5EBA54825,BROKEN_FK_account_id_to_accounts
TX011924,C0924,FAKE_C5185DE7,2709.88,ZAR,2024-09-10,05:57:20,DEPOSIT,Deposit - Ref 474901,POS,COMPLETED,REFF4E7C2DB328D,BROKEN_FK_account_id_to_accounts
TX011963,C0547,UNKNOWN,15907.6575,ZAR,2025-07-07,01:23:44,REVERSAL,Reversal - Ref 324915,ONLINE,PENDING,REF5CBC4562FE70,BROKEN_FK_account_id_to_accounts
TX011988,C0514,UNKNOWN,900.41,ZAR,2026-04-05,01:58:46,TRANSFER,Transfer - Ref 150454,BRANCH,COMPLETED,REFB40CD9D9784E,BROKEN_FK_account_id_to_accounts
TX011997,C0138,A0544,177.9,ZAR,2026-01-11,00:43:10,FEE,Fee - Ref 488325,BRANCH,COMPLETED,REF683F67C27EE8,BROKEN_FK_account_id_to_accounts
TX012028,C0399,UNKNOWN,1936.32,ZAR,2024-08-01,16:42:09,DEPOSIT,Deposit - Ref 394919,ATM,COMPLETED,REF9229F9A23BAC,BROKEN_FK_account_id_to_accounts
TX012032,C0132,A1146,15907.6575,ZAR,2025-10-31,00:37:46,REVERSAL,Reversal - Ref 998471,MOBILE,COMPLETED,REF4657C36E6454,BROKEN_FK_account_id_to_accounts
TX012044,C0767,A0305,3216.67,ZAR,2024-08-05,23:58:28,INTEREST,Interest - Ref 313184,BRANCH,COMPLETED,REFE8C18D55EDF3,BROKEN_FK_account_id_to_accounts
TX012059,C0831,FAKE_1073FEC2,5305.71,ZAR,2025-09-13,22:42:38,DEBIT_ORDER,Debit Order - Ref 967448,MOBILE,COMPLETED,REFA3C7CFE64334,BROKEN_FK_account_id_to_accounts
TX012073,C0322,UNKNOWN,15907.6575,ZAR,2026-02-09,04:00:25,REVERSAL,Reversal - Ref 575918,BRANCH,COMPLETED,REF84EA20ADA6E3,BROKEN_FK_account_id_to_accounts
TX012075,C0987,UNKNOWN,464.79,ZAR,2024-11-26,02:26:41,WITHDRAWAL,Withdrawal - Ref 215713,MOBILE,COMPLETED,REF97644DD22611,BROKEN_FK_account_id_to_accounts
TX012095,C0646,A0291,2498.01,ZAR,2026-04-09,03:23:39,INTEREST,Interest - Ref 851069,MOBILE,COMPLETED,REFEAFDEAE06A7B,BROKEN_FK_account_id_to_accounts
TX012100,C0692,A0415,82.81,ZAR,2024-01-24,21:53:52,PAYMENT,Payment - Ref 759627,MOBILE,PENDING,REFE4B9ABF15851,BROKEN_FK_account_id_to_accounts
TX012130,C0398,A0053,2973.36,ZAR,2025-05-29,07:05:15,INTEREST,Interest - Ref 127932,BRANCH,COMPLETED,REF65A3D1F35C53,BROKEN_FK_account_id_to_accounts
TX012170,C0576,UNKNOWN,2966.18,ZAR,2024-03-02,06:40:46,WITHDRAWAL,Withdrawal - Ref 343288,MOBILE,COMPLETED,REF78721553544E,BROKEN_FK_account_id_to_accounts
TX012174,C0224,A0045,1759.47,ZAR,2024-04-26,09:09:17,PAYMENT,Payment - Ref 993482,ONLINE,COMPLETED,REF2A6ABA6E86FD,BROKEN_FK_account_id_to_accounts
TX012204,C0791,A0938,6140.65,ZAR,2024-02-26,12:56:09,PAYMENT,Payment - Ref 539963,POS,REVERSED,REF07A1C1EF35E8,BROKEN_FK_account_id_to_accounts
TX012223,C0194,UNKNOWN,1033.77,ZAR,2024-09-16,07:18:02,DEPOSIT,Deposit - Ref 531954,MOBILE,COMPLETED,REF657B23C9AD93,BROKEN_FK_account_id_to_accounts
TX012271,C0326,A0448,12266.5,ZAR,2024-05-18,13:12:30,REVERSAL,Reversal - Ref 617561,ONLINE,COMPLETED,REF36670CF430D3,BROKEN_FK_account_id_to_accounts
TX012277,C0240,A0937,463.72,ZAR,2025-12-05,13:40:59,REVERSAL,Reversal - Ref 400551,BRANCH,COMPLETED,REF46F9E541DD06,BROKEN_FK_account_id_to_accounts
TX012288,C0736,UNKNOWN,854.22,ZAR,2024-06-04,18:59:51,TRANSFER,Transfer - Ref 944472,MOBILE,COMPLETED,REF70D4CC62D2B3,BROKEN_FK_account_id_to_accounts
TX012296,C0659,FAKE_4506E64D,738.42,ZAR,2024-05-12,06:01:49,TRANSFER,Transfer - Ref 243697,POS,COMPLETED,REF662AD81A285E,BROKEN_FK_account_id_to_accounts
TX012335,C0922,A0672,10589.61,ZAR,2026-03-17,17:53:53,TRANSFER,Transfer - Ref 299280,POS,COMPLETED,REF5CDB2564F642,BROKEN_FK_account_id_to_accounts
TX012344,C0429,A1065,183.31,ZAR,2024-08-29,21:49:56,FEE,Fee - Ref 985837,ATM,COMPLETED,REF7ACAC593C71B,BROKEN_FK_account_id_to_accounts
TX012345,C0692,A0415,4197.5,ZAR,2025-10-14,17:03:09,INTEREST,Interest - Ref 786273,ONLINE,COMPLETED,REF9718433FDA53,BROKEN_FK_account_id_to_accounts
TX012376,C0107,A1386,3970.5,ZAR,2024-02-17,16:59:59,INTEREST,Interest - Ref 371964,BRANCH,COMPLETED,REF7002F009C12C,BROKEN_FK_account_id_to_accounts
TX012379,C0182,UNKNOWN,978.2,ZAR,2026-06-08,14:06:45,WITHDRAWAL,Withdrawal - Ref 813360,ONLINE,COMPLETED,REFA76E254EF6E5,BROKEN_FK_account_id_to_accounts
TX012404,C0646,A0291,1068.53,ZAR,2024-12-24,03:02:48,DEPOSIT,Deposit - Ref 444321,MOBILE,PENDING,REFADD0504F18C4,BROKEN_FK_account_id_to_accounts
TX012409,C0675,UNKNOWN,15907.6575,ZAR,2026-07-24,15:48:33,TRANSFER,Transfer - Ref 663647,POS,COMPLETED,REFC7B1FD221B5A,BROKEN_FK_account_id_to_accounts
TX012428,C0089,A0779,689.98,ZAR,2024-08-12,13:18:35,PAYMENT,Payment - Ref 334498,ATM,COMPLETED,REF41B1B305BD33,BROKEN_FK_account_id_to_accounts
TX012475,C0071,A1181,371.25,ZAR,2025-04-26,17:11:36,FEE,Fee - Ref 167897,ONLINE,COMPLETED,REF4AD5D9155DF0,BROKEN_FK_account_id_to_accounts
TX012482,C0767,A0305,404.01,ZAR,2025-05-09,08:29:03,FEE,Fee - Ref 356893,ONLINE,COMPLETED,REFBCCA49A2A38A,BROKEN_FK_account_id_to_accounts
TX012492,C0922,A0672,135.45,ZAR,2025-07-10,11:38:10,FEE,Fee - Ref 988012,ONLINE,COMPLETED,REF5EDA69ABDE70,BROKEN_FK_account_id_to_accounts
TX012502,C0807,A0519,2390.05,ZAR,2025-11-22,18:56:10,DEPOSIT,Deposit - Ref 572185,ONLINE,COMPLETED,REF6EEF926729BA,BROKEN_FK_account_id_to_accounts
TX012511,C0224,A0045,2369.27,ZAR,2026-04-27,20:41:20,PAYMENT,Payment - Ref 517278,BRANCH,COMPLETED,REF3DBE89B4A54A,BROKEN_FK_account_id_to_accounts
TX012522,C0339,A0380,476.53,ZAR,2025-07-09,08:51:32,FEE,Fee - Ref 577077,ONLINE,COMPLETED,REF6FDDF65D75B8,BROKEN_FK_account_id_to_accounts
TX012537,C0537,A0699,318.24,ZAR,2025-03-16,08:50:49,FEE,Fee - Ref 370462,ATM,COMPLETED,REF4820C19DE08C,BROKEN_FK_account_id_to_accounts
TX012541,C0419,A0556,378.73,ZAR,2024-05-06,08:27:39,DEBIT_ORDER,Debit Order - Ref 373576,MOBILE,COMPLETED,REFD9E4493849A2,BROKEN_FK_account_id_to_accounts
TX012549,C0926,UNKNOWN,4033.54,ZAR,2026-07-11,04:05:55,INTEREST,Interest - Ref 944226,MOBILE,COMPLETED,REFDA8BEC555846,BROKEN_FK_account_id_to_accounts
TX012570,C0617,UNKNOWN,743.45,ZAR,2024-06-15,20:50:06,TRANSFER,Transfer - Ref 842443,ATM,COMPLETED,REFBB3DC8F4C3A5,BROKEN_FK_account_id_to_accounts
TX012574,C0250,UNKNOWN,1715.82,ZAR,2024-08-21,16:36:09,INTEREST,Interest - Ref 812320,ONLINE,REVERSED,REFCF0203B5EEC5,BROKEN_FK_account_id_to_accounts
TX012584,C0791,A0938,150.98,ZAR,2026-05-16,07:28:25,TRANSFER,Transfer - Ref 105476,ONLINE,COMPLETED,REF5B5ADBD01D08,BROKEN_FK_account_id_to_accounts
TX012596,C0132,A1146,241.62,ZAR,2026-03-27,11:22:07,WITHDRAWAL,Withdrawal - Ref 116229,MOBILE,COMPLETED,REF5EE092BD75D8,BROKEN_FK_account_id_to_accounts
TX012622,C0395,UNKNOWN,2806.78,ZAR,2025-12-07,23:41:43,DEBIT_ORDER,Debit Order - Ref 621665,MOBILE,FAILED,REFF36010A5C234,BROKEN_FK_account_id_to_accounts
TX012653,C0772,A0436,15907.6575,ZAR,2026-04-11,11:21:24,REVERSAL,Reversal - Ref 985831,ONLINE,COMPLETED,REFC8CE361BE646,BROKEN_FK_account_id_to_accounts
TX012700,C0224,A0045,15322.57,ZAR,2025-06-13,06:58:08,DEPOSIT,Deposit - Ref 507751,ONLINE,COMPLETED,REFC965246FCFE5,BROKEN_FK_account_id_to_accounts
TX012734,C0692,A0415,324.11,ZAR,2026-08-06,21:05:06,FEE,Fee - Ref 440154,MOBILE,COMPLETED,REF5702D057121C,BROKEN_FK_account_id_to_accounts
TX012739,C0326,A0448,1429.04,ZAR,2024-05-23,21:52:54,DEBIT_ORDER,Debit Order - Ref 368056,POS,COMPLETED,REF45E31484C165,BROKEN_FK_account_id_to_accounts
TX012741,C0322,UNKNOWN,423.63,ZAR,2024-10-14,17:42:26,FEE,Fee - Ref 989562,BRANCH,COMPLETED,REFEBE32BF5DDA3,BROKEN_FK_account_id_to_accounts
TX012764,C0099,FAKE_E78777E0,5081.84,ZAR,2024-09-12,13:19:03,PAYMENT,Payment - Ref 978361,MOBILE,COMPLETED,REF2642994C07EC,BROKEN_FK_account_id_to_accounts
TX012769,C0431,A0469,1130.87,ZAR,2026-04-14,09:13:37,TRANSFER,Transfer - Ref 266145,ONLINE,COMPLETED,REF9610E335A1F4,BROKEN_FK_account_id_to_accounts
TX012817,C0871,A1487,15907.6575,ZAR,2026-06-05,04:15:22,REVERSAL,Reversal - Ref 208257,BRANCH,COMPLETED,REF9C70D5B7FA10,BROKEN_FK_account_id_to_accounts
TX012822,C0449,FAKE_A283EB2F,310.79,ZAR,2025-10-17,20:47:42,FEE,Fee - Ref 125470,MOBILE,COMPLETED,REF55E289809502,BROKEN_FK_account_id_to_accounts
TX012838,C0552,UNKNOWN,4752.59,ZAR,2024-11-15,04:23:59,DEPOSIT,Deposit - Ref 922412,MOBILE,COMPLETED,REF97FDC386424C,BROKEN_FK_account_id_to_accounts
TX012858,C0116,UNKNOWN,4435.05,ZAR,2025-07-09,17:19:20,PAYMENT,Payment - Ref 214166,MOBILE,COMPLETED,REF72EA2816C9F0,BROKEN_FK_account_id_to_accounts
TX012989,C0071,A0452,2177.69,ZAR,2026-05-25,09:41:07,INTEREST,Interest - Ref 977283,ONLINE,FAILED,REF2D9DA1B472FA,BROKEN_FK_account_id_to_accounts
TX012994,C0254,UNKNOWN,1245.98,ZAR,2024-10-15,00:12:37,WITHDRAWAL,Withdrawal - Ref 277444,ONLINE,COMPLETED,REFFBDBB8FA41A5,BROKEN_FK_account_id_to_accounts
TX013000,C0016,UNKNOWN,249.67,ZAR,2025-05-31,05:26:32,FEE,Fee - Ref 696910,ATM,COMPLETED,REF035992C44108,BROKEN_FK_account_id_to_accounts
TX013017,C0976,UNKNOWN,1391.39,ZAR,2025-01-26,22:39:43,DEPOSIT,Deposit - Ref 385259,ONLINE,COMPLETED,REFEE353BE96224,BROKEN_FK_account_id_to_accounts
TX013024,C0470,UNKNOWN,8910.9,ZAR,2025-01-14,11:53:47,PAYMENT,Payment - Ref 473259,BRANCH,COMPLETED,REF306D024F37C6,BROKEN_FK_account_id_to_accounts
TX013028,C0692,A0415,15165.75,ZAR,2024-12-20,06:49:56,REVERSAL,Reversal - Ref 168573,POS,COMPLETED,REFF3E3D5CE21BE,BROKEN_FK_account_id_to_accounts
TX013034,C0326,A0448,623.34,ZAR,2024-09-14,23:53:32,PAYMENT,Payment - Ref 905177,ATM,COMPLETED,REF36FF39517D98,BROKEN_FK_account_id_to_accounts
TX013047,C0764,UNKNOWN,2230.48,ZAR,2025-03-02,04:07:23,TRANSFER,Transfer - Ref 870906,ATM,COMPLETED,REF8CE56CD9A13C,BROKEN_FK_account_id_to_accounts
TX013091,C0882,UNKNOWN,1240.1,ZAR,2025-05-19,18:24:45,WITHDRAWAL,Withdrawal - Ref 392658,ATM,COMPLETED,REFA1A71E4C0587,BROKEN_FK_account_id_to_accounts
TX013121,C0951,FAKE_3ADE1ED3,1105.06,ZAR,2026-01-18,11:28:01,PAYMENT,Payment - Ref 225666,ONLINE,COMPLETED,REFB2CABD8C126A,BROKEN_FK_account_id_to_accounts
TX013131,C0158,A1330,369.11,ZAR,2026-01-31,05:38:00,INTEREST,Interest - Ref 161701,MOBILE,FAILED,REF4CB113642921,BROKEN_FK_account_id_to_accounts
TX013155,C0067,UNKNOWN,86.67,ZAR,2025-03-18,19:01:40,FEE,Fee - Ref 996370,ATM,COMPLETED,REFC71541EE42AC,BROKEN_FK_account_id_to_accounts
TX013185,C0224,UNKNOWN,12631.56,ZAR,2025-12-11,17:04:21,REVERSAL,Reversal - Ref 505617,MOBILE,COMPLETED,REF85FECCFD79ED,BROKEN_FK_account_id_to_accounts
TX013200,C0398,A0053,9280.03,ZAR,2025-06-28,11:13:57,DEPOSIT,Deposit - Ref 255742,MOBILE,COMPLETED,REF3CE05B65A594,BROKEN_FK_account_id_to_accounts
TX013203,C0484,A1438,6678.69,ZAR,2025-04-18,17:58:40,DEPOSIT,Deposit - Ref 456331,POS,COMPLETED,REFB3DF1FC4DE16,BROKEN_FK_account_id_to_accounts
TX013242,C0772,FAKE_B198A777,1208.75,ZAR,2025-09-29,09:33:34,DEPOSIT,Deposit - Ref 914315,MOBILE,COMPLETED,REF07AB5412434D,BROKEN_FK_account_id_to_accounts
TX013370,C0224,A0045,8317.59,ZAR,2026-07-13,21:23:36,REVERSAL,Reversal - Ref 288834,ONLINE,COMPLETED,REFED45BF7BB61D,BROKEN_FK_account_id_to_accounts
TX013375,C0366,A0418,2132.37,ZAR,2025-02-26,06:27:22,WITHDRAWAL,Withdrawal - Ref 134729,MOBILE,COMPLETED,REF7542F85F2F8B,BROKEN_FK_account_id_to_accounts
TX013380,C0302,A0994,12867.86,ZAR,2025-05-17,04:50:06,PAYMENT,Payment - Ref 169780,MOBILE,COMPLETED,REF6B1214E3C002,BROKEN_FK_account_id_to_accounts
TX013399,C0692,A0415,466.45,ZAR,2026-07-10,04:36:47,FEE,Fee - Ref 333272,POS,COMPLETED,REFA3517B5B9273,BROKEN_FK_account_id_to_accounts
TX013403,C0894,FAKE_DC1D3FF1,1020.98,ZAR,2026-07-24,10:50:01,INTEREST,Interest - Ref 184511,MOBILE,COMPLETED,REFA7DAC50521B3,BROKEN_FK_account_id_to_accounts
TX013425,C0138,A0544,498.62,ZAR,2024-06-30,04:49:39,WITHDRAWAL,Withdrawal - Ref 144122,MOBILE,COMPLETED,REF5CE87940E9E2,BROKEN_FK_account_id_to_accounts
TX013432,C0922,A0672,2023.78,ZAR,2025-06-15,07:48:11,PAYMENT,Payment - Ref 941657,POS,COMPLETED,REF4FC8566100C4,BROKEN_FK_account_id_to_accounts
TX013433,C0621,UNKNOWN,548.13,ZAR,2025-12-20,00:28:21,TRANSFER,Transfer - Ref 979765,ONLINE,REVERSED,REF080643283A8D,BROKEN_FK_account_id_to_accounts
TX013491,C0339,A0380,3095.03,ZAR,2025-03-27,06:23:39,WITHDRAWAL,Withdrawal - Ref 170022,POS,COMPLETED,REF8AB482F70686,BROKEN_FK_account_id_to_accounts
TX013516,C0071,A1181,792.47,ZAR,2026-08-23,21:29:15,DEPOSIT,Deposit - Ref 394047,BRANCH,COMPLETED,REF05AC7983609E,BROKEN_FK_account_id_to_accounts
TX013523,C0366,A0418,1030.38,ZAR,2025-12-28,15:52:40,INTEREST,Interest - Ref 424446,POS,COMPLETED,REF87E94AA01B41,BROKEN_FK_account_id_to_accounts
TX013587,C0829,UNKNOWN,481.57,ZAR,2026-06-01,10:23:22,TRANSFER,Transfer - Ref 600120,ATM,COMPLETED,REF0786221F2203,BROKEN_FK_account_id_to_accounts
TX013589,C0587,FAKE_04C02910,719.63,ZAR,2024-11-17,05:16:31,INTEREST,Interest - Ref 814611,ONLINE,COMPLETED,REF9D342C29F82D,BROKEN_FK_account_id_to_accounts
TX013609,C0881,A0400,3167.78,ZAR,2024-03-02,19:50:03,DEPOSIT,Deposit - Ref 632938,BRANCH,COMPLETED,REF243335DB6E8E,BROKEN_FK_account_id_to_accounts
TX013614,C0077,FAKE_3F58F744,10596.35,ZAR,2025-05-31,21:53:17,TRANSFER,Transfer - Ref 212983,BRANCH,COMPLETED,REFD93F375F8666,BROKEN_FK_account_id_to_accounts
TX013633,C0224,A0045,87.31,ZAR,2025-06-20,04:22:54,FEE,Fee - Ref 172712,POS,COMPLETED,REFDA6FEA8E1484,BROKEN_FK_account_id_to_accounts
TX013639,C0767,A0305,15907.6575,ZAR,2024-12-25,02:45:15,REVERSAL,Reversal - Ref 776463,MOBILE,FAILED,REF6A735B6C49F2,BROKEN_FK_account_id_to_accounts
TX013642,C0201,FAKE_A3CF79B1,1120.92,ZAR,2024-05-07,08:04:02,PAYMENT,Payment - Ref 653639,MOBILE,COMPLETED,REF117CBC596C7B,BROKEN_FK_account_id_to_accounts
TX013697,C0071,A0452,256.0,ZAR,2025-10-05,22:05:06,INTEREST,Interest - Ref 317947,ATM,COMPLETED,REF10333294B742,BROKEN_FK_account_id_to_accounts
TX013743,C0484,A1438,1412.97,ZAR,2024-06-12,15:30:50,DEBIT_ORDER,Debit Order - Ref 581240,BRANCH,COMPLETED,REF4694D8E25C1D,BROKEN_FK_account_id_to_accounts
TX013748,C0082,A1200,2909.44,ZAR,2024-01-01,19:40:15,INTEREST,Interest - Ref 159601,ONLINE,COMPLETED,REFCEAD5515FE5F,BROKEN_FK_account_id_to_accounts
TX013777,C0328,FAKE_86010BA3,296.95,ZAR,2024-01-19,10:32:46,DEBIT_ORDER,Debit Order - Ref 371392,ATM,COMPLETED,REFEC1DA73EB18D,BROKEN_FK_account_id_to_accounts
TX013808,C0922,A0672,14323.1,ZAR,2024-10-30,09:32:09,DEPOSIT,Deposit - Ref 860813,POS,COMPLETED,REF4939A51DF6F4,BROKEN_FK_account_id_to_accounts
TX013815,C0366,A0418,1406.68,ZAR,2025-08-17,17:17:34,DEBIT_ORDER,Debit Order - Ref 462624,ONLINE,COMPLETED,REFE62EECC307EF,BROKEN_FK_account_id_to_accounts
TX013817,C0748,UNKNOWN,1015.88,ZAR,2025-03-01,18:23:10,WITHDRAWAL,Withdrawal - Ref 945485,ONLINE,COMPLETED,REF04556B3063C1,BROKEN_FK_account_id_to_accounts
TX013835,C0645,A0282,257.52,ZAR,2024-07-05,05:02:25,INTEREST,Interest - Ref 312251,POS,COMPLETED,REF2EB7388C3384,BROKEN_FK_account_id_to_accounts
TX013841,C0050,FAKE_76FD7905,15907.6575,ZAR,2025-04-29,04:06:01,DEPOSIT,Deposit - Ref 867436,ATM,COMPLETED,REF644F4E3AD8D9,BROKEN_FK_account_id_to_accounts
TX013853,C0922,UNKNOWN,3198.86,ZAR,2024-06-30,17:04:30,INTEREST,Interest - Ref 634523,MOBILE,REVERSED,REF3EC077D01448,BROKEN_FK_account_id_to_accounts
TX013866,C0800,A0764,277.49,ZAR,2026-04-21,05:31:08,WITHDRAWAL,Withdrawal - Ref 433841,MOBILE,COMPLETED,REF87AA1832C772,BROKEN_FK_account_id_to_accounts
TX013872,C0874,A0790,2146.57,ZAR,2025-09-25,20:18:15,DEPOSIT,Deposit - Ref 528945,ONLINE,PENDING,REFF9F6078604CA,BROKEN_FK_account_id_to_accounts
TX013874,C0757,UNKNOWN,9024.71,ZAR,2025-01-08,17:46:11,DEPOSIT,Deposit - Ref 500305,ONLINE,COMPLETED,REF98325E592CC1,BROKEN_FK_account_id_to_accounts
TX013893,C0646,A0291,579.21,ZAR,2024-04-19,16:10:24,WITHDRAWAL,Withdrawal - Ref 834752,ONLINE,COMPLETED,REFD7D7E1BE846F,BROKEN_FK_account_id_to_accounts
TX013894,C0881,A0400,84.74,ZAR,2025-07-06,07:40:47,FEE,Fee - Ref 530073,ONLINE,COMPLETED,REF2B3D5082F31E,BROKEN_FK_account_id_to_accounts
TX013916,C0651,UNKNOWN,3011.19,ZAR,2024-03-14,06:05:37,INTEREST,Interest - Ref 193408,MOBILE,COMPLETED,REF22576BF51137,BROKEN_FK_account_id_to_accounts
TX013932,C0438,UNKNOWN,15907.6575,ZAR,2026-06-15,02:11:19,REVERSAL,Reversal - Ref 408265,ONLINE,COMPLETED,REF000193CF9FCD,BROKEN_FK_account_id_to_accounts
TX013956,C0300,UNKNOWN,1334.09,ZAR,2024-01-25,15:58:57,PAYMENT,Payment - Ref 392156,ATM,COMPLETED,REF46F83EC5556E,BROKEN_FK_account_id_to_accounts
TX013963,C0339,A0380,2196.66,ZAR,2025-10-07,03:01:02,PAYMENT,Payment - Ref 224858,BRANCH,COMPLETED,REF7785F4BB47CB,BROKEN_FK_account_id_to_accounts
TX013985,C0645,A0282,2511.17,ZAR,2024-09-20,22:17:34,DEPOSIT,Deposit - Ref 341778,POS,PENDING,REF82F868E16EE1,BROKEN_FK_account_id_to_accounts
TX014030,C0779,UNKNOWN,1990.14,ZAR,2026-06-19,08:31:21,DEBIT_ORDER,Debit Order - Ref 567631,ONLINE,COMPLETED,REFE13DC45A9E5E,BROKEN_FK_account_id_to_accounts
TX014037,C0537,A0699,1967.78,ZAR,2026-05-14,05:45:46,DEBIT_ORDER,Debit Order - Ref 951663,BRANCH,COMPLETED,REFA394302693C6,BROKEN_FK_account_id_to_accounts
TX014059,C0302,A0994,5493.2,ZAR,2025-08-14,14:50:22,PAYMENT,Payment - Ref 403614,ONLINE,COMPLETED,REF9900F219D4A0,BROKEN_FK_account_id_to_accounts
TX014065,C0261,A0515,440.52,ZAR,2025-11-01,15:20:20,INTEREST,Interest - Ref 972756,POS,COMPLETED,REFB8BC7A3E7C5F,BROKEN_FK_account_id_to_accounts
TX014076,C0326,A0656,2027.13,ZAR,2025-03-29,19:31:22,INTEREST,Interest - Ref 137712,ONLINE,COMPLETED,REFA05576FA8070,BROKEN_FK_account_id_to_accounts
TX014077,C0692,A0415,797.16,ZAR,2025-01-17,18:34:51,TRANSFER,Transfer - Ref 560358,POS,FAILED,REF9C7732F4DE31,BROKEN_FK_account_id_to_accounts
TX014084,C0829,UNKNOWN,6121.73,ZAR,2025-01-06,17:53:27,DEPOSIT,Deposit - Ref 287866,MOBILE,COMPLETED,REF46C5E6DECFAA,BROKEN_FK_account_id_to_accounts
TX014101,C0694,UNKNOWN,2060.29,ZAR,2024-12-15,19:32:14,INTEREST,Interest - Ref 697317,ONLINE,COMPLETED,REFA0985DDAA08B,BROKEN_FK_account_id_to_accounts
TX014103,C0431,A0469,1442.74,ZAR,2024-06-22,22:37:43,TRANSFER,Transfer - Ref 471996,ATM,COMPLETED,REFD62EE58FBBAB,BROKEN_FK_account_id_to_accounts
TX014156,C0772,A0436,2621.76,ZAR,2026-08-25,02:06:21,DEPOSIT,Deposit - Ref 582128,ONLINE,COMPLETED,REF3937A3657297,BROKEN_FK_account_id_to_accounts
TX014184,C0194,UNKNOWN,15714.6,ZAR,2026-04-02,05:49:29,REVERSAL,Reversal - Ref 924444,MOBILE,COMPLETED,REF1EE454811833,BROKEN_FK_account_id_to_accounts
TX014213,C0138,A0544,15907.6575,ZAR,2024-05-14,04:39:42,REVERSAL,Reversal - Ref 616487,MOBILE,COMPLETED,REFBF17FB7DEB2D,BROKEN_FK_account_id_to_accounts
TX014225,C0767,A0305,410.43,ZAR,2025-10-17,11:35:56,TRANSFER,Transfer - Ref 577322,ATM,FAILED,REF33A42CF0AA4F,BROKEN_FK_account_id_to_accounts
TX014229,C0569,A0141,2557.38,ZAR,2024-02-27,01:42:50,DEPOSIT,Deposit - Ref 148912,MOBILE,COMPLETED,REFF6E7F60A70EF,BROKEN_FK_account_id_to_accounts
TX014243,C0720,A0589,15907.6575,ZAR,2025-04-19,05:52:10,REVERSAL,Reversal - Ref 705119,MOBILE,COMPLETED,REF94C8CE94EBE5,BROKEN_FK_account_id_to_accounts
TX014260,C0089,A0779,224.82,ZAR,2025-10-26,16:10:53,FEE,Fee - Ref 706022,MOBILE,COMPLETED,REF680F69B62A82,BROKEN_FK_account_id_to_accounts
TX014286,C0545,UNKNOWN,2865.67,ZAR,2024-01-30,23:39:08,TRANSFER,Transfer - Ref 740804,MOBILE,COMPLETED,REF85E6E2048290,BROKEN_FK_account_id_to_accounts
TX014309,C0124,UNKNOWN,348.69,ZAR,2024-02-28,13:10:33,FEE,Fee - Ref 967870,MOBILE,FAILED,REF625F4F1B522C,BROKEN_FK_account_id_to_accounts
TX014317,C0082,A1200,569.84,ZAR,2024-07-09,10:37:17,WITHDRAWAL,Withdrawal - Ref 483858,ATM,COMPLETED,REFAC8CE35077A9,BROKEN_FK_account_id_to_accounts
TX014357,C0435,FAKE_501B3A5F,142.49,ZAR,2025-10-31,15:28:33,PAYMENT,Payment - Ref 895024,MOBILE,COMPLETED,REF0575DCA50C08,BROKEN_FK_account_id_to_accounts
TX014370,C0345,A0694,3408.38,ZAR,2024-05-05,02:37:05,INTEREST,Interest - Ref 352560,MOBILE,COMPLETED,REF9B4B92AFD52E,BROKEN_FK_account_id_to_accounts
TX014371,C0629,UNKNOWN,5971.0,ZAR,2025-01-27,04:30:14,DEPOSIT,Deposit - Ref 761709,BRANCH,COMPLETED,REFBB2DC0AA3CE6,BROKEN_FK_account_id_to_accounts
TX014382,C0107,A1386,266.21,ZAR,2026-03-09,16:57:24,DEBIT_ORDER,Debit Order - Ref 413575,BRANCH,COMPLETED,REF4B393EC6C910,BROKEN_FK_account_id_to_accounts
TX014399,C0767,A0305,5107.83,ZAR,2024-02-24,14:18:13,REVERSAL,Reversal - Ref 235506,MOBILE,COMPLETED,REF3911D28FCD93,BROKEN_FK_account_id_to_accounts
TX014401,C0866,UNKNOWN,84.31,ZAR,2024-04-18,13:46:28,FEE,Fee - Ref 552058,ONLINE,COMPLETED,REF2CF2F5EA8337,BROKEN_FK_account_id_to_accounts
TX014454,C0791,A0938,964.05,ZAR,2025-05-19,08:30:05,PAYMENT,Payment - Ref 523025,ONLINE,COMPLETED,REF87A88E638422,BROKEN_FK_account_id_to_accounts
TX014482,C0408,UNKNOWN,1808.28,ZAR,2024-02-24,15:09:29,DEPOSIT,Deposit - Ref 446619,MOBILE,COMPLETED,REFA8129847197F,BROKEN_FK_account_id_to_accounts
TX014502,C0302,A0994,2726.51,ZAR,2024-05-12,14:45:43,PAYMENT,Payment - Ref 409502,MOBILE,PENDING,REF6A92D093329F,BROKEN_FK_account_id_to_accounts
TX014526,C0646,A0291,674.59,ZAR,2024-02-27,22:05:58,WITHDRAWAL,Withdrawal - Ref 942018,MOBILE,FAILED,REF8B3E6088B7D1,BROKEN_FK_account_id_to_accounts
TX014534,C0071,A1181,15907.6575,ZAR,2025-06-19,23:11:56,REVERSAL,Reversal - Ref 928535,BRANCH,COMPLETED,REFB667FE442CDE,BROKEN_FK_account_id_to_accounts
TX014546,C0224,A0045,15907.6575,ZAR,2026-02-19,10:12:56,REVERSAL,Reversal - Ref 180513,BRANCH,COMPLETED,REFA7CCAD7B5790,BROKEN_FK_account_id_to_accounts
TX014560,C0370,UNKNOWN,557.15,ZAR,2026-02-24,11:48:29,WITHDRAWAL,Withdrawal - Ref 531906,MOBILE,COMPLETED,REF3826414CB4B4,BROKEN_FK_account_id_to_accounts
TX014568,C0312,UNKNOWN,15850.35,ZAR,2025-07-15,14:41:37,REVERSAL,Reversal - Ref 804367,ONLINE,COMPLETED,REF9063E6F28773,BROKEN_FK_account_id_to_accounts
TX014623,C0283,UNKNOWN,319.91,ZAR,2024-09-17,00:43:18,PAYMENT,Payment - Ref 653380,ATM,FAILED,REFF80664B02361,BROKEN_FK_account_id_to_accounts
TX014656,C0224,A0045,15743.64,ZAR,2025-08-20,02:01:52,DEPOSIT,Deposit - Ref 122090,POS,PENDING,REFE9CD98A6EEBB,BROKEN_FK_account_id_to_accounts
TX014678,C0132,A1146,9962.03,ZAR,2026-02-02,20:18:49,DEPOSIT,Deposit - Ref 153696,MOBILE,COMPLETED,REF07FFC52CCF3C,BROKEN_FK_account_id_to_accounts
TX014679,C0569,A0141,4150.01,ZAR,2024-09-08,18:11:54,INTEREST,Interest - Ref 707060,MOBILE,COMPLETED,REF5DE38A70A2C1,BROKEN_FK_account_id_to_accounts
TX014690,C0999,A0831,3988.98,ZAR,2024-11-01,17:29:33,INTEREST,Interest - Ref 549208,ONLINE,COMPLETED,REF8A6CF4C4BDB0,BROKEN_FK_account_id_to_accounts
TX014758,C0011,FAKE_A2B0469D,15907.6575,ZAR,2025-08-21,00:52:06,REVERSAL,Reversal - Ref 709566,ONLINE,COMPLETED,REFD25AEE9E4953,BROKEN_FK_account_id_to_accounts
TX014771,C0530,UNKNOWN,312.83,ZAR,2026-05-27,22:51:30,FEE,Fee - Ref 391314,MOBILE,COMPLETED,REF8DEFBD60F1CB,BROKEN_FK_account_id_to_accounts
TX014772,C0982,UNKNOWN,469.97,ZAR,2025-01-03,15:54:19,FEE,Fee - Ref 629739,POS,COMPLETED,REFB7B99F5AEF6A,BROKEN_FK_account_id_to_accounts
TX014793,C0107,A1386,1390.21,ZAR,2025-10-11,08:08:27,DEBIT_ORDER,Debit Order - Ref 204677,BRANCH,COMPLETED,REF3DE461C0095A,BROKEN_FK_account_id_to_accounts
TX014800,C0354,UNKNOWN,3197.23,ZAR,2026-08-17,01:11:09,PAYMENT,Payment - Ref 191845,MOBILE,COMPLETED,REF5971DCEA508C,BROKEN_FK_account_id_to_accounts
TX014807,C0433,A1025,1787.38,ZAR,2026-05-27,06:51:01,PAYMENT,Payment - Ref 652345,ATM,COMPLETED,REF02D331AB7381,BROKEN_FK_account_id_to_accounts
TX014812,C0933,UNKNOWN,467.77,ZAR,2024-05-19,12:00:14,PAYMENT,Payment - Ref 285771,ONLINE,COMPLETED,REF39F452196817,BROKEN_FK_account_id_to_accounts
TX014816,C0484,A1438,1029.64,ZAR,2025-02-01,06:47:09,DEPOSIT,Deposit - Ref 407390,ONLINE,COMPLETED,REFEF36841CD1AA,BROKEN_FK_account_id_to_accounts
TX014821,C0520,UNKNOWN,829.04,ZAR,2025-07-05,00:17:30,INTEREST,Interest - Ref 188848,MOBILE,COMPLETED,REF346F4AE90825,BROKEN_FK_account_id_to_accounts
TX014826,C0071,A0452,4207.75,ZAR,2025-11-30,22:17:54,INTEREST,Interest - Ref 655266,BRANCH,COMPLETED,REF343DCCCD18AE,BROKEN_FK_account_id_to_accounts
TX014832,C0191,FAKE_69CC0020,758.99,ZAR,2024-07-23,16:39:04,INTEREST,Interest - Ref 519789,POS,COMPLETED,REFC4E9A7872FA5,BROKEN_FK_account_id_to_accounts
TX014860,C0780,FAKE_B8EE4599,15907.6575,ZAR,2026-01-08,16:47:46,REVERSAL,Reversal - Ref 781297,ONLINE,COMPLETED,REF4876198C23BF,BROKEN_FK_account_id_to_accounts
TX014863,C0874,A0790,1693.07,ZAR,2024-10-18,06:13:02,DEBIT_ORDER,Debit Order - Ref 564914,BRANCH,COMPLETED,REFEBC61C49F5BE,BROKEN_FK_account_id_to_accounts
TX014872,C0720,A0589,487.99,ZAR,2024-10-06,19:40:40,WITHDRAWAL,Withdrawal - Ref 728173,ATM,COMPLETED,REF128841A16304,BROKEN_FK_account_id_to_accounts
TX014873,C0345,A0694,763.77,ZAR,2025-01-09,21:08:04,TRANSFER,Transfer - Ref 612486,MOBILE,COMPLETED,REF47604787AA76,BROKEN_FK_account_id_to_accounts
TX014881,C0763,FAKE_C6A75D06,1899.15,ZAR,2024-10-20,20:42:41,TRANSFER,Transfer - Ref 796767,BRANCH,COMPLETED,REF6F897E71C414,BROKEN_FK_account_id_to_accounts
TX014886,C0807,A0519,4048.25,ZAR,2026-02-18,07:50:27,INTEREST,Interest - Ref 199336,ATM,COMPLETED,REF9000240F6F42,BROKEN_FK_account_id_to_accounts
TX014914,C0801,UNKNOWN,1588.99,ZAR,2026-02-19,12:56:56,PAYMENT,Payment - Ref 746774,MOBILE,COMPLETED,REFD62C9C0D29B3,BROKEN_FK_account_id_to_accounts
TX014920,C0261,A0515,6055.64,ZAR,2026-06-17,20:33:36,DEBIT_ORDER,Debit Order - Ref 176906,MOBILE,COMPLETED,REF282DAEC348C1,BROKEN_FK_account_id_to_accounts
TX014943,C0107,A1386,180.01,ZAR,2024-07-10,01:58:20,PAYMENT,Payment - Ref 551996,POS,COMPLETED,REFBEF385B2A394,BROKEN_FK_account_id_to_accounts
TX014953,C0537,A0699,7841.58,ZAR,2024-06-11,18:39:47,REVERSAL,Reversal - Ref 615782,ATM,REVERSED,REF43BDFE159920,BROKEN_FK_account_id_to_accounts
TX014965,C0021,A1205,2007.05,ZAR,2025-11-09,20:53:02,INTEREST,Interest - Ref 562897,ATM,COMPLETED,REFAE9D2F6CE274,BROKEN_FK_account_id_to_accounts
TX015006,C0828,UNKNOWN,115.08,ZAR,2026-09-10,02:38:03,FEE,Fee - Ref 738690,MOBILE,FAILED,REF4DBD5FF77E45,BROKEN_FK_account_id_to_accounts
TX015023,C0922,A0672,1557.13,ZAR,2026-01-07,05:58:26,PAYMENT,Payment - Ref 995249,MOBILE,COMPLETED,REFC68CD980221F,BROKEN_FK_account_id_to_accounts
TX015051,C0494,UNKNOWN,15907.6575,ZAR,2025-08-31,20:57:26,REVERSAL,Reversal - Ref 888596,ONLINE,COMPLETED,REFBA59D8A02B23,BROKEN_FK_account_id_to_accounts
TX015090,C0779,UNKNOWN,309.63,ZAR,2024-03-10,12:07:36,INTEREST,Interest - Ref 521644,BRANCH,COMPLETED,REF4FF578059A8D,BROKEN_FK_account_id_to_accounts
TX015103,C0071,A1181,380.26,ZAR,2024-07-21,19:56:58,FEE,Fee - Ref 289896,ONLINE,COMPLETED,REF28036CEE5E6C,BROKEN_FK_account_id_to_accounts
TX015203,C0871,A1487,738.44,ZAR,2025-02-01,15:33:15,TRANSFER,Transfer - Ref 233222,ONLINE,COMPLETED,REF76F2C9DDA185,BROKEN_FK_account_id_to_accounts
TX015208,C0907,A1444,932.13,ZAR,2026-04-03,14:00:58,INTEREST,Interest - Ref 169501,ONLINE,COMPLETED,REF8D8E2F5B4330,BROKEN_FK_account_id_to_accounts
TX015212,C0498,UNKNOWN,15907.6575,ZAR,2026-04-22,20:26:28,REVERSAL,Reversal - Ref 956065,POS,COMPLETED,REF16053FC72633,BROKEN_FK_account_id_to_accounts
TX015222,C0855,UNKNOWN,15907.6575,ZAR,2024-02-02,11:35:57,PAYMENT,Payment - Ref 385871,ONLINE,COMPLETED,REF4EBDF0C6656E,BROKEN_FK_account_id_to_accounts
TX015227,C0089,A0779,15907.6575,ZAR,2025-05-16,00:15:05,REVERSAL,Reversal - Ref 125472,MOBILE,COMPLETED,REFB4DA43557E66,BROKEN_FK_account_id_to_accounts
TX015229,C0827,UNKNOWN,1591.54,ZAR,2025-01-23,09:32:08,DEPOSIT,Deposit - Ref 125705,ONLINE,COMPLETED,REF53CFBCDA538A,BROKEN_FK_account_id_to_accounts
TX015242,C0108,A0572,3528.79,ZAR,2025-02-21,16:24:26,INTEREST,Interest - Ref 941701,ATM,COMPLETED,REFBA1310F28204,BROKEN_FK_account_id_to_accounts
TX015257,C0727,UNKNOWN,4998.16,ZAR,2020-01-01,16:16:24,DEPOSIT,Deposit - Ref 375053,ONLINE,COMPLETED,REF9E0AB99AFB0A,BROKEN_FK_account_id_to_accounts
TX015269,C0429,A1065,397.56,ZAR,2024-05-04,22:40:11,PAYMENT,Payment - Ref 685764,ONLINE,PENDING,REFE86EF391F3EE,BROKEN_FK_account_id_to_accounts
TX015307,C0537,A0699,1241.09,ZAR,2026-07-23,04:29:05,PAYMENT,Payment - Ref 232890,MOBILE,COMPLETED,REF8D1201B5FE12,BROKEN_FK_account_id_to_accounts
TX015337,C0433,A1025,855.02,ZAR,2025-03-21,09:33:10,TRANSFER,Transfer - Ref 341019,ONLINE,COMPLETED,REF0C941079AB8B,BROKEN_FK_account_id_to_accounts
TX015360,C0807,A0519,280.57,ZAR,2024-03-14,01:46:09,WITHDRAWAL,Withdrawal - Ref 813493,ONLINE,COMPLETED,REFCB932FC72A7A,BROKEN_FK_account_id_to_accounts
TX015371,C0554,FAKE_7B59E75A,2784.43,ZAR,2026-03-15,00:41:14,DEPOSIT,Deposit - Ref 286441,POS,COMPLETED,REFC1CA309D3321,BROKEN_FK_account_id_to_accounts
TX015374,C0402,UNKNOWN,13318.11,ZAR,2025-08-14,15:07:25,DEPOSIT,Deposit - Ref 634235,MOBILE,COMPLETED,REFF3AF1F56667B,BROKEN_FK_account_id_to_accounts
TX015408,C0107,UNKNOWN,1012.59,ZAR,2024-04-22,22:21:30,WITHDRAWAL,Withdrawal - Ref 378204,MOBILE,COMPLETED,REF8D0CBC5611DA,BROKEN_FK_account_id_to_accounts
TX015424,C0656,FAKE_668900FD,1524.8,ZAR,2025-01-27,16:57:01,TRANSFER,Transfer - Ref 402016,MOBILE,PENDING,REF624D4A33833A,BROKEN_FK_account_id_to_accounts
TX015430,C0733,UNKNOWN,2161.52,ZAR,2024-10-29,14:29:14,INTEREST,Interest - Ref 709527,ATM,COMPLETED,REFD95F7FBFB4A7,BROKEN_FK_account_id_to_accounts
TX015431,C0863,UNKNOWN,2393.86,ZAR,2026-04-09,05:10:11,TRANSFER,Transfer - Ref 648806,ATM,COMPLETED,REF2E37AC2A1A9A,BROKEN_FK_account_id_to_accounts
TX015433,C0772,A0436,387.27,ZAR,2025-10-12,05:14:26,TRANSFER,Transfer - Ref 343416,MOBILE,COMPLETED,REF260AAD4F5F03,BROKEN_FK_account_id_to_accounts
TX015451,C0787,UNKNOWN,166.58,ZAR,2025-07-21,21:05:02,WITHDRAWAL,Withdrawal - Ref 906575,ATM,PENDING,REFD99A23704572,BROKEN_FK_account_id_to_accounts
TX015494,C0907,A1444,7111.63,ZAR,2025-01-21,21:21:46,DEBIT_ORDER,Debit Order - Ref 110225,POS,COMPLETED,REFEEBF0A6B529C,BROKEN_FK_account_id_to_accounts
TX015505,C0132,A1146,4998.81,ZAR,2026-05-14,00:35:18,TRANSFER,Transfer - Ref 786987,MOBILE,COMPLETED,REF84F940911F68,BROKEN_FK_account_id_to_accounts
TX015514,C0756,UNKNOWN,2440.56,ZAR,2024-01-31,07:00:25,REVERSAL,Reversal - Ref 890612,MOBILE,PENDING,REFA8B4E2B96BB3,BROKEN_FK_account_id_to_accounts
TX015527,C0814,UNKNOWN,1874.26,ZAR,2024-03-07,18:57:53,TRANSFER,Transfer - Ref 462657,MOBILE,FAILED,REF4A68CC5F6C50,BROKEN_FK_account_id_to_accounts
TX015560,C0302,A0994,2395.05,ZAR,2025-07-03,05:16:49,PAYMENT,Payment - Ref 790152,ONLINE,PENDING,REF7389BC6223F6,BROKEN_FK_account_id_to_accounts
TX015567,C0720,A0589,1836.05,ZAR,2026-01-26,07:33:57,DEPOSIT,Deposit - Ref 517801,ONLINE,FAILED,REFFC24C0978B9B,BROKEN_FK_account_id_to_accounts
TX015583,C0370,UNKNOWN,3634.47,ZAR,2026-01-14,06:25:00,DEPOSIT,Deposit - Ref 263911,POS,COMPLETED,REFEC78C18F2486,BROKEN_FK_account_id_to_accounts
TX015586,C0414,UNKNOWN,1310.62,ZAR,2025-01-21,12:42:02,DEBIT_ORDER,Debit Order - Ref 171456,ONLINE,COMPLETED,REF75D4FB3B84D9,BROKEN_FK_account_id_to_accounts
TX015620,C0433,A1025,15907.6575,ZAR,2024-05-09,02:15:51,REVERSAL,Reversal - Ref 926718,ONLINE,COMPLETED,REFEA361DE241B6,BROKEN_FK_account_id_to_accounts
TX015623,C0555,UNKNOWN,108.49,ZAR,2024-09-16,13:12:12,FEE,Fee - Ref 223941,ONLINE,COMPLETED,REF949074B3017F,BROKEN_FK_account_id_to_accounts
TX015659,C0420,UNKNOWN,2942.71,ZAR,2024-08-21,14:32:38,PAYMENT,Payment - Ref 214150,MOBILE,COMPLETED,REF1964410201DD,BROKEN_FK_account_id_to_accounts
TX015667,C0395,UNKNOWN,170.43,ZAR,2024-05-29,12:45:12,FEE,Fee - Ref 564639,ATM,FAILED,REF0A99575E9F5C,BROKEN_FK_account_id_to_accounts
TX015670,C0339,A0380,1741.07,ZAR,2025-04-07,19:16:37,DEBIT_ORDER,Debit Order - Ref 757554,MOBILE,PENDING,REF7955071BCD9B,BROKEN_FK_account_id_to_accounts
TX015689,C0283,UNKNOWN,887.7,ZAR,2026-04-23,16:18:20,PAYMENT,Payment - Ref 352441,POS,COMPLETED,REF385576256080,BROKEN_FK_account_id_to_accounts
TX015723,C0138,UNKNOWN,1482.61,ZAR,2025-10-11,06:46:41,REVERSAL,Reversal - Ref 424994,ONLINE,COMPLETED,REFAB3ED37E647C,BROKEN_FK_account_id_to_accounts
TX015760,C0122,UNKNOWN,15907.6575,ZAR,2024-06-13,08:58:10,REVERSAL,Reversal - Ref 578360,ATM,COMPLETED,REF693D80EB5362,BROKEN_FK_account_id_to_accounts
TX015785,C0896,UNKNOWN,10424.85,ZAR,2024-09-08,13:14:41,DEPOSIT,Deposit - Ref 218133,ATM,COMPLETED,REF5EBCBA0FA6DB,BROKEN_FK_account_id_to_accounts
TX015797,C0010,UNKNOWN,792.88,ZAR,2026-08-06,20:28:51,DEBIT_ORDER,Debit Order - Ref 402735,POS,COMPLETED,REF3A7646607240,BROKEN_FK_account_id_to_accounts
TX015822,C0340,FAKE_F9117C92,3708.34,ZAR,2024-03-16,11:07:55,DEPOSIT,Deposit - Ref 215808,MOBILE,COMPLETED,REF2F0A18B2F97A,BROKEN_FK_account_id_to_accounts
TX015825,C0311,UNKNOWN,615.98,ZAR,2024-08-14,20:01:56,TRANSFER,Transfer - Ref 900472,ONLINE,COMPLETED,REF91F1C9B3A217,BROKEN_FK_account_id_to_accounts
TX015826,C0049,A1190,1474.19,ZAR,2024-03-15,09:24:47,WITHDRAWAL,Withdrawal - Ref 675063,POS,COMPLETED,REF5B867A55DD35,BROKEN_FK_account_id_to_accounts
TX015833,C0143,UNKNOWN,15907.6575,ZAR,2024-04-16,22:21:29,REVERSAL,Reversal - Ref 859544,MOBILE,COMPLETED,REF3E97BAF2941E,BROKEN_FK_account_id_to_accounts
TX015846,C0132,A1146,306.85,ZAR,2025-12-10,08:20:14,FEE,Fee - Ref 899447,MOBILE,COMPLETED,REFF28C14F0480E,BROKEN_FK_account_id_to_accounts
TX015859,C0138,A0544,285.42,ZAR,2026-05-24,21:44:45,WITHDRAWAL,Withdrawal - Ref 339872,ONLINE,PENDING,REFE42072A2281F,BROKEN_FK_account_id_to_accounts
TX015885,C0371,A1236,359.95,ZAR,2024-06-12,21:27:20,WITHDRAWAL,Withdrawal - Ref 762400,ONLINE,FAILED,REF6AFB82AE2848,BROKEN_FK_account_id_to_accounts
TX015923,C0108,A0572,2263.21,ZAR,2025-02-15,20:03:40,DEBIT_ORDER,Debit Order - Ref 659160,MOBILE,COMPLETED,REF9BDE2D84FE04,BROKEN_FK_account_id_to_accounts
TX015978,C0398,A0053,15907.6575,ZAR,2024-10-02,16:23:17,REVERSAL,Reversal - Ref 188376,MOBILE,COMPLETED,REF07739300AECE,BROKEN_FK_account_id_to_accounts
TX015986,C0828,UNKNOWN,7494.59,ZAR,2026-07-21,14:24:25,DEPOSIT,Deposit - Ref 828173,MOBILE,COMPLETED,REFEED510B338C9,BROKEN_FK_account_id_to_accounts
TX015989,C0941,UNKNOWN,6984.23,ZAR,2025-05-06,14:48:32,DEPOSIT,Deposit - Ref 583787,POS,COMPLETED,REF7E8711D0A8E7,BROKEN_FK_account_id_to_accounts
TX015995,C0431,A0469,1924.29,ZAR,2025-08-30,08:09:49,TRANSFER,Transfer - Ref 746935,ONLINE,COMPLETED,REF157D309A9BF6,BROKEN_FK_account_id_to_accounts
TX016010,C0881,A0400,1595.9,ZAR,2026-01-14,05:46:35,INTEREST,Interest - Ref 810797,MOBILE,COMPLETED,REF9C61E40A6E61,BROKEN_FK_account_id_to_accounts
TX016035,C0431,A0469,404.96,ZAR,2025-10-18,05:56:15,FEE,Fee - Ref 493016,ATM,COMPLETED,REF06F742DB3CC1,BROKEN_FK_account_id_to_accounts
TX016047,C0345,A0694,15907.6575,ZAR,2024-01-30,22:34:03,REVERSAL,Reversal - Ref 183085,ONLINE,COMPLETED,REF04B6EC780EF2,BROKEN_FK_account_id_to_accounts
TX016060,C0999,A0831,340.01,ZAR,2025-12-14,16:00:05,WITHDRAWAL,Withdrawal - Ref 576760,ONLINE,COMPLETED,REFF43DBCA9CA18,BROKEN_FK_account_id_to_accounts
TX016102,C0021,A1205,5147.44,ZAR,2025-03-07,17:53:45,REVERSAL,Reversal - Ref 824176,MOBILE,COMPLETED,REF0FDCB0CEED3A,BROKEN_FK_account_id_to_accounts
TX016114,C0138,A0544,748.62,ZAR,2026-04-22,07:35:53,DEPOSIT,Deposit - Ref 257971,ONLINE,COMPLETED,REFDD6A2FEA2961,BROKEN_FK_account_id_to_accounts
TX016136,C0817,UNKNOWN,1617.0,ZAR,2025-03-01,06:32:42,INTEREST,Interest - Ref 745701,MOBILE,COMPLETED,REFF71ABF9A29D1,BROKEN_FK_account_id_to_accounts
TX016197,C0366,A0418,5593.37,ZAR,2025-08-01,21:34:43,TRANSFER,Transfer - Ref 301490,MOBILE,COMPLETED,REF1DDCF6C8F649,BROKEN_FK_account_id_to_accounts
TX016201,C0967,UNKNOWN,15907.6575,ZAR,2026-01-26,05:44:02,REVERSAL,Reversal - Ref 703417,ATM,COMPLETED,REFC8269CF6888F,BROKEN_FK_account_id_to_accounts
TX016203,C0631,UNKNOWN,114.49,ZAR,2024-03-25,00:04:52,FEE,Fee - Ref 130429,ONLINE,COMPLETED,REFCE9B9F4D77AB,BROKEN_FK_account_id_to_accounts
TX016212,C0429,A1065,344.4,ZAR,2024-11-26,15:06:58,FEE,Fee - Ref 409583,ONLINE,COMPLETED,REF0FA1F9A4DA31,BROKEN_FK_account_id_to_accounts
TX016214,C0485,UNKNOWN,2565.36,ZAR,2026-02-16,11:06:55,DEPOSIT,Deposit - Ref 332842,ATM,COMPLETED,REFACC00593AD6E,BROKEN_FK_account_id_to_accounts
TX016227,C0871,A1487,8567.18,ZAR,2024-04-30,14:53:48,DEPOSIT,Deposit - Ref 424758,ONLINE,COMPLETED,REF766B25712EF3,BROKEN_FK_account_id_to_accounts
TX016284,C0419,A0556,1291.82,ZAR,2025-09-24,14:56:41,DEPOSIT,Deposit - Ref 366835,MOBILE,FAILED,REFC98561874F81,BROKEN_FK_account_id_to_accounts
TX016287,C0529,UNKNOWN,9040.86,ZAR,2025-05-06,23:39:44,REVERSAL,Reversal - Ref 117139,ATM,COMPLETED,REFDF2F4CB8B6D2,BROKEN_FK_account_id_to_accounts
TX016313,C0611,A1314,9256.33,ZAR,2024-04-02,13:14:45,REVERSAL,Reversal - Ref 796657,ONLINE,FAILED,REFBFD88FCFA7D8,BROKEN_FK_account_id_to_accounts
TX016325,C0326,UNKNOWN,495.68,ZAR,2024-10-08,02:33:23,FEE,Fee - Ref 923681,ATM,COMPLETED,REF04F3987DF2C1,BROKEN_FK_account_id_to_accounts
TX016346,C0836,UNKNOWN,2186.33,ZAR,2025-09-10,02:03:32,INTEREST,Interest - Ref 425971,MOBILE,COMPLETED,REF0A21C3B8672A,BROKEN_FK_account_id_to_accounts
TX016378,C0420,UNKNOWN,216.58,ZAR,2024-01-03,02:48:21,PAYMENT,Payment - Ref 320865,MOBILE,COMPLETED,REF98E31F8AF726,BROKEN_FK_account_id_to_accounts
TX016386,C0071,A1181,6921.55,ZAR,2024-10-12,03:38:39,TRANSFER,Transfer - Ref 872929,ONLINE,COMPLETED,REFD09787B5158C,BROKEN_FK_account_id_to_accounts
TX016394,C0586,UNKNOWN,7192.16,ZAR,2026-07-12,05:26:35,REVERSAL,Reversal - Ref 524015,ONLINE,FAILED,REF28A01726CA1A,BROKEN_FK_account_id_to_accounts
TX016399,C0614,A0422,944.2,ZAR,2025-01-20,16:47:13,PAYMENT,Payment - Ref 137086,ONLINE,COMPLETED,REF7B69AD6D789F,BROKEN_FK_account_id_to_accounts
TX016419,C0032,FAKE_B1C7E591,3830.03,ZAR,2024-05-10,00:20:48,DEBIT_ORDER,Debit Order - Ref 366804,BRANCH,COMPLETED,REF01D1C80099DB,BROKEN_FK_account_id_to_accounts
TX016424,C0959,UNKNOWN,15907.6575,ZAR,2026-03-08,11:55:09,REVERSAL,Reversal - Ref 669497,MOBILE,COMPLETED,REFBC7E1C939A0E,BROKEN_FK_account_id_to_accounts
TX016457,C0240,A0937,4392.37,ZAR,2026-03-07,05:28:45,WITHDRAWAL,Withdrawal - Ref 502822,ATM,PENDING,REF26D77744BD8F,BROKEN_FK_account_id_to_accounts
TX016460,C0874,A0790,253.35,ZAR,2025-07-14,02:38:47,WITHDRAWAL,Withdrawal - Ref 417657,BRANCH,COMPLETED,REFE95F4B28C803,BROKEN_FK_account_id_to_accounts
TX016463,C0646,A0291,237.79,ZAR,2024-01-14,16:21:36,PAYMENT,Payment - Ref 214226,ONLINE,COMPLETED,REF8CF37520DE3B,BROKEN_FK_account_id_to_accounts
TX016473,C0089,A0779,6101.99,ZAR,2025-09-13,09:58:00,TRANSFER,Transfer - Ref 168909,MOBILE,COMPLETED,REFD09679C35922,BROKEN_FK_account_id_to_accounts
TX016498,C0999,A0831,1563.79,ZAR,2026-03-02,12:10:41,INTEREST,Interest - Ref 278742,MOBILE,COMPLETED,REF4FECDFC99ECF,BROKEN_FK_account_id_to_accounts
TX016509,C0250,A0563,409.11,ZAR,2026-02-24,10:11:41,PAYMENT,Payment - Ref 956630,ATM,COMPLETED,REFD4498D1F4AE3,BROKEN_FK_account_id_to_accounts
TX016514,C0767,UNKNOWN,15907.6575,ZAR,2026-01-25,00:50:06,REVERSAL,Reversal - Ref 843662,MOBILE,COMPLETED,REF31F2890EDD0C,BROKEN_FK_account_id_to_accounts
TX016519,C0557,FAKE_0FBF60D2,346.79,ZAR,2025-07-06,01:48:16,WITHDRAWAL,Withdrawal - Ref 211535,ONLINE,COMPLETED,REF58B473CA5B06,BROKEN_FK_account_id_to_accounts
TX016538,C0831,A0527,281.34,ZAR,2024-02-20,18:48:06,WITHDRAWAL,Withdrawal - Ref 748589,ONLINE,FAILED,REF2007BB612331,BROKEN_FK_account_id_to_accounts
TX016593,C0433,A1025,617.74,ZAR,2025-11-16,18:13:17,INTEREST,Interest - Ref 766694,ATM,COMPLETED,REF42159DC9E50F,BROKEN_FK_account_id_to_accounts
TX016595,C0315,UNKNOWN,398.78,ZAR,2024-09-12,12:06:04,FEE,Fee - Ref 631850,MOBILE,FAILED,REF4C7D318429FF,BROKEN_FK_account_id_to_accounts
TX016599,C0602,UNKNOWN,55.18,ZAR,2025-07-15,09:39:25,PAYMENT,Payment - Ref 428823,MOBILE,COMPLETED,REF3D96C495E73C,BROKEN_FK_account_id_to_accounts
TX016623,C0359,UNKNOWN,3843.23,ZAR,2026-06-05,17:11:09,DEBIT_ORDER,Debit Order - Ref 414441,ONLINE,COMPLETED,REFE4033D443411,BROKEN_FK_account_id_to_accounts
TX016629,C0738,UNKNOWN,380.98,ZAR,2026-02-06,19:36:41,INTEREST,Interest - Ref 303172,ATM,COMPLETED,REFEE35C4C9A858,BROKEN_FK_account_id_to_accounts
TX016637,C0016,UNKNOWN,1977.18,ZAR,2025-07-25,00:05:41,INTEREST,Interest - Ref 188088,BRANCH,COMPLETED,REFEBB102106885,BROKEN_FK_account_id_to_accounts
TX016660,C0071,A0452,15907.6575,ZAR,2024-01-19,02:48:41,REVERSAL,Reversal - Ref 811661,MOBILE,COMPLETED,REF0C046C15F60D,BROKEN_FK_account_id_to_accounts
TX016674,C0881,A0400,1482.08,ZAR,2025-06-22,15:57:20,PAYMENT,Payment - Ref 526414,MOBILE,COMPLETED,REFE67BD6ACC0D3,BROKEN_FK_account_id_to_accounts
TX016698,C0614,A0422,1085.17,ZAR,2025-04-29,03:15:52,TRANSFER,Transfer - Ref 804852,ONLINE,COMPLETED,REFE5C3330219AB,BROKEN_FK_account_id_to_accounts
TX016727,C0345,A0694,468.47,ZAR,2025-12-05,21:33:36,PAYMENT,Payment - Ref 533058,ATM,COMPLETED,REF1C496EDC039B,BROKEN_FK_account_id_to_accounts
TX016750,C0664,UNKNOWN,257.66,ZAR,2025-07-02,06:00:24,FEE,Fee - Ref 226724,MOBILE,COMPLETED,REF0C99E6529FB8,BROKEN_FK_account_id_to_accounts
TX016758,C0987,A0943,15907.6575,ZAR,2025-04-05,15:16:30,REVERSAL,Reversal - Ref 430870,MOBILE,COMPLETED,REF537AB9B211E5,BROKEN_FK_account_id_to_accounts
TX016760,C0871,A1487,3685.72,ZAR,2025-08-15,09:14:40,INTEREST,Interest - Ref 427803,MOBILE,COMPLETED,REFA094BED1E215,BROKEN_FK_account_id_to_accounts
TX016786,C0692,A0415,2215.51,ZAR,2025-02-23,10:16:54,TRANSFER,Transfer - Ref 952923,ATM,COMPLETED,REF370F250700F8,BROKEN_FK_account_id_to_accounts
TX016822,C0922,A0672,449.42,ZAR,2026-01-16,18:44:09,DEPOSIT,Deposit - Ref 316727,ATM,PENDING,REF9F7F3E777FE1,BROKEN_FK_account_id_to_accounts
TX016824,C0645,A0282,6182.16,ZAR,2024-12-25,22:37:06,REVERSAL,Reversal - Ref 395124,ATM,PENDING,REFEC0070AA048F,BROKEN_FK_account_id_to_accounts
TX016833,C0720,A0589,246.5,ZAR,2024-08-07,20:40:12,FEE,Fee - Ref 830522,MOBILE,COMPLETED,REF345CA2CA6CD5,BROKEN_FK_account_id_to_accounts
TX016850,C0508,UNKNOWN,2383.15,ZAR,2026-02-13,00:00:33,TRANSFER,Transfer - Ref 225017,MOBILE,COMPLETED,REFAD2FFFE52D00,BROKEN_FK_account_id_to_accounts
TX016890,C0891,UNKNOWN,3801.36,ZAR,2024-11-20,06:04:04,INTEREST,Interest - Ref 293688,POS,COMPLETED,REF4620527A510A,BROKEN_FK_account_id_to_accounts
TX016928,C0158,A1330,1039.68,ZAR,2025-03-09,02:13:49,INTEREST,Interest - Ref 309746,ATM,REVERSED,REF4DA2535116B4,BROKEN_FK_account_id_to_accounts
TX016933,C0882,FAKE_17C55940,4915.32,ZAR,2025-05-30,11:40:51,DEPOSIT,Deposit - Ref 366205,ATM,COMPLETED,REF2787046E67D2,BROKEN_FK_account_id_to_accounts
TX016973,C0431,A0469,6395.82,ZAR,2025-08-31,02:01:47,REVERSAL,Reversal - Ref 984629,MOBILE,COMPLETED,REFD66C93EDB1F3,BROKEN_FK_account_id_to_accounts
TX016999,C0791,A0938,144.23,ZAR,2024-02-11,02:03:58,WITHDRAWAL,Withdrawal - Ref 474635,MOBILE,FAILED,REF7637AFDBB47B,BROKEN_FK_account_id_to_accounts
TX017002,C0237,UNKNOWN,287.65,ZAR,2025-02-10,05:39:24,PAYMENT,Payment - Ref 597225,ONLINE,COMPLETED,REFEE8962F47D41,BROKEN_FK_account_id_to_accounts
TX017008,C0881,A0400,2725.54,ZAR,2024-08-27,04:03:15,TRANSFER,Transfer - Ref 523906,ONLINE,COMPLETED,REFF692920A8745,BROKEN_FK_account_id_to_accounts
TX017020,C0338,UNKNOWN,175.4,ZAR,2025-10-03,03:26:03,PAYMENT,Payment - Ref 202660,MOBILE,COMPLETED,REF51D3A95398EE,BROKEN_FK_account_id_to_accounts
TX017033,C0800,A0764,478.21,ZAR,2025-12-11,00:35:54,TRANSFER,Transfer - Ref 629494,MOBILE,COMPLETED,REF15D61CA31457,BROKEN_FK_account_id_to_accounts
TX017060,C0132,A1146,948.45,ZAR,2024-10-14,04:01:16,INTEREST,Interest - Ref 289180,POS,COMPLETED,REF989F61C19C72,BROKEN_FK_account_id_to_accounts
TX017078,C0645,A0282,2880.81,ZAR,2026-08-21,09:22:53,PAYMENT,Payment - Ref 732536,ATM,PENDING,REF5D2CCC36F746,BROKEN_FK_account_id_to_accounts
TX017087,C0002,UNKNOWN,169.72,ZAR,2026-05-19,19:57:20,TRANSFER,Transfer - Ref 691860,MOBILE,COMPLETED,REF6B4AE38D8F48,BROKEN_FK_account_id_to_accounts
TX017092,C0857,UNKNOWN,8437.36,ZAR,2025-08-19,10:54:31,REVERSAL,Reversal - Ref 104293,ATM,COMPLETED,REF190D9BF49111,BROKEN_FK_account_id_to_accounts
TX017110,C0224,A0045,3222.46,ZAR,2025-08-06,08:21:45,INTEREST,Interest - Ref 535551,BRANCH,PENDING,REF214FB20CC7A9,BROKEN_FK_account_id_to_accounts
TX017196,C0611,A1314,62.01,ZAR,2024-09-23,15:53:58,TRANSFER,Transfer - Ref 208855,MOBILE,COMPLETED,REF1C915D5D0B0D,BROKEN_FK_account_id_to_accounts
TX017202,C0261,FAKE_C70F8A94,3476.15,ZAR,2024-08-08,01:42:36,INTEREST,Interest - Ref 717560,ONLINE,COMPLETED,REFB5D64BFF3808,BROKEN_FK_account_id_to_accounts
TX017208,C0545,UNKNOWN,3087.58,ZAR,2024-04-21,21:58:09,INTEREST,Interest - Ref 347275,MOBILE,COMPLETED,REF68E8B161CE9C,BROKEN_FK_account_id_to_accounts
TX017234,C0645,A0282,3068.87,ZAR,2026-08-04,07:50:08,INTEREST,Interest - Ref 248451,BRANCH,COMPLETED,REF36F13286B764,BROKEN_FK_account_id_to_accounts
TX017242,C0692,A0415,450.61,ZAR,2026-03-28,06:29:58,PAYMENT,Payment - Ref 505929,ONLINE,COMPLETED,REF10413719E87C,BROKEN_FK_account_id_to_accounts
TX017246,C0021,FAKE_523CA612,1914.91,ZAR,2024-05-11,05:55:58,WITHDRAWAL,Withdrawal - Ref 282343,ONLINE,COMPLETED,REFDB4AFAD3E273,BROKEN_FK_account_id_to_accounts
TX017282,C0775,FAKE_ECC83FC1,2017.5,ZAR,2026-03-22,15:40:01,PAYMENT,Payment - Ref 947704,POS,COMPLETED,REF689544D86B6B,BROKEN_FK_account_id_to_accounts
TX017291,C0120,UNKNOWN,1419.29,ZAR,2026-07-07,12:29:55,DEBIT_ORDER,Debit Order - Ref 192697,ONLINE,COMPLETED,REFB207737ED967,BROKEN_FK_account_id_to_accounts
TX017314,C0526,UNKNOWN,517.58,ZAR,2024-07-16,19:05:28,WITHDRAWAL,Withdrawal - Ref 691043,POS,FAILED,REF651CA5BAEF60,BROKEN_FK_account_id_to_accounts
TX017327,C0907,A1444,294.22,ZAR,2026-01-28,11:01:18,FEE,Fee - Ref 333009,BRANCH,FAILED,REF44420008F729,BROKEN_FK_account_id_to_accounts
TX017340,C0915,A0345,1255.85,ZAR,2024-05-31,16:15:24,DEPOSIT,Deposit - Ref 363652,ATM,COMPLETED,REF2C4B96106CDE,BROKEN_FK_account_id_to_accounts
TX017350,C0326,A0448,15907.6575,ZAR,2025-12-08,15:55:33,REVERSAL,Reversal - Ref 197210,MOBILE,COMPLETED,REF81E06E7D9101,BROKEN_FK_account_id_to_accounts
TX017359,C0881,A0400,324.67,ZAR,2025-06-11,03:35:39,FEE,Fee - Ref 706682,ONLINE,COMPLETED,REF7FBE79F9533D,BROKEN_FK_account_id_to_accounts
TX017361,C0282,UNKNOWN,2146.68,ZAR,2025-03-06,09:43:45,DEPOSIT,Deposit - Ref 302408,POS,COMPLETED,REF5E93A62BDCCF,BROKEN_FK_account_id_to_accounts
TX017370,C0589,UNKNOWN,5210.5,ZAR,2025-10-02,00:55:26,DEBIT_ORDER,Debit Order - Ref 554705,ATM,COMPLETED,REF323E501AAC26,BROKEN_FK_account_id_to_accounts
TX017384,C0484,A1438,15907.6575,ZAR,2026-07-08,23:08:35,REVERSAL,Reversal - Ref 458860,ONLINE,COMPLETED,REF647A653365BD,BROKEN_FK_account_id_to_accounts
TX017385,C0874,A0790,1229.46,ZAR,2026-05-02,13:10:29,DEPOSIT,Deposit - Ref 129293,ONLINE,COMPLETED,REFB3EAE84E3CE7,BROKEN_FK_account_id_to_accounts
TX017411,C0791,A0938,2130.12,ZAR,2025-06-11,04:48:34,DEPOSIT,Deposit - Ref 658627,POS,COMPLETED,REFD98CCE26AFF1,BROKEN_FK_account_id_to_accounts
TX017423,C0824,FAKE_32B1B07B,655.62,ZAR,2026-08-13,01:59:45,DEPOSIT,Deposit - Ref 124153,ATM,FAILED,REFAD9BD2C0B0CB,BROKEN_FK_account_id_to_accounts
TX017426,C0398,A0053,120.88,ZAR,2026-03-02,15:20:08,WITHDRAWAL,Withdrawal - Ref 476208,MOBILE,COMPLETED,REF28B4E063ED3E,BROKEN_FK_account_id_to_accounts
TX017445,C0931,FAKE_ECD61692,641.99,ZAR,2026-03-17,12:13:06,WITHDRAWAL,Withdrawal - Ref 545074,MOBILE,COMPLETED,REFABA8F5ED5F7C,BROKEN_FK_account_id_to_accounts
TX017470,C0772,A0436,2001.54,ZAR,2025-02-03,12:55:53,DEPOSIT,Deposit - Ref 376891,MOBILE,COMPLETED,REF998F84293BF1,BROKEN_FK_account_id_to_accounts
TX017493,C0240,A0937,3018.6,ZAR,2026-03-08,04:53:58,DEBIT_ORDER,Debit Order - Ref 791297,MOBILE,COMPLETED,REF6C94D91C1728,BROKEN_FK_account_id_to_accounts
TX017500,C0015,UNKNOWN,345.99,ZAR,2025-03-09,07:25:54,DEPOSIT,Deposit - Ref 520875,ATM,COMPLETED,REF65D762A43318,BROKEN_FK_account_id_to_accounts
TX017512,C0132,A1146,1556.18,ZAR,2025-02-05,23:31:37,PAYMENT,Payment - Ref 829358,MOBILE,COMPLETED,REFD0AD3EAF2921,BROKEN_FK_account_id_to_accounts
TX017579,C0085,FAKE_7EAC9352,431.8,ZAR,2025-08-24,21:09:28,PAYMENT,Payment - Ref 498485,MOBILE,PENDING,REF10620EBA1B8D,BROKEN_FK_account_id_to_accounts
TX017588,C0429,A1065,131.12,ZAR,2026-05-02,19:42:58,WITHDRAWAL,Withdrawal - Ref 414380,ONLINE,COMPLETED,REF42500EC94502,BROKEN_FK_account_id_to_accounts
TX017595,C0107,A1386,242.42,ZAR,2025-03-06,16:18:51,FEE,Fee - Ref 530118,ATM,COMPLETED,REF84A86C0DE356,BROKEN_FK_account_id_to_accounts
TX017598,C0431,A0469,215.89,ZAR,2026-04-08,10:19:43,TRANSFER,Transfer - Ref 744390,MOBILE,PENDING,REFFF62BC3E33E8,BROKEN_FK_account_id_to_accounts
TX017618,C0393,UNKNOWN,4000.28,ZAR,2026-02-05,18:35:01,INTEREST,Interest - Ref 605068,MOBILE,COMPLETED,REF36AD9B0BF8D3,BROKEN_FK_account_id_to_accounts
TX017621,C0107,A1386,8734.37,ZAR,2026-03-16,01:32:53,DEPOSIT,Deposit - Ref 475381,BRANCH,COMPLETED,REF885872443620,BROKEN_FK_account_id_to_accounts
TX017637,C0383,UNKNOWN,15907.6575,ZAR,2024-01-08,21:47:10,REVERSAL,Reversal - Ref 883138,BRANCH,COMPLETED,REF02B22E2692F6,BROKEN_FK_account_id_to_accounts
TX017675,C0429,A1065,5040.38,ZAR,2024-02-07,01:39:35,PAYMENT,Payment - Ref 683980,ONLINE,COMPLETED,REF09BB21F9096C,BROKEN_FK_account_id_to_accounts
TX017700,C0772,A0436,15907.6575,ZAR,2025-05-10,04:00:40,REVERSAL,Reversal - Ref 494364,MOBILE,COMPLETED,REF6DF947EE7C0D,BROKEN_FK_account_id_to_accounts
TX017714,C0107,A1386,637.26,ZAR,2025-07-23,11:52:32,WITHDRAWAL,Withdrawal - Ref 628284,ONLINE,COMPLETED,REF78599D86B693,BROKEN_FK_account_id_to_accounts
TX017733,C0569,A0141,155.92,ZAR,2025-10-06,07:03:59,FEE,Fee - Ref 760120,MOBILE,COMPLETED,REFBD0B93998A34,BROKEN_FK_account_id_to_accounts
TX017747,C0345,A0694,91.64,ZAR,2025-05-29,17:13:48,FEE,Fee - Ref 289318,ONLINE,COMPLETED,REFE0D2B7BAB166,BROKEN_FK_account_id_to_accounts
TX017754,C0800,A0764,3495.91,ZAR,2026-04-06,09:35:33,PAYMENT,Payment - Ref 113269,ATM,COMPLETED,REFE7990EF5513A,BROKEN_FK_account_id_to_accounts
TX017760,C0429,A1065,15907.6575,ZAR,2025-06-02,14:10:53,REVERSAL,Reversal - Ref 177538,ONLINE,COMPLETED,REF426317E3100D,BROKEN_FK_account_id_to_accounts
TX017804,C0907,A1444,2555.76,ZAR,2024-06-20,09:27:12,WITHDRAWAL,Withdrawal - Ref 104235,ONLINE,COMPLETED,REF182D21CD5BF5,BROKEN_FK_account_id_to_accounts
TX017809,C0082,A1200,4198.37,ZAR,2025-11-11,03:56:12,DEPOSIT,Deposit - Ref 375990,ONLINE,COMPLETED,REF732DAC4525CD,BROKEN_FK_account_id_to_accounts
TX017815,C0318,UNKNOWN,288.41,ZAR,2025-02-25,02:32:42,TRANSFER,Transfer - Ref 844787,ONLINE,COMPLETED,REFFDF41901F782,BROKEN_FK_account_id_to_accounts
TX017847,C0071,FAKE_4274426E,2022.93,ZAR,2025-09-12,20:57:59,PAYMENT,Payment - Ref 360272,MOBILE,COMPLETED,REF71E154882660,BROKEN_FK_account_id_to_accounts
TX017884,C0800,A0764,1555.64,ZAR,2026-04-16,11:34:29,WITHDRAWAL,Withdrawal - Ref 518212,MOBILE,COMPLETED,REF2FD354CAE1AD,BROKEN_FK_account_id_to_accounts
TX017956,C0089,A0779,309.67,ZAR,2025-10-27,23:56:28,INTEREST,Interest - Ref 882826,MOBILE,COMPLETED,REF6AA59105B63C,BROKEN_FK_account_id_to_accounts
TX018063,C0429,A1065,1275.5,ZAR,2024-02-26,02:31:45,DEPOSIT,Deposit - Ref 415079,ONLINE,COMPLETED,REF430AC799A725,BROKEN_FK_account_id_to_accounts
TX018085,C0853,UNKNOWN,1377.04,ZAR,2024-10-05,18:44:33,INTEREST,Interest - Ref 873137,MOBILE,REVERSED,REF5EB27D9EDDA3,BROKEN_FK_account_id_to_accounts
TX018086,C0881,A0400,1653.28,ZAR,2024-04-18,06:59:16,DEBIT_ORDER,Debit Order - Ref 785361,ONLINE,COMPLETED,REF3D19BDB97D9E,BROKEN_FK_account_id_to_accounts
TX018092,C0330,UNKNOWN,1444.45,ZAR,2024-02-03,23:46:09,DEBIT_ORDER,Debit Order - Ref 750548,ONLINE,COMPLETED,REF688F033696EB,BROKEN_FK_account_id_to_accounts
TX018101,C0418,UNKNOWN,1607.61,ZAR,2024-08-24,11:34:00,TRANSFER,Transfer - Ref 306113,BRANCH,COMPLETED,REF736D2609C2D3,BROKEN_FK_account_id_to_accounts
TX018103,C0772,A0436,384.83,ZAR,2026-02-04,15:33:05,INTEREST,Interest - Ref 950426,MOBILE,COMPLETED,REFE5101C50B0FE,BROKEN_FK_account_id_to_accounts
TX018104,C0831,A0527,5240.19,ZAR,2025-05-01,02:16:38,REVERSAL,Reversal - Ref 722964,ONLINE,COMPLETED,REF0BE7AA286CB8,BROKEN_FK_account_id_to_accounts
TX018107,C0250,UNKNOWN,15907.6575,ZAR,2024-05-26,22:31:44,REVERSAL,Reversal - Ref 946430,MOBILE,COMPLETED,REF1DA4B5DE1BC7,BROKEN_FK_account_id_to_accounts
TX018134,C0569,A0141,1481.36,ZAR,2025-05-25,11:05:26,INTEREST,Interest - Ref 110460,ONLINE,PENDING,REFC91BE374924A,BROKEN_FK_account_id_to_accounts
TX018192,C0138,A0544,1047.58,ZAR,2026-07-15,20:12:39,PAYMENT,Payment - Ref 270159,POS,COMPLETED,REFB27DB5F41CAE,BROKEN_FK_account_id_to_accounts
TX018214,C0339,A0380,172.91,ZAR,2024-11-11,18:08:15,FEE,Fee - Ref 928498,ATM,COMPLETED,REF016C070398B1,BROKEN_FK_account_id_to_accounts
TX018235,C0611,A1314,745.96,ZAR,2025-06-29,12:34:13,TRANSFER,Transfer - Ref 976604,MOBILE,FAILED,REF676FEC260888,BROKEN_FK_account_id_to_accounts
TX018242,C0537,A0699,15907.6575,ZAR,2026-03-27,02:08:11,DEPOSIT,Deposit - Ref 863936,ONLINE,COMPLETED,REF33FC0E326F43,BROKEN_FK_account_id_to_accounts
TX018274,C0999,A0831,76.16,ZAR,2025-02-04,22:35:43,FEE,Fee - Ref 471497,ONLINE,COMPLETED,REFEC375F18D72B,BROKEN_FK_account_id_to_accounts
TX018288,C0292,UNKNOWN,108.56,ZAR,2025-05-21,09:30:33,WITHDRAWAL,Withdrawal - Ref 640279,MOBILE,COMPLETED,REF6B7BA2D00966,BROKEN_FK_account_id_to_accounts
TX018293,C0398,A0053,166.28,ZAR,2026-08-31,06:19:00,FEE,Fee - Ref 984900,MOBILE,COMPLETED,REF19B9E14B3458,BROKEN_FK_account_id_to_accounts
TX018308,C0915,A0345,4425.2,ZAR,2024-05-12,01:48:41,INTEREST,Interest - Ref 905819,BRANCH,COMPLETED,REF6C2FC47C1BF3,BROKEN_FK_account_id_to_accounts
TX018327,C0801,UNKNOWN,4470.89,ZAR,2025-12-31,16:29:17,PAYMENT,Payment - Ref 692253,ATM,COMPLETED,REF3CF36A3F9AC2,BROKEN_FK_account_id_to_accounts
TX018328,C0611,A1314,740.65,ZAR,2026-07-16,02:03:54,WITHDRAWAL,Withdrawal - Ref 835533,ATM,COMPLETED,REF3C6A24D54655,BROKEN_FK_account_id_to_accounts
TX018362,C0304,UNKNOWN,3282.53,ZAR,2024-07-09,18:45:35,INTEREST,Interest - Ref 988057,ONLINE,COMPLETED,REFB3D9325F988A,BROKEN_FK_account_id_to_accounts
TX018426,C0614,A0422,3156.32,ZAR,2026-05-04,13:52:01,WITHDRAWAL,Withdrawal - Ref 360654,ATM,COMPLETED,REF7471F982D248,BROKEN_FK_account_id_to_accounts
TX018431,C0174,A1169,15907.6575,ZAR,2024-05-14,06:53:00,REVERSAL,Reversal - Ref 429343,ATM,COMPLETED,REF1A83C55CB736,BROKEN_FK_account_id_to_accounts
TX018438,C0071,A1181,3590.67,ZAR,2026-06-14,21:33:37,DEPOSIT,Deposit - Ref 640640,POS,COMPLETED,REF4794FA1018CF,BROKEN_FK_account_id_to_accounts
TX018461,C0993,UNKNOWN,748.69,ZAR,2025-08-16,18:37:41,WITHDRAWAL,Withdrawal - Ref 745248,ATM,COMPLETED,REF0A2B57552363,BROKEN_FK_account_id_to_accounts
TX018472,C0772,A0436,1246.54,ZAR,2026-02-23,08:05:00,TRANSFER,Transfer - Ref 602038,BRANCH,COMPLETED,REFA9AB0230C57D,BROKEN_FK_account_id_to_accounts
TX018534,C0999,A0831,15907.6575,ZAR,2024-07-06,05:18:00,PAYMENT,Payment - Ref 730557,POS,COMPLETED,REFD6DD203A3ACB,BROKEN_FK_account_id_to_accounts
TX018537,C0933,UNKNOWN,1042.45,ZAR,2025-08-22,20:35:33,TRANSFER,Transfer - Ref 300574,MOBILE,COMPLETED,REF2B67C9BE7A7E,BROKEN_FK_account_id_to_accounts
TX018592,C0108,A0572,1407.41,ZAR,2025-05-12,10:54:18,DEBIT_ORDER,Debit Order - Ref 780363,POS,COMPLETED,REF86FCCC911CF9,BROKEN_FK_account_id_to_accounts
TX018595,C0987,A0943,764.6,ZAR,2024-06-17,20:16:56,PAYMENT,Payment - Ref 209728,ATM,COMPLETED,REF012CA99F8DF3,BROKEN_FK_account_id_to_accounts
TX018621,C0051,UNKNOWN,975.44,ZAR,2025-03-26,12:41:16,DEBIT_ORDER,Debit Order - Ref 646450,ONLINE,COMPLETED,REFA3227B65182E,BROKEN_FK_account_id_to_accounts
TX018629,C0071,A1181,1828.97,ZAR,2024-05-22,21:22:26,TRANSFER,Transfer - Ref 642517,POS,COMPLETED,REF7EDE48A7E0A3,BROKEN_FK_account_id_to_accounts
TX018630,C0366,A0418,792.22,ZAR,2024-04-10,22:41:39,DEPOSIT,Deposit - Ref 294842,ONLINE,COMPLETED,REF02A410F184F0,BROKEN_FK_account_id_to_accounts
TX018684,C0692,A0415,6308.78,ZAR,2026-06-02,10:18:15,DEPOSIT,Deposit - Ref 267547,ONLINE,COMPLETED,REF7DC7270F7C70,BROKEN_FK_account_id_to_accounts
TX018692,C0569,A0141,731.53,ZAR,2025-10-19,05:18:03,INTEREST,Interest - Ref 485207,MOBILE,COMPLETED,REFF8C75A061788,BROKEN_FK_account_id_to_accounts
TX018701,C0131,UNKNOWN,125.04,ZAR,2025-05-16,15:49:55,WITHDRAWAL,Withdrawal - Ref 923092,ATM,COMPLETED,REF250A0314DFCB,BROKEN_FK_account_id_to_accounts
TX018720,C0645,A0282,15907.6575,ZAR,2026-08-26,01:25:25,REVERSAL,Reversal - Ref 845296,MOBILE,COMPLETED,REF842EDA51FDD1,BROKEN_FK_account_id_to_accounts
TX018750,C0720,A0589,1011.22,ZAR,2026-04-26,05:17:45,WITHDRAWAL,Withdrawal - Ref 771548,BRANCH,COMPLETED,REF4BA9C290AC28,BROKEN_FK_account_id_to_accounts
TX018751,C0032,UNKNOWN,15907.6575,ZAR,2025-02-19,23:21:48,REVERSAL,Reversal - Ref 945226,POS,COMPLETED,REFBDCEE6BF742C,BROKEN_FK_account_id_to_accounts
TX018780,C0459,UNKNOWN,2668.87,ZAR,2025-08-13,11:05:31,INTEREST,Interest - Ref 212593,ATM,COMPLETED,REF7C40E36631B9,BROKEN_FK_account_id_to_accounts
TX018793,C0438,UNKNOWN,4309.57,ZAR,2026-09-13,23:13:38,TRANSFER,Transfer - Ref 770513,ATM,COMPLETED,REFD1BEE9433151,BROKEN_FK_account_id_to_accounts
TX018815,C0479,UNKNOWN,15907.6575,ZAR,2025-02-11,06:33:04,REVERSAL,Reversal - Ref 294852,MOBILE,COMPLETED,REF0BDEB7B8E256,BROKEN_FK_account_id_to_accounts
TX018816,C0391,A0473,645.86,ZAR,2026-03-11,11:22:29,PAYMENT,Payment - Ref 679970,ATM,COMPLETED,REF84024650B07F,BROKEN_FK_account_id_to_accounts
TX018852,C0071,A0452,719.06,ZAR,2024-04-10,00:51:14,DEPOSIT,Deposit - Ref 463143,MOBILE,COMPLETED,REF7521210BA079,BROKEN_FK_account_id_to_accounts
TX018864,C0720,A0589,7196.5,ZAR,2024-11-12,21:48:54,PAYMENT,Payment - Ref 305504,MOBILE,COMPLETED,REFF97C4DBF8043,BROKEN_FK_account_id_to_accounts
TX018874,C0021,A1205,1726.47,ZAR,2025-09-20,01:00:30,DEPOSIT,Deposit - Ref 584261,ATM,COMPLETED,REF2F5E6607815D,BROKEN_FK_account_id_to_accounts
TX018889,C0827,UNKNOWN,1271.08,ZAR,2026-05-01,08:36:38,PAYMENT,Payment - Ref 366670,ONLINE,COMPLETED,REF74E51511BB43,BROKEN_FK_account_id_to_accounts
TX018952,C0108,A0572,215.06,ZAR,2025-04-24,09:00:40,WITHDRAWAL,Withdrawal - Ref 440400,MOBILE,COMPLETED,REF447643A33352,BROKEN_FK_account_id_to_accounts
TX018974,C0881,A0400,164.9,ZAR,2024-02-16,11:50:45,FEE,Fee - Ref 845354,ONLINE,COMPLETED,REF4F302A9911F5,BROKEN_FK_account_id_to_accounts
TX018992,C0391,A0473,12144.21,ZAR,2024-02-03,13:21:24,REVERSAL,Reversal - Ref 929507,MOBILE,COMPLETED,REFFF413853D247,BROKEN_FK_account_id_to_accounts
TX018998,C0484,A1438,15907.6575,ZAR,2024-09-25,12:38:01,REVERSAL,Reversal - Ref 547641,ONLINE,COMPLETED,REFCE810925ED3F,BROKEN_FK_account_id_to_accounts
TX019035,C0419,A0556,3008.66,ZAR,2024-08-30,23:06:47,PAYMENT,Payment - Ref 520767,ATM,COMPLETED,REF3062480C3B80,BROKEN_FK_account_id_to_accounts
TX019054,C0926,FAKE_BE49E3DC,679.18,ZAR,2024-05-09,15:44:12,DEBIT_ORDER,Debit Order - Ref 366248,ONLINE,FAILED,REFA3ACB4882232,BROKEN_FK_account_id_to_accounts
TX019082,C0021,A1205,259.57,ZAR,2024-03-09,17:28:15,DEBIT_ORDER,Debit Order - Ref 300781,MOBILE,FAILED,REF2F7BFC83EBB2,BROKEN_FK_account_id_to_accounts
TX019097,C0907,UNKNOWN,1120.35,ZAR,2025-01-08,00:22:33,PAYMENT,Payment - Ref 562718,MOBILE,COMPLETED,REF29B362D235AD,BROKEN_FK_account_id_to_accounts
TX019139,C0158,A1330,946.62,ZAR,2024-06-03,18:45:57,INTEREST,Interest - Ref 544958,ONLINE,COMPLETED,REF1C2C3FF247B4,BROKEN_FK_account_id_to_accounts
TX019155,C0624,UNKNOWN,460.55,ZAR,2024-11-02,14:27:58,FEE,Fee - Ref 803364,MOBILE,COMPLETED,REF9F1001386136,BROKEN_FK_account_id_to_accounts
TX019162,C0800,A0764,10532.5,ZAR,2026-02-27,21:30:18,TRANSFER,Transfer - Ref 215632,BRANCH,FAILED,REF862E6FA0C848,BROKEN_FK_account_id_to_accounts
TX019203,C0108,A0572,1087.11,ZAR,2026-05-05,21:05:57,WITHDRAWAL,Withdrawal - Ref 744268,ONLINE,COMPLETED,REF88DA7B1268D5,BROKEN_FK_account_id_to_accounts
TX019216,C0767,A0305,5253.76,ZAR,2024-12-15,10:47:14,PAYMENT,Payment - Ref 953225,ONLINE,COMPLETED,REF6B21F3D47A89,BROKEN_FK_account_id_to_accounts
TX019284,C0021,A1205,201.63,ZAR,2024-12-21,18:51:16,FEE,Fee - Ref 320367,MOBILE,COMPLETED,REFC8A49DC4C892,BROKEN_FK_account_id_to_accounts
TX019313,C0744,FAKE_FBBA7FE1,346.25,ZAR,2026-03-11,19:16:25,FEE,Fee - Ref 829773,ATM,COMPLETED,REF91AE6E750DE3,BROKEN_FK_account_id_to_accounts
TX019329,C0151,UNKNOWN,351.12,ZAR,2026-04-01,14:03:54,FEE,Fee - Ref 937857,BRANCH,FAILED,REFAB6203412585,BROKEN_FK_account_id_to_accounts
TX019379,C0999,A0831,3597.78,ZAR,2025-03-03,01:57:41,DEBIT_ORDER,Debit Order - Ref 482238,MOBILE,COMPLETED,REF807D1E4FCD24,BROKEN_FK_account_id_to_accounts
TX019382,C0484,A1438,4304.26,ZAR,2026-08-03,05:33:49,DEPOSIT,Deposit - Ref 404037,POS,COMPLETED,REFE57E9CF67CD0,BROKEN_FK_account_id_to_accounts
TX019383,C0611,A1314,230.24,ZAR,2024-07-22,18:06:24,FEE,Fee - Ref 998955,MOBILE,COMPLETED,REF159837D8C296,BROKEN_FK_account_id_to_accounts
TX019389,C0784,UNKNOWN,2914.99,ZAR,2026-08-04,08:05:14,DEBIT_ORDER,Debit Order - Ref 606363,MOBILE,COMPLETED,REF8D6C1995645E,BROKEN_FK_account_id_to_accounts
TX019405,C0433,A1025,2334.91,ZAR,2024-07-22,04:58:01,TRANSFER,Transfer - Ref 388422,ONLINE,COMPLETED,REF310ADF1EBA4B,BROKEN_FK_account_id_to_accounts
TX019406,C0224,A0045,439.18,ZAR,2024-12-05,14:00:03,WITHDRAWAL,Withdrawal - Ref 973020,ATM,COMPLETED,REFC8186E902D73,BROKEN_FK_account_id_to_accounts
TX019413,C0291,UNKNOWN,4651.81,ZAR,2026-05-27,13:32:41,INTEREST,Interest - Ref 300705,ONLINE,FAILED,REF805DF3DC79C9,BROKEN_FK_account_id_to_accounts
TX019416,C0614,UNKNOWN,478.94,ZAR,2026-01-23,16:15:26,DEBIT_ORDER,Debit Order - Ref 736826,MOBILE,COMPLETED,REFA3A275ADAE9F,BROKEN_FK_account_id_to_accounts
TX019436,C0301,UNKNOWN,1246.89,ZAR,2024-12-26,12:31:09,DEPOSIT,Deposit - Ref 920825,POS,COMPLETED,REF6EC3D57A4885,BROKEN_FK_account_id_to_accounts
TX019439,C0250,A0563,3217.11,ZAR,2026-08-30,06:56:07,TRANSFER,Transfer - Ref 170643,POS,COMPLETED,REFEEE9FE3764F5,BROKEN_FK_account_id_to_accounts
TX019459,C0433,A1025,3108.81,ZAR,2026-02-05,23:15:09,INTEREST,Interest - Ref 256435,POS,COMPLETED,REF2324A718F670,BROKEN_FK_account_id_to_accounts
TX019465,C0392,FAKE_5D6D1274,3408.32,ZAR,2025-11-21,18:48:03,INTEREST,Interest - Ref 731876,ONLINE,COMPLETED,REF97CDC0E9482F,BROKEN_FK_account_id_to_accounts
TX019490,C0298,UNKNOWN,4365.74,ZAR,2026-09-01,18:55:13,TRANSFER,Transfer - Ref 816833,MOBILE,COMPLETED,REFEE6E385C5C91,BROKEN_FK_account_id_to_accounts
TX019500,C0645,A0282,11452.56,ZAR,2026-08-01,06:19:06,TRANSFER,Transfer - Ref 246700,ONLINE,PENDING,REF43BC27675938,BROKEN_FK_account_id_to_accounts
TX019508,C0326,A0656,3140.13,ZAR,2024-01-20,23:49:05,DEPOSIT,Deposit - Ref 719256,ONLINE,COMPLETED,REFBB79EC4E64AC,BROKEN_FK_account_id_to_accounts
TX019516,C0874,A0790,3401.02,ZAR,2025-10-23,10:51:40,PAYMENT,Payment - Ref 234877,BRANCH,COMPLETED,REFE242514DB0A2,BROKEN_FK_account_id_to_accounts
TX019539,C0433,A1025,4271.86,ZAR,2024-08-28,00:08:39,INTEREST,Interest - Ref 259616,ATM,COMPLETED,REF32781D061D38,BROKEN_FK_account_id_to_accounts
TX019557,C0302,A0994,796.75,ZAR,2024-03-03,22:16:03,DEBIT_ORDER,Debit Order - Ref 149691,POS,PENDING,REF96CB77536C79,BROKEN_FK_account_id_to_accounts
TX019562,C0132,A1146,15907.6575,ZAR,2024-09-25,04:40:44,TRANSFER,Transfer - Ref 692154,MOBILE,FAILED,REF09D3F6A08361,BROKEN_FK_account_id_to_accounts
TX019598,C0174,A1169,15907.6575,ZAR,2024-02-21,04:50:18,REVERSAL,Reversal - Ref 886692,MOBILE,FAILED,REFDC91AC7F1571,BROKEN_FK_account_id_to_accounts
TX019605,C0019,UNKNOWN,202.1,ZAR,2025-08-30,13:00:38,FEE,Fee - Ref 164897,ATM,COMPLETED,REFABF09E6B1B1A,BROKEN_FK_account_id_to_accounts
TX019624,C0761,UNKNOWN,736.03,ZAR,2024-08-18,16:31:23,DEBIT_ORDER,Debit Order - Ref 615263,ONLINE,COMPLETED,REFED2813AAD889,BROKEN_FK_account_id_to_accounts
TX019641,C0614,A0422,511.06,ZAR,2024-10-17,03:33:49,PAYMENT,Payment - Ref 211996,MOBILE,COMPLETED,REF9063A60AD40A,BROKEN_FK_account_id_to_accounts
TX019643,C0948,UNKNOWN,305.34,ZAR,2026-09-08,15:45:28,WITHDRAWAL,Withdrawal - Ref 867941,MOBILE,COMPLETED,REF27BEA7EAD5FB,BROKEN_FK_account_id_to_accounts
TX019658,C0537,A0699,1861.7,ZAR,2026-01-31,21:43:26,PAYMENT,Payment - Ref 646382,POS,COMPLETED,REFB0ADCFEE909D,BROKEN_FK_account_id_to_accounts
TX019713,C0992,UNKNOWN,408.83,ZAR,2025-07-31,15:09:03,FEE,Fee - Ref 959918,BRANCH,COMPLETED,REF464DC55EA899,BROKEN_FK_account_id_to_accounts
TX019728,C0260,UNKNOWN,4506.45,ZAR,2024-01-24,15:53:42,REVERSAL,Reversal - Ref 919013,BRANCH,PENDING,REFCC3721E52BC9,BROKEN_FK_account_id_to_accounts
TX019739,C0142,UNKNOWN,13906.45,ZAR,2025-05-25,14:06:58,DEPOSIT,Deposit - Ref 172046,MOBILE,COMPLETED,REF5312B1E8E342,BROKEN_FK_account_id_to_accounts
TX019805,C0748,UNKNOWN,15907.6575,ZAR,2024-12-25,08:32:47,REVERSAL,Reversal - Ref 581479,MOBILE,COMPLETED,REFACAB4C20A5D4,BROKEN_FK_account_id_to_accounts
TX019806,C0735,UNKNOWN,1242.15,ZAR,2024-08-24,02:35:00,DEBIT_ORDER,Debit Order - Ref 789999,ONLINE,COMPLETED,REF1BC94B12C26C,BROKEN_FK_account_id_to_accounts
TX019807,C0429,A1065,6574.99,ZAR,2025-06-19,08:29:51,TRANSFER,Transfer - Ref 913155,MOBILE,REVERSED,REF8A74A123EAC6,BROKEN_FK_account_id_to_accounts
TX019818,C0224,A0045,2263.57,ZAR,2025-08-17,07:05:26,PAYMENT,Payment - Ref 544677,ATM,COMPLETED,REFFF854E1F8949,BROKEN_FK_account_id_to_accounts
TX019822,C0366,A0418,790.82,ZAR,2026-02-19,10:19:38,WITHDRAWAL,Withdrawal - Ref 480958,MOBILE,COMPLETED,REFC3969D3E9EC7,BROKEN_FK_account_id_to_accounts
TX019828,C0040,UNKNOWN,638.58,ZAR,2025-04-25,17:48:15,DEPOSIT,Deposit - Ref 843553,MOBILE,COMPLETED,REF1C055FD5EF96,BROKEN_FK_account_id_to_accounts
TX019836,C0158,A1330,4249.23,ZAR,2024-07-02,16:25:10,INTEREST,Interest - Ref 839840,ATM,COMPLETED,REF58E148CB8CA3,BROKEN_FK_account_id_to_accounts
TX019866,C0431,A0469,45.73,ZAR,2025-11-17,18:58:45,FEE,Fee - Ref 516140,ONLINE,COMPLETED,REF9B842F1F75CA,BROKEN_FK_account_id_to_accounts
TX019873,C0289,UNKNOWN,2877.3,ZAR,2026-05-25,19:48:23,INTEREST,Interest - Ref 630755,MOBILE,COMPLETED,REFF19F740FA603,BROKEN_FK_account_id_to_accounts
TX019955,C0236,FAKE_5A405FA4,416.08,ZAR,2024-01-15,02:11:03,TRANSFER,Transfer - Ref 750401,MOBILE,COMPLETED,REF2173F9873971,BROKEN_FK_account_id_to_accounts
TX019960,C0881,A0400,541.56,ZAR,2024-03-02,07:02:26,INTEREST,Interest - Ref 135893,MOBILE,COMPLETED,REFCCB81E53BBF0,BROKEN_FK_account_id_to_accounts
TX019977,C0657,UNKNOWN,218.12,ZAR,2024-06-27,12:09:05,FEE,Fee - Ref 420890,ATM,PENDING,REF1569B9AB8154,BROKEN_FK_account_id_to_accounts
TX020008,C0698,FAKE_533F2B43,304.32,ZAR,2025-02-19,17:17:49,FEE,Fee - Ref 401451,ATM,COMPLETED,REFAC3CD9FDD08A,BROKEN_FK_account_id_to_accounts
TX020031,C0881,A0400,502.22,ZAR,2026-04-09,11:15:57,DEBIT_ORDER,Debit Order - Ref 927537,MOBILE,COMPLETED,REF17CBA8CBF00D,BROKEN_FK_account_id_to_accounts
TX020050,C0011,UNKNOWN,1218.7,ZAR,2024-06-30,15:54:29,WITHDRAWAL,Withdrawal - Ref 324923,ONLINE,COMPLETED,REFAD1718A90C58,BROKEN_FK_account_id_to_accounts
TX020051,C0021,A1205,1929.98,ZAR,2025-09-29,22:17:06,DEPOSIT,Deposit - Ref 298918,MOBILE,COMPLETED,REF694E987E0B98,BROKEN_FK_account_id_to_accounts
TX020081,C0901,UNKNOWN,6367.82,ZAR,2026-04-27,10:35:04,DEPOSIT,Deposit - Ref 127615,MOBILE,COMPLETED,REFF33E6370FC3A,BROKEN_FK_account_id_to_accounts
TX020188,C0391,A0473,3546.47,ZAR,2024-09-11,16:19:19,INTEREST,Interest - Ref 615758,ATM,COMPLETED,REF78CBB7B00419,BROKEN_FK_account_id_to_accounts
TX020193,C0726,UNKNOWN,477.0,ZAR,2024-02-18,10:49:54,FEE,Fee - Ref 925879,POS,COMPLETED,REFAAFD89779B22,BROKEN_FK_account_id_to_accounts
TX020218,C0071,A0452,8499.69,ZAR,2024-02-07,05:56:39,REVERSAL,Reversal - Ref 599130,MOBILE,COMPLETED,REFE70E2EB4DDD4,BROKEN_FK_account_id_to_accounts
TX020252,C0108,A0572,1579.23,ZAR,2025-01-07,06:35:41,DEPOSIT,Deposit - Ref 693342,MOBILE,COMPLETED,REF80A235AFBC26,BROKEN_FK_account_id_to_accounts
TX020253,C0021,A1205,15907.6575,ZAR,2025-01-24,07:27:52,REVERSAL,Reversal - Ref 647541,MOBILE,COMPLETED,REFAA0BEE602A8E,BROKEN_FK_account_id_to_accounts
TX020273,C0326,A0656,3086.26,ZAR,2025-04-10,00:59:24,TRANSFER,Transfer - Ref 294055,BRANCH,COMPLETED,REFD87309DA9001,BROKEN_FK_account_id_to_accounts
TX020287,C0398,A0053,473.25,ZAR,2025-07-05,05:04:32,TRANSFER,Transfer - Ref 609093,ATM,COMPLETED,REF9C16E9B34385,BROKEN_FK_account_id_to_accounts
TX020307,C0315,UNKNOWN,584.87,ZAR,2024-09-25,03:35:48,DEBIT_ORDER,Debit Order - Ref 105172,MOBILE,COMPLETED,REF73077D5DE847,BROKEN_FK_account_id_to_accounts
TX020314,C0049,A1190,3383.58,ZAR,2025-04-18,20:31:56,DEBIT_ORDER,Debit Order - Ref 368830,BRANCH,COMPLETED,REF5EBAF035113D,BROKEN_FK_account_id_to_accounts
TX020330,C0807,A0519,701.08,ZAR,2026-01-16,19:50:43,DEPOSIT,Deposit - Ref 220118,MOBILE,COMPLETED,REF3D81F93FEF9E,BROKEN_FK_account_id_to_accounts
TX020332,C0807,UNKNOWN,4741.92,ZAR,2025-09-04,21:37:35,INTEREST,Interest - Ref 394334,POS,COMPLETED,REF91213B46F087,BROKEN_FK_account_id_to_accounts
TX020334,C0381,UNKNOWN,354.31,ZAR,2024-07-20,16:57:09,DEBIT_ORDER,Debit Order - Ref 394048,MOBILE,COMPLETED,REF8BEB97B948BC,BROKEN_FK_account_id_to_accounts
TX020343,C0923,UNKNOWN,1502.27,ZAR,2025-11-24,06:44:10,WITHDRAWAL,Withdrawal - Ref 786638,MOBILE,PENDING,REF995B7AAEF0A6,BROKEN_FK_account_id_to_accounts
TX020347,C0381,UNKNOWN,4482.24,ZAR,2024-02-03,10:39:37,DEPOSIT,Deposit - Ref 209614,MOBILE,COMPLETED,REFFD31217D979D,BROKEN_FK_account_id_to_accounts
TX020349,C0874,A0790,2174.82,ZAR,2025-02-02,01:56:14,PAYMENT,Payment - Ref 455497,MOBILE,PENDING,REFDF09057BB654,BROKEN_FK_account_id_to_accounts
TX020368,C0426,UNKNOWN,4050.91,ZAR,2024-05-06,19:16:30,DEPOSIT,Deposit - Ref 206781,MOBILE,COMPLETED,REF210CA198E2BE,BROKEN_FK_account_id_to_accounts
TX020400,C0326,A0448,1366.69,ZAR,2025-07-30,08:06:44,PAYMENT,Payment - Ref 373241,BRANCH,COMPLETED,REF75BD96CF1957,BROKEN_FK_account_id_to_accounts
TX020416,C0049,A1190,1607.75,ZAR,2024-04-14,19:43:06,PAYMENT,Payment - Ref 377741,MOBILE,COMPLETED,REF441F68F6B93F,BROKEN_FK_account_id_to_accounts
TX020444,C0049,A1190,3545.43,ZAR,2024-05-11,23:44:25,TRANSFER,Transfer - Ref 127398,ONLINE,COMPLETED,REF83247BE87A33,BROKEN_FK_account_id_to_accounts
TX020460,C0451,UNKNOWN,312.08,ZAR,2026-02-23,16:06:40,DEPOSIT,Deposit - Ref 741818,POS,PENDING,REFED34A7CC6B90,BROKEN_FK_account_id_to_accounts
TX020463,C0987,A0943,275.86,ZAR,2024-11-27,23:26:19,FEE,Fee - Ref 227258,ONLINE,COMPLETED,REF2E7DEDFAE943,BROKEN_FK_account_id_to_accounts
TX020475,C0261,A0515,228.06,ZAR,2024-08-22,14:32:56,FEE,Fee - Ref 186500,ATM,FAILED,REF520C3044430E,BROKEN_FK_account_id_to_accounts
TX020500,C0439,UNKNOWN,1954.59,ZAR,2024-04-14,20:43:33,PAYMENT,Payment - Ref 620020,ONLINE,REVERSED,REFBE61F1B8E381,BROKEN_FK_account_id_to_accounts
TX020505,C0326,A0448,4291.38,ZAR,2025-04-02,00:49:25,INTEREST,Interest - Ref 165308,ATM,COMPLETED,REFDECA3C71EB90,BROKEN_FK_account_id_to_accounts
TX020521,C0158,A1330,534.24,ZAR,2024-10-27,14:43:11,PAYMENT,Payment - Ref 908653,MOBILE,COMPLETED,REFA08941239DB7,BROKEN_FK_account_id_to_accounts
TX020555,C0922,A0672,631.01,ZAR,2024-04-18,07:09:45,PAYMENT,Payment - Ref 755175,POS,COMPLETED,REF53473794D7D7,BROKEN_FK_account_id_to_accounts
TX020582,C0922,A0672,15907.6575,ZAR,2024-04-03,19:46:48,REVERSAL,Reversal - Ref 871019,BRANCH,COMPLETED,REF68D96CDEED27,BROKEN_FK_account_id_to_accounts
TX020608,C0881,A0400,3676.75,ZAR,2024-08-29,02:58:46,INTEREST,Interest - Ref 104581,MOBILE,COMPLETED,REF1CA640FD3F59,BROKEN_FK_account_id_to_accounts
TX020630,C0620,UNKNOWN,234.71,ZAR,2026-02-18,16:32:26,FEE,Fee - Ref 634663,MOBILE,COMPLETED,REF421A1AA8B007,BROKEN_FK_account_id_to_accounts
TX020672,C0108,A0572,404.04,ZAR,2024-11-15,03:05:59,DEBIT_ORDER,Debit Order - Ref 478447,ONLINE,COMPLETED,REFB1EBB5150C73,BROKEN_FK_account_id_to_accounts
TX020679,C0302,UNKNOWN,4651.1,ZAR,2025-04-17,12:16:26,DEPOSIT,Deposit - Ref 637736,MOBILE,COMPLETED,REF483984D96C68,BROKEN_FK_account_id_to_accounts
TX020680,C0429,A1065,15907.6575,ZAR,2024-09-15,18:07:11,REVERSAL,Reversal - Ref 704451,ONLINE,COMPLETED,REF86BBEF4AEB8B,BROKEN_FK_account_id_to_accounts
TX020694,C0113,UNKNOWN,6439.46,ZAR,2026-02-25,22:22:31,REVERSAL,Reversal - Ref 520043,MOBILE,COMPLETED,REFD22AD840C3D9,BROKEN_FK_account_id_to_accounts
TX020706,C0993,UNKNOWN,2080.13,ZAR,2024-12-18,08:02:55,TRANSFER,Transfer - Ref 634184,BRANCH,COMPLETED,REF68E950C9DD75,BROKEN_FK_account_id_to_accounts
TX020731,C0398,A0053,15907.6575,ZAR,2025-09-29,04:06:29,REVERSAL,Reversal - Ref 464727,BRANCH,COMPLETED,REF72D0D551AA5F,BROKEN_FK_account_id_to_accounts
TX020737,C0645,A0282,240.63,ZAR,2024-12-20,09:10:18,FEE,Fee - Ref 660468,ONLINE,COMPLETED,REF76122DDA6F81,BROKEN_FK_account_id_to_accounts
TX020744,C0491,UNKNOWN,1809.53,ZAR,2024-10-04,21:12:43,INTEREST,Interest - Ref 190698,MOBILE,COMPLETED,REFCEE9E075CBD3,BROKEN_FK_account_id_to_accounts
TX020752,C0767,A0305,865.94,ZAR,2026-01-28,17:36:22,WITHDRAWAL,Withdrawal - Ref 418223,MOBILE,COMPLETED,REF932463C6D58D,BROKEN_FK_account_id_to_accounts
TX020753,C0785,UNKNOWN,789.11,ZAR,2024-08-15,11:15:03,INTEREST,Interest - Ref 725774,ONLINE,COMPLETED,REF2F1876D721FE,BROKEN_FK_account_id_to_accounts
TX020767,C0874,A0790,444.12,ZAR,2024-09-21,19:25:59,FEE,Fee - Ref 976274,ATM,COMPLETED,REF5289BC84847D,BROKEN_FK_account_id_to_accounts
TX020770,C0089,A0779,2058.54,ZAR,2024-06-06,19:32:52,DEBIT_ORDER,Debit Order - Ref 467658,MOBILE,PENDING,REFBFC884A5DBF0,BROKEN_FK_account_id_to_accounts
TX020784,C0922,A0672,15907.6575,ZAR,2025-07-23,01:12:19,REVERSAL,Reversal - Ref 802381,MOBILE,FAILED,REF22E5E90DC959,BROKEN_FK_account_id_to_accounts
TX020788,C0108,A0572,910.58,ZAR,2025-04-14,01:53:14,INTEREST,Interest - Ref 842212,ONLINE,COMPLETED,REFA45D5D34E330,BROKEN_FK_account_id_to_accounts
TX020793,C0261,A0515,4891.1,ZAR,2026-04-23,19:11:48,INTEREST,Interest - Ref 177179,MOBILE,PENDING,REF35DC32E2EC81,BROKEN_FK_account_id_to_accounts
TX020798,C0807,A0519,297.42,ZAR,2025-05-17,02:58:27,DEPOSIT,Deposit - Ref 541577,ONLINE,COMPLETED,REF759C05CE41FA,BROKEN_FK_account_id_to_accounts
TX020811,C0562,UNKNOWN,3016.15,ZAR,2025-11-22,19:42:35,DEPOSIT,Deposit - Ref 803611,MOBILE,COMPLETED,REFDCBAD0DA36FA,BROKEN_FK_account_id_to_accounts
TX020815,C0518,FAKE_8AC4AB5F,467.38,ZAR,2025-04-17,11:04:45,INTEREST,Interest - Ref 139792,ATM,COMPLETED,REF628478881BAA,BROKEN_FK_account_id_to_accounts
TX020838,C0999,A0831,3984.33,ZAR,2025-12-29,23:49:06,PAYMENT,Payment - Ref 190709,ONLINE,COMPLETED,REF8C046120A731,BROKEN_FK_account_id_to_accounts
TX020855,C0071,A1181,3407.59,ZAR,2025-11-12,06:39:08,DEPOSIT,Deposit - Ref 177384,ONLINE,COMPLETED,REFB942E5323E57,BROKEN_FK_account_id_to_accounts
TX020870,C0646,A0291,515.3,ZAR,2026-09-15,16:57:14,PAYMENT,Payment - Ref 271756,MOBILE,COMPLETED,REF892AF0E6E4C3,BROKEN_FK_account_id_to_accounts
TX020907,C0071,A0452,15907.6575,ZAR,2026-05-28,09:52:44,TRANSFER,Transfer - Ref 556257,MOBILE,COMPLETED,REF18AEDD86A0C3,BROKEN_FK_account_id_to_accounts
TX020923,C0537,A0699,465.97,ZAR,2025-10-26,12:53:30,FEE,Fee - Ref 732751,BRANCH,COMPLETED,REF5D8E43B95EC5,BROKEN_FK_account_id_to_accounts
TX020940,C0138,A0544,619.93,ZAR,2025-09-16,20:24:05,PAYMENT,Payment - Ref 749683,MOBILE,COMPLETED,REF2D60A165C6EA,BROKEN_FK_account_id_to_accounts
TX020946,C0735,UNKNOWN,1318.48,ZAR,2026-08-21,03:33:44,PAYMENT,Payment - Ref 996916,MOBILE,COMPLETED,REF531055A093FF,BROKEN_FK_account_id_to_accounts
TX020956,C0987,A0943,203.99,ZAR,2026-03-18,22:44:26,TRANSFER,Transfer - Ref 141725,POS,COMPLETED,REFAE60A451BDFE,BROKEN_FK_account_id_to_accounts
TX020978,C0694,FAKE_B0BC84C2,530.91,ZAR,2024-08-05,00:19:23,PAYMENT,Payment - Ref 919849,MOBILE,COMPLETED,REF6A040F0AEB29,BROKEN_FK_account_id_to_accounts
TX020986,C0537,A0699,240.48,ZAR,2025-03-01,02:39:40,FEE,Fee - Ref 621369,ONLINE,REVERSED,REF607FE4C988A9,BROKEN_FK_account_id_to_accounts
TX021015,C0569,A0141,9145.47,ZAR,2026-06-09,15:33:42,REVERSAL,Reversal - Ref 749634,ONLINE,COMPLETED,REFA6150CDCD5F5,BROKEN_FK_account_id_to_accounts
TX021021,C0229,UNKNOWN,3439.47,ZAR,2026-07-27,02:35:27,INTEREST,Interest - Ref 803055,ONLINE,COMPLETED,REF2B449B3B0A27,BROKEN_FK_account_id_to_accounts
TX021086,C0419,A0556,1770.84,ZAR,2024-01-04,01:49:38,TRANSFER,Transfer - Ref 193284,ONLINE,FAILED,REF09BD75C071C7,BROKEN_FK_account_id_to_accounts
TX021090,C0692,A0415,1775.85,ZAR,2025-08-22,05:34:54,DEPOSIT,Deposit - Ref 106071,POS,COMPLETED,REF8DD9181AC164,BROKEN_FK_account_id_to_accounts
TX021095,C0645,A0282,195.64,ZAR,2024-11-29,16:00:48,TRANSFER,Transfer - Ref 733375,MOBILE,COMPLETED,REF469FDB0DF1F9,BROKEN_FK_account_id_to_accounts
TX021096,C0391,A0473,2866.84,ZAR,2024-11-03,22:31:35,INTEREST,Interest - Ref 604613,POS,COMPLETED,REF2BED051F4FC3,BROKEN_FK_account_id_to_accounts
TX021102,C0158,A1330,2222.97,ZAR,2024-11-16,13:47:34,PAYMENT,Payment - Ref 943444,ATM,COMPLETED,REF03FBBF97ACDD,BROKEN_FK_account_id_to_accounts
TX021123,C0250,A0563,147.8,ZAR,2026-05-17,17:32:04,WITHDRAWAL,Withdrawal - Ref 881307,ATM,REVERSED,REFE21807B21B7F,BROKEN_FK_account_id_to_accounts
TX021131,C0614,A0422,1036.8,ZAR,2026-06-03,13:15:16,WITHDRAWAL,Withdrawal - Ref 203038,BRANCH,COMPLETED,REFACDA13398C07,BROKEN_FK_account_id_to_accounts
TX021150,C0907,A1444,2097.09,ZAR,2026-01-12,14:52:15,INTEREST,Interest - Ref 246498,ONLINE,COMPLETED,REFC2AB800E71E3,BROKEN_FK_account_id_to_accounts
TX021154,C0261,A0515,15907.6575,ZAR,2026-02-18,19:47:10,REVERSAL,Reversal - Ref 167590,ATM,COMPLETED,REFD7F1CDDDEECD,BROKEN_FK_account_id_to_accounts
TX021197,C0344,UNKNOWN,15907.6575,ZAR,2024-05-14,15:46:42,REVERSAL,Reversal - Ref 658200,ATM,PENDING,REFBF30AEE8053A,BROKEN_FK_account_id_to_accounts
TX021214,C0569,A0141,10251.77,ZAR,2024-11-01,02:41:01,TRANSFER,Transfer - Ref 157840,MOBILE,PENDING,REFD5FE24A8FE75,BROKEN_FK_account_id_to_accounts
TX021215,C0224,A0045,4236.47,ZAR,2025-08-07,00:51:24,DEBIT_ORDER,Debit Order - Ref 120603,MOBILE,COMPLETED,REF4BCD5879DC9C,BROKEN_FK_account_id_to_accounts
TX021222,C0085,UNKNOWN,2543.59,ZAR,2025-12-03,01:41:47,WITHDRAWAL,Withdrawal - Ref 648957,ONLINE,COMPLETED,REF6288A60BDBEC,BROKEN_FK_account_id_to_accounts
TX021227,C0021,FAKE_2BC0D7A9,9010.76,ZAR,2026-06-12,04:00:24,REVERSAL,Reversal - Ref 757189,BRANCH,COMPLETED,REF7EECDF4583B4,BROKEN_FK_account_id_to_accounts
TX021264,C0552,UNKNOWN,299.47,ZAR,2024-03-18,22:33:10,DEBIT_ORDER,Debit Order - Ref 929079,ONLINE,PENDING,REF1366185CEDBB,BROKEN_FK_account_id_to_accounts
TX021272,C0482,FAKE_6B123E24,1519.07,ZAR,2024-03-15,18:26:35,WITHDRAWAL,Withdrawal - Ref 459313,ONLINE,COMPLETED,REF2586E7CE5B9A,BROKEN_FK_account_id_to_accounts
TX021310,C0767,A0305,15907.6575,ZAR,2025-02-03,12:40:26,REVERSAL,Reversal - Ref 401237,ATM,COMPLETED,REF2A51F10ADD86,BROKEN_FK_account_id_to_accounts
TX021312,C0240,A0937,3472.3,ZAR,2025-06-04,10:17:55,TRANSFER,Transfer - Ref 711194,ONLINE,COMPLETED,REFC3DE631761DF,BROKEN_FK_account_id_to_accounts
TX021315,C0195,UNKNOWN,582.49,ZAR,2025-05-08,01:33:09,TRANSFER,Transfer - Ref 652198,MOBILE,COMPLETED,REFDFBE24AFA136,BROKEN_FK_account_id_to_accounts
TX021338,C0107,A1386,5502.5,ZAR,2025-04-27,03:57:52,REVERSAL,Reversal - Ref 109943,MOBILE,COMPLETED,REF52A68AE0CEFA,BROKEN_FK_account_id_to_accounts
TX021348,C0391,A0473,1687.88,ZAR,2025-05-12,05:37:35,INTEREST,Interest - Ref 668382,ONLINE,COMPLETED,REF24635980C336,BROKEN_FK_account_id_to_accounts
TX021380,C0760,UNKNOWN,163.31,ZAR,2026-08-06,20:42:47,FEE,Fee - Ref 295440,MOBILE,COMPLETED,REF617A0C2DF34E,BROKEN_FK_account_id_to_accounts
TX021395,C0360,UNKNOWN,516.49,ZAR,2024-04-04,06:51:03,DEBIT_ORDER,Debit Order - Ref 947161,POS,COMPLETED,REFBEA78F532517,BROKEN_FK_account_id_to_accounts
TX021409,C0720,A0589,2145.71,ZAR,2025-07-12,04:20:23,PAYMENT,Payment - Ref 428982,MOBILE,COMPLETED,REF4D7DD21B7BB8,BROKEN_FK_account_id_to_accounts
TX021417,C0831,A0527,554.06,ZAR,2026-07-17,02:52:14,WITHDRAWAL,Withdrawal - Ref 932826,ONLINE,COMPLETED,REF1E245793F579,BROKEN_FK_account_id_to_accounts
TX021425,C0339,A0380,1341.06,ZAR,2025-07-23,00:35:30,DEBIT_ORDER,Debit Order - Ref 819802,ONLINE,COMPLETED,REF33ED0EA88ED4,BROKEN_FK_account_id_to_accounts
TX021487,C0907,A1444,1061.99,ZAR,2025-04-14,11:52:35,DEBIT_ORDER,Debit Order - Ref 771724,MOBILE,COMPLETED,REF2DA224BEB2AA,BROKEN_FK_account_id_to_accounts
TX021498,C0800,A0764,15907.6575,ZAR,2026-06-07,16:33:35,REVERSAL,Reversal - Ref 794591,POS,COMPLETED,REF06C5234EC01F,BROKEN_FK_account_id_to_accounts
TX021502,C0391,A0473,445.35,ZAR,2024-02-22,16:02:59,FEE,Fee - Ref 734518,MOBILE,COMPLETED,REFFBF9A3999421,BROKEN_FK_account_id_to_accounts
TX021504,C0339,A0380,10645.69,ZAR,2026-05-23,12:34:26,DEPOSIT,Deposit - Ref 489706,ONLINE,COMPLETED,REFFEF0A3BCABA4,BROKEN_FK_account_id_to_accounts
TX021507,C0166,UNKNOWN,1181.95,ZAR,2025-05-16,16:47:28,PAYMENT,Payment - Ref 137544,MOBILE,COMPLETED,REF7B856DA368C2,BROKEN_FK_account_id_to_accounts
TX021515,C0489,UNKNOWN,15907.6575,ZAR,2024-01-18,07:12:55,REVERSAL,Reversal - Ref 377158,MOBILE,COMPLETED,REF70169EB5A302,BROKEN_FK_account_id_to_accounts
TX021528,C0240,A0937,15907.6575,ZAR,2025-08-22,11:50:47,REVERSAL,Reversal - Ref 546393,ONLINE,COMPLETED,REFC86ED98F0FFB,BROKEN_FK_account_id_to_accounts
TX021532,C0398,A0053,15907.6575,ZAR,2025-04-18,15:54:37,REVERSAL,Reversal - Ref 199791,MOBILE,COMPLETED,REF90FBBD67BD99,BROKEN_FK_account_id_to_accounts
TX021541,C0082,A1200,1884.15,ZAR,2026-03-18,11:01:19,TRANSFER,Transfer - Ref 757998,MOBILE,COMPLETED,REF053BC83900A6,BROKEN_FK_account_id_to_accounts
TX021558,C0614,UNKNOWN,1887.48,ZAR,2024-03-04,09:29:36,DEBIT_ORDER,Debit Order - Ref 767985,ATM,COMPLETED,REFF838008D3600,BROKEN_FK_account_id_to_accounts
TX021566,C0761,FAKE_10DDE807,718.77,ZAR,2024-01-24,19:37:43,DEBIT_ORDER,Debit Order - Ref 631996,ONLINE,FAILED,REFCA7C9D97F47C,BROKEN_FK_account_id_to_accounts
TX021572,C0339,A0380,1395.82,ZAR,2026-08-06,19:46:10,DEBIT_ORDER,Debit Order - Ref 177356,ONLINE,COMPLETED,REFB0423BF1118B,BROKEN_FK_account_id_to_accounts
TX021589,C0108,A0572,535.72,ZAR,2024-05-15,03:13:53,DEBIT_ORDER,Debit Order - Ref 579623,ONLINE,COMPLETED,REFEDD3A5A2279A,BROKEN_FK_account_id_to_accounts
TX021605,C0224,A0045,15907.6575,ZAR,2026-08-01,09:40:09,REVERSAL,Reversal - Ref 125023,MOBILE,COMPLETED,REF51C03D69199C,BROKEN_FK_account_id_to_accounts
TX021628,C0132,UNKNOWN,3459.53,ZAR,2024-01-10,13:37:57,DEPOSIT,Deposit - Ref 202886,ONLINE,COMPLETED,REF4BC2820BDAF6,BROKEN_FK_account_id_to_accounts
TX021633,C0692,A0415,9801.74,ZAR,2026-05-29,02:51:16,WITHDRAWAL,Withdrawal - Ref 730976,ONLINE,COMPLETED,REF563547BD6BF4,BROKEN_FK_account_id_to_accounts
TX021684,C0807,A0519,225.07,ZAR,2025-11-29,05:43:01,WITHDRAWAL,Withdrawal - Ref 292624,MOBILE,COMPLETED,REF79EEB509675E,BROKEN_FK_account_id_to_accounts
TX021685,C0645,A0282,1878.8,ZAR,2026-06-24,01:47:00,WITHDRAWAL,Withdrawal - Ref 824253,ONLINE,COMPLETED,REF74CEBD62C571,BROKEN_FK_account_id_to_accounts
TX021726,C0399,UNKNOWN,350.26,ZAR,2024-04-08,03:32:46,DEBIT_ORDER,Debit Order - Ref 371267,MOBILE,COMPLETED,REF0C396725C1FE,BROKEN_FK_account_id_to_accounts
TX021757,C0345,UNKNOWN,363.33,ZAR,2024-05-24,04:56:09,DEBIT_ORDER,Debit Order - Ref 688800,ONLINE,COMPLETED,REFFB9E46DD0B18,BROKEN_FK_account_id_to_accounts
TX021770,C0108,A0572,5431.78,ZAR,2025-08-11,16:12:37,TRANSFER,Transfer - Ref 807247,MOBILE,COMPLETED,REF40ECC4EFE03D,BROKEN_FK_account_id_to_accounts
TX021772,C0766,UNKNOWN,5653.87,ZAR,2024-04-19,19:16:25,DEBIT_ORDER,Debit Order - Ref 365345,MOBILE,COMPLETED,REF90FF38533B31,BROKEN_FK_account_id_to_accounts
TX021795,C0767,A0305,292.86,ZAR,2025-08-15,06:02:22,FEE,Fee - Ref 578665,ATM,COMPLETED,REF0BAFC975C7FB,BROKEN_FK_account_id_to_accounts
TX021799,C0658,UNKNOWN,195.91,ZAR,2026-08-06,22:42:57,WITHDRAWAL,Withdrawal - Ref 777438,ATM,COMPLETED,REFF7D2C98F4080,BROKEN_FK_account_id_to_accounts
TX021803,C0726,UNKNOWN,2415.87,ZAR,2025-02-17,22:19:42,INTEREST,Interest - Ref 758059,ONLINE,COMPLETED,REF07FC6229DE3A,BROKEN_FK_account_id_to_accounts
TX021811,C0398,A0053,5928.22,ZAR,2025-01-31,08:47:05,DEBIT_ORDER,Debit Order - Ref 441473,BRANCH,COMPLETED,REFF81A1C5046CD,BROKEN_FK_account_id_to_accounts
TX021828,C0631,UNKNOWN,1247.31,ZAR,2025-02-12,07:05:21,DEBIT_ORDER,Debit Order - Ref 444497,POS,PENDING,REF3C3D0E54B2FA,BROKEN_FK_account_id_to_accounts
TX021875,C0431,A0469,687.34,ZAR,2026-08-16,07:05:56,WITHDRAWAL,Withdrawal - Ref 442282,MOBILE,COMPLETED,REF7635986DD91F,BROKEN_FK_account_id_to_accounts
TX021903,C0607,UNKNOWN,2877.81,ZAR,2025-05-19,23:10:04,PAYMENT,Payment - Ref 540442,BRANCH,COMPLETED,REF162B9917C452,BROKEN_FK_account_id_to_accounts
TX021904,C0398,A0053,15907.6575,ZAR,2025-12-13,16:42:40,TRANSFER,Transfer - Ref 796583,ONLINE,COMPLETED,REFD76399A78866,BROKEN_FK_account_id_to_accounts
TX021913,C0085,UNKNOWN,6099.18,ZAR,2024-01-28,13:28:10,DEPOSIT,Deposit - Ref 941876,MOBILE,COMPLETED,REF14539E3A4DF5,BROKEN_FK_account_id_to_accounts
TX021930,C0027,UNKNOWN,10181.43,ZAR,2024-07-15,22:24:13,TRANSFER,Transfer - Ref 709508,ONLINE,COMPLETED,REF98B041FEB159,BROKEN_FK_account_id_to_accounts
TX021932,C0158,A1330,259.71,ZAR,2026-02-27,21:10:01,INTEREST,Interest - Ref 470467,ONLINE,COMPLETED,REFCF43E5E6B713,BROKEN_FK_account_id_to_accounts
TX021951,C0881,A0400,182.84,ZAR,2025-01-02,13:45:06,TRANSFER,Transfer - Ref 268698,MOBILE,COMPLETED,REF68050C3E2578,BROKEN_FK_account_id_to_accounts
TX021959,C0326,A0656,2734.27,ZAR,2024-02-23,22:40:07,INTEREST,Interest - Ref 704425,ONLINE,COMPLETED,REFD3EBD19F9C68,BROKEN_FK_account_id_to_accounts
TX022003,C0138,A0544,2269.89,ZAR,2026-03-17,09:22:13,PAYMENT,Payment - Ref 835498,ATM,COMPLETED,REF004F7BD99E7B,BROKEN_FK_account_id_to_accounts
TX022016,C0431,A0469,446.66,ZAR,2025-02-03,04:16:50,FEE,Fee - Ref 272557,ONLINE,COMPLETED,REFF9D8582E598E,BROKEN_FK_account_id_to_accounts
TX022051,C0287,UNKNOWN,668.75,ZAR,2025-03-22,01:20:52,PAYMENT,Payment - Ref 953739,ONLINE,COMPLETED,REF5C55F2200467,BROKEN_FK_account_id_to_accounts
TX022090,C0240,A0937,17.95,ZAR,2025-08-06,02:02:59,FEE,Fee - Ref 980880,ONLINE,COMPLETED,REFF90E54F4BC11,BROKEN_FK_account_id_to_accounts
TX022111,C0652,UNKNOWN,2072.5,ZAR,2026-07-12,17:37:36,INTEREST,Interest - Ref 673219,POS,COMPLETED,REF511F6FCA1E7E,BROKEN_FK_account_id_to_accounts
TX022152,C0800,A0764,1872.59,ZAR,2024-10-29,07:53:58,TRANSFER,Transfer - Ref 957298,MOBILE,COMPLETED,REFC34E77AB8612,BROKEN_FK_account_id_to_accounts
TX022158,C0807,A0519,1007.51,ZAR,2025-11-23,17:42:41,DEBIT_ORDER,Debit Order - Ref 416969,ATM,COMPLETED,REFBAE2F942C886,BROKEN_FK_account_id_to_accounts
TX022160,C0021,A1205,3717.91,ZAR,2024-10-27,22:14:34,TRANSFER,Transfer - Ref 667047,MOBILE,PENDING,REF6D74A371717D,BROKEN_FK_account_id_to_accounts
TX022162,C0071,A1181,736.28,ZAR,2026-08-05,14:13:08,WITHDRAWAL,Withdrawal - Ref 893628,ONLINE,COMPLETED,REFA890DA06BFD6,BROKEN_FK_account_id_to_accounts
TX022172,C0239,UNKNOWN,15907.6575,ZAR,2024-09-19,02:45:25,REVERSAL,Reversal - Ref 361112,MOBILE,COMPLETED,REFDD70EA96691A,BROKEN_FK_account_id_to_accounts
TX022230,C0158,A1330,283.65,ZAR,2026-05-16,03:27:27,FEE,Fee - Ref 824570,MOBILE,COMPLETED,REF505EA2F4B0B5,BROKEN_FK_account_id_to_accounts
TX022238,C0431,A0469,3467.2,ZAR,2025-12-18,12:14:05,DEBIT_ORDER,Debit Order - Ref 365380,MOBILE,COMPLETED,REFB9D7B015E55A,BROKEN_FK_account_id_to_accounts
TX022253,C0429,A1065,632.11,ZAR,2026-05-29,10:41:25,WITHDRAWAL,Withdrawal - Ref 646643,MOBILE,COMPLETED,REF2A2AD57BFF06,BROKEN_FK_account_id_to_accounts
TX022272,C0071,A0452,1178.82,ZAR,2026-03-25,03:21:11,INTEREST,Interest - Ref 209794,ONLINE,COMPLETED,REF4D0FFA55B6ED,BROKEN_FK_account_id_to_accounts
TX022277,C0339,A0380,15907.6575,ZAR,2024-07-17,18:02:43,REVERSAL,Reversal - Ref 127268,BRANCH,FAILED,REFC29796F6EB06,BROKEN_FK_account_id_to_accounts
TX022299,C0881,A0400,96.33,ZAR,2024-06-27,16:42:46,FEE,Fee - Ref 795993,MOBILE,COMPLETED,REF2DFF32361797,BROKEN_FK_account_id_to_accounts
TX022309,C0174,A1169,1366.34,ZAR,2025-01-13,22:02:07,DEBIT_ORDER,Debit Order - Ref 898912,MOBILE,COMPLETED,REF9D653452D1EE,BROKEN_FK_account_id_to_accounts
TX022317,C0646,A0291,1090.03,ZAR,2026-03-19,12:17:21,INTEREST,Interest - Ref 142330,MOBILE,COMPLETED,REF0A37877740CF,BROKEN_FK_account_id_to_accounts
TX022360,C0941,UNKNOWN,2355.59,ZAR,2026-06-28,20:26:00,INTEREST,Interest - Ref 614347,BRANCH,PENDING,REFABBE7129CF66,BROKEN_FK_account_id_to_accounts
TX022385,C0065,UNKNOWN,443.4,ZAR,2024-08-10,23:21:19,FEE,Fee - Ref 805264,ONLINE,COMPLETED,REFF92A32DF4C9F,BROKEN_FK_account_id_to_accounts
TX022402,C0855,UNKNOWN,499.96,ZAR,2026-08-23,14:01:46,PAYMENT,Payment - Ref 472794,MOBILE,COMPLETED,REFD4E4AD56D871,BROKEN_FK_account_id_to_accounts
TX022490,C0716,UNKNOWN,9840.4,ZAR,2025-08-09,09:07:31,REVERSAL,Reversal - Ref 500613,ONLINE,COMPLETED,REF5898FE29F98B,BROKEN_FK_account_id_to_accounts
TX022499,C0908,UNKNOWN,428.62,ZAR,2024-09-24,17:43:24,PAYMENT,Payment - Ref 682634,MOBILE,COMPLETED,REF77B10C80B3A0,BROKEN_FK_account_id_to_accounts
TX022516,C0345,A0694,6686.42,ZAR,2025-05-28,21:09:55,DEBIT_ORDER,Debit Order - Ref 502359,ONLINE,COMPLETED,REF8D23218F93CC,BROKEN_FK_account_id_to_accounts
TX022520,C0569,A0141,243.54,ZAR,2024-10-07,11:22:19,WITHDRAWAL,Withdrawal - Ref 768454,ATM,COMPLETED,REFD0871AF51A37,BROKEN_FK_account_id_to_accounts
TX022532,C0987,A0943,334.42,ZAR,2024-07-18,23:00:12,DEBIT_ORDER,Debit Order - Ref 341456,MOBILE,COMPLETED,REF7FF2195DC243,BROKEN_FK_account_id_to_accounts
TX022535,C0302,A0994,595.05,ZAR,2025-02-20,21:18:58,WITHDRAWAL,Withdrawal - Ref 588909,BRANCH,COMPLETED,REF04192AB3B178,BROKEN_FK_account_id_to_accounts
TX022553,C0720,A0589,364.68,ZAR,2026-07-05,22:41:37,FEE,Fee - Ref 208556,ATM,FAILED,REF3812F51573FC,BROKEN_FK_account_id_to_accounts
TX022568,C0214,UNKNOWN,178.29,ZAR,2025-09-22,00:10:22,INTEREST,Interest - Ref 963285,MOBILE,COMPLETED,REFF40AAEB80E3A,BROKEN_FK_account_id_to_accounts
TX022580,C0625,UNKNOWN,184.69,ZAR,2026-02-13,08:33:52,FEE,Fee - Ref 497557,MOBILE,COMPLETED,REF9CC62117A8B6,BROKEN_FK_account_id_to_accounts
TX022606,C0614,A0422,51.42,ZAR,2024-09-17,16:13:15,PAYMENT,Payment - Ref 868181,MOBILE,COMPLETED,REF841BB1233EF1,BROKEN_FK_account_id_to_accounts
TX022614,C0498,FAKE_BD320DE2,204.39,ZAR,2024-07-29,15:00:39,DEPOSIT,Deposit - Ref 139088,MOBILE,COMPLETED,REF49303186394F,BROKEN_FK_account_id_to_accounts
TX022642,C0772,A0436,1662.96,ZAR,2024-11-02,07:02:13,DEBIT_ORDER,Debit Order - Ref 778240,MOBILE,COMPLETED,REFC71339C874A7,BROKEN_FK_account_id_to_accounts
TX022646,C0302,A0994,6399.31,ZAR,2024-02-05,05:45:01,DEPOSIT,Deposit - Ref 563703,ATM,COMPLETED,REFCB80EF4CCCC6,BROKEN_FK_account_id_to_accounts
TX022651,C0703,UNKNOWN,796.96,ZAR,2024-11-12,23:26:26,DEPOSIT,Deposit - Ref 221116,POS,FAILED,REF611B8DFDCE43,BROKEN_FK_account_id_to_accounts
TX022659,C0801,UNKNOWN,1324.08,ZAR,2026-04-05,08:17:51,INTEREST,Interest - Ref 706231,BRANCH,COMPLETED,REFA22A0461C6D6,BROKEN_FK_account_id_to_accounts
TX022660,C0071,A0452,3599.72,ZAR,2025-11-09,00:14:57,DEPOSIT,Deposit - Ref 459989,MOBILE,REVERSED,REF09B331E61076,BROKEN_FK_account_id_to_accounts
TX022675,C0770,UNKNOWN,4888.63,ZAR,2024-03-08,22:32:18,DEBIT_ORDER,Debit Order - Ref 160454,ATM,COMPLETED,REFAE8129C6DC6F,BROKEN_FK_account_id_to_accounts
TX022719,C0807,A0519,265.7,ZAR,2026-04-09,11:02:13,WITHDRAWAL,Withdrawal - Ref 299119,MOBILE,COMPLETED,REF48323704FEF8,BROKEN_FK_account_id_to_accounts
TX022751,C0872,UNKNOWN,918.2,ZAR,2026-08-18,22:44:18,PAYMENT,Payment - Ref 947152,ONLINE,COMPLETED,REFE83FCDC596F0,BROKEN_FK_account_id_to_accounts
TX022756,C0158,A1330,2523.13,ZAR,2024-07-09,17:13:41,INTEREST,Interest - Ref 162259,ATM,COMPLETED,REF9018D2A86858,BROKEN_FK_account_id_to_accounts
TX022817,C0158,A1330,313.24,ZAR,2024-05-24,01:57:17,PAYMENT,Payment - Ref 347977,ONLINE,COMPLETED,REF37518CF7794F,BROKEN_FK_account_id_to_accounts
TX022823,C0250,A0563,9295.94,ZAR,2024-03-17,10:15:30,REVERSAL,Reversal - Ref 873556,MOBILE,COMPLETED,REF1D0E313A1CE0,BROKEN_FK_account_id_to_accounts
TX022833,C0767,A0305,9811.37,ZAR,2025-01-03,00:42:49,REVERSAL,Reversal - Ref 367371,MOBILE,COMPLETED,REF6147F8C6BB0F,BROKEN_FK_account_id_to_accounts
TX022845,C0821,UNKNOWN,995.18,ZAR,2024-06-29,12:36:44,INTEREST,Interest - Ref 747417,ONLINE,COMPLETED,REFAB7F6061CF45,BROKEN_FK_account_id_to_accounts
TX022857,C0549,FAKE_F260BB1F,13468.15,ZAR,2026-02-19,01:08:58,DEPOSIT,Deposit - Ref 277116,POS,COMPLETED,REF58480C696206,BROKEN_FK_account_id_to_accounts
TX022861,C0391,A0473,2657.21,ZAR,2026-06-21,06:14:42,PAYMENT,Payment - Ref 994784,POS,COMPLETED,REF9C33764A6642,BROKEN_FK_account_id_to_accounts
TX022868,C0326,A0656,15907.6575,ZAR,2026-07-22,01:31:52,REVERSAL,Reversal - Ref 692403,MOBILE,REVERSED,REFAB910E79F972,BROKEN_FK_account_id_to_accounts
TX022873,C0132,A1146,4402.84,ZAR,2026-05-05,04:00:28,TRANSFER,Transfer - Ref 261276,ONLINE,COMPLETED,REF5472881182F8,BROKEN_FK_account_id_to_accounts
TX022874,C0548,UNKNOWN,2677.89,ZAR,2024-03-26,11:06:45,TRANSFER,Transfer - Ref 733052,MOBILE,COMPLETED,REFCB8D2968CEF5,BROKEN_FK_account_id_to_accounts
TX022880,C0428,UNKNOWN,505.22,ZAR,2025-01-31,16:06:06,TRANSFER,Transfer - Ref 164162,ONLINE,COMPLETED,REF14F5A0B04FA0,BROKEN_FK_account_id_to_accounts
TX022885,C0621,FAKE_B8EEE87A,723.16,ZAR,2024-01-22,05:30:09,PAYMENT,Payment - Ref 480673,MOBILE,COMPLETED,REF47D70DEF98AF,BROKEN_FK_account_id_to_accounts
TX022914,C0106,UNKNOWN,2569.77,ZAR,2025-09-17,07:10:52,DEPOSIT,Deposit - Ref 576947,POS,COMPLETED,REFA6DEE74D79CD,BROKEN_FK_account_id_to_accounts
TX022933,C0138,A0544,2503.84,ZAR,2025-03-01,18:44:01,INTEREST,Interest - Ref 875055,MOBILE,COMPLETED,REF516C0F35C087,BROKEN_FK_account_id_to_accounts
TX022949,C0798,UNKNOWN,303.5,ZAR,2026-01-07,11:19:09,PAYMENT,Payment - Ref 644016,BRANCH,COMPLETED,REF351C62665594,BROKEN_FK_account_id_to_accounts
TX022950,C0915,A0345,357.06,ZAR,2026-08-07,09:39:39,DEBIT_ORDER,Debit Order - Ref 525697,ATM,COMPLETED,REF059A14B644F1,BROKEN_FK_account_id_to_accounts
TX022990,C0371,A1236,553.34,ZAR,2025-05-07,02:59:16,TRANSFER,Transfer - Ref 614037,MOBILE,COMPLETED,REF9A3D6C1BACB2,BROKEN_FK_account_id_to_accounts
TX022996,C0807,A0519,730.19,ZAR,2025-01-29,00:29:42,PAYMENT,Payment - Ref 432681,ONLINE,COMPLETED,REF6C175010CE4A,BROKEN_FK_account_id_to_accounts
TX023008,C0907,A1444,5855.15,ZAR,2024-03-02,13:23:20,TRANSFER,Transfer - Ref 931882,ONLINE,COMPLETED,REF92BFD1AA3BBA,BROKEN_FK_account_id_to_accounts
TX023009,C0987,A0943,1668.44,ZAR,2024-08-31,23:35:18,DEPOSIT,Deposit - Ref 258989,BRANCH,COMPLETED,REFABE4F1B9CB83,BROKEN_FK_account_id_to_accounts
TX023023,C0419,A0556,737.28,ZAR,2025-04-26,18:55:04,WITHDRAWAL,Withdrawal - Ref 524867,MOBILE,COMPLETED,REF57ED407F7865,BROKEN_FK_account_id_to_accounts
TX023026,C0767,A0305,984.9,ZAR,2024-01-31,11:00:10,DEPOSIT,Deposit - Ref 682868,ATM,COMPLETED,REF3DC0E3818990,BROKEN_FK_account_id_to_accounts
TX023041,C0500,UNKNOWN,258.43,ZAR,2025-03-16,06:42:46,TRANSFER,Transfer - Ref 787709,BRANCH,COMPLETED,REF97D9B5692C9A,BROKEN_FK_account_id_to_accounts
TX023048,C0341,FAKE_329B0E58,6048.03,ZAR,2025-11-04,08:53:32,DEPOSIT,Deposit - Ref 307360,POS,COMPLETED,REF4BCD180892BD,BROKEN_FK_account_id_to_accounts
TX023056,C0433,A1025,1695.44,ZAR,2025-02-28,23:46:24,DEPOSIT,Deposit - Ref 195303,ATM,COMPLETED,REF8C2F17DA2870,BROKEN_FK_account_id_to_accounts
TX023059,C0021,A1205,590.83,ZAR,2025-03-24,03:52:39,PAYMENT,Payment - Ref 414548,ATM,COMPLETED,REF119D0AC0B6AF,BROKEN_FK_account_id_to_accounts
TX023068,C0431,A0469,237.96,ZAR,2025-11-17,02:47:21,DEBIT_ORDER,Debit Order - Ref 625231,ONLINE,COMPLETED,REF56D593CD32A4,BROKEN_FK_account_id_to_accounts
TX023071,C0390,UNKNOWN,371.41,ZAR,2024-11-21,09:33:42,DEBIT_ORDER,Debit Order - Ref 989624,BRANCH,PENDING,REF3D1230837166,BROKEN_FK_account_id_to_accounts
TX023078,C0631,UNKNOWN,15907.6575,ZAR,2026-01-02,21:45:06,REVERSAL,Reversal - Ref 708086,ONLINE,COMPLETED,REFDD8D698AC7A7,BROKEN_FK_account_id_to_accounts
TX023079,C0552,UNKNOWN,12003.62,ZAR,2025-03-24,00:02:51,REVERSAL,Reversal - Ref 410239,ONLINE,COMPLETED,REF839F77894D4C,BROKEN_FK_account_id_to_accounts
TX023124,C0774,UNKNOWN,282.12,ZAR,2026-03-14,09:37:36,FEE,Fee - Ref 689225,ONLINE,COMPLETED,REF87729DD866D3,BROKEN_FK_account_id_to_accounts
TX023133,C0166,UNKNOWN,1299.55,ZAR,2024-01-14,07:47:42,DEBIT_ORDER,Debit Order - Ref 296936,BRANCH,COMPLETED,REF534314C05534,BROKEN_FK_account_id_to_accounts
TX023135,C0174,A1169,586.52,ZAR,2024-12-12,09:27:41,WITHDRAWAL,Withdrawal - Ref 343263,ATM,COMPLETED,REFB64752EE8429,BROKEN_FK_account_id_to_accounts
TX023142,C0142,UNKNOWN,121.18,ZAR,2024-11-22,21:58:13,PAYMENT,Payment - Ref 103346,ONLINE,COMPLETED,REFCF4694541108,BROKEN_FK_account_id_to_accounts
TX023148,C0027,UNKNOWN,2528.76,ZAR,2026-08-31,14:31:48,DEPOSIT,Deposit - Ref 149035,MOBILE,COMPLETED,REF207410F865C1,BROKEN_FK_account_id_to_accounts
TX023220,C0484,A1438,4934.93,ZAR,2025-10-25,07:10:14,DEPOSIT,Deposit - Ref 426675,ONLINE,COMPLETED,REF4AAC71B6932B,BROKEN_FK_account_id_to_accounts
TX023268,C0999,A0831,219.39,ZAR,2026-05-25,13:07:09,DEBIT_ORDER,Debit Order - Ref 654001,MOBILE,COMPLETED,REF2DA94C069259,BROKEN_FK_account_id_to_accounts
TX023293,C0915,A0345,3080.17,ZAR,2024-01-18,20:51:03,INTEREST,Interest - Ref 638259,ONLINE,COMPLETED,REF82F6B19A36F1,BROKEN_FK_account_id_to_accounts
TX023312,C0089,A0779,481.49,ZAR,2024-01-05,09:32:45,FEE,Fee - Ref 534168,ONLINE,COMPLETED,REF240F25C43A66,BROKEN_FK_account_id_to_accounts
TX023319,C0431,A0469,15907.6575,ZAR,2026-04-26,18:00:51,REVERSAL,Reversal - Ref 578977,MOBILE,COMPLETED,REF389CBC5FA206,BROKEN_FK_account_id_to_accounts
TX023324,C0611,A1314,6730.79,ZAR,2026-02-08,19:35:35,REVERSAL,Reversal - Ref 107747,ONLINE,COMPLETED,REFFF9C8BE52AA6,BROKEN_FK_account_id_to_accounts
TX023335,C0602,UNKNOWN,109.74,ZAR,2025-11-29,09:52:09,FEE,Fee - Ref 529955,ONLINE,COMPLETED,REF395537B4D4E1,BROKEN_FK_account_id_to_accounts
TX023343,C0371,A1236,1881.18,ZAR,2024-05-25,19:25:27,PAYMENT,Payment - Ref 252041,POS,COMPLETED,REF0C0A24AFDAA3,BROKEN_FK_account_id_to_accounts
TX023362,C0575,UNKNOWN,3726.61,ZAR,2024-09-22,20:30:35,INTEREST,Interest - Ref 675880,ONLINE,COMPLETED,REFF0AF1492BD71,BROKEN_FK_account_id_to_accounts
TX023389,C0419,A0556,9274.62,ZAR,2026-07-01,19:15:43,DEPOSIT,Deposit - Ref 253856,MOBILE,COMPLETED,REF82C710F097C8,BROKEN_FK_account_id_to_accounts
TX023392,C0222,UNKNOWN,13880.85,ZAR,2025-09-09,21:15:31,DEPOSIT,Deposit - Ref 561323,BRANCH,COMPLETED,REFC1B240D8AEE6,BROKEN_FK_account_id_to_accounts
TX023395,C0261,A0515,262.42,ZAR,2024-05-20,23:25:15,DEBIT_ORDER,Debit Order - Ref 200105,POS,COMPLETED,REF1F0D8D87BD69,BROKEN_FK_account_id_to_accounts
TX023406,C0302,UNKNOWN,342.03,ZAR,2026-09-14,19:28:54,WITHDRAWAL,Withdrawal - Ref 879612,ONLINE,COMPLETED,REFD9A9EE3E9E32,BROKEN_FK_account_id_to_accounts
TX023426,C0692,A0415,60.45,ZAR,2024-02-13,22:20:03,WITHDRAWAL,Withdrawal - Ref 174090,ONLINE,COMPLETED,REF5B668AA8AB3F,BROKEN_FK_account_id_to_accounts
TX023428,C0491,UNKNOWN,15907.6575,ZAR,2025-04-09,21:03:04,REVERSAL,Reversal - Ref 370077,ONLINE,COMPLETED,REF79EBC7B16A9C,BROKEN_FK_account_id_to_accounts
TX023430,C0791,A0938,3371.47,ZAR,2024-09-03,00:01:21,INTEREST,Interest - Ref 513718,MOBILE,PENDING,REF82DB24ECA37C,BROKEN_FK_account_id_to_accounts
TX023455,C0614,A0422,3801.97,ZAR,2026-04-02,05:46:19,TRANSFER,Transfer - Ref 227422,MOBILE,COMPLETED,REFBABBC97FB2CF,BROKEN_FK_account_id_to_accounts
TX023456,C0464,UNKNOWN,518.27,ZAR,2025-07-10,12:58:09,TRANSFER,Transfer - Ref 473340,MOBILE,COMPLETED,REF4588506FF134,BROKEN_FK_account_id_to_accounts
TX023458,C0366,UNKNOWN,10604.23,ZAR,2024-02-14,09:05:31,DEBIT_ORDER,Debit Order - Ref 786698,MOBILE,COMPLETED,REF244D21A428E4,BROKEN_FK_account_id_to_accounts
TX023487,C0419,A0556,15907.6575,ZAR,2024-12-02,15:18:19,REVERSAL,Reversal - Ref 218948,ONLINE,COMPLETED,REF0D081CCE701F,BROKEN_FK_account_id_to_accounts
TX023505,C0625,UNKNOWN,7960.9,ZAR,2024-11-24,12:47:00,PAYMENT,Payment - Ref 971895,BRANCH,COMPLETED,REF311F981C81CF,BROKEN_FK_account_id_to_accounts
TX023508,C0089,A0779,13899.07,ZAR,2025-01-22,09:41:07,TRANSFER,Transfer - Ref 686801,ONLINE,COMPLETED,REFBAE279FB6F51,BROKEN_FK_account_id_to_accounts
TX023567,C0224,A0045,23.91,ZAR,2026-01-03,19:44:21,FEE,Fee - Ref 326928,MOBILE,PENDING,REF1FAE594FDCB6,BROKEN_FK_account_id_to_accounts
TX023584,C0029,UNKNOWN,417.44,ZAR,2020-01-01,21:21:45,FEE,Fee - Ref 313871,MOBILE,COMPLETED,REF7AC183EAFAE8,BROKEN_FK_account_id_to_accounts
TX023588,C0071,A1181,413.38,ZAR,2024-05-26,23:11:08,DEBIT_ORDER,Debit Order - Ref 268325,BRANCH,COMPLETED,REFE5BFF4199651,BROKEN_FK_account_id_to_accounts
TX023612,C0089,A0779,387.92,ZAR,2024-11-30,01:05:46,DEBIT_ORDER,Debit Order - Ref 405936,ONLINE,COMPLETED,REF31A201B4D430,BROKEN_FK_account_id_to_accounts
TX023621,C0107,A1386,866.75,ZAR,2024-12-07,13:57:07,TRANSFER,Transfer - Ref 625004,MOBILE,COMPLETED,REF3E90B7F73A5C,BROKEN_FK_account_id_to_accounts
TX023652,C0881,A0400,1720.24,ZAR,2026-08-11,17:44:07,INTEREST,Interest - Ref 742555,ONLINE,COMPLETED,REF9F494E43A742,BROKEN_FK_account_id_to_accounts
TX023653,C0979,UNKNOWN,133.27,ZAR,2025-09-17,02:21:45,TRANSFER,Transfer - Ref 894791,MOBILE,COMPLETED,REFF06BC30AD047,BROKEN_FK_account_id_to_accounts
TX023657,C0420,UNKNOWN,2440.77,ZAR,2026-04-21,14:29:37,DEPOSIT,Deposit - Ref 731057,ONLINE,COMPLETED,REF820F2B811F11,BROKEN_FK_account_id_to_accounts
TX023674,C0529,FAKE_C39D3D9E,1007.82,ZAR,2024-09-28,14:01:39,REVERSAL,Reversal - Ref 869245,POS,COMPLETED,REFD4C3775EE17E,BROKEN_FK_account_id_to_accounts
TX023764,C0518,UNKNOWN,835.45,ZAR,2025-04-19,04:24:41,DEBIT_ORDER,Debit Order - Ref 501623,ONLINE,COMPLETED,REFDA820BCAD3F3,BROKEN_FK_account_id_to_accounts
TX023797,C0484,A1438,61.02,ZAR,2025-08-14,13:58:17,FEE,Fee - Ref 870226,MOBILE,COMPLETED,REF5361864EB859,BROKEN_FK_account_id_to_accounts
TX023807,C0559,UNKNOWN,15907.6575,ZAR,2026-07-06,13:35:58,REVERSAL,Reversal - Ref 402533,MOBILE,COMPLETED,REF7BF938385B5F,BROKEN_FK_account_id_to_accounts
TX023855,C0506,UNKNOWN,177.8,ZAR,2026-06-25,02:45:35,FEE,Fee - Ref 903636,MOBILE,COMPLETED,REF13D8647BB8DA,BROKEN_FK_account_id_to_accounts
TX023871,C0108,A0572,18.21,ZAR,2024-08-04,02:54:11,FEE,Fee - Ref 675776,MOBILE,COMPLETED,REFBD16907F1EBE,BROKEN_FK_account_id_to_accounts
TX023884,C0874,A0790,446.72,ZAR,2024-05-24,16:06:56,DEBIT_ORDER,Debit Order - Ref 176188,BRANCH,COMPLETED,REFCB6E6548A26E,BROKEN_FK_account_id_to_accounts
TX023889,C0692,A0415,15907.6575,ZAR,2025-11-15,02:31:04,REVERSAL,Reversal - Ref 566023,ONLINE,COMPLETED,REFF51993142196,BROKEN_FK_account_id_to_accounts
TX023890,C0191,UNKNOWN,3696.41,ZAR,2025-11-06,19:31:21,WITHDRAWAL,Withdrawal - Ref 576727,MOBILE,COMPLETED,REF1E69DACDCADD,BROKEN_FK_account_id_to_accounts
TX023897,C0527,UNKNOWN,906.89,ZAR,2024-03-18,16:54:02,PAYMENT,Payment - Ref 415148,ATM,COMPLETED,REFEA9F6D598D34,BROKEN_FK_account_id_to_accounts
TX023916,C0295,UNKNOWN,192.31,ZAR,2024-12-25,15:45:45,FEE,Fee - Ref 155808,MOBILE,COMPLETED,REF7B1553021BD0,BROKEN_FK_account_id_to_accounts
TX023925,C0831,A0527,5683.35,ZAR,2025-09-04,06:13:51,DEPOSIT,Deposit - Ref 657978,POS,COMPLETED,REFA15FCB8F4B3F,BROKEN_FK_account_id_to_accounts
TX023935,C0433,A1025,2168.19,ZAR,2025-11-06,03:36:05,INTEREST,Interest - Ref 874812,BRANCH,COMPLETED,REF184402E25EE4,BROKEN_FK_account_id_to_accounts
TX023952,C0399,UNKNOWN,158.9,ZAR,2025-07-16,11:40:39,WITHDRAWAL,Withdrawal - Ref 918974,ONLINE,COMPLETED,REF224E7271F561,BROKEN_FK_account_id_to_accounts
TX023978,C0808,UNKNOWN,15907.6575,ZAR,2025-06-01,11:06:14,REVERSAL,Reversal - Ref 740283,ONLINE,COMPLETED,REF176FC5FE0CAA,BROKEN_FK_account_id_to_accounts
TX023985,C0614,A0422,15907.6575,ZAR,2025-02-27,10:27:41,REVERSAL,Reversal - Ref 832115,ONLINE,COMPLETED,REFA46040D2368F,BROKEN_FK_account_id_to_accounts
TX023990,C0345,A0694,271.73,ZAR,2025-08-16,21:54:46,FEE,Fee - Ref 977156,MOBILE,COMPLETED,REF8C6D4E701267,BROKEN_FK_account_id_to_accounts
TX024036,C0183,FAKE_22648EE2,1100.98,ZAR,2026-05-13,06:47:16,DEPOSIT,Deposit - Ref 514354,BRANCH,COMPLETED,REF660B6BE7379B,BROKEN_FK_account_id_to_accounts
TX024040,C0720,A0589,243.83,ZAR,2026-02-06,10:08:33,TRANSFER,Transfer - Ref 528618,ONLINE,COMPLETED,REF149EDA5F8CD0,BROKEN_FK_account_id_to_accounts
TX024043,C0721,FAKE_12DD81D3,2938.24,ZAR,2025-02-25,02:17:12,INTEREST,Interest - Ref 797286,ATM,COMPLETED,REFBF3A877BF35B,BROKEN_FK_account_id_to_accounts
TX024045,C0932,UNKNOWN,443.87,ZAR,2024-05-03,20:37:42,WITHDRAWAL,Withdrawal - Ref 331313,ONLINE,COMPLETED,REF131FEACE5F9F,BROKEN_FK_account_id_to_accounts
TX024050,C0800,A0764,807.39,ZAR,2025-03-18,04:14:24,WITHDRAWAL,Withdrawal - Ref 628273,MOBILE,COMPLETED,REF437DA0C2466F,BROKEN_FK_account_id_to_accounts
TX024082,C0800,A0764,690.96,ZAR,2025-08-30,23:05:29,WITHDRAWAL,Withdrawal - Ref 860286,MOBILE,COMPLETED,REF9F952F54F9D8,BROKEN_FK_account_id_to_accounts
TX024132,C0731,FAKE_901768ED,553.31,ZAR,2026-02-11,07:31:39,PAYMENT,Payment - Ref 999947,BRANCH,REVERSED,REFCB402C758573,BROKEN_FK_account_id_to_accounts
TX024133,C0491,UNKNOWN,9805.51,ZAR,2025-07-18,00:27:56,DEPOSIT,Deposit - Ref 320311,ATM,COMPLETED,REFAE764209535F,BROKEN_FK_account_id_to_accounts
TX024154,C0345,UNKNOWN,287.65,ZAR,2024-06-01,18:28:15,FEE,Fee - Ref 899003,POS,COMPLETED,REF173B4118031F,BROKEN_FK_account_id_to_accounts
TX024157,C0326,A0656,15907.6575,ZAR,2025-03-27,16:11:42,REVERSAL,Reversal - Ref 933515,POS,REVERSED,REF9841A95ABE14,BROKEN_FK_account_id_to_accounts
TX024165,C0107,A1386,15907.6575,ZAR,2025-11-13,07:20:18,DEPOSIT,Deposit - Ref 121137,BRANCH,COMPLETED,REF5129BA4EBEBD,BROKEN_FK_account_id_to_accounts
TX024200,C0915,A0345,959.71,ZAR,2024-08-07,17:14:12,INTEREST,Interest - Ref 408703,ONLINE,COMPLETED,REFAEE78AE7BC3B,BROKEN_FK_account_id_to_accounts
TX024212,C0645,A0282,1087.37,ZAR,2025-12-23,15:07:40,DEPOSIT,Deposit - Ref 948123,MOBILE,COMPLETED,REF5E7E4804E940,BROKEN_FK_account_id_to_accounts
TX024241,C0484,A1438,2118.53,ZAR,2024-07-25,08:15:32,DEPOSIT,Deposit - Ref 785562,MOBILE,COMPLETED,REFFD90C43732F9,BROKEN_FK_account_id_to_accounts
TX024279,C0987,A0943,4377.25,ZAR,2025-10-21,12:54:47,INTEREST,Interest - Ref 601703,ATM,COMPLETED,REF5A1F2C4BB3D5,BROKEN_FK_account_id_to_accounts
TX024316,C0250,A0563,15907.6575,ZAR,2024-02-28,19:55:30,REVERSAL,Reversal - Ref 266955,BRANCH,COMPLETED,REF2E4677FF2B69,BROKEN_FK_account_id_to_accounts
TX024340,C0766,UNKNOWN,495.7,ZAR,2026-01-18,04:27:14,DEBIT_ORDER,Debit Order - Ref 818369,BRANCH,COMPLETED,REFF60A6D9968EE,BROKEN_FK_account_id_to_accounts
TX024348,C0345,A0694,2671.53,ZAR,2024-03-06,00:00:44,REVERSAL,Reversal - Ref 643267,BRANCH,PENDING,REF05D290518C91,BROKEN_FK_account_id_to_accounts
TX024361,C0807,A0519,15397.76,ZAR,2025-04-24,19:52:39,REVERSAL,Reversal - Ref 671830,MOBILE,COMPLETED,REF7F40E9F553AF,BROKEN_FK_account_id_to_accounts
TX024399,C0772,A0436,2400.68,ZAR,2024-10-19,07:54:25,INTEREST,Interest - Ref 601156,MOBILE,COMPLETED,REF34A2A1F09D4C,BROKEN_FK_account_id_to_accounts
TX024411,C0738,UNKNOWN,8477.81,ZAR,2025-01-08,02:40:10,DEPOSIT,Deposit - Ref 291546,ONLINE,COMPLETED,REFA78BAC68C11E,BROKEN_FK_account_id_to_accounts
TX024416,C0373,UNKNOWN,15907.6575,ZAR,2024-08-23,07:22:02,TRANSFER,Transfer - Ref 849200,ONLINE,COMPLETED,REF4A76D3DF4DAA,BROKEN_FK_account_id_to_accounts
TX024418,C0907,A1444,12351.14,ZAR,2026-02-07,10:29:22,DEPOSIT,Deposit - Ref 378028,MOBILE,COMPLETED,REF80B82C36C58E,BROKEN_FK_account_id_to_accounts
TX024445,C0391,A0473,5294.34,ZAR,2026-01-18,08:24:24,TRANSFER,Transfer - Ref 921306,POS,PENDING,REF9695C26E6023,BROKEN_FK_account_id_to_accounts
TX024460,C0107,UNKNOWN,205.28,ZAR,2026-05-03,21:36:42,FEE,Fee - Ref 751716,MOBILE,COMPLETED,REF1B27E72CA65E,BROKEN_FK_account_id_to_accounts
TX024471,C0363,UNKNOWN,2369.15,ZAR,2024-02-18,00:32:18,INTEREST,Interest - Ref 843370,ONLINE,COMPLETED,REF436FCAA1D247,BROKEN_FK_account_id_to_accounts
TX024497,C0692,A0415,4132.19,ZAR,2024-02-10,11:18:36,INTEREST,Interest - Ref 825615,BRANCH,COMPLETED,REFA7B28CE2778B,BROKEN_FK_account_id_to_accounts
TX024514,C0720,A0589,15907.6575,ZAR,2026-05-26,14:31:21,REVERSAL,Reversal - Ref 946438,ONLINE,COMPLETED,REF293983AFDE4B,BROKEN_FK_account_id_to_accounts
TX024567,C0391,A0473,15907.6575,ZAR,2025-04-12,14:52:44,DEPOSIT,Deposit - Ref 231629,BRANCH,COMPLETED,REF0BDBF00B439F,BROKEN_FK_account_id_to_accounts
TX024583,C0658,UNKNOWN,4927.07,ZAR,2026-03-30,10:25:56,TRANSFER,Transfer - Ref 919358,ATM,REVERSED,REF146E6B82C009,BROKEN_FK_account_id_to_accounts
TX024605,C0625,UNKNOWN,2799.54,ZAR,2025-04-15,07:41:22,DEBIT_ORDER,Debit Order - Ref 262008,ATM,FAILED,REF6B8A2300D3C8,BROKEN_FK_account_id_to_accounts
TX024609,C0082,A1200,5682.71,ZAR,2026-02-08,17:18:24,DEPOSIT,Deposit - Ref 765609,MOBILE,COMPLETED,REF04A112148CAD,BROKEN_FK_account_id_to_accounts
TX024614,C0526,UNKNOWN,1558.5,ZAR,2024-09-25,08:24:36,DEPOSIT,Deposit - Ref 432646,POS,FAILED,REFD7E5263FBF25,BROKEN_FK_account_id_to_accounts
TX024628,C0814,UNKNOWN,4058.93,ZAR,2024-06-25,11:22:04,DEPOSIT,Deposit - Ref 357201,ONLINE,COMPLETED,REFD569D9B8C0A7,BROKEN_FK_account_id_to_accounts
TX024643,C0926,UNKNOWN,4706.65,ZAR,2025-07-20,04:42:04,INTEREST,Interest - Ref 536143,MOBILE,COMPLETED,REFFFB937BCBC10,BROKEN_FK_account_id_to_accounts
TX024654,C0398,A0053,1127.28,ZAR,2024-07-29,13:01:13,TRANSFER,Transfer - Ref 926342,ONLINE,COMPLETED,REF326D40E76EBD,BROKEN_FK_account_id_to_accounts
TX024681,C0089,A0779,495.21,ZAR,2026-08-09,20:22:34,DEBIT_ORDER,Debit Order - Ref 374896,MOBILE,COMPLETED,REFF82D624F2533,BROKEN_FK_account_id_to_accounts
TX024686,C0047,UNKNOWN,2103.18,ZAR,2026-06-12,21:55:55,TRANSFER,Transfer - Ref 740832,POS,COMPLETED,REF4508DEB65B1F,BROKEN_FK_account_id_to_accounts
TX024692,C0107,A1386,3482.57,ZAR,2024-01-06,03:23:35,TRANSFER,Transfer - Ref 945370,ONLINE,COMPLETED,REFB24A53E274CE,BROKEN_FK_account_id_to_accounts
TX024706,C0156,UNKNOWN,15907.6575,ZAR,2024-10-14,14:33:26,REVERSAL,Reversal - Ref 498808,ATM,COMPLETED,REF97787FB10413,BROKEN_FK_account_id_to_accounts
TX024710,C0429,A1065,899.02,ZAR,2024-09-16,04:13:01,PAYMENT,Payment - Ref 823038,ATM,COMPLETED,REF5F2246914AFD,BROKEN_FK_account_id_to_accounts
TX024711,C0874,A0790,1457.47,ZAR,2026-03-19,06:46:50,DEPOSIT,Deposit - Ref 708912,ATM,COMPLETED,REFC52E0F8DB4CE,BROKEN_FK_account_id_to_accounts
TX024720,C0855,UNKNOWN,355.56,ZAR,2025-08-06,09:09:02,FEE,Fee - Ref 437859,MOBILE,COMPLETED,REF99254191458A,BROKEN_FK_account_id_to_accounts
TX024721,C0226,UNKNOWN,100.24,ZAR,2026-07-04,20:22:52,FEE,Fee - Ref 888195,ONLINE,COMPLETED,REF30A405ED3C7B,BROKEN_FK_account_id_to_accounts
TX024744,C0326,UNKNOWN,2005.72,ZAR,2025-02-15,15:24:59,INTEREST,Interest - Ref 304085,POS,COMPLETED,REF06546F0CDB66,BROKEN_FK_account_id_to_accounts
TX024756,C0302,A0994,287.03,ZAR,2024-09-11,05:13:53,FEE,Fee - Ref 386728,MOBILE,FAILED,REF881B39CA7E51,BROKEN_FK_account_id_to_accounts
TX024764,C0398,A0053,2255.94,ZAR,2024-03-02,08:41:07,DEPOSIT,Deposit - Ref 998562,ONLINE,COMPLETED,REFEB3CC18577A3,BROKEN_FK_account_id_to_accounts
TX024788,C0102,UNKNOWN,279.1,ZAR,2024-09-19,23:04:32,FEE,Fee - Ref 277050,ATM,COMPLETED,REF017FE50C441A,BROKEN_FK_account_id_to_accounts
TX024791,C0071,A1181,4060.96,ZAR,2024-06-09,05:10:49,DEBIT_ORDER,Debit Order - Ref 460037,MOBILE,COMPLETED,REF92A3A82451D2,BROKEN_FK_account_id_to_accounts
TX024821,C0429,A1065,2409.47,ZAR,2026-04-11,09:05:53,TRANSFER,Transfer - Ref 619269,ONLINE,COMPLETED,REFD6BEC9B1169D,BROKEN_FK_account_id_to_accounts
TX024828,C0874,A0790,3637.36,ZAR,2026-04-18,10:31:05,INTEREST,Interest - Ref 781004,MOBILE,COMPLETED,REF93D53C032A55,BROKEN_FK_account_id_to_accounts
TX024843,C0433,A1025,681.56,ZAR,2025-06-29,14:58:49,DEPOSIT,Deposit - Ref 782979,MOBILE,REVERSED,REF85EE1B1A551C,BROKEN_FK_account_id_to_accounts
TX024849,C0071,A0452,1025.86,ZAR,2024-08-30,04:40:09,PAYMENT,Payment - Ref 675129,ONLINE,COMPLETED,REF5B0D5EA3FF85,BROKEN_FK_account_id_to_accounts
TX024851,C0997,UNKNOWN,471.41,ZAR,2024-07-25,13:05:37,FEE,Fee - Ref 933781,MOBILE,FAILED,REFF1FB4F442A4E,BROKEN_FK_account_id_to_accounts
TX024874,C0071,A0452,2909.93,ZAR,2024-12-04,18:58:42,INTEREST,Interest - Ref 463609,ONLINE,PENDING,REFF73C28A0EAC7,BROKEN_FK_account_id_to_accounts
TX024902,C0645,A0282,872.03,ZAR,2025-01-03,10:42:33,DEPOSIT,Deposit - Ref 965398,MOBILE,COMPLETED,REF2A066E084C6E,BROKEN_FK_account_id_to_accounts
TX024914,C0651,FAKE_B0E1CF08,2032.69,ZAR,2025-10-16,06:41:23,TRANSFER,Transfer - Ref 611618,ONLINE,COMPLETED,REFA0361C4423C4,BROKEN_FK_account_id_to_accounts
TX024916,C0807,A0519,2714.55,ZAR,2025-07-08,13:07:40,TRANSFER,Transfer - Ref 264721,ATM,FAILED,REF8B72E553F6A9,BROKEN_FK_account_id_to_accounts
TX024924,C0915,A0345,2001.03,ZAR,2024-01-07,16:38:51,INTEREST,Interest - Ref 520126,ATM,COMPLETED,REF7727F6140DEF,BROKEN_FK_account_id_to_accounts
TX024939,C0341,UNKNOWN,265.34,ZAR,2026-04-30,15:50:59,FEE,Fee - Ref 346351,MOBILE,FAILED,REF582A1CCF21B2,BROKEN_FK_account_id_to_accounts
TX024945,C0617,FAKE_C7C4EAA7,14.28,ZAR,2026-06-17,22:38:31,FEE,Fee - Ref 392136,MOBILE,COMPLETED,REF38B72D9FDD2D,BROKEN_FK_account_id_to_accounts
TX024955,C0132,A1146,630.06,ZAR,2024-09-06,18:56:07,REVERSAL,Reversal - Ref 723514,ATM,PENDING,REF6A52A400BCAA,BROKEN_FK_account_id_to_accounts
TX024959,C0085,UNKNOWN,147.0,ZAR,2026-01-22,21:13:37,WITHDRAWAL,Withdrawal - Ref 240001,ATM,COMPLETED,REFA4894DE3EABB,BROKEN_FK_account_id_to_accounts
TX024962,C0366,A0418,14555.95,ZAR,2025-08-02,03:32:16,REVERSAL,Reversal - Ref 629794,MOBILE,COMPLETED,REF0D702BD9E250,BROKEN_FK_account_id_to_accounts
TX024986,C0030,UNKNOWN,91.07,ZAR,2026-02-04,12:44:24,FEE,Fee - Ref 979999,ONLINE,COMPLETED,REF8AF39184D2F3,BROKEN_FK_account_id_to_accounts
TX024997,C0800,A0764,15907.6575,ZAR,2024-04-20,23:06:34,DEPOSIT,Deposit - Ref 605308,ONLINE,COMPLETED,REF588D26A12CB5,BROKEN_FK_account_id_to_accounts
TX025023,C0907,A1444,582.24,ZAR,2024-01-06,10:20:17,PAYMENT,Payment - Ref 255707,MOBILE,COMPLETED,REF1A62F7B019D8,BROKEN_FK_account_id_to_accounts
TX025029,C0927,UNKNOWN,2614.66,ZAR,2025-08-04,16:14:29,DEBIT_ORDER,Debit Order - Ref 902265,ONLINE,REVERSED,REFA5EEF36A0BF5,BROKEN_FK_account_id_to_accounts
TX025039,C0339,A0380,385.42,ZAR,2025-02-20,07:22:22,WITHDRAWAL,Withdrawal - Ref 666641,MOBILE,COMPLETED,REF497D7CBB0FB2,BROKEN_FK_account_id_to_accounts
TX025121,C0429,A1065,9642.16,ZAR,2026-09-13,21:10:37,DEPOSIT,Deposit - Ref 538009,BRANCH,COMPLETED,REFFBC4E9640B86,BROKEN_FK_account_id_to_accounts
TX025158,C0419,FAKE_BEC86ECE,32.06,ZAR,2025-01-31,13:56:25,FEE,Fee - Ref 217253,MOBILE,COMPLETED,REF5FCF75281A92,BROKEN_FK_account_id_to_accounts
TX025173,C0791,A0938,205.31,ZAR,2025-10-06,18:33:17,PAYMENT,Payment - Ref 583145,POS,COMPLETED,REF45DA18D3A29D,BROKEN_FK_account_id_to_accounts
TX025191,C0224,A0045,3982.52,ZAR,2024-02-26,06:23:52,DEPOSIT,Deposit - Ref 964692,ONLINE,COMPLETED,REF5A71737C43EC,BROKEN_FK_account_id_to_accounts
TX025202,C0339,A0380,634.53,ZAR,2026-02-12,05:37:24,INTEREST,Interest - Ref 382302,MOBILE,COMPLETED,REF7DE223ADC843,BROKEN_FK_account_id_to_accounts
TX025211,C0674,UNKNOWN,7996.52,ZAR,2024-12-22,23:17:38,DEPOSIT,Deposit - Ref 895398,ONLINE,COMPLETED,REFCF051168E01B,BROKEN_FK_account_id_to_accounts
TX025212,C0129,UNKNOWN,220.17,ZAR,2025-10-04,05:02:59,FEE,Fee - Ref 988120,MOBILE,COMPLETED,REFF8EA36ADB4C9,BROKEN_FK_account_id_to_accounts
TX025229,C0577,UNKNOWN,188.99,ZAR,2025-04-25,18:55:23,WITHDRAWAL,Withdrawal - Ref 511873,MOBILE,PENDING,REF03EBE737B973,BROKEN_FK_account_id_to_accounts
TX025234,C0371,A1236,28.69,ZAR,2026-07-22,21:54:11,INTEREST,Interest - Ref 371414,ONLINE,COMPLETED,REF84569B6B14EC,BROKEN_FK_account_id_to_accounts
TX025250,C0228,UNKNOWN,11578.45,ZAR,2025-05-21,12:23:32,REVERSAL,Reversal - Ref 159633,ATM,COMPLETED,REF1163C3A403A3,BROKEN_FK_account_id_to_accounts
TX025272,C0459,UNKNOWN,1448.09,ZAR,2025-05-23,20:24:13,PAYMENT,Payment - Ref 956160,ATM,COMPLETED,REFB4486FA947EC,BROKEN_FK_account_id_to_accounts
TX025316,C0987,A0943,8952.78,ZAR,2026-01-26,12:40:42,PAYMENT,Payment - Ref 666111,ONLINE,PENDING,REF0435967B9AA9,BROKEN_FK_account_id_to_accounts
TX025325,C0772,A0436,1055.4,ZAR,2024-07-18,15:02:55,PAYMENT,Payment - Ref 939692,ONLINE,COMPLETED,REF0DA16B0D4781,BROKEN_FK_account_id_to_accounts
TX025367,C0433,A1025,185.88,ZAR,2024-09-18,18:15:02,DEBIT_ORDER,Debit Order - Ref 461657,ONLINE,COMPLETED,REF5EF07BCE808B,BROKEN_FK_account_id_to_accounts
TX025403,C0089,A0779,15907.6575,ZAR,2024-04-30,16:24:11,REVERSAL,Reversal - Ref 557680,ONLINE,COMPLETED,REF94F00D3DDC53,BROKEN_FK_account_id_to_accounts
TX025411,C0004,UNKNOWN,15907.6575,ZAR,2024-11-16,16:18:05,REVERSAL,Reversal - Ref 508069,ATM,COMPLETED,REFFA2F44C91CCF,BROKEN_FK_account_id_to_accounts
TX025415,C0383,UNKNOWN,1465.69,ZAR,2024-05-11,09:27:24,DEPOSIT,Deposit - Ref 865353,MOBILE,COMPLETED,REFF99C45832531,BROKEN_FK_account_id_to_accounts
TX025421,C0261,A0515,1053.68,ZAR,2025-06-28,21:29:25,WITHDRAWAL,Withdrawal - Ref 285775,MOBILE,COMPLETED,REF635672AC3B3A,BROKEN_FK_account_id_to_accounts
TX025422,C0305,FAKE_B8F29606,2321.46,ZAR,2025-05-19,20:30:26,INTEREST,Interest - Ref 583665,POS,COMPLETED,REF8042D5303E40,BROKEN_FK_account_id_to_accounts
TX025442,C0398,A0053,134.92,ZAR,2024-11-24,23:48:37,FEE,Fee - Ref 677450,ONLINE,FAILED,REFCC7E0DD052D8,BROKEN_FK_account_id_to_accounts
TX025444,C0987,A0943,15907.6575,ZAR,2024-10-28,02:40:57,REVERSAL,Reversal - Ref 803043,MOBILE,COMPLETED,REF4370863424B6,BROKEN_FK_account_id_to_accounts
TX025452,C0484,A1438,275.2,ZAR,2025-11-13,15:31:32,FEE,Fee - Ref 570383,POS,COMPLETED,REFA8C9DCB1EF0B,BROKEN_FK_account_id_to_accounts
TX025461,C0107,A1386,2454.09,ZAR,2026-01-31,14:15:54,DEBIT_ORDER,Debit Order - Ref 252944,MOBILE,COMPLETED,REF201DD8B1E37F,BROKEN_FK_account_id_to_accounts
TX025465,C0772,A0436,5644.26,ZAR,2024-06-23,19:22:35,DEBIT_ORDER,Debit Order - Ref 714826,ONLINE,COMPLETED,REF1D1F760FE5F1,BROKEN_FK_account_id_to_accounts
TX025477,C0138,A0544,15907.6575,ZAR,2025-12-19,11:47:22,REVERSAL,Reversal - Ref 982512,MOBILE,FAILED,REF4469E6B02DE9,BROKEN_FK_account_id_to_accounts
TX025483,C0371,UNKNOWN,2026.22,ZAR,2024-09-13,16:14:21,PAYMENT,Payment - Ref 627836,MOBILE,COMPLETED,REFA8504AC03993,BROKEN_FK_account_id_to_accounts
TX025548,C0158,A1330,392.82,ZAR,2025-12-15,03:04:55,DEBIT_ORDER,Debit Order - Ref 819750,MOBILE,COMPLETED,REF9C966ABE5660,BROKEN_FK_account_id_to_accounts
TX025551,C0021,UNKNOWN,9689.86,ZAR,2025-02-10,09:15:40,REVERSAL,Reversal - Ref 890593,ONLINE,COMPLETED,REF58A2A39111B0,BROKEN_FK_account_id_to_accounts
TX025567,C0071,A1181,3470.37,ZAR,2025-02-16,22:49:25,DEPOSIT,Deposit - Ref 239155,ATM,COMPLETED,REF023B0F221B6B,BROKEN_FK_account_id_to_accounts
TX025571,C0158,A1330,2871.91,ZAR,2024-05-02,21:29:17,INTEREST,Interest - Ref 403530,ONLINE,COMPLETED,REF002563E79FE0,BROKEN_FK_account_id_to_accounts
TX025580,C0240,A0937,10391.9,ZAR,2026-05-30,22:17:49,WITHDRAWAL,Withdrawal - Ref 518794,ONLINE,COMPLETED,REFC8E9C4F88A00,BROKEN_FK_account_id_to_accounts
TX025603,C0419,A0556,6760.8,ZAR,2025-07-23,23:20:42,TRANSFER,Transfer - Ref 244017,ONLINE,COMPLETED,REF87C2FBB592E9,BROKEN_FK_account_id_to_accounts
TX025609,C0646,A0291,50.64,ZAR,2025-01-09,10:16:58,FEE,Fee - Ref 847455,POS,COMPLETED,REF7B258A5CF5D6,BROKEN_FK_account_id_to_accounts
TX025617,C0394,UNKNOWN,244.09,ZAR,2025-09-03,15:29:04,FEE,Fee - Ref 493699,BRANCH,FAILED,REFA63D77101070,BROKEN_FK_account_id_to_accounts
TX025619,C0830,UNKNOWN,1064.64,ZAR,2026-06-15,05:43:51,WITHDRAWAL,Withdrawal - Ref 282786,BRANCH,COMPLETED,REF9187BDE9F64F,BROKEN_FK_account_id_to_accounts
TX025647,C0922,A0672,13567.01,ZAR,2024-05-08,06:34:40,DEPOSIT,Deposit - Ref 671129,MOBILE,COMPLETED,REFC3AD5846B41F,BROKEN_FK_account_id_to_accounts
TX025682,C0646,A0291,1522.0,ZAR,2024-11-19,17:48:54,DEPOSIT,Deposit - Ref 814766,MOBILE,COMPLETED,REF9316C4B8F686,BROKEN_FK_account_id_to_accounts
TX025703,C0907,A1444,15907.6575,ZAR,2025-12-29,12:14:20,DEBIT_ORDER,Debit Order - Ref 303668,ONLINE,COMPLETED,REFEBEC382561F7,BROKEN_FK_account_id_to_accounts
TX025705,C0332,UNKNOWN,2462.07,ZAR,2024-06-25,09:37:47,DEBIT_ORDER,Debit Order - Ref 698984,MOBILE,COMPLETED,REF68585EA1B1A1,BROKEN_FK_account_id_to_accounts
TX025730,C0475,UNKNOWN,272.77,ZAR,2025-01-12,23:10:25,FEE,Fee - Ref 479955,ATM,COMPLETED,REFFFFB8020997F,BROKEN_FK_account_id_to_accounts
TX025760,C0681,UNKNOWN,343.54,ZAR,2024-09-17,07:31:25,DEBIT_ORDER,Debit Order - Ref 609566,MOBILE,COMPLETED,REF31A39E6CEF57,BROKEN_FK_account_id_to_accounts
TX025801,C0021,A1205,11609.89,ZAR,2025-06-28,14:26:39,REVERSAL,Reversal - Ref 724123,MOBILE,COMPLETED,REFD3B59DACFE70,BROKEN_FK_account_id_to_accounts
TX025814,C0174,A1169,15907.6575,ZAR,2024-04-15,06:13:56,TRANSFER,Transfer - Ref 229797,ONLINE,COMPLETED,REF7A225AA9D0EF,BROKEN_FK_account_id_to_accounts
TX025838,C0398,A0053,2793.54,ZAR,2024-01-04,01:13:05,WITHDRAWAL,Withdrawal - Ref 905288,ONLINE,COMPLETED,REF7F119949ADD8,BROKEN_FK_account_id_to_accounts
TX025847,C0748,FAKE_AB0E3ABA,283.43,ZAR,2024-04-15,02:03:05,FEE,Fee - Ref 206892,MOBILE,COMPLETED,REFDB0B1B67B149,BROKEN_FK_account_id_to_accounts
TX025866,C0158,A1330,12476.92,ZAR,2024-06-10,03:39:31,DEPOSIT,Deposit - Ref 759719,ATM,COMPLETED,REF7A57EE9A0A5E,BROKEN_FK_account_id_to_accounts
TX025884,C0724,UNKNOWN,623.37,ZAR,2026-04-04,01:58:35,DEPOSIT,Deposit - Ref 955623,MOBILE,COMPLETED,REF0CCC87F46879,BROKEN_FK_account_id_to_accounts
TX025908,C0289,UNKNOWN,3286.72,ZAR,2026-04-28,08:01:27,INTEREST,Interest - Ref 332337,MOBILE,COMPLETED,REFD98DB2D9F914,BROKEN_FK_account_id_to_accounts
TX025917,C0418,UNKNOWN,198.56,ZAR,2026-01-15,13:47:59,FEE,Fee - Ref 552463,ATM,COMPLETED,REF5431E236151D,BROKEN_FK_account_id_to_accounts
TX025919,C0021,A1205,400.73,ZAR,2026-02-14,14:14:26,WITHDRAWAL,Withdrawal - Ref 980365,ONLINE,COMPLETED,REF918EEF3A2120,BROKEN_FK_account_id_to_accounts
TX025922,C0907,A1444,3500.61,ZAR,2026-08-24,14:08:14,DEPOSIT,Deposit - Ref 590163,ONLINE,COMPLETED,REFEFAE63A68F46,BROKEN_FK_account_id_to_accounts
TX025937,C0767,A0305,564.05,ZAR,2025-09-13,11:27:56,DEBIT_ORDER,Debit Order - Ref 611707,POS,COMPLETED,REF2DAF3DF16F2A,BROKEN_FK_account_id_to_accounts
TX025973,C0398,A0053,1306.99,ZAR,2025-08-29,16:06:45,PAYMENT,Payment - Ref 296992,MOBILE,COMPLETED,REF03208060A2DB,BROKEN_FK_account_id_to_accounts
TX025993,C0720,A0589,587.5,ZAR,2024-05-23,18:47:19,WITHDRAWAL,Withdrawal - Ref 109024,ATM,COMPLETED,REF18552C2FE878,BROKEN_FK_account_id_to_accounts
TX026032,C0309,FAKE_1AFB7984,274.08,ZAR,2026-04-29,00:30:05,DEBIT_ORDER,Debit Order - Ref 668066,ONLINE,COMPLETED,REF2AA30DD9E9E8,BROKEN_FK_account_id_to_accounts
TX026053,C0646,A0291,4132.81,ZAR,2024-05-26,11:53:16,PAYMENT,Payment - Ref 934269,MOBILE,COMPLETED,REFF28240CFF98E,BROKEN_FK_account_id_to_accounts
TX026054,C0302,A0994,768.16,ZAR,2024-04-07,17:48:48,PAYMENT,Payment - Ref 149275,POS,PENDING,REF59446DB83ED0,BROKEN_FK_account_id_to_accounts
TX026075,C0339,A0380,6974.42,ZAR,2025-12-23,01:28:12,DEPOSIT,Deposit - Ref 252931,ATM,COMPLETED,REF0A80309A9911,BROKEN_FK_account_id_to_accounts
TX026092,C0915,A0345,6275.2,ZAR,2026-06-17,11:07:32,DEBIT_ORDER,Debit Order - Ref 512173,MOBILE,COMPLETED,REF5090D04D5BD5,BROKEN_FK_account_id_to_accounts
TX026111,C0660,UNKNOWN,213.56,ZAR,2025-05-30,01:49:15,PAYMENT,Payment - Ref 406270,POS,COMPLETED,REF687293B7CE46,BROKEN_FK_account_id_to_accounts
TX026155,C0650,FAKE_5506BDC0,57.19,ZAR,2026-02-21,10:22:17,FEE,Fee - Ref 741652,MOBILE,COMPLETED,REF8EA2CB7ADF50,BROKEN_FK_account_id_to_accounts
TX026190,C0611,A1314,1143.16,ZAR,2024-08-12,22:08:24,DEPOSIT,Deposit - Ref 199194,BRANCH,COMPLETED,REFEB4C40CDFB32,BROKEN_FK_account_id_to_accounts
TX026194,C0645,A0282,603.72,ZAR,2026-08-27,17:50:31,TRANSFER,Transfer - Ref 631671,POS,COMPLETED,REF3DCA7EC5C6D0,BROKEN_FK_account_id_to_accounts
TX026206,C0158,A1330,1551.79,ZAR,2024-02-27,10:41:42,DEBIT_ORDER,Debit Order - Ref 767554,MOBILE,COMPLETED,REFDB62090C1523,BROKEN_FK_account_id_to_accounts
TX026222,C0366,A0418,471.58,ZAR,2026-05-06,23:00:13,TRANSFER,Transfer - Ref 701175,ATM,COMPLETED,REF7181E20E4B3E,BROKEN_FK_account_id_to_accounts
TX026223,C0371,A1236,1666.52,ZAR,2024-09-26,17:46:34,INTEREST,Interest - Ref 943895,ONLINE,COMPLETED,REF3C233760DE6B,BROKEN_FK_account_id_to_accounts
TX026230,C0849,UNKNOWN,1310.49,ZAR,2025-09-25,08:14:27,DEBIT_ORDER,Debit Order - Ref 508685,MOBILE,COMPLETED,REF2AD39DDC5003,BROKEN_FK_account_id_to_accounts
TX026237,C0881,UNKNOWN,427.38,ZAR,2024-06-11,12:19:11,FEE,Fee - Ref 389001,POS,REVERSED,REF775B4C4C9020,BROKEN_FK_account_id_to_accounts
TX026254,C0866,UNKNOWN,6909.43,ZAR,2026-02-16,16:40:10,TRANSFER,Transfer - Ref 543261,ONLINE,COMPLETED,REF9593F5BF3D94,BROKEN_FK_account_id_to_accounts
TX026276,C0118,UNKNOWN,15907.6575,ZAR,2026-01-11,20:07:59,REVERSAL,Reversal - Ref 642533,MOBILE,COMPLETED,REFEB3DE3EE5958,BROKEN_FK_account_id_to_accounts
TX026285,C0987,A0943,1341.41,ZAR,2026-04-13,12:47:35,DEPOSIT,Deposit - Ref 522761,ONLINE,COMPLETED,REF974453D6D79E,BROKEN_FK_account_id_to_accounts
TX026292,C0779,FAKE_9665B34F,136.99,ZAR,2026-02-11,10:24:01,FEE,Fee - Ref 303038,ONLINE,COMPLETED,REF66A314647418,BROKEN_FK_account_id_to_accounts
TX026310,C0539,UNKNOWN,556.72,ZAR,2026-08-22,12:04:33,DEBIT_ORDER,Debit Order - Ref 726864,BRANCH,COMPLETED,REF0186DAA8F130,BROKEN_FK_account_id_to_accounts
TX026329,C0640,UNKNOWN,4028.28,ZAR,2025-12-16,05:53:04,TRANSFER,Transfer - Ref 188188,ATM,FAILED,REFE71E219D2E7B,BROKEN_FK_account_id_to_accounts
TX026374,C0767,A0305,253.49,ZAR,2025-08-19,12:22:09,WITHDRAWAL,Withdrawal - Ref 411219,BRANCH,COMPLETED,REF6831238E6F3A,BROKEN_FK_account_id_to_accounts
TX026382,C0945,FAKE_FBAC8C15,907.31,ZAR,2026-05-01,19:47:44,WITHDRAWAL,Withdrawal - Ref 857991,BRANCH,COMPLETED,REFAF5FD5D48470,BROKEN_FK_account_id_to_accounts
TX026383,C0138,A0544,770.27,ZAR,2026-06-12,01:46:01,WITHDRAWAL,Withdrawal - Ref 953491,BRANCH,COMPLETED,REFE5FFA4A5AD23,BROKEN_FK_account_id_to_accounts
TX026395,C0339,A0380,3078.58,ZAR,2026-06-01,14:18:43,PAYMENT,Payment - Ref 932975,MOBILE,COMPLETED,REFB417886F3455,BROKEN_FK_account_id_to_accounts
TX026398,C0431,A0469,979.12,ZAR,2026-02-18,06:36:15,TRANSFER,Transfer - Ref 881211,MOBILE,COMPLETED,REFC315A32213C3,BROKEN_FK_account_id_to_accounts
TX026405,C0174,A1169,438.87,ZAR,2025-12-18,20:14:44,FEE,Fee - Ref 435733,ONLINE,FAILED,REF9A7857BC70C9,BROKEN_FK_account_id_to_accounts
TX026418,C0548,UNKNOWN,2879.09,ZAR,2024-02-08,14:23:13,TRANSFER,Transfer - Ref 946030,BRANCH,COMPLETED,REF9651C62A5380,BROKEN_FK_account_id_to_accounts
TX026427,C0221,UNKNOWN,1191.31,ZAR,2025-01-03,07:33:40,REVERSAL,Reversal - Ref 220927,ONLINE,COMPLETED,REF7A14D03D678E,BROKEN_FK_account_id_to_accounts
TX026461,C0791,A0938,10610.4,ZAR,2025-01-03,02:57:05,REVERSAL,Reversal - Ref 335844,POS,COMPLETED,REFE0244533266E,BROKEN_FK_account_id_to_accounts
TX026463,C0874,A0790,5319.62,ZAR,2026-07-30,07:08:23,WITHDRAWAL,Withdrawal - Ref 874339,ONLINE,COMPLETED,REF2B2A71914655,BROKEN_FK_account_id_to_accounts
TX026492,C0371,A1236,929.95,ZAR,2024-05-30,20:48:38,WITHDRAWAL,Withdrawal - Ref 319847,MOBILE,COMPLETED,REFD02C2B7907DE,BROKEN_FK_account_id_to_accounts
TX026497,C0433,A1025,3076.77,ZAR,2025-06-09,05:53:49,PAYMENT,Payment - Ref 241056,MOBILE,COMPLETED,REF7F72387568EE,BROKEN_FK_account_id_to_accounts
TX026531,C0250,A0563,4129.29,ZAR,2025-05-22,02:50:35,TRANSFER,Transfer - Ref 868171,ONLINE,COMPLETED,REF1ACA789CC44D,BROKEN_FK_account_id_to_accounts
TX026545,C0926,UNKNOWN,2017.74,ZAR,2025-09-03,18:56:49,DEPOSIT,Deposit - Ref 613268,ATM,COMPLETED,REF436FB987263C,BROKEN_FK_account_id_to_accounts
TX026586,C0138,A0544,375.3,ZAR,2025-05-29,10:38:05,FEE,Fee - Ref 514693,ATM,COMPLETED,REF4EC15EB93059,BROKEN_FK_account_id_to_accounts
TX026588,C0021,A1205,198.75,ZAR,2026-06-18,15:38:50,INTEREST,Interest - Ref 550468,MOBILE,COMPLETED,REFC1D422651B1B,BROKEN_FK_account_id_to_accounts
TX026592,C0800,A0764,2957.15,ZAR,2024-02-19,13:39:49,PAYMENT,Payment - Ref 842948,MOBILE,COMPLETED,REF0D49D8FCC7A6,BROKEN_FK_account_id_to_accounts
TX026607,C0657,UNKNOWN,527.28,ZAR,2026-08-06,05:42:37,DEBIT_ORDER,Debit Order - Ref 975887,ONLINE,COMPLETED,REF5D6D5163D29C,BROKEN_FK_account_id_to_accounts
TX026646,C0729,UNKNOWN,2137.06,ZAR,2024-12-22,03:18:05,PAYMENT,Payment - Ref 488257,MOBILE,COMPLETED,REF43DB736595B5,BROKEN_FK_account_id_to_accounts
TX026677,C0569,A0141,181.47,ZAR,2026-08-30,08:24:41,FEE,Fee - Ref 895392,MOBILE,COMPLETED,REF25AAECBB949D,BROKEN_FK_account_id_to_accounts
TX026690,C0302,A0994,379.42,ZAR,2024-05-30,11:04:11,FEE,Fee - Ref 317431,BRANCH,COMPLETED,REF4C07E4F9B1DC,BROKEN_FK_account_id_to_accounts
TX026747,C0380,FAKE_6893DB12,132.64,ZAR,2024-09-09,11:35:21,FEE,Fee - Ref 222153,ONLINE,REVERSED,REF7DCD64907C46,BROKEN_FK_account_id_to_accounts
TX026752,C0321,FAKE_D9C38CBD,483.61,ZAR,2025-07-11,17:34:34,TRANSFER,Transfer - Ref 143394,ONLINE,COMPLETED,REFEB51C75C88F4,BROKEN_FK_account_id_to_accounts
TX026755,C0607,UNKNOWN,4748.58,ZAR,2024-11-24,16:26:27,TRANSFER,Transfer - Ref 561697,ONLINE,REVERSED,REF65B16D47EB3E,BROKEN_FK_account_id_to_accounts
TX026757,C0431,A0469,1276.87,ZAR,2026-06-10,23:07:29,WITHDRAWAL,Withdrawal - Ref 170622,ONLINE,COMPLETED,REFF064ABB89023,BROKEN_FK_account_id_to_accounts
TX026820,C0559,UNKNOWN,3455.97,ZAR,2024-12-25,15:23:45,PAYMENT,Payment - Ref 122284,BRANCH,COMPLETED,REFEE125698780B,BROKEN_FK_account_id_to_accounts
TX026832,C0874,A0790,15907.6575,ZAR,2026-07-26,18:29:07,TRANSFER,Transfer - Ref 694632,MOBILE,COMPLETED,REF997A1B76C41B,BROKEN_FK_account_id_to_accounts
TX026870,C0646,A0291,479.17,ZAR,2026-05-26,03:18:49,INTEREST,Interest - Ref 191352,ATM,COMPLETED,REF4D850152F030,BROKEN_FK_account_id_to_accounts
TX026897,C0420,UNKNOWN,4138.09,ZAR,2025-07-18,08:56:11,INTEREST,Interest - Ref 806302,ONLINE,COMPLETED,REF3F9331549356,BROKEN_FK_account_id_to_accounts
TX026916,C0138,A0544,7976.83,ZAR,2024-11-25,08:09:23,DEPOSIT,Deposit - Ref 110209,ATM,COMPLETED,REFD22860D002CE,BROKEN_FK_account_id_to_accounts
TX026939,C0800,A0764,232.58,ZAR,2025-06-13,22:55:59,DEBIT_ORDER,Debit Order - Ref 868159,POS,COMPLETED,REFE1018F33F078,BROKEN_FK_account_id_to_accounts
TX026944,C0567,UNKNOWN,15907.6575,ZAR,2025-04-23,10:37:28,REVERSAL,Reversal - Ref 977202,BRANCH,COMPLETED,REFA465599E4506,BROKEN_FK_account_id_to_accounts
TX026997,C0398,A0053,4609.83,ZAR,2026-04-12,14:49:40,DEPOSIT,Deposit - Ref 809370,BRANCH,COMPLETED,REFF37916DBF522,BROKEN_FK_account_id_to_accounts
TX027017,C0628,FAKE_E0E8C47C,1084.55,ZAR,2025-05-19,17:17:06,TRANSFER,Transfer - Ref 417064,MOBILE,COMPLETED,REF65B7594D2EF8,BROKEN_FK_account_id_to_accounts
TX027025,C0614,A0422,82.89,ZAR,2025-10-12,02:22:06,WITHDRAWAL,Withdrawal - Ref 860357,ONLINE,COMPLETED,REF4E10EB579E5C,BROKEN_FK_account_id_to_accounts
TX027043,C0271,FAKE_C10237C4,10664.65,ZAR,2025-05-04,03:02:31,PAYMENT,Payment - Ref 735267,MOBILE,COMPLETED,REF2220F9FEA22B,BROKEN_FK_account_id_to_accounts
TX027114,C0417,UNKNOWN,934.17,ZAR,2026-08-08,20:44:32,DEPOSIT,Deposit - Ref 245834,ONLINE,COMPLETED,REF0C41A46FAC78,BROKEN_FK_account_id_to_accounts
TX027138,C0484,A1438,1168.56,ZAR,2025-11-13,17:39:51,PAYMENT,Payment - Ref 987019,MOBILE,COMPLETED,REF14661E9A912A,BROKEN_FK_account_id_to_accounts
TX027144,C0366,A0418,3138.33,ZAR,2024-07-08,07:46:59,PAYMENT,Payment - Ref 581142,ONLINE,FAILED,REFAFFEEE50D07F,BROKEN_FK_account_id_to_accounts
TX027207,C0224,A0045,3881.48,ZAR,2024-05-18,00:18:31,PAYMENT,Payment - Ref 994497,ONLINE,COMPLETED,REF73DB6058C299,BROKEN_FK_account_id_to_accounts
TX027208,C0666,UNKNOWN,5597.66,ZAR,2025-03-20,04:30:48,WITHDRAWAL,Withdrawal - Ref 642968,POS,COMPLETED,REF18AAD924FA5B,BROKEN_FK_account_id_to_accounts
TX027216,C0698,UNKNOWN,2590.93,ZAR,2025-05-03,16:47:57,WITHDRAWAL,Withdrawal - Ref 638519,BRANCH,COMPLETED,REFC67EE989CECE,BROKEN_FK_account_id_to_accounts
TX027237,C0082,A1200,325.8,ZAR,2024-02-24,21:11:21,TRANSFER,Transfer - Ref 456286,ONLINE,COMPLETED,REFB5934F596A17,BROKEN_FK_account_id_to_accounts
TX027247,C0874,A0790,790.1,ZAR,2024-09-11,09:58:04,WITHDRAWAL,Withdrawal - Ref 990142,BRANCH,REVERSED,REF869D4E7810D3,BROKEN_FK_account_id_to_accounts
TX027288,C0257,FAKE_9176AE2E,17.51,ZAR,2026-06-12,10:50:05,FEE,Fee - Ref 842717,ONLINE,PENDING,REFE86080931D5D,BROKEN_FK_account_id_to_accounts
TX027297,C0807,A0519,465.2,ZAR,2026-06-04,17:35:54,INTEREST,Interest - Ref 816919,POS,COMPLETED,REFFE079D7FF5C6,BROKEN_FK_account_id_to_accounts
TX027314,C0992,FAKE_980D6246,1782.15,ZAR,2024-10-08,06:11:49,DEPOSIT,Deposit - Ref 247945,ONLINE,COMPLETED,REF838331A86E5D,BROKEN_FK_account_id_to_accounts
TX027367,C0021,A1205,635.47,ZAR,2024-06-01,13:29:56,WITHDRAWAL,Withdrawal - Ref 659799,ONLINE,COMPLETED,REF40BCDDFF4D88,BROKEN_FK_account_id_to_accounts
TX027411,C0093,UNKNOWN,15907.6575,ZAR,2026-08-29,11:28:56,REVERSAL,Reversal - Ref 301283,MOBILE,COMPLETED,REF9E08B10E8F41,BROKEN_FK_account_id_to_accounts
TX027435,C0987,UNKNOWN,246.97,ZAR,2025-05-14,22:44:44,FEE,Fee - Ref 391859,POS,COMPLETED,REFA83073B64321,BROKEN_FK_account_id_to_accounts
TX027441,C0787,UNKNOWN,2063.06,ZAR,2025-02-06,23:34:57,TRANSFER,Transfer - Ref 161156,POS,COMPLETED,REFE025AABF87D0,BROKEN_FK_account_id_to_accounts
TX027444,C0983,UNKNOWN,467.63,ZAR,2026-04-07,19:06:47,DEBIT_ORDER,Debit Order - Ref 785710,ATM,COMPLETED,REFF5BCE54FF43E,BROKEN_FK_account_id_to_accounts
TX027496,C0645,A0282,1939.3,ZAR,2026-02-28,15:41:30,TRANSFER,Transfer - Ref 630357,MOBILE,COMPLETED,REF0E1C9037430A,BROKEN_FK_account_id_to_accounts
TX027498,C0082,A1200,473.67,ZAR,2024-01-21,13:21:36,DEBIT_ORDER,Debit Order - Ref 805492,POS,COMPLETED,REF60BD3DAC98A1,BROKEN_FK_account_id_to_accounts
TX027504,C0398,A0053,4491.27,ZAR,2024-03-15,22:10:17,INTEREST,Interest - Ref 234023,ONLINE,COMPLETED,REF6AADE4EA57DE,BROKEN_FK_account_id_to_accounts
TX027538,C0915,A0345,1017.38,ZAR,2024-05-21,15:23:17,DEBIT_ORDER,Debit Order - Ref 832440,ONLINE,COMPLETED,REF0CE6C354AFE9,BROKEN_FK_account_id_to_accounts
TX027547,C0302,UNKNOWN,4394.61,ZAR,2025-02-09,18:24:32,INTEREST,Interest - Ref 408554,MOBILE,COMPLETED,REFC9D99DD5AE00,BROKEN_FK_account_id_to_accounts
TX027561,C0838,UNKNOWN,3027.89,ZAR,2024-10-06,09:12:45,DEBIT_ORDER,Debit Order - Ref 712781,MOBILE,COMPLETED,REF769224E74984,BROKEN_FK_account_id_to_accounts
TX027564,C0915,A0345,562.49,ZAR,2025-05-27,07:39:26,WITHDRAWAL,Withdrawal - Ref 950225,MOBILE,COMPLETED,REF349EC3C9DD65,BROKEN_FK_account_id_to_accounts
TX027579,C0429,A1065,15907.6575,ZAR,2026-02-06,20:41:01,DEPOSIT,Deposit - Ref 896408,MOBILE,COMPLETED,REF58776C4E5841,BROKEN_FK_account_id_to_accounts
TX027592,C0646,A0291,1004.09,ZAR,2025-07-05,18:02:21,DEBIT_ORDER,Debit Order - Ref 379886,ONLINE,COMPLETED,REF2616F28A655E,BROKEN_FK_account_id_to_accounts
TX027603,C0366,A0418,616.51,ZAR,2025-06-05,00:33:53,TRANSFER,Transfer - Ref 136348,ONLINE,COMPLETED,REF8921E01D3D43,BROKEN_FK_account_id_to_accounts
TX027610,C0999,A0831,1276.45,ZAR,2024-11-13,13:39:44,WITHDRAWAL,Withdrawal - Ref 108771,ATM,COMPLETED,REFCB56DF6854A8,BROKEN_FK_account_id_to_accounts
TX027616,C0999,A0831,9872.36,ZAR,2024-01-22,20:33:48,DEPOSIT,Deposit - Ref 674547,ONLINE,COMPLETED,REFA0FF1007714C,BROKEN_FK_account_id_to_accounts
TX027630,C0431,A0469,3903.64,ZAR,2025-11-03,15:43:20,INTEREST,Interest - Ref 754587,BRANCH,COMPLETED,REF838557F43D11,BROKEN_FK_account_id_to_accounts
TX027633,C0345,FAKE_C5BB5C4C,900.31,ZAR,2026-02-16,07:28:56,WITHDRAWAL,Withdrawal - Ref 819990,MOBILE,COMPLETED,REF577604C6232C,BROKEN_FK_account_id_to_accounts
TX027638,C0614,FAKE_FDCD4B31,439.77,ZAR,2025-07-13,06:00:55,DEBIT_ORDER,Debit Order - Ref 972716,ONLINE,COMPLETED,REF5BB32BC641DA,BROKEN_FK_account_id_to_accounts
TX027640,C0807,A0519,615.03,ZAR,2026-06-28,23:09:52,INTEREST,Interest - Ref 497382,MOBILE,COMPLETED,REFD82B7BEDBC28,BROKEN_FK_account_id_to_accounts
TX027646,C0772,A0436,2613.1,ZAR,2025-04-05,21:52:20,TRANSFER,Transfer - Ref 312853,BRANCH,COMPLETED,REFCD3097812CA1,BROKEN_FK_account_id_to_accounts
TX027656,C0807,A0519,3344.85,ZAR,2025-07-17,21:11:36,INTEREST,Interest - Ref 800638,MOBILE,COMPLETED,REF0DB6CE92B96D,BROKEN_FK_account_id_to_accounts
TX027687,C0720,A0589,1899.47,ZAR,2024-12-07,11:24:31,DEPOSIT,Deposit - Ref 587628,MOBILE,COMPLETED,REF2AA1B4725452,BROKEN_FK_account_id_to_accounts
TX027700,C0387,UNKNOWN,899.58,ZAR,2025-05-07,02:11:36,WITHDRAWAL,Withdrawal - Ref 307404,ONLINE,FAILED,REFBBE0BAC714F1,BROKEN_FK_account_id_to_accounts
TX027727,C0138,A0544,1207.19,ZAR,2025-08-16,14:25:00,DEBIT_ORDER,Debit Order - Ref 947093,ONLINE,REVERSED,REFD92B97C518A7,BROKEN_FK_account_id_to_accounts
TX027738,C0547,UNKNOWN,15907.6575,ZAR,2025-09-23,03:29:45,REVERSAL,Reversal - Ref 268224,ONLINE,PENDING,REF5C35C7A0AAB9,BROKEN_FK_account_id_to_accounts
TX027780,C0731,UNKNOWN,1948.48,ZAR,2026-03-06,21:46:16,DEPOSIT,Deposit - Ref 665467,MOBILE,COMPLETED,REF0717AB5A3A72,BROKEN_FK_account_id_to_accounts
TX027794,C0137,UNKNOWN,88.56,ZAR,2024-11-28,16:01:06,WITHDRAWAL,Withdrawal - Ref 841593,MOBILE,COMPLETED,REF9E084EB9D09B,BROKEN_FK_account_id_to_accounts
TX027807,C0550,UNKNOWN,2441.19,ZAR,2026-07-09,23:46:36,INTEREST,Interest - Ref 746909,ATM,COMPLETED,REFC1151E7E64B6,BROKEN_FK_account_id_to_accounts
TX027832,C0720,A0589,1948.75,ZAR,2025-03-05,00:25:17,PAYMENT,Payment - Ref 804039,ATM,COMPLETED,REF83363E53FC24,BROKEN_FK_account_id_to_accounts
TX027843,C0624,UNKNOWN,179.51,ZAR,2025-07-03,06:08:42,FEE,Fee - Ref 369695,ONLINE,COMPLETED,REF2884A5964A7E,BROKEN_FK_account_id_to_accounts
TX027853,C0107,A1386,616.92,ZAR,2026-06-09,13:50:45,INTEREST,Interest - Ref 769200,ONLINE,COMPLETED,REF04D560EA56E3,BROKEN_FK_account_id_to_accounts
TX027904,C0431,A0469,2030.54,ZAR,2026-08-04,18:46:02,DEPOSIT,Deposit - Ref 306182,POS,COMPLETED,REFDC32F7DEFB68,BROKEN_FK_account_id_to_accounts
TX027923,C0321,UNKNOWN,1438.82,ZAR,2024-01-02,07:03:00,PAYMENT,Payment - Ref 331729,POS,COMPLETED,REF331FB5BB093C,BROKEN_FK_account_id_to_accounts
TX027934,C0353,UNKNOWN,915.53,ZAR,2024-05-22,01:47:22,DEPOSIT,Deposit - Ref 574675,MOBILE,COMPLETED,REF08CC9FF2DDAC,BROKEN_FK_account_id_to_accounts
TX027957,C0645,A0282,586.11,ZAR,2024-02-01,03:08:31,DEBIT_ORDER,Debit Order - Ref 882719,POS,COMPLETED,REFBE4FFDC50355,BROKEN_FK_account_id_to_accounts
TX027983,C0537,A0699,1514.5,ZAR,2026-01-27,10:28:14,WITHDRAWAL,Withdrawal - Ref 216765,BRANCH,COMPLETED,REF1977B572FE3C,BROKEN_FK_account_id_to_accounts
TX027998,C0419,A0556,2059.82,ZAR,2026-01-10,07:00:48,REVERSAL,Reversal - Ref 516994,ONLINE,COMPLETED,REF846F58B2A2B0,BROKEN_FK_account_id_to_accounts
TX028018,C0682,UNKNOWN,2356.19,ZAR,2025-12-24,19:40:43,PAYMENT,Payment - Ref 562917,ONLINE,COMPLETED,REF64E56DF2B180,BROKEN_FK_account_id_to_accounts
TX028049,C0141,UNKNOWN,2014.43,ZAR,2025-05-03,01:24:12,INTEREST,Interest - Ref 710730,ONLINE,COMPLETED,REF014D6D400776,BROKEN_FK_account_id_to_accounts
TX028057,C0390,UNKNOWN,340.57,ZAR,2025-05-04,20:41:36,WITHDRAWAL,Withdrawal - Ref 866331,POS,FAILED,REFAD7BDB55D160,BROKEN_FK_account_id_to_accounts
TX028093,C0071,A1181,12480.08,ZAR,2026-08-08,18:27:29,DEPOSIT,Deposit - Ref 158982,MOBILE,REVERSED,REFD0554AA86007,BROKEN_FK_account_id_to_accounts
TX028094,C0431,A0469,82.74,ZAR,2024-01-21,23:56:29,FEE,Fee - Ref 812085,MOBILE,COMPLETED,REF2DB2ED248130,BROKEN_FK_account_id_to_accounts
TX028100,C0224,A0045,594.83,ZAR,2024-09-25,10:55:59,DEPOSIT,Deposit - Ref 923597,MOBILE,COMPLETED,REF008F87B93827,BROKEN_FK_account_id_to_accounts
TX028131,C0633,UNKNOWN,15907.6575,ZAR,2025-01-10,19:12:05,REVERSAL,Reversal - Ref 741492,MOBILE,COMPLETED,REFE50B74D84BD7,BROKEN_FK_account_id_to_accounts
TX028169,C0371,A1236,1166.35,ZAR,2025-11-05,23:35:52,DEBIT_ORDER,Debit Order - Ref 567086,MOBILE,COMPLETED,REF63E43A605DE5,BROKEN_FK_account_id_to_accounts
TX028177,C0049,A1190,78.07,ZAR,2024-01-20,14:44:13,FEE,Fee - Ref 267122,ONLINE,COMPLETED,REF1A91E7A286F8,BROKEN_FK_account_id_to_accounts
TX028191,C0831,A0527,2970.97,ZAR,2025-06-24,02:09:32,DEPOSIT,Deposit - Ref 855699,POS,COMPLETED,REF39D4352E7869,BROKEN_FK_account_id_to_accounts
TX028209,C0987,A0943,542.86,ZAR,2025-02-20,03:26:07,WITHDRAWAL,Withdrawal - Ref 625077,MOBILE,COMPLETED,REFB905BA489E8C,BROKEN_FK_account_id_to_accounts
TX028214,C0680,UNKNOWN,1591.17,ZAR,2025-11-03,14:11:08,DEBIT_ORDER,Debit Order - Ref 612301,ONLINE,COMPLETED,REF8838D99B584B,BROKEN_FK_account_id_to_accounts
TX028217,C0174,A1169,1212.43,ZAR,2025-05-08,16:51:35,DEPOSIT,Deposit - Ref 456723,ATM,COMPLETED,REFE14F71ECEC3B,BROKEN_FK_account_id_to_accounts
TX028272,C0326,A0448,2166.28,ZAR,2024-04-27,07:18:15,PAYMENT,Payment - Ref 374818,ONLINE,COMPLETED,REFB89F5F92152B,BROKEN_FK_account_id_to_accounts
TX028280,C0158,A1330,210.7,ZAR,2025-05-28,19:46:22,FEE,Fee - Ref 407468,MOBILE,COMPLETED,REF07FDB01EBEC2,BROKEN_FK_account_id_to_accounts
TX028324,C0680,UNKNOWN,1634.57,ZAR,2025-03-29,14:46:05,DEBIT_ORDER,Debit Order - Ref 134547,POS,COMPLETED,REFBC32EE36C019,BROKEN_FK_account_id_to_accounts
TX028349,C0339,A0380,276.13,ZAR,2025-09-01,04:35:58,WITHDRAWAL,Withdrawal - Ref 452795,MOBILE,COMPLETED,REF48F4EBF319AE,BROKEN_FK_account_id_to_accounts
TX028387,C0431,A0469,815.18,ZAR,2024-09-19,11:40:53,INTEREST,Interest - Ref 839958,ATM,COMPLETED,REF2D02DAB76579,BROKEN_FK_account_id_to_accounts
TX028400,C0359,UNKNOWN,12.09,ZAR,2025-05-24,01:43:31,FEE,Fee - Ref 175745,POS,COMPLETED,REF94FE18A4B98B,BROKEN_FK_account_id_to_accounts
TX028405,C0132,A1146,558.1,ZAR,2025-07-13,04:26:03,WITHDRAWAL,Withdrawal - Ref 787414,MOBILE,COMPLETED,REF893E430E9B20,BROKEN_FK_account_id_to_accounts
TX028424,C0514,UNKNOWN,2403.47,ZAR,2024-04-26,21:17:09,INTEREST,Interest - Ref 260247,POS,COMPLETED,REF20504D30DBCA,BROKEN_FK_account_id_to_accounts
TX028477,C0345,A0694,1961.4,ZAR,2025-09-26,22:44:35,INTEREST,Interest - Ref 744130,POS,COMPLETED,REFF9ED3D8979EF,BROKEN_FK_account_id_to_accounts
TX028480,C0474,UNKNOWN,15907.6575,ZAR,2024-05-01,11:47:51,REVERSAL,Reversal - Ref 129455,POS,COMPLETED,REF67C9C4BCAA80,BROKEN_FK_account_id_to_accounts
TX028505,C0935,UNKNOWN,1543.63,ZAR,2025-07-12,11:36:24,DEPOSIT,Deposit - Ref 383321,MOBILE,COMPLETED,REF327DFB5E8892,BROKEN_FK_account_id_to_accounts
TX028528,C0253,UNKNOWN,783.36,ZAR,2025-11-19,19:05:41,DEPOSIT,Deposit - Ref 227622,ATM,COMPLETED,REF58D704CB6314,BROKEN_FK_account_id_to_accounts
TX028536,C0807,A0519,419.65,ZAR,2024-11-10,09:14:35,FEE,Fee - Ref 304438,ONLINE,COMPLETED,REFFEC8D0A34FC4,BROKEN_FK_account_id_to_accounts
TX028570,C0800,A0764,15907.6575,ZAR,2024-09-10,07:27:20,REVERSAL,Reversal - Ref 824778,MOBILE,COMPLETED,REFD5AB980D8ED4,BROKEN_FK_account_id_to_accounts
TX028574,C0692,A0415,1333.94,ZAR,2024-04-14,07:54:42,INTEREST,Interest - Ref 156949,ONLINE,REVERSED,REF4385C11F8758,BROKEN_FK_account_id_to_accounts
TX028577,C0158,A1330,15907.6575,ZAR,2025-11-26,20:15:51,REVERSAL,Reversal - Ref 670439,BRANCH,COMPLETED,REFACBCB5A0D495,BROKEN_FK_account_id_to_accounts
TX028597,C0261,UNKNOWN,544.5,ZAR,2024-11-16,09:38:03,WITHDRAWAL,Withdrawal - Ref 469355,POS,COMPLETED,REF285DBD1F71D8,BROKEN_FK_account_id_to_accounts
TX028601,C0433,A1025,1405.54,ZAR,2025-01-03,06:13:05,PAYMENT,Payment - Ref 441821,BRANCH,COMPLETED,REFF61DD6D7343B,BROKEN_FK_account_id_to_accounts
TX028607,C0047,FAKE_324FCFB3,40.77,ZAR,2026-07-20,08:05:03,TRANSFER,Transfer - Ref 396911,MOBILE,COMPLETED,REF7AC521DEB784,BROKEN_FK_account_id_to_accounts
TX028638,C0692,A0415,3883.62,ZAR,2024-05-21,12:49:52,INTEREST,Interest - Ref 655961,ONLINE,COMPLETED,REF7ED18F422F11,BROKEN_FK_account_id_to_accounts
TX028645,C0160,FAKE_5183559B,2289.85,ZAR,2024-10-14,07:53:55,INTEREST,Interest - Ref 254949,POS,COMPLETED,REF31F61C420414,BROKEN_FK_account_id_to_accounts
TX028655,C0987,A0943,474.95,ZAR,2024-01-26,07:14:32,PAYMENT,Payment - Ref 140388,MOBILE,COMPLETED,REF6BA6CE84E678,BROKEN_FK_account_id_to_accounts
TX028677,C0326,A0448,393.4,ZAR,2025-09-11,14:53:56,PAYMENT,Payment - Ref 904612,ONLINE,COMPLETED,REFC54ADDE3BDF4,BROKEN_FK_account_id_to_accounts
TX028678,C0224,A0045,1277.85,ZAR,2024-03-18,09:23:47,TRANSFER,Transfer - Ref 975697,MOBILE,COMPLETED,REFAC7D00A12E29,BROKEN_FK_account_id_to_accounts
TX028703,C0554,FAKE_DB0C88C6,15907.6575,ZAR,2026-03-03,12:13:12,REVERSAL,Reversal - Ref 135795,ONLINE,COMPLETED,REFB97FC5E1936C,BROKEN_FK_account_id_to_accounts
TX028710,C0824,UNKNOWN,2137.62,ZAR,2024-01-09,11:38:38,INTEREST,Interest - Ref 554920,ONLINE,COMPLETED,REF460BFDDEE387,BROKEN_FK_account_id_to_accounts
TX028715,C0005,UNKNOWN,1080.95,ZAR,2026-06-08,04:04:42,WITHDRAWAL,Withdrawal - Ref 499796,ATM,COMPLETED,REF6EA9C3F72AE0,BROKEN_FK_account_id_to_accounts
TX028716,C0371,A1236,385.36,ZAR,2024-08-12,15:52:46,PAYMENT,Payment - Ref 153261,ONLINE,COMPLETED,REF1841C8C781B0,BROKEN_FK_account_id_to_accounts
TX028735,C0132,A1146,3826.62,ZAR,2025-08-25,23:01:32,DEPOSIT,Deposit - Ref 911547,ONLINE,COMPLETED,REF030701416230,BROKEN_FK_account_id_to_accounts
TX028748,C0071,FAKE_1619A666,3804.87,ZAR,2026-06-11,13:12:13,INTEREST,Interest - Ref 179659,ONLINE,COMPLETED,REF188C0A985F21,BROKEN_FK_account_id_to_accounts
TX028769,C0922,A0672,306.81,ZAR,2025-02-09,18:13:38,DEBIT_ORDER,Debit Order - Ref 591669,POS,COMPLETED,REFF336E988DD5E,BROKEN_FK_account_id_to_accounts
TX028794,C0431,A0469,1156.79,ZAR,2025-05-01,11:35:18,DEBIT_ORDER,Debit Order - Ref 424712,BRANCH,COMPLETED,REF0086C07FF941,BROKEN_FK_account_id_to_accounts
TX028821,C0284,FAKE_54EE1417,5100.2,ZAR,2026-08-09,10:45:30,TRANSFER,Transfer - Ref 865580,ONLINE,COMPLETED,REF01FC932F9028,BROKEN_FK_account_id_to_accounts
TX028827,C0081,UNKNOWN,533.23,ZAR,2026-09-05,17:53:28,DEPOSIT,Deposit - Ref 279089,ATM,COMPLETED,REFC8273026E35E,BROKEN_FK_account_id_to_accounts
TX028831,C0537,A0699,2612.83,ZAR,2025-03-19,11:03:42,WITHDRAWAL,Withdrawal - Ref 272023,MOBILE,PENDING,REF5EBD0CF300A9,BROKEN_FK_account_id_to_accounts
TX028836,C0345,A0694,1190.29,ZAR,2026-03-07,22:00:05,INTEREST,Interest - Ref 737501,POS,COMPLETED,REF840EFE573291,BROKEN_FK_account_id_to_accounts
TX028842,C0240,A0937,339.84,ZAR,2024-02-03,21:26:47,WITHDRAWAL,Withdrawal - Ref 808752,MOBILE,REVERSED,REFF3916DF92E5E,BROKEN_FK_account_id_to_accounts
TX028878,C0692,A0415,1471.65,ZAR,2025-05-17,20:05:27,INTEREST,Interest - Ref 137053,MOBILE,FAILED,REFD11E3A1448D5,BROKEN_FK_account_id_to_accounts
TX028894,C0481,UNKNOWN,5606.53,ZAR,2025-02-21,08:12:13,PAYMENT,Payment - Ref 900135,ONLINE,COMPLETED,REF75BA838B7E67,BROKEN_FK_account_id_to_accounts
TX028960,C0646,A0291,4327.59,ZAR,2026-02-06,23:31:23,DEPOSIT,Deposit - Ref 508457,MOBILE,COMPLETED,REFC4A1795EAD54,BROKEN_FK_account_id_to_accounts
TX028979,C0855,FAKE_EC5D6BA8,1003.62,ZAR,2024-06-18,07:01:03,DEPOSIT,Deposit - Ref 394269,MOBILE,COMPLETED,REF6FFE5A83FDBA,BROKEN_FK_account_id_to_accounts
TX029035,C0611,A1314,342.42,ZAR,2024-11-07,07:50:49,TRANSFER,Transfer - Ref 240415,ATM,COMPLETED,REFDC53DA0FEAEC,BROKEN_FK_account_id_to_accounts
TX029091,C0366,A0418,1057.29,ZAR,2024-01-20,02:34:23,WITHDRAWAL,Withdrawal - Ref 158803,ONLINE,COMPLETED,REF9986816EBD4F,BROKEN_FK_account_id_to_accounts
TX029128,C0537,A0699,15907.6575,ZAR,2025-01-03,12:37:49,REVERSAL,Reversal - Ref 557195,ONLINE,COMPLETED,REFD5D392B6657D,BROKEN_FK_account_id_to_accounts
TX029136,C0741,UNKNOWN,296.22,ZAR,2024-10-16,19:36:54,DEBIT_ORDER,Debit Order - Ref 123176,MOBILE,COMPLETED,REF7F3423BA22B6,BROKEN_FK_account_id_to_accounts
TX029141,C0261,A0515,6347.49,ZAR,2025-04-11,17:56:45,TRANSFER,Transfer - Ref 118790,MOBILE,COMPLETED,REFCA661F348E81,BROKEN_FK_account_id_to_accounts
TX029171,C0619,UNKNOWN,371.71,ZAR,2025-06-29,15:35:43,PAYMENT,Payment - Ref 721004,ONLINE,COMPLETED,REFE4FB863DFDFE,BROKEN_FK_account_id_to_accounts
TX029194,C0620,UNKNOWN,1709.18,ZAR,2026-01-19,18:06:00,WITHDRAWAL,Withdrawal - Ref 860576,MOBILE,COMPLETED,REF46D7CA86087D,BROKEN_FK_account_id_to_accounts
TX029208,C0726,UNKNOWN,4557.45,ZAR,2026-03-16,17:08:45,INTEREST,Interest - Ref 807878,MOBILE,PENDING,REFB0E26829FD15,BROKEN_FK_account_id_to_accounts
TX029213,C0176,UNKNOWN,1721.42,ZAR,2024-06-21,14:25:49,REVERSAL,Reversal - Ref 327894,MOBILE,COMPLETED,REFF96955AC821B,BROKEN_FK_account_id_to_accounts
TX029229,C0004,UNKNOWN,3089.58,ZAR,2025-12-05,21:42:15,TRANSFER,Transfer - Ref 164179,MOBILE,COMPLETED,REF87C82BEBA463,BROKEN_FK_account_id_to_accounts
TX029250,C0041,FAKE_CC193EC0,1074.32,ZAR,2024-11-28,15:31:43,INTEREST,Interest - Ref 509291,ONLINE,COMPLETED,REF10E19875846F,BROKEN_FK_account_id_to_accounts
TX029301,C0714,UNKNOWN,173.33,ZAR,2024-08-26,17:08:08,FEE,Fee - Ref 526007,ONLINE,COMPLETED,REF783CA57C1115,BROKEN_FK_account_id_to_accounts
TX029304,C0569,A0141,160.99,ZAR,2024-09-11,02:04:13,FEE,Fee - Ref 193564,ONLINE,COMPLETED,REF7FAD081F7780,BROKEN_FK_account_id_to_accounts
TX029316,C0158,A1330,282.56,ZAR,2025-10-21,01:39:53,WITHDRAWAL,Withdrawal - Ref 319429,MOBILE,COMPLETED,REFDCFCB2AD4DF4,BROKEN_FK_account_id_to_accounts
TX029324,C0668,FAKE_9250BF90,14859.46,ZAR,2024-05-01,16:55:15,PAYMENT,Payment - Ref 910392,BRANCH,COMPLETED,REF5C3254C22244,BROKEN_FK_account_id_to_accounts
TX029356,C0604,UNKNOWN,15907.6575,ZAR,2024-10-04,11:41:20,DEBIT_ORDER,Debit Order - Ref 109810,ATM,COMPLETED,REF8695E97E7793,BROKEN_FK_account_id_to_accounts
TX029363,C0896,UNKNOWN,3814.45,ZAR,2025-06-26,13:54:11,DEPOSIT,Deposit - Ref 170684,ONLINE,COMPLETED,REF1E119299108E,BROKEN_FK_account_id_to_accounts
TX029386,C0772,A0436,2612.74,ZAR,2024-12-19,03:33:40,INTEREST,Interest - Ref 250830,ONLINE,COMPLETED,REF55A11D376DE0,BROKEN_FK_account_id_to_accounts
TX029391,C0339,A0380,938.42,ZAR,2025-08-28,20:03:48,DEBIT_ORDER,Debit Order - Ref 872284,ONLINE,COMPLETED,REF9502D3D232A7,BROKEN_FK_account_id_to_accounts
TX029404,C0907,UNKNOWN,1587.26,ZAR,2024-08-17,19:00:38,WITHDRAWAL,Withdrawal - Ref 334022,POS,COMPLETED,REF1121FD12004C,BROKEN_FK_account_id_to_accounts
TX029411,C0352,UNKNOWN,136.68,ZAR,2026-06-01,08:12:05,DEBIT_ORDER,Debit Order - Ref 111742,BRANCH,PENDING,REF659F09F14105,BROKEN_FK_account_id_to_accounts
TX029413,C0194,FAKE_BE708306,393.08,ZAR,2024-02-10,23:28:05,FEE,Fee - Ref 548511,POS,COMPLETED,REFC3CC05FE8BF3,BROKEN_FK_account_id_to_accounts
TX029415,C0302,A0994,643.24,ZAR,2026-03-25,08:33:53,WITHDRAWAL,Withdrawal - Ref 806237,MOBILE,COMPLETED,REF1CF103C9A4B1,BROKEN_FK_account_id_to_accounts
TX029420,C0133,UNKNOWN,11189.63,ZAR,2026-07-17,10:33:38,DEPOSIT,Deposit - Ref 542752,MOBILE,COMPLETED,REF063AB6099B18,BROKEN_FK_account_id_to_accounts
TX029438,C0910,UNKNOWN,8613.59,ZAR,2024-07-02,21:00:51,PAYMENT,Payment - Ref 533659,ONLINE,COMPLETED,REFF1B0DB26E2B7,BROKEN_FK_account_id_to_accounts
TX029442,C0071,A1181,1867.56,ZAR,2025-10-09,11:05:42,DEPOSIT,Deposit - Ref 689256,MOBILE,COMPLETED,REFBC0D62C47B51,BROKEN_FK_account_id_to_accounts
TX029490,C0071,A1181,96.61,ZAR,2026-06-18,03:31:22,FEE,Fee - Ref 747275,ATM,COMPLETED,REFF096A2EA9705,BROKEN_FK_account_id_to_accounts
TX029538,C0391,A0473,1546.17,ZAR,2025-03-04,15:28:26,PAYMENT,Payment - Ref 758674,ONLINE,COMPLETED,REF751E3A8AE423,BROKEN_FK_account_id_to_accounts
TX029552,C0692,A0415,1089.31,ZAR,2025-03-05,13:47:59,DEBIT_ORDER,Debit Order - Ref 922201,ONLINE,COMPLETED,REF32ECF38202BC,BROKEN_FK_account_id_to_accounts
TX029557,C0774,FAKE_0FD4BDFE,12470.32,ZAR,2025-11-03,09:32:38,REVERSAL,Reversal - Ref 772989,BRANCH,COMPLETED,REFD67F8929F17D,BROKEN_FK_account_id_to_accounts
TX029562,C0999,A0831,896.09,ZAR,2026-04-03,17:49:52,INTEREST,Interest - Ref 384947,MOBILE,COMPLETED,REF5C1D49164D13,BROKEN_FK_account_id_to_accounts
TX029581,C0261,A0515,206.23,ZAR,2026-01-09,17:18:06,DEBIT_ORDER,Debit Order - Ref 143447,ONLINE,COMPLETED,REFABEAEEDB1305,BROKEN_FK_account_id_to_accounts
TX029647,C0689,UNKNOWN,2707.63,ZAR,2024-12-15,07:58:56,INTEREST,Interest - Ref 582037,ONLINE,COMPLETED,REFE53451478A33,BROKEN_FK_account_id_to_accounts
TX029649,C0999,A0831,540.2,ZAR,2026-05-17,22:04:17,DEBIT_ORDER,Debit Order - Ref 219923,ONLINE,PENDING,REF1584C32715CF,BROKEN_FK_account_id_to_accounts
TX029692,C0800,A0764,43.01,ZAR,2025-04-05,07:12:31,FEE,Fee - Ref 902285,MOBILE,COMPLETED,REFFE0D0596B884,BROKEN_FK_account_id_to_accounts
TX029699,C0772,A0436,4824.66,ZAR,2025-09-28,10:31:37,DEPOSIT,Deposit - Ref 934698,MOBILE,COMPLETED,REF6BC60A8F1474,BROKEN_FK_account_id_to_accounts
TX029713,C0021,A1205,15907.6575,ZAR,2025-08-07,03:09:41,WITHDRAWAL,Withdrawal - Ref 519683,ATM,COMPLETED,REF4D80C581C863,BROKEN_FK_account_id_to_accounts
TX029721,C0107,A1386,15907.6575,ZAR,2025-02-24,06:47:24,REVERSAL,Reversal - Ref 250875,BRANCH,COMPLETED,REFBCBF615EE0FC,BROKEN_FK_account_id_to_accounts
TX029753,C0449,UNKNOWN,1009.17,ZAR,2026-03-01,07:42:21,TRANSFER,Transfer - Ref 677663,ONLINE,PENDING,REFABFD6805D45B,BROKEN_FK_account_id_to_accounts
TX029756,C0302,A0994,15907.6575,ZAR,2026-02-13,14:32:07,REVERSAL,Reversal - Ref 826087,MOBILE,COMPLETED,REFD18B133B000E,BROKEN_FK_account_id_to_accounts
TX029760,C0009,FAKE_99D62368,199.96,ZAR,2024-03-11,14:05:55,FEE,Fee - Ref 177835,POS,COMPLETED,REFF998021D89D4,BROKEN_FK_account_id_to_accounts
TX029801,C0767,A0305,506.21,ZAR,2024-07-19,21:50:48,PAYMENT,Payment - Ref 154986,ATM,COMPLETED,REF88F18F73CC4A,BROKEN_FK_account_id_to_accounts
TX029809,C0881,A0400,1787.91,ZAR,2025-10-18,10:55:15,DEPOSIT,Deposit - Ref 378383,MOBILE,COMPLETED,REF892CE4D6757E,BROKEN_FK_account_id_to_accounts
TX029813,C0365,UNKNOWN,1153.21,ZAR,2026-05-28,12:33:31,PAYMENT,Payment - Ref 683400,ONLINE,REVERSED,REFC7ED663EC6DB,BROKEN_FK_account_id_to_accounts
TX029820,C0240,A0937,3715.04,ZAR,2025-11-09,11:35:42,DEPOSIT,Deposit - Ref 275469,POS,COMPLETED,REFD87C6B93C273,BROKEN_FK_account_id_to_accounts
TX029822,C0216,UNKNOWN,653.72,ZAR,2024-08-19,20:56:21,PAYMENT,Payment - Ref 149533,POS,COMPLETED,REF9A36850DB8C4,BROKEN_FK_account_id_to_accounts
TX029851,C0446,UNKNOWN,15907.6575,ZAR,2024-12-06,22:18:18,REVERSAL,Reversal - Ref 944605,MOBILE,PENDING,REFC60AAD34E579,BROKEN_FK_account_id_to_accounts
TX029884,C0807,A0519,3025.45,ZAR,2024-11-10,12:26:04,DEPOSIT,Deposit - Ref 470283,BRANCH,COMPLETED,REF342220422786,BROKEN_FK_account_id_to_accounts
TX029889,C0907,A1444,479.99,ZAR,2026-05-27,02:01:40,FEE,Fee - Ref 324509,ONLINE,COMPLETED,REF7766A479AE1A,BROKEN_FK_account_id_to_accounts
TX029904,C0625,UNKNOWN,5692.66,ZAR,2025-08-13,23:04:02,REVERSAL,Reversal - Ref 577790,POS,COMPLETED,REF8EF565C1542F,BROKEN_FK_account_id_to_accounts
TX029912,C0720,A0589,213.39,ZAR,2026-08-06,05:42:02,WITHDRAWAL,Withdrawal - Ref 321331,ATM,COMPLETED,REF11D9C59CFFB0,BROKEN_FK_account_id_to_accounts
TX029917,C0611,A1314,35.42,ZAR,2025-01-25,20:02:10,FEE,Fee - Ref 296228,MOBILE,COMPLETED,REFBB284E5E440C,BROKEN_FK_account_id_to_accounts
TX029940,C0686,UNKNOWN,4468.3,ZAR,2024-01-23,10:56:27,INTEREST,Interest - Ref 634709,ONLINE,COMPLETED,REFF0D6B0B9A476,BROKEN_FK_account_id_to_accounts
TX029962,C0866,FAKE_B0331EE7,15907.6575,ZAR,2025-02-03,00:01:28,REVERSAL,Reversal - Ref 636577,MOBILE,COMPLETED,REF152C42E931A0,BROKEN_FK_account_id_to_accounts
TX029975,C0576,UNKNOWN,323.53,ZAR,2024-11-22,02:03:01,DEBIT_ORDER,Debit Order - Ref 485142,ONLINE,COMPLETED,REF023B4BE5F3C9,BROKEN_FK_account_id_to_accounts
TX029980,C0692,A0415,4795.91,ZAR,2025-01-30,02:33:11,INTEREST,Interest - Ref 612548,ONLINE,PENDING,REFC957609A08B5,BROKEN_FK_account_id_to_accounts
TX029996,C0240,A0937,527.33,ZAR,2026-01-24,04:41:08,DEBIT_ORDER,Debit Order - Ref 211860,MOBILE,COMPLETED,REF21A6C94328F0,BROKEN_FK_account_id_to_accounts
TX030006,C0685,UNKNOWN,307.68,ZAR,2025-01-31,21:39:10,TRANSFER,Transfer - Ref 665691,POS,COMPLETED,REFD793E24F5973,BROKEN_FK_account_id_to_accounts
TX030037,C0398,A0053,824.37,ZAR,2024-10-04,07:31:31,PAYMENT,Payment - Ref 617564,POS,COMPLETED,REF4D71738B4E49,BROKEN_FK_account_id_to_accounts
TX030083,C0983,UNKNOWN,1142.22,ZAR,2025-04-09,21:13:58,DEBIT_ORDER,Debit Order - Ref 800496,ONLINE,COMPLETED,REFD96880470C57,BROKEN_FK_account_id_to_accounts
TX030104,C0864,UNKNOWN,15907.6575,ZAR,2025-11-26,21:58:15,TRANSFER,Transfer - Ref 310504,POS,COMPLETED,REFD7EBEAFA3626,BROKEN_FK_account_id_to_accounts
TX030136,C0632,UNKNOWN,15907.6575,ZAR,2024-08-31,02:30:23,REVERSAL,Reversal - Ref 447215,MOBILE,COMPLETED,REF5D4DCA3A32E8,BROKEN_FK_account_id_to_accounts
TX030143,C0108,A0572,12350.69,ZAR,2024-08-23,08:26:19,REVERSAL,Reversal - Ref 986534,ONLINE,COMPLETED,REFDF46094495EC,BROKEN_FK_account_id_to_accounts
TX030161,C0871,A1487,24.54,ZAR,2026-08-14,22:35:44,FEE,Fee - Ref 339868,BRANCH,PENDING,REF496896E30918,BROKEN_FK_account_id_to_accounts
TX030170,C0329,UNKNOWN,327.76,ZAR,2025-09-25,22:20:27,FEE,Fee - Ref 368559,ATM,COMPLETED,REFC2E4182DA659,BROKEN_FK_account_id_to_accounts
TX030175,C0366,A0418,1809.52,ZAR,2024-07-12,09:35:21,INTEREST,Interest - Ref 798809,MOBILE,COMPLETED,REF150607394DA1,BROKEN_FK_account_id_to_accounts
TX030176,C0261,A0515,4084.88,ZAR,2026-06-12,16:26:34,DEBIT_ORDER,Debit Order - Ref 159178,MOBILE,COMPLETED,REF916FB92913E5,BROKEN_FK_account_id_to_accounts
TX030211,C0002,FAKE_E8F75C11,3915.04,ZAR,2025-03-06,08:36:35,INTEREST,Interest - Ref 628485,ONLINE,COMPLETED,REF17EAC7D9B709,BROKEN_FK_account_id_to_accounts
TX030230,C0800,A0764,527.97,ZAR,2026-07-02,16:28:41,PAYMENT,Payment - Ref 485869,MOBILE,REVERSED,REFECC4F35D6BFF,BROKEN_FK_account_id_to_accounts
TX030232,C0371,A1236,135.58,ZAR,2026-02-13,04:39:08,WITHDRAWAL,Withdrawal - Ref 711397,MOBILE,COMPLETED,REF0486C68BDB21,BROKEN_FK_account_id_to_accounts
TX030234,C0132,A1146,15907.6575,ZAR,2024-02-25,09:29:20,REVERSAL,Reversal - Ref 130350,POS,COMPLETED,REF50F05D59EF2E,BROKEN_FK_account_id_to_accounts
TX030252,C0999,A0831,1104.27,ZAR,2025-07-14,04:27:34,PAYMENT,Payment - Ref 821980,MOBILE,COMPLETED,REFBC2A5C4D7EFB,BROKEN_FK_account_id_to_accounts
TX030256,C0542,FAKE_FD6DA29D,15907.6575,ZAR,2025-09-24,19:32:39,REVERSAL,Reversal - Ref 873232,MOBILE,COMPLETED,REFF564BE9BD2FD,BROKEN_FK_account_id_to_accounts
TX030261,C0419,A0556,927.31,ZAR,2025-10-28,09:40:50,TRANSFER,Transfer - Ref 458337,ATM,COMPLETED,REFC6DDBA203F12,BROKEN_FK_account_id_to_accounts
TX030281,C0411,UNKNOWN,1825.37,ZAR,2024-10-05,01:33:08,INTEREST,Interest - Ref 185946,MOBILE,COMPLETED,REF938D5B2CC263,BROKEN_FK_account_id_to_accounts
TX030285,C0831,A0527,15907.6575,ZAR,2024-02-12,05:39:54,REVERSAL,Reversal - Ref 297972,BRANCH,COMPLETED,REFF3E36D8ACD02,BROKEN_FK_account_id_to_accounts
TX030287,C0607,FAKE_4D5DF27B,480.08,ZAR,2024-09-08,10:22:01,FEE,Fee - Ref 626586,ATM,REVERSED,REF9CEA67C90918,BROKEN_FK_account_id_to_accounts
TX030296,C0107,A1386,486.47,ZAR,2025-11-11,14:40:15,PAYMENT,Payment - Ref 755256,BRANCH,COMPLETED,REF59BDACFE6211,BROKEN_FK_account_id_to_accounts
TX030345,C0326,A0656,609.93,ZAR,2026-08-29,23:48:16,TRANSFER,Transfer - Ref 267237,MOBILE,COMPLETED,REF5C3BE02A5EEC,BROKEN_FK_account_id_to_accounts
TX030359,C0398,A0053,15907.6575,ZAR,2025-07-04,19:22:08,REVERSAL,Reversal - Ref 523047,ATM,COMPLETED,REF76CB45EBF6C7,BROKEN_FK_account_id_to_accounts
TX030366,C0082,A1200,1517.1,ZAR,2025-09-26,20:34:07,DEBIT_ORDER,Debit Order - Ref 776855,MOBILE,COMPLETED,REF4F4708E566F4,BROKEN_FK_account_id_to_accounts
TX030373,C0158,A1330,983.49,ZAR,2025-06-30,04:01:57,PAYMENT,Payment - Ref 181920,ONLINE,COMPLETED,REFCC06C55FF083,BROKEN_FK_account_id_to_accounts
TX030391,C0339,A0380,959.99,ZAR,2024-01-19,22:40:51,DEPOSIT,Deposit - Ref 242378,MOBILE,COMPLETED,REF92A2CEDFC23C,BROKEN_FK_account_id_to_accounts
TX030395,C0431,A0469,3786.05,ZAR,2025-04-10,17:43:46,TRANSFER,Transfer - Ref 319689,POS,FAILED,REF2A462BEE816C,BROKEN_FK_account_id_to_accounts
TX030478,C0289,UNKNOWN,3618.53,ZAR,2024-12-01,05:56:26,INTEREST,Interest - Ref 964876,ONLINE,COMPLETED,REF2206D476A270,BROKEN_FK_account_id_to_accounts
TX030487,C0158,A1330,638.03,ZAR,2025-07-24,21:26:36,WITHDRAWAL,Withdrawal - Ref 798344,ATM,FAILED,REF05A3FEA111FB,BROKEN_FK_account_id_to_accounts
TX030489,C0831,A0527,2855.77,ZAR,2025-09-27,22:13:24,INTEREST,Interest - Ref 695764,BRANCH,COMPLETED,REF6B0770706CFE,BROKEN_FK_account_id_to_accounts
TX030513,C0628,FAKE_B5FFC0A5,2636.96,ZAR,2026-04-17,11:50:04,INTEREST,Interest - Ref 448313,BRANCH,COMPLETED,REF2BDF7752E312,BROKEN_FK_account_id_to_accounts
TX030520,C0082,A1200,413.95,ZAR,2026-01-18,18:32:00,FEE,Fee - Ref 887530,POS,COMPLETED,REFEF7F52BA7BE3,BROKEN_FK_account_id_to_accounts
TX030546,C0158,A1330,1893.8,ZAR,2024-02-08,03:31:42,INTEREST,Interest - Ref 154346,ATM,COMPLETED,REF21424014910E,BROKEN_FK_account_id_to_accounts
TX030565,C0871,A1487,174.45,ZAR,2024-05-19,22:18:16,WITHDRAWAL,Withdrawal - Ref 279886,MOBILE,COMPLETED,REFD2C5E9210B60,BROKEN_FK_account_id_to_accounts
TX030570,C0071,A1181,174.2,ZAR,2024-08-31,14:50:53,PAYMENT,Payment - Ref 263518,POS,COMPLETED,REF82C48ADBDC5E,BROKEN_FK_account_id_to_accounts
TX030571,C0391,UNKNOWN,1655.63,ZAR,2025-09-08,20:17:29,INTEREST,Interest - Ref 638432,MOBILE,COMPLETED,REF321A9E648259,BROKEN_FK_account_id_to_accounts
TX030574,C0030,UNKNOWN,20.38,ZAR,2024-10-06,22:38:01,FEE,Fee - Ref 714662,POS,COMPLETED,REFD43E569766E5,BROKEN_FK_account_id_to_accounts
TX030575,C0614,A0422,3983.99,ZAR,2026-04-28,18:48:01,INTEREST,Interest - Ref 760128,ONLINE,COMPLETED,REFD8357799A073,BROKEN_FK_account_id_to_accounts
TX030577,C0071,A1181,3990.34,ZAR,2025-04-30,00:48:15,INTEREST,Interest - Ref 764913,MOBILE,COMPLETED,REFF72BD9CB40BF,BROKEN_FK_account_id_to_accounts
TX030581,C0881,A0400,15907.6575,ZAR,2024-12-08,12:10:45,REVERSAL,Reversal - Ref 510181,ONLINE,PENDING,REF1AFE71BF7FCF,BROKEN_FK_account_id_to_accounts
TX030607,C0398,A0053,15907.6575,ZAR,2025-10-16,21:33:43,REVERSAL,Reversal - Ref 865332,ATM,COMPLETED,REFEB222B641B3E,BROKEN_FK_account_id_to_accounts
TX030625,C0391,A0473,868.55,ZAR,2024-10-29,17:50:48,WITHDRAWAL,Withdrawal - Ref 764192,ONLINE,COMPLETED,REFE8CDCDD97784,BROKEN_FK_account_id_to_accounts
TX030626,C0907,A1444,485.34,ZAR,2025-04-13,19:26:14,DEBIT_ORDER,Debit Order - Ref 268244,ATM,COMPLETED,REF23E11C799B34,BROKEN_FK_account_id_to_accounts
TX030632,C0690,FAKE_D94B7617,287.28,ZAR,2025-06-04,19:33:40,DEBIT_ORDER,Debit Order - Ref 275547,MOBILE,COMPLETED,REFBEF2990053EA,BROKEN_FK_account_id_to_accounts
TX030634,C0249,UNKNOWN,15907.6575,ZAR,2026-08-17,16:24:55,REVERSAL,Reversal - Ref 678648,ONLINE,COMPLETED,REF705445420020,BROKEN_FK_account_id_to_accounts
TX030688,C0692,A0415,2614.72,ZAR,2024-09-01,01:36:07,PAYMENT,Payment - Ref 602011,BRANCH,COMPLETED,REFA2F23997C964,BROKEN_FK_account_id_to_accounts
TX030694,C0371,A1236,2151.22,ZAR,2026-08-28,22:39:23,TRANSFER,Transfer - Ref 153902,POS,FAILED,REFA991DBCF7F50,BROKEN_FK_account_id_to_accounts
TX030731,C0398,A0053,295.15,ZAR,2025-08-10,11:13:25,DEBIT_ORDER,Debit Order - Ref 708676,MOBILE,COMPLETED,REF45FACF5A3286,BROKEN_FK_account_id_to_accounts
TX030733,C0224,UNKNOWN,557.11,ZAR,2025-07-03,10:44:17,DEBIT_ORDER,Debit Order - Ref 357274,ONLINE,COMPLETED,REFF814908ABE97,BROKEN_FK_account_id_to_accounts
TX030753,C0614,A0422,2606.17,ZAR,2024-07-08,05:42:16,INTEREST,Interest - Ref 639849,ATM,COMPLETED,REF2E2CA52297AE,BROKEN_FK_account_id_to_accounts
TX030759,C0475,UNKNOWN,1584.06,ZAR,2026-01-16,10:41:03,PAYMENT,Payment - Ref 611871,ONLINE,COMPLETED,REFD5AE474C7C05,BROKEN_FK_account_id_to_accounts
TX030761,C0302,UNKNOWN,802.96,ZAR,2025-06-14,18:13:20,DEBIT_ORDER,Debit Order - Ref 453120,MOBILE,COMPLETED,REF9C57B31EC6CB,BROKEN_FK_account_id_to_accounts
TX030773,C0115,UNKNOWN,99.09,ZAR,2025-07-28,06:05:56,FEE,Fee - Ref 120009,ONLINE,COMPLETED,REF82AE4F752B9F,BROKEN_FK_account_id_to_accounts
TX030774,C0326,A0656,4790.78,ZAR,2024-05-25,10:18:14,INTEREST,Interest - Ref 352994,MOBILE,COMPLETED,REFF9334CA4475F,BROKEN_FK_account_id_to_accounts
TX030779,C0367,UNKNOWN,4028.3,ZAR,2026-08-02,02:07:02,INTEREST,Interest - Ref 458560,ATM,COMPLETED,REF371C5DC23FD0,BROKEN_FK_account_id_to_accounts
TX030789,C0446,FAKE_8E9891C6,3823.37,ZAR,2026-07-07,08:28:57,TRANSFER,Transfer - Ref 317703,ONLINE,COMPLETED,REFF23CB504F0C6,BROKEN_FK_account_id_to_accounts
TX030835,C0645,A0282,3037.88,ZAR,2024-02-16,04:33:27,TRANSFER,Transfer - Ref 718445,BRANCH,COMPLETED,REF6219E9F0EC30,BROKEN_FK_account_id_to_accounts
TX030862,C0345,A0694,2408.38,ZAR,2026-07-29,11:31:39,DEPOSIT,Deposit - Ref 657827,MOBILE,COMPLETED,REF0EB4FFCCE8A4,BROKEN_FK_account_id_to_accounts
TX030906,C0455,UNKNOWN,15907.6575,ZAR,2026-04-02,21:39:17,TRANSFER,Transfer - Ref 509375,ONLINE,COMPLETED,REF010F11DE8C60,BROKEN_FK_account_id_to_accounts
TX030910,C0250,A0563,3435.31,ZAR,2026-01-19,11:33:54,DEBIT_ORDER,Debit Order - Ref 360259,ONLINE,COMPLETED,REFBAF34F5C735D,BROKEN_FK_account_id_to_accounts
TX030960,C0871,A1487,1008.14,ZAR,2025-04-03,20:45:52,DEBIT_ORDER,Debit Order - Ref 155910,MOBILE,COMPLETED,REF78C3BF3BA45A,BROKEN_FK_account_id_to_accounts
TX030971,C0021,A1205,2307.94,ZAR,2024-05-20,22:38:12,DEBIT_ORDER,Debit Order - Ref 118379,MOBILE,PENDING,REF02CFC8A63186,BROKEN_FK_account_id_to_accounts
TX030982,C0240,A0937,15907.6575,ZAR,2026-01-26,02:03:53,REVERSAL,Reversal - Ref 328418,MOBILE,COMPLETED,REF8C2662B712EC,BROKEN_FK_account_id_to_accounts
TX031020,C0415,UNKNOWN,108.27,ZAR,2024-05-23,10:00:47,DEBIT_ORDER,Debit Order - Ref 828048,BRANCH,COMPLETED,REFCAFD50777C5D,BROKEN_FK_account_id_to_accounts
TX031021,C0484,A1438,923.96,ZAR,2025-09-22,03:41:27,DEBIT_ORDER,Debit Order - Ref 231058,ONLINE,COMPLETED,REF7A778327A0B5,BROKEN_FK_account_id_to_accounts
TX031024,C0366,A0418,2418.33,ZAR,2025-01-19,01:15:20,PAYMENT,Payment - Ref 181919,ONLINE,COMPLETED,REF1B923A5C0FBA,BROKEN_FK_account_id_to_accounts
TX031029,C0874,A0790,441.79,ZAR,2025-12-16,23:36:35,WITHDRAWAL,Withdrawal - Ref 782253,ONLINE,COMPLETED,REFFF86FD78129A,BROKEN_FK_account_id_to_accounts
TX031033,C0071,A0452,319.39,ZAR,2026-01-01,03:01:53,FEE,Fee - Ref 780017,ONLINE,COMPLETED,REF8513977C86CA,BROKEN_FK_account_id_to_accounts
TX031034,C0807,A0519,1253.84,ZAR,2025-02-13,20:11:33,DEPOSIT,Deposit - Ref 216470,ONLINE,COMPLETED,REF6AC543BDE3C6,BROKEN_FK_account_id_to_accounts
TX031037,C0610,UNKNOWN,250.97,ZAR,2026-07-27,16:19:28,FEE,Fee - Ref 756635,ONLINE,COMPLETED,REF962608FFA15F,BROKEN_FK_account_id_to_accounts
TX031040,C0240,A0937,3321.03,ZAR,2025-09-24,04:52:30,TRANSFER,Transfer - Ref 887336,ONLINE,COMPLETED,REF99EDFFB41498,BROKEN_FK_account_id_to_accounts
TX031114,C0340,FAKE_9C85679D,484.34,ZAR,2025-02-26,08:33:44,TRANSFER,Transfer - Ref 924965,BRANCH,COMPLETED,REF6EE3DBC43BD3,BROKEN_FK_account_id_to_accounts
TX031116,C0089,A0779,307.98,ZAR,2024-01-29,04:12:06,FEE,Fee - Ref 129234,ONLINE,COMPLETED,REF9721701271E5,BROKEN_FK_account_id_to_accounts
TX031134,C0254,UNKNOWN,1255.32,ZAR,2025-05-10,08:52:35,INTEREST,Interest - Ref 994665,ONLINE,COMPLETED,REFB1CAD345371C,BROKEN_FK_account_id_to_accounts
TX031153,C0224,A0045,4662.31,ZAR,2024-11-03,11:38:32,DEPOSIT,Deposit - Ref 160901,ONLINE,COMPLETED,REF493118E34FBD,BROKEN_FK_account_id_to_accounts
TX031159,C0484,A1438,385.29,ZAR,2025-03-16,20:11:46,FEE,Fee - Ref 384927,ATM,PENDING,REF9B3D295A4677,BROKEN_FK_account_id_to_accounts
TX031164,C0754,UNKNOWN,10046.32,ZAR,2024-10-09,11:02:45,PAYMENT,Payment - Ref 440023,MOBILE,COMPLETED,REF90B20F298C19,BROKEN_FK_account_id_to_accounts
TX031181,C0801,UNKNOWN,145.92,ZAR,2025-05-15,08:18:39,PAYMENT,Payment - Ref 439309,ATM,COMPLETED,REF9D74B9B784B9,BROKEN_FK_account_id_to_accounts
TX031186,C0398,A0053,248.68,ZAR,2024-06-18,17:17:41,INTEREST,Interest - Ref 519662,MOBILE,COMPLETED,REFB8FFAE5C2A8E,BROKEN_FK_account_id_to_accounts
TX031189,C0874,UNKNOWN,3773.32,ZAR,2025-06-11,08:54:20,PAYMENT,Payment - Ref 378075,ONLINE,COMPLETED,REF91172985C915,BROKEN_FK_account_id_to_accounts
TX031192,C0517,UNKNOWN,671.36,ZAR,2024-09-07,21:10:27,DEBIT_ORDER,Debit Order - Ref 599638,BRANCH,COMPLETED,REFC8E93EACE682,BROKEN_FK_account_id_to_accounts
TX031234,C0071,A1181,4805.75,ZAR,2024-08-06,03:05:55,INTEREST,Interest - Ref 309468,POS,COMPLETED,REF91753674E16A,BROKEN_FK_account_id_to_accounts
TX031247,C0781,UNKNOWN,4700.1,ZAR,2024-02-15,23:09:31,INTEREST,Interest - Ref 693665,ONLINE,PENDING,REFE7CC8CB45ED2,BROKEN_FK_account_id_to_accounts
TX031256,C0979,UNKNOWN,1172.04,ZAR,2025-10-20,16:33:00,TRANSFER,Transfer - Ref 302554,ATM,COMPLETED,REFAC2B8325D00C,BROKEN_FK_account_id_to_accounts
TX031263,C0692,A0415,2447.58,ZAR,2026-06-30,12:13:28,PAYMENT,Payment - Ref 162459,POS,COMPLETED,REF29111A513F17,BROKEN_FK_account_id_to_accounts
TX031311,C0317,UNKNOWN,424.56,ZAR,2024-08-03,19:02:00,FEE,Fee - Ref 900092,ATM,COMPLETED,REF43EAA525F8A5,BROKEN_FK_account_id_to_accounts
TX031325,C0720,A0589,1310.83,ZAR,2024-12-25,21:35:34,TRANSFER,Transfer - Ref 662024,ONLINE,COMPLETED,REFCF81ABD5B967,BROKEN_FK_account_id_to_accounts
TX031332,C0871,A1487,9562.9,ZAR,2026-05-04,15:05:35,REVERSAL,Reversal - Ref 609866,BRANCH,COMPLETED,REF541260C47F2C,BROKEN_FK_account_id_to_accounts
TX031348,C0915,A0345,15907.6575,ZAR,2024-04-14,15:56:23,REVERSAL,Reversal - Ref 734626,ONLINE,FAILED,REF6E52D21B6CB0,BROKEN_FK_account_id_to_accounts
TX031359,C0692,A0415,373.34,ZAR,2025-11-20,11:33:36,DEBIT_ORDER,Debit Order - Ref 407589,MOBILE,COMPLETED,REF1AACF70CBFBA,BROKEN_FK_account_id_to_accounts
TX031426,C0720,A0589,3048.28,ZAR,2024-11-10,06:24:00,TRANSFER,Transfer - Ref 758795,POS,COMPLETED,REFD80E3CEEE3AC,BROKEN_FK_account_id_to_accounts
TX031443,C0030,UNKNOWN,508.35,ZAR,2026-06-06,04:54:51,INTEREST,Interest - Ref 718657,MOBILE,COMPLETED,REF5464B67A37E3,BROKEN_FK_account_id_to_accounts
TX031457,C0302,A0994,76.03,ZAR,2025-04-07,03:51:09,FEE,Fee - Ref 531914,ONLINE,FAILED,REF74E127F36E4C,BROKEN_FK_account_id_to_accounts
TX031459,C0915,A0345,554.96,ZAR,2026-01-25,23:50:40,WITHDRAWAL,Withdrawal - Ref 532395,BRANCH,COMPLETED,REFBE977F8AC855,BROKEN_FK_account_id_to_accounts
TX031480,C0021,A1205,120.73,ZAR,2024-10-27,07:07:48,FEE,Fee - Ref 433185,MOBILE,COMPLETED,REFACE55ED27192,BROKEN_FK_account_id_to_accounts
TX031515,C0153,UNKNOWN,465.33,ZAR,2024-10-24,12:23:13,DEBIT_ORDER,Debit Order - Ref 891783,ONLINE,PENDING,REF3AC811408164,BROKEN_FK_account_id_to_accounts
TX031541,C0158,A1330,148.16,ZAR,2025-02-26,12:23:11,TRANSFER,Transfer - Ref 445568,POS,COMPLETED,REFB7E4E7B499E0,BROKEN_FK_account_id_to_accounts
TX031547,C0791,A0938,3033.75,ZAR,2025-12-16,10:19:11,INTEREST,Interest - Ref 344369,MOBILE,COMPLETED,REF1A2B833CBA19,BROKEN_FK_account_id_to_accounts
TX031573,C0874,A0790,12714.07,ZAR,2026-04-17,03:05:10,REVERSAL,Reversal - Ref 432408,MOBILE,COMPLETED,REFE27B8B36049A,BROKEN_FK_account_id_to_accounts
TX031577,C0801,UNKNOWN,326.12,ZAR,2026-06-28,07:47:20,FEE,Fee - Ref 322007,MOBILE,PENDING,REFF7F790ED187D,BROKEN_FK_account_id_to_accounts
TX031598,C0391,A0473,3302.93,ZAR,2025-07-03,20:14:10,DEBIT_ORDER,Debit Order - Ref 830504,MOBILE,COMPLETED,REFC68B9D51304D,BROKEN_FK_account_id_to_accounts
TX031601,C0849,UNKNOWN,141.9,ZAR,2024-06-02,02:31:07,TRANSFER,Transfer - Ref 305568,BRANCH,COMPLETED,REF5F26DF2E4889,BROKEN_FK_account_id_to_accounts
TX031637,C0021,A1205,195.75,ZAR,2024-05-05,02:39:13,PAYMENT,Payment - Ref 382526,MOBILE,COMPLETED,REFF56DD9090481,BROKEN_FK_account_id_to_accounts
TX031644,C0082,A1200,2432.69,ZAR,2026-05-18,04:53:41,INTEREST,Interest - Ref 485995,ONLINE,COMPLETED,REFB8F4169F1D32,BROKEN_FK_account_id_to_accounts
TX031698,C0969,FAKE_9E6E3B02,2332.22,ZAR,2024-09-22,08:14:42,DEBIT_ORDER,Debit Order - Ref 490456,ONLINE,COMPLETED,REF36547635DCE3,BROKEN_FK_account_id_to_accounts
TX031764,C0887,UNKNOWN,5267.45,ZAR,2024-02-10,11:27:16,DEPOSIT,Deposit - Ref 594835,MOBILE,COMPLETED,REF46C56BB5C8EE,BROKEN_FK_account_id_to_accounts
TX031784,C0611,A1314,277.41,ZAR,2025-10-27,17:11:41,FEE,Fee - Ref 632318,MOBILE,COMPLETED,REFF1A0B5E0DA3F,BROKEN_FK_account_id_to_accounts
TX031787,C0391,A0473,495.91,ZAR,2024-05-15,07:23:20,FEE,Fee - Ref 555589,ATM,COMPLETED,REF8D9DBD85E733,BROKEN_FK_account_id_to_accounts
TX031796,C0426,FAKE_13B69DD6,15907.6575,ZAR,2024-05-25,05:35:24,REVERSAL,Reversal - Ref 507424,ONLINE,COMPLETED,REF57F17E7DB571,BROKEN_FK_account_id_to_accounts
TX031798,C0132,A1146,15907.6575,ZAR,2024-03-31,16:48:26,REVERSAL,Reversal - Ref 485808,MOBILE,COMPLETED,REF6DA375CEFCA3,BROKEN_FK_account_id_to_accounts
TX031811,C0915,A0345,1098.16,ZAR,2025-05-31,20:45:19,DEBIT_ORDER,Debit Order - Ref 273079,MOBILE,COMPLETED,REFA0478CEC13A0,BROKEN_FK_account_id_to_accounts
TX031846,C0326,A0656,104.34,ZAR,2025-07-16,03:21:37,WITHDRAWAL,Withdrawal - Ref 767628,ONLINE,COMPLETED,REF2C23906F2AAE,BROKEN_FK_account_id_to_accounts
TX031858,C0433,UNKNOWN,2479.29,ZAR,2024-03-19,18:14:54,INTEREST,Interest - Ref 237640,BRANCH,COMPLETED,REF643A81C504CF,BROKEN_FK_account_id_to_accounts
TX031924,C0692,A0415,2781.07,ZAR,2025-02-18,17:13:50,INTEREST,Interest - Ref 280019,POS,COMPLETED,REF3963FEFC4376,BROKEN_FK_account_id_to_accounts
TX031936,C0617,UNKNOWN,8717.8,ZAR,2024-09-20,04:40:16,REVERSAL,Reversal - Ref 710685,MOBILE,COMPLETED,REFFE906B59C8E0,BROKEN_FK_account_id_to_accounts
TX031945,C0657,UNKNOWN,2370.25,ZAR,2024-09-03,03:09:13,PAYMENT,Payment - Ref 537786,ONLINE,COMPLETED,REF2E69C8886593,BROKEN_FK_account_id_to_accounts
TX031949,C0054,UNKNOWN,5243.0,ZAR,2024-08-05,01:58:48,DEBIT_ORDER,Debit Order - Ref 948916,MOBILE,COMPLETED,REF3D992A2D9617,BROKEN_FK_account_id_to_accounts
TX031976,C0999,A0831,112.66,ZAR,2025-06-15,00:22:31,FEE,Fee - Ref 512978,ATM,COMPLETED,REF3F6E4AE77B2F,BROKEN_FK_account_id_to_accounts
TX031998,C0692,A0415,1187.47,ZAR,2024-07-13,22:08:38,WITHDRAWAL,Withdrawal - Ref 570132,POS,COMPLETED,REFC9D374FBDF33,BROKEN_FK_account_id_to_accounts
TX032000,C0174,A1169,1549.7,ZAR,2025-08-06,05:56:45,DEPOSIT,Deposit - Ref 497617,BRANCH,COMPLETED,REFE2054FF2B590,BROKEN_FK_account_id_to_accounts
TX032004,C0612,UNKNOWN,90.1,ZAR,2024-01-24,13:10:19,WITHDRAWAL,Withdrawal - Ref 761304,ATM,COMPLETED,REFABC1DE057811,BROKEN_FK_account_id_to_accounts
TX032039,C0216,UNKNOWN,348.07,ZAR,2025-04-25,07:27:30,FEE,Fee - Ref 112039,POS,FAILED,REF885A6443D617,BROKEN_FK_account_id_to_accounts
TX032055,C0049,A1190,2585.95,ZAR,2026-06-02,02:49:31,DEPOSIT,Deposit - Ref 831865,MOBILE,COMPLETED,REFC69FFA59C506,BROKEN_FK_account_id_to_accounts
TX032064,C0899,UNKNOWN,2011.65,ZAR,2024-07-14,19:46:06,INTEREST,Interest - Ref 631592,ONLINE,COMPLETED,REF11969855695A,BROKEN_FK_account_id_to_accounts
TX032065,C0224,A0045,857.15,ZAR,2024-12-09,21:08:23,INTEREST,Interest - Ref 270721,ONLINE,COMPLETED,REF03FCED1B6490,BROKEN_FK_account_id_to_accounts
TX032077,C0832,UNKNOWN,157.36,ZAR,2024-06-28,19:48:06,DEBIT_ORDER,Debit Order - Ref 717567,ONLINE,COMPLETED,REFB9AFA49A2F8C,BROKEN_FK_account_id_to_accounts
TX032102,C0366,A0418,447.24,ZAR,2026-01-29,15:16:06,DEBIT_ORDER,Debit Order - Ref 370824,BRANCH,COMPLETED,REF8644A72559A1,BROKEN_FK_account_id_to_accounts
TX032115,C0987,A0943,1214.84,ZAR,2025-12-14,21:34:46,PAYMENT,Payment - Ref 756150,POS,COMPLETED,REF3BF25964ECF1,BROKEN_FK_account_id_to_accounts
TX032136,C0367,UNKNOWN,875.68,ZAR,2026-06-11,10:13:01,PAYMENT,Payment - Ref 810319,ONLINE,PENDING,REF38832DCB5A15,BROKEN_FK_account_id_to_accounts
TX032138,C0132,A1146,1962.47,ZAR,2026-01-26,18:47:18,TRANSFER,Transfer - Ref 924431,ONLINE,FAILED,REF76C6F9782102,BROKEN_FK_account_id_to_accounts
TX032156,C0174,A1169,7138.28,ZAR,2024-12-04,18:23:20,DEBIT_ORDER,Debit Order - Ref 284914,ONLINE,COMPLETED,REF31058B773DF5,BROKEN_FK_account_id_to_accounts
TX032192,C0871,A1487,3994.33,ZAR,2025-02-03,00:43:19,DEBIT_ORDER,Debit Order - Ref 774358,ONLINE,COMPLETED,REF1FB2DA17060F,BROKEN_FK_account_id_to_accounts
TX032213,C0800,A0764,2198.04,ZAR,2025-06-03,05:55:51,DEPOSIT,Deposit - Ref 742958,ATM,COMPLETED,REF2E85CBA7627A,BROKEN_FK_account_id_to_accounts
TX032237,C0818,FAKE_6C4BEBF6,348.52,ZAR,2025-05-25,10:43:09,WITHDRAWAL,Withdrawal - Ref 198060,POS,COMPLETED,REF9AAC0DB3F6E9,BROKEN_FK_account_id_to_accounts
TX032283,C0990,UNKNOWN,188.97,ZAR,2024-02-21,07:12:45,PAYMENT,Payment - Ref 429264,ONLINE,COMPLETED,REFC77DCA1AA529,BROKEN_FK_account_id_to_accounts
TX032284,C0398,A0053,1279.59,ZAR,2025-07-15,07:18:48,WITHDRAWAL,Withdrawal - Ref 407100,POS,COMPLETED,REFE02248A71F33,BROKEN_FK_account_id_to_accounts
TX032286,C0724,FAKE_4BCA185D,3221.97,ZAR,2025-04-02,21:37:16,PAYMENT,Payment - Ref 983721,MOBILE,FAILED,REFE71B3753C3DB,BROKEN_FK_account_id_to_accounts
TX032321,C0720,A0589,15907.6575,ZAR,2024-09-29,17:24:59,REVERSAL,Reversal - Ref 537932,ONLINE,COMPLETED,REFEB1F5693D90A,BROKEN_FK_account_id_to_accounts
TX032335,C0031,FAKE_027ACB15,15907.6575,ZAR,2025-09-22,13:06:53,REVERSAL,Reversal - Ref 238387,MOBILE,COMPLETED,REF071864CFED25,BROKEN_FK_account_id_to_accounts
TX032337,C0108,A0572,4038.12,ZAR,2025-10-28,04:40:29,REVERSAL,Reversal - Ref 657387,ATM,COMPLETED,REFF38702D77B74,BROKEN_FK_account_id_to_accounts
TX032355,C0302,A0994,89.07,ZAR,2025-08-30,19:04:18,INTEREST,Interest - Ref 856490,ONLINE,COMPLETED,REF777FBED215D8,BROKEN_FK_account_id_to_accounts
TX032362,C0915,A0345,1142.36,ZAR,2026-01-31,00:55:43,TRANSFER,Transfer - Ref 635277,MOBILE,COMPLETED,REF15D98ED608F2,BROKEN_FK_account_id_to_accounts
TX032368,C0174,A1169,137.39,ZAR,2026-02-11,09:15:13,FEE,Fee - Ref 130256,ONLINE,COMPLETED,REF4E88864A67C6,BROKEN_FK_account_id_to_accounts
TX032397,C0614,A0422,192.65,ZAR,2026-08-10,20:59:32,FEE,Fee - Ref 366185,ATM,COMPLETED,REF7CA9E07F5DB0,BROKEN_FK_account_id_to_accounts
TX032404,C0987,A0943,1677.02,ZAR,2024-09-26,23:33:07,DEBIT_ORDER,Debit Order - Ref 648470,POS,COMPLETED,REFC53AC85B9771,BROKEN_FK_account_id_to_accounts
TX032414,C0681,UNKNOWN,50.08,ZAR,2026-07-05,21:26:16,FEE,Fee - Ref 717519,MOBILE,REVERSED,REFCA17AAAA62A1,BROKEN_FK_account_id_to_accounts
TX032433,C0216,UNKNOWN,15907.6575,ZAR,2024-12-03,19:08:58,REVERSAL,Reversal - Ref 969145,MOBILE,COMPLETED,REF1994DFF7F800,BROKEN_FK_account_id_to_accounts
TX032460,C0666,UNKNOWN,8396.46,ZAR,2025-12-09,14:35:06,DEPOSIT,Deposit - Ref 657420,MOBILE,PENDING,REF6A298B69771F,BROKEN_FK_account_id_to_accounts
TX032466,C0922,A0672,2380.02,ZAR,2026-05-19,14:20:07,INTEREST,Interest - Ref 452244,ATM,COMPLETED,REF142A20417BC9,BROKEN_FK_account_id_to_accounts
TX032470,C0592,UNKNOWN,3412.01,ZAR,2025-06-01,23:50:10,DEPOSIT,Deposit - Ref 926615,ONLINE,COMPLETED,REF351F49324D66,BROKEN_FK_account_id_to_accounts
TX032497,C0345,A0694,13054.81,ZAR,2025-06-19,09:55:44,DEPOSIT,Deposit - Ref 206454,MOBILE,COMPLETED,REF873D07473C5F,BROKEN_FK_account_id_to_accounts
TX032503,C0309,UNKNOWN,1813.66,ZAR,2024-03-22,03:52:12,DEPOSIT,Deposit - Ref 714323,POS,COMPLETED,REFA5B676008EF6,BROKEN_FK_account_id_to_accounts
TX032535,C0272,UNKNOWN,15907.6575,ZAR,2024-08-01,07:44:43,REVERSAL,Reversal - Ref 694480,MOBILE,COMPLETED,REFF984FF93188C,BROKEN_FK_account_id_to_accounts
TX032599,C0023,FAKE_397ABB22,271.59,ZAR,2024-04-18,18:18:12,DEBIT_ORDER,Debit Order - Ref 393956,ONLINE,COMPLETED,REF7A5FE457DF07,BROKEN_FK_account_id_to_accounts
TX032609,C0694,UNKNOWN,1779.26,ZAR,2025-07-08,01:30:00,DEPOSIT,Deposit - Ref 126143,MOBILE,COMPLETED,REF69BA54534400,BROKEN_FK_account_id_to_accounts
TX032626,C0800,A0764,2220.24,ZAR,2026-02-25,04:38:21,WITHDRAWAL,Withdrawal - Ref 812919,ONLINE,COMPLETED,REFB03F191C79FB,BROKEN_FK_account_id_to_accounts
TX032629,C0188,UNKNOWN,15907.6575,ZAR,2025-09-01,18:31:54,REVERSAL,Reversal - Ref 681716,MOBILE,COMPLETED,REFED2F797B6CB0,BROKEN_FK_account_id_to_accounts
TX032641,C0690,UNKNOWN,394.04,ZAR,2025-11-11,02:13:55,WITHDRAWAL,Withdrawal - Ref 917247,MOBILE,COMPLETED,REF9ED4BCE61DCC,BROKEN_FK_account_id_to_accounts
TX032645,C0326,A0656,3756.42,ZAR,2024-12-08,22:43:35,INTEREST,Interest - Ref 154737,ONLINE,FAILED,REF85151C61E22C,BROKEN_FK_account_id_to_accounts
TX032654,C0359,UNKNOWN,825.8,ZAR,2024-03-17,04:23:39,WITHDRAWAL,Withdrawal - Ref 795645,MOBILE,COMPLETED,REF3FDBD5D19BFC,BROKEN_FK_account_id_to_accounts
TX032665,C0020,FAKE_3DE7572B,183.75,ZAR,2026-08-16,15:38:49,DEBIT_ORDER,Debit Order - Ref 885520,ATM,COMPLETED,REF308827EFC689,BROKEN_FK_account_id_to_accounts
TX032681,C0174,A1169,1416.22,ZAR,2024-08-04,04:08:52,TRANSFER,Transfer - Ref 390145,POS,COMPLETED,REF727C46FA68B2,BROKEN_FK_account_id_to_accounts
TX032688,C0431,A0469,405.45,ZAR,2025-06-11,16:51:08,FEE,Fee - Ref 496206,ONLINE,COMPLETED,REFC7C896A60B8E,BROKEN_FK_account_id_to_accounts
TX032697,C0511,UNKNOWN,1683.84,ZAR,2024-03-17,19:32:17,DEPOSIT,Deposit - Ref 154649,MOBILE,COMPLETED,REF7231118EBC01,BROKEN_FK_account_id_to_accounts
TX032702,C0569,A0141,3245.71,ZAR,2026-05-17,17:22:28,INTEREST,Interest - Ref 558895,ONLINE,COMPLETED,REF4C945C2B5E3A,BROKEN_FK_account_id_to_accounts
TX032704,C0011,FAKE_EF994C6C,3807.45,ZAR,2024-03-12,18:50:19,INTEREST,Interest - Ref 403613,MOBILE,COMPLETED,REF9CD0316E3913,BROKEN_FK_account_id_to_accounts
TX032710,C0449,UNKNOWN,15907.6575,ZAR,2024-10-04,18:50:56,REVERSAL,Reversal - Ref 806973,ONLINE,COMPLETED,REFE89E7EEDFB9C,BROKEN_FK_account_id_to_accounts
TX032743,C0945,UNKNOWN,1234.3,ZAR,2024-05-28,14:50:02,INTEREST,Interest - Ref 654247,ONLINE,COMPLETED,REF72F3636C690F,BROKEN_FK_account_id_to_accounts
TX032769,C0240,A0937,1318.09,ZAR,2024-08-28,16:24:25,DEPOSIT,Deposit - Ref 666670,ONLINE,COMPLETED,REF7927214125FB,BROKEN_FK_account_id_to_accounts
TX032771,C0881,A0400,1957.93,ZAR,2024-11-17,00:49:32,DEPOSIT,Deposit - Ref 642127,ONLINE,COMPLETED,REFA3183D3284CB,BROKEN_FK_account_id_to_accounts
TX032794,C0239,UNKNOWN,648.24,ZAR,2025-03-09,06:34:20,DEBIT_ORDER,Debit Order - Ref 831947,MOBILE,COMPLETED,REFC784A7CD0F92,BROKEN_FK_account_id_to_accounts
TX032806,C0800,A0764,1155.82,ZAR,2026-09-15,04:41:17,DEBIT_ORDER,Debit Order - Ref 467918,ONLINE,COMPLETED,REF69D6C059E989,BROKEN_FK_account_id_to_accounts
TX032816,C0074,UNKNOWN,7654.44,ZAR,2026-04-29,08:23:14,DEPOSIT,Deposit - Ref 854277,ONLINE,PENDING,REFA458ECD5923A,BROKEN_FK_account_id_to_accounts
TX032834,C0074,UNKNOWN,1510.2,ZAR,2026-01-11,11:34:25,WITHDRAWAL,Withdrawal - Ref 289581,ATM,REVERSED,REFA954F210D05E,BROKEN_FK_account_id_to_accounts
TX032859,C0800,A0764,1554.97,ZAR,2024-01-09,09:54:38,DEBIT_ORDER,Debit Order - Ref 271419,POS,FAILED,REF7E9A697660BA,BROKEN_FK_account_id_to_accounts
TX032864,C0021,A1205,550.11,ZAR,2025-03-23,05:29:00,PAYMENT,Payment - Ref 251755,ATM,COMPLETED,REFAC7CCFDBE019,BROKEN_FK_account_id_to_accounts
TX032874,C0250,A0563,3692.03,ZAR,2026-06-21,11:07:56,INTEREST,Interest - Ref 944005,MOBILE,COMPLETED,REF825210F368D7,BROKEN_FK_account_id_to_accounts
TX032903,C0222,UNKNOWN,332.18,ZAR,2024-08-25,18:07:07,FEE,Fee - Ref 738162,MOBILE,COMPLETED,REF350522834894,BROKEN_FK_account_id_to_accounts
TX032918,C0339,A0380,1117.02,ZAR,2024-12-05,10:29:29,PAYMENT,Payment - Ref 413575,POS,COMPLETED,REF296AD3599E19,BROKEN_FK_account_id_to_accounts
TX032922,C0999,A0831,587.09,ZAR,2025-04-14,08:21:40,DEBIT_ORDER,Debit Order - Ref 876231,ATM,COMPLETED,REF4A6B65BD646E,BROKEN_FK_account_id_to_accounts
TX032927,C0224,A0045,64.69,ZAR,2024-08-07,18:25:20,TRANSFER,Transfer - Ref 911266,ONLINE,COMPLETED,REF6A39F267617C,BROKEN_FK_account_id_to_accounts
TX032929,C0089,A0779,223.11,ZAR,2026-02-16,07:08:45,WITHDRAWAL,Withdrawal - Ref 762213,ATM,COMPLETED,REF69EC6772A092,BROKEN_FK_account_id_to_accounts
TX032954,C0907,A1444,1100.67,ZAR,2024-04-26,11:44:43,DEBIT_ORDER,Debit Order - Ref 546067,ONLINE,COMPLETED,REF5696B32107F2,BROKEN_FK_account_id_to_accounts
TX032960,C0587,UNKNOWN,15907.6575,ZAR,2025-12-05,22:45:46,TRANSFER,Transfer - Ref 649442,ONLINE,COMPLETED,REF44A0466F00FD,BROKEN_FK_account_id_to_accounts
TX032966,C0871,A1487,188.05,ZAR,2024-10-13,05:44:20,TRANSFER,Transfer - Ref 862322,BRANCH,COMPLETED,REFAFCF448F7FD1,BROKEN_FK_account_id_to_accounts
TX032967,C0987,FAKE_D6824DDD,666.96,ZAR,2026-01-31,09:54:57,DEBIT_ORDER,Debit Order - Ref 532453,POS,COMPLETED,REFF887DB2A0F19,BROKEN_FK_account_id_to_accounts
TX032971,C0171,UNKNOWN,1564.49,ZAR,2024-10-04,17:17:46,INTEREST,Interest - Ref 299963,ONLINE,COMPLETED,REFC92806B5443E,BROKEN_FK_account_id_to_accounts
TX032979,C0881,A0400,1635.76,ZAR,2025-05-22,19:34:55,INTEREST,Interest - Ref 118984,MOBILE,COMPLETED,REF0324C1E170B2,BROKEN_FK_account_id_to_accounts
TX033006,C0987,A0943,1252.24,ZAR,2026-08-19,17:41:55,DEPOSIT,Deposit - Ref 369057,ONLINE,COMPLETED,REF904AB85F95B8,BROKEN_FK_account_id_to_accounts
TX033053,C0831,A0527,4017.55,ZAR,2026-04-18,03:08:17,DEPOSIT,Deposit - Ref 584544,BRANCH,COMPLETED,REF575487280CFC,BROKEN_FK_account_id_to_accounts
TX033059,C0049,A1190,6192.5,ZAR,2025-11-22,10:25:56,PAYMENT,Payment - Ref 191032,ATM,COMPLETED,REFD5D74DA77323,BROKEN_FK_account_id_to_accounts
TX033064,C0922,A0672,843.56,ZAR,2026-03-05,18:06:30,WITHDRAWAL,Withdrawal - Ref 642659,ONLINE,COMPLETED,REF5ADB9C4512EC,BROKEN_FK_account_id_to_accounts
TX033070,C0089,A0779,14760.41,ZAR,2026-02-12,18:28:36,DEPOSIT,Deposit - Ref 858844,MOBILE,COMPLETED,REFE1951CA3149F,BROKEN_FK_account_id_to_accounts
TX033084,C0021,A1205,1612.39,ZAR,2024-11-11,05:54:20,DEPOSIT,Deposit - Ref 799782,MOBILE,COMPLETED,REF4B94CCAA827B,BROKEN_FK_account_id_to_accounts
TX033090,C0245,UNKNOWN,260.4,ZAR,2025-10-26,20:27:25,PAYMENT,Payment - Ref 483981,MOBILE,COMPLETED,REF4838D66F50FD,BROKEN_FK_account_id_to_accounts
TX033124,C0587,UNKNOWN,819.68,ZAR,2026-02-15,20:37:38,WITHDRAWAL,Withdrawal - Ref 458599,MOBILE,COMPLETED,REF3A0B85E4DE76,BROKEN_FK_account_id_to_accounts
TX033137,C0339,A0380,3114.32,ZAR,2024-04-10,00:28:06,TRANSFER,Transfer - Ref 353761,MOBILE,COMPLETED,REFBE601E8F04CE,BROKEN_FK_account_id_to_accounts
TX033242,C0874,A0790,15907.6575,ZAR,2025-01-06,18:45:06,REVERSAL,Reversal - Ref 142774,ONLINE,COMPLETED,REF27C6E4F67C87,BROKEN_FK_account_id_to_accounts
TX033248,C0874,A0790,15907.6575,ZAR,2024-03-27,01:59:09,TRANSFER,Transfer - Ref 475786,MOBILE,COMPLETED,REF783DD2400B3E,BROKEN_FK_account_id_to_accounts
TX033254,C0807,A0519,2386.02,ZAR,2024-07-07,21:35:29,INTEREST,Interest - Ref 154580,MOBILE,COMPLETED,REF226C1A470154,BROKEN_FK_account_id_to_accounts
TX033260,C0611,A1314,1105.48,ZAR,2025-02-16,04:57:10,INTEREST,Interest - Ref 763234,ATM,COMPLETED,REF7D3B7378F319,BROKEN_FK_account_id_to_accounts
TX033263,C0807,A0519,7892.42,ZAR,2024-09-28,10:16:13,TRANSFER,Transfer - Ref 880036,ONLINE,COMPLETED,REFD6C7196ABB1F,BROKEN_FK_account_id_to_accounts
TX033265,C0108,A0572,431.23,ZAR,2025-08-06,08:50:34,WITHDRAWAL,Withdrawal - Ref 255839,MOBILE,COMPLETED,REF2B1E067367FA,BROKEN_FK_account_id_to_accounts
TX033290,C0772,A0436,376.61,ZAR,2025-06-22,17:03:10,PAYMENT,Payment - Ref 121067,MOBILE,COMPLETED,REFA4E40AF22520,BROKEN_FK_account_id_to_accounts
TX033304,C0611,A1314,221.29,ZAR,2026-07-31,11:22:03,DEPOSIT,Deposit - Ref 248917,BRANCH,COMPLETED,REF35845EFF01D5,BROKEN_FK_account_id_to_accounts
TX033318,C0658,UNKNOWN,1992.32,ZAR,2024-04-28,05:54:29,DEPOSIT,Deposit - Ref 233691,MOBILE,COMPLETED,REF2B0FA3E46229,BROKEN_FK_account_id_to_accounts
TX033376,C0874,A0790,302.4,ZAR,2026-02-18,12:54:05,PAYMENT,Payment - Ref 224166,ATM,COMPLETED,REF25D8DEF48E23,BROKEN_FK_account_id_to_accounts
TX033384,C0431,A0469,288.73,ZAR,2024-09-12,17:02:44,WITHDRAWAL,Withdrawal - Ref 830089,ONLINE,COMPLETED,REFE2C3F967A931,BROKEN_FK_account_id_to_accounts
TX033406,C0479,UNKNOWN,15907.6575,ZAR,2024-06-23,12:46:27,REVERSAL,Reversal - Ref 313833,MOBILE,REVERSED,REF43101B847FF7,BROKEN_FK_account_id_to_accounts
TX033408,C0049,A1190,493.77,ZAR,2025-07-06,17:27:50,FEE,Fee - Ref 570111,MOBILE,COMPLETED,REFB2627316BF64,BROKEN_FK_account_id_to_accounts
TX033439,C0613,FAKE_FF7D8806,4434.93,ZAR,2025-05-25,14:31:46,DEPOSIT,Deposit - Ref 761171,ONLINE,COMPLETED,REF03934B2770F7,BROKEN_FK_account_id_to_accounts
TX033449,C0999,A0831,1150.56,ZAR,2025-01-20,01:13:03,TRANSFER,Transfer - Ref 601033,ONLINE,COMPLETED,REF60F5841157EE,BROKEN_FK_account_id_to_accounts
TX033471,C0730,UNKNOWN,15907.6575,ZAR,2024-01-05,02:49:46,REVERSAL,Reversal - Ref 103568,MOBILE,COMPLETED,REF9CC9DC99889D,BROKEN_FK_account_id_to_accounts
TX033479,C0778,UNKNOWN,2031.23,ZAR,2026-05-13,19:50:46,TRANSFER,Transfer - Ref 833547,ONLINE,PENDING,REF8372A3CD20BF,BROKEN_FK_account_id_to_accounts
TX033494,C0014,FAKE_7305D400,359.23,ZAR,2025-01-19,15:00:18,FEE,Fee - Ref 485771,POS,COMPLETED,REF7C3A566038D8,BROKEN_FK_account_id_to_accounts
TX033499,C0292,FAKE_70452BD9,1259.56,ZAR,2025-03-02,04:17:17,WITHDRAWAL,Withdrawal - Ref 518087,MOBILE,COMPLETED,REFE67DB77F95B6,BROKEN_FK_account_id_to_accounts
TX033512,C0089,A0779,1117.92,ZAR,2025-10-04,15:04:00,TRANSFER,Transfer - Ref 380697,ONLINE,COMPLETED,REF115FB64C46E8,BROKEN_FK_account_id_to_accounts
TX033534,C0366,UNKNOWN,2595.73,ZAR,2024-09-04,14:17:20,WITHDRAWAL,Withdrawal - Ref 274812,ONLINE,COMPLETED,REFDCCD87B66D56,BROKEN_FK_account_id_to_accounts
TX033557,C0375,UNKNOWN,2110.95,ZAR,2025-12-31,21:08:04,INTEREST,Interest - Ref 361241,BRANCH,COMPLETED,REF41ACF1CE5ED6,BROKEN_FK_account_id_to_accounts
TX033558,C0373,UNKNOWN,221.92,ZAR,2025-04-13,01:13:54,INTEREST,Interest - Ref 678624,POS,COMPLETED,REF25F9DEFF9114,BROKEN_FK_account_id_to_accounts
TX033559,C0525,FAKE_275445A0,1974.25,ZAR,2026-02-07,07:41:00,DEPOSIT,Deposit - Ref 521517,ONLINE,COMPLETED,REFA3A1F8477170,BROKEN_FK_account_id_to_accounts
TX033613,C0341,UNKNOWN,1918.33,ZAR,2024-06-14,19:37:13,DEPOSIT,Deposit - Ref 561013,ONLINE,COMPLETED,REFC0CB8361E750,BROKEN_FK_account_id_to_accounts
TX033656,C0189,UNKNOWN,1242.83,ZAR,2026-03-16,06:35:31,PAYMENT,Payment - Ref 266002,ATM,COMPLETED,REFF2ABC8A3F0B7,BROKEN_FK_account_id_to_accounts
TX033713,C0240,A0937,3914.97,ZAR,2026-08-28,00:28:49,INTEREST,Interest - Ref 188849,ATM,COMPLETED,REF6A3917498FB3,BROKEN_FK_account_id_to_accounts
TX033714,C0431,A0469,122.22,ZAR,2026-04-28,07:51:13,FEE,Fee - Ref 707309,POS,COMPLETED,REFEC46B9B52EEE,BROKEN_FK_account_id_to_accounts
TX033719,C0391,A0473,1326.9,ZAR,2024-05-06,09:54:56,INTEREST,Interest - Ref 103377,ATM,COMPLETED,REFD1D187738F54,BROKEN_FK_account_id_to_accounts
TX033721,C0411,FAKE_EA2E4E18,4351.43,ZAR,2024-09-12,06:28:16,DEPOSIT,Deposit - Ref 337021,ONLINE,COMPLETED,REF59A9A107232A,BROKEN_FK_account_id_to_accounts
TX033747,C0569,A0141,8171.67,ZAR,2024-05-22,18:16:41,DEBIT_ORDER,Debit Order - Ref 348762,MOBILE,COMPLETED,REFBE5B376963DA,BROKEN_FK_account_id_to_accounts
TX033752,C0433,A1025,932.25,ZAR,2024-11-11,20:23:22,WITHDRAWAL,Withdrawal - Ref 136107,MOBILE,COMPLETED,REF8FEF4299C36C,BROKEN_FK_account_id_to_accounts
TX033760,C0871,A1487,1205.82,ZAR,2025-12-13,18:27:08,TRANSFER,Transfer - Ref 129611,BRANCH,COMPLETED,REF30406BD8B8CF,BROKEN_FK_account_id_to_accounts
TX033768,C0452,FAKE_0974EB4B,11926.47,ZAR,2024-01-27,22:02:55,TRANSFER,Transfer - Ref 525091,ATM,PENDING,REF74F1D0A33EDE,BROKEN_FK_account_id_to_accounts
TX033787,C0302,A0994,2242.78,ZAR,2024-04-15,23:32:26,WITHDRAWAL,Withdrawal - Ref 919611,MOBILE,COMPLETED,REF1BE37DE7BFFE,BROKEN_FK_account_id_to_accounts
TX033789,C0071,A0452,195.65,ZAR,2025-12-14,20:31:21,WITHDRAWAL,Withdrawal - Ref 915226,MOBILE,COMPLETED,REF352B3EFC53B5,BROKEN_FK_account_id_to_accounts
TX033837,C0569,A0141,231.21,ZAR,2024-11-03,15:34:03,DEBIT_ORDER,Debit Order - Ref 203404,ATM,COMPLETED,REF381FB86DCECE,BROKEN_FK_account_id_to_accounts
TX033838,C0429,A1065,780.66,ZAR,2024-06-06,13:09:38,WITHDRAWAL,Withdrawal - Ref 708802,MOBILE,COMPLETED,REFB96A33BB1279,BROKEN_FK_account_id_to_accounts
TX033841,C0036,UNKNOWN,1711.02,ZAR,2026-02-10,11:49:52,DEBIT_ORDER,Debit Order - Ref 688485,ONLINE,COMPLETED,REF39D73D68319E,BROKEN_FK_account_id_to_accounts
TX033852,C0240,A0937,2035.43,ZAR,2024-11-14,03:52:01,INTEREST,Interest - Ref 845117,MOBILE,COMPLETED,REF3BAEC6AA72B5,BROKEN_FK_account_id_to_accounts
TX033863,C0645,A0282,15907.6575,ZAR,2026-06-30,04:11:38,REVERSAL,Reversal - Ref 759665,ATM,COMPLETED,REF7188FE3D1A07,BROKEN_FK_account_id_to_accounts
TX033882,C0807,FAKE_2CF06199,10619.81,ZAR,2024-03-31,21:35:07,TRANSFER,Transfer - Ref 292073,POS,COMPLETED,REFE4F667A79519,BROKEN_FK_account_id_to_accounts
TX033888,C0158,A1330,1947.09,ZAR,2025-12-30,02:13:17,DEBIT_ORDER,Debit Order - Ref 634870,ONLINE,COMPLETED,REFADC60071F2FE,BROKEN_FK_account_id_to_accounts
TX033898,C0807,A0519,2500.37,ZAR,2024-05-14,13:03:27,INTEREST,Interest - Ref 559774,POS,COMPLETED,REFFC9E35B45118,BROKEN_FK_account_id_to_accounts
TX033923,C0326,A0448,4597.0,ZAR,2024-12-29,18:53:25,INTEREST,Interest - Ref 175543,MOBILE,COMPLETED,REF2530009292CB,BROKEN_FK_account_id_to_accounts
TX033941,C0990,UNKNOWN,106.52,ZAR,2024-10-04,05:45:53,FEE,Fee - Ref 292807,MOBILE,COMPLETED,REFD786DC0CE783,BROKEN_FK_account_id_to_accounts
TX034007,C0004,UNKNOWN,15907.6575,ZAR,2026-03-22,05:41:36,REVERSAL,Reversal - Ref 982298,ONLINE,COMPLETED,REFA133E8225908,BROKEN_FK_account_id_to_accounts
TX034025,C0468,UNKNOWN,1185.76,ZAR,2026-03-29,10:20:00,TRANSFER,Transfer - Ref 623653,ONLINE,COMPLETED,REF4B4C1602C2C9,BROKEN_FK_account_id_to_accounts
TX034070,C0863,UNKNOWN,15796.77,ZAR,2026-04-26,09:56:06,REVERSAL,Reversal - Ref 789184,MOBILE,COMPLETED,REFABAEECBFBEF7,BROKEN_FK_account_id_to_accounts
TX034076,C0132,A1146,1157.57,ZAR,2026-03-31,12:57:41,INTEREST,Interest - Ref 573758,BRANCH,COMPLETED,REFBA83A82E8F51,BROKEN_FK_account_id_to_accounts
TX034109,C0579,FAKE_590B5173,478.21,ZAR,2025-03-08,21:10:03,DEBIT_ORDER,Debit Order - Ref 304709,ONLINE,COMPLETED,REF5C668C635258,BROKEN_FK_account_id_to_accounts
TX034123,C0611,A1314,31.63,ZAR,2025-04-16,22:50:22,FEE,Fee - Ref 436860,ATM,COMPLETED,REFC157D4BACCD4,BROKEN_FK_account_id_to_accounts
TX034124,C0631,UNKNOWN,934.88,ZAR,2025-04-16,19:06:59,TRANSFER,Transfer - Ref 674116,ONLINE,FAILED,REFAB1436C367DB,BROKEN_FK_account_id_to_accounts
TX034125,C0132,A1146,2626.49,ZAR,2024-08-30,11:16:51,TRANSFER,Transfer - Ref 968144,ONLINE,COMPLETED,REF1982DAD427C7,BROKEN_FK_account_id_to_accounts
TX034129,C0431,A0469,328.22,ZAR,2025-09-24,13:36:13,WITHDRAWAL,Withdrawal - Ref 957557,MOBILE,COMPLETED,REFAB73C3F9D9A8,BROKEN_FK_account_id_to_accounts
TX034140,C0465,UNKNOWN,2187.07,ZAR,2026-09-15,20:01:54,DEPOSIT,Deposit - Ref 542631,ONLINE,COMPLETED,REFFDC0C34A13CD,BROKEN_FK_account_id_to_accounts
TX034149,C0391,A0473,7494.73,ZAR,2026-05-03,16:45:21,WITHDRAWAL,Withdrawal - Ref 286864,ONLINE,COMPLETED,REFA2A0DEE0831A,BROKEN_FK_account_id_to_accounts
TX034186,C0987,A0943,2605.51,ZAR,2026-04-02,14:45:39,DEPOSIT,Deposit - Ref 472576,ATM,COMPLETED,REF4B1DD71496AE,BROKEN_FK_account_id_to_accounts
TX034192,C0071,A0452,178.17,ZAR,2024-09-23,02:44:19,FEE,Fee - Ref 935034,MOBILE,COMPLETED,REF6ECE3691644C,BROKEN_FK_account_id_to_accounts
TX034196,C0853,UNKNOWN,4400.74,ZAR,2025-03-20,03:57:20,INTEREST,Interest - Ref 877284,MOBILE,COMPLETED,REFC6B78727245F,BROKEN_FK_account_id_to_accounts
TX034219,C0128,FAKE_DAFE3BB0,15907.6575,ZAR,2024-09-14,16:25:20,REVERSAL,Reversal - Ref 542617,MOBILE,COMPLETED,REF68AFF5C34395,BROKEN_FK_account_id_to_accounts
TX034226,C0224,A0045,15907.6575,ZAR,2024-02-09,14:12:10,REVERSAL,Reversal - Ref 298320,ONLINE,COMPLETED,REFA532B2C60E29,BROKEN_FK_account_id_to_accounts
TX034243,C0382,UNKNOWN,307.74,ZAR,2024-01-15,06:02:45,FEE,Fee - Ref 362070,ONLINE,COMPLETED,REFE58D4AAD1315,BROKEN_FK_account_id_to_accounts
TX034266,C0645,A0282,8245.49,ZAR,2024-10-24,03:10:46,DEPOSIT,Deposit - Ref 632836,ONLINE,COMPLETED,REF0DAD35406F4A,BROKEN_FK_account_id_to_accounts
TX034271,C0381,UNKNOWN,1052.18,ZAR,2024-07-21,07:16:21,DEPOSIT,Deposit - Ref 194704,MOBILE,COMPLETED,REF3572F5DB6079,BROKEN_FK_account_id_to_accounts
TX034297,C0158,A1330,2019.2,ZAR,2024-06-07,08:45:50,TRANSFER,Transfer - Ref 442023,MOBILE,COMPLETED,REFBD7E59A03316,BROKEN_FK_account_id_to_accounts
TX034305,C0240,A0937,390.24,ZAR,2026-06-01,10:40:31,PAYMENT,Payment - Ref 152499,ONLINE,COMPLETED,REF633C5008CAFA,BROKEN_FK_account_id_to_accounts
TX034319,C0176,UNKNOWN,935.8,ZAR,2025-01-20,06:26:34,DEBIT_ORDER,Debit Order - Ref 454297,MOBILE,COMPLETED,REFE33F239CCB6F,BROKEN_FK_account_id_to_accounts
TX034321,C0615,UNKNOWN,3070.0,ZAR,2024-06-22,21:11:30,DEPOSIT,Deposit - Ref 239221,MOBILE,COMPLETED,REF4AEFA6E869A6,BROKEN_FK_account_id_to_accounts
TX034325,C0690,UNKNOWN,4012.95,ZAR,2026-09-13,01:24:22,INTEREST,Interest - Ref 859228,POS,COMPLETED,REF4F6428BA9DCA,BROKEN_FK_account_id_to_accounts
TX034351,C0158,A1330,15907.6575,ZAR,2024-04-09,20:42:09,REVERSAL,Reversal - Ref 501115,ATM,COMPLETED,REF3BDD7723E76C,BROKEN_FK_account_id_to_accounts
TX034388,C0772,UNKNOWN,1023.71,ZAR,2024-10-24,19:21:46,TRANSFER,Transfer - Ref 917340,MOBILE,COMPLETED,REFEE39AABE81AE,BROKEN_FK_account_id_to_accounts
TX034396,C0763,UNKNOWN,15907.6575,ZAR,2024-05-09,16:04:30,REVERSAL,Reversal - Ref 131351,POS,COMPLETED,REFB3D8000D81CF,BROKEN_FK_account_id_to_accounts
TX034405,C0569,A0141,3477.98,ZAR,2025-12-02,01:35:34,PAYMENT,Payment - Ref 153115,MOBILE,COMPLETED,REFB3C0B8E039F9,BROKEN_FK_account_id_to_accounts
TX034425,C0428,UNKNOWN,5876.81,ZAR,2024-02-16,13:39:57,TRANSFER,Transfer - Ref 316513,MOBILE,COMPLETED,REF795945EBCE07,BROKEN_FK_account_id_to_accounts
TX034426,C0915,A0345,302.05,ZAR,2024-10-08,16:19:37,PAYMENT,Payment - Ref 180860,POS,COMPLETED,REFCD548B358E57,BROKEN_FK_account_id_to_accounts
TX034427,C0010,FAKE_92B268EE,1845.27,ZAR,2026-08-02,18:02:38,WITHDRAWAL,Withdrawal - Ref 976492,ONLINE,COMPLETED,REF2CCF459F57E5,BROKEN_FK_account_id_to_accounts
TX034457,C0602,UNKNOWN,2452.96,ZAR,2024-02-17,03:54:36,INTEREST,Interest - Ref 252195,ATM,COMPLETED,REFC3A4A62A53A7,BROKEN_FK_account_id_to_accounts
TX034492,C0132,A1146,1026.17,ZAR,2025-09-22,20:07:25,TRANSFER,Transfer - Ref 441244,ATM,COMPLETED,REF1041BF2AFB2F,BROKEN_FK_account_id_to_accounts
TX034540,C0336,UNKNOWN,384.97,ZAR,2024-01-25,21:32:17,WITHDRAWAL,Withdrawal - Ref 593389,MOBILE,COMPLETED,REFD56259E68A1C,BROKEN_FK_account_id_to_accounts
TX034556,C0743,UNKNOWN,3909.74,ZAR,2025-08-22,12:07:25,INTEREST,Interest - Ref 364183,MOBILE,COMPLETED,REF9A8C7D3164ED,BROKEN_FK_account_id_to_accounts
TX034583,C0987,A0943,21.85,ZAR,2025-10-26,09:53:44,FEE,Fee - Ref 603457,ONLINE,COMPLETED,REF2728AE0CDD9A,BROKEN_FK_account_id_to_accounts
TX034606,C0737,UNKNOWN,517.91,ZAR,2026-01-27,07:29:20,PAYMENT,Payment - Ref 242903,ATM,COMPLETED,REF9B79A494ABB0,BROKEN_FK_account_id_to_accounts
TX034610,C0915,A0345,965.09,ZAR,2026-05-25,00:52:40,INTEREST,Interest - Ref 201757,ONLINE,COMPLETED,REF566AC89CE776,BROKEN_FK_account_id_to_accounts
TX034624,C0089,UNKNOWN,817.6,ZAR,2025-06-14,06:56:57,DEPOSIT,Deposit - Ref 787409,ONLINE,COMPLETED,REF3151E48B1AD5,BROKEN_FK_account_id_to_accounts
TX034644,C0632,UNKNOWN,1156.71,ZAR,2024-08-30,21:44:55,PAYMENT,Payment - Ref 528432,POS,COMPLETED,REFD191E52893CB,BROKEN_FK_account_id_to_accounts
TX034661,C0250,A0563,9383.87,ZAR,2026-08-13,20:02:20,REVERSAL,Reversal - Ref 249210,BRANCH,COMPLETED,REFA79D3BE6BDBD,BROKEN_FK_account_id_to_accounts
TX034665,C0871,A1487,3502.41,ZAR,2026-06-12,05:08:55,INTEREST,Interest - Ref 148362,MOBILE,COMPLETED,REF6365C0EE6A5A,BROKEN_FK_account_id_to_accounts
TX034673,C0552,UNKNOWN,1002.75,ZAR,2026-03-26,05:46:00,DEBIT_ORDER,Debit Order - Ref 729893,ONLINE,COMPLETED,REFFDBD324E220C,BROKEN_FK_account_id_to_accounts
TX034680,C0824,UNKNOWN,11270.59,ZAR,2025-11-23,22:49:42,REVERSAL,Reversal - Ref 513838,MOBILE,PENDING,REF3D823F5628B1,BROKEN_FK_account_id_to_accounts
TX034694,C0049,A1190,425.53,ZAR,2025-08-14,00:58:59,INTEREST,Interest - Ref 814316,MOBILE,COMPLETED,REF20BBA85820BE,BROKEN_FK_account_id_to_accounts
TX034701,C0021,A1205,49.15,ZAR,2025-01-04,11:48:43,FEE,Fee - Ref 202323,ONLINE,COMPLETED,REF8F950BCDDA06,BROKEN_FK_account_id_to_accounts
TX034708,C0253,UNKNOWN,15907.6575,ZAR,2025-12-04,21:12:53,REVERSAL,Reversal - Ref 446728,MOBILE,PENDING,REF986802AE101F,BROKEN_FK_account_id_to_accounts
TX034709,C0874,A0790,15907.6575,ZAR,2024-03-22,08:45:48,REVERSAL,Reversal - Ref 361928,MOBILE,FAILED,REFB46824EC9CB5,BROKEN_FK_account_id_to_accounts
TX034719,C0302,A0994,110.9,ZAR,2024-06-14,03:52:08,FEE,Fee - Ref 113804,MOBILE,COMPLETED,REF78FD87479124,BROKEN_FK_account_id_to_accounts
TX034725,C0651,UNKNOWN,3758.59,ZAR,2024-07-03,23:49:45,TRANSFER,Transfer - Ref 867272,MOBILE,COMPLETED,REFE8194D4471E5,BROKEN_FK_account_id_to_accounts
TX034732,C0398,A0053,2694.8,ZAR,2025-08-05,22:33:42,INTEREST,Interest - Ref 101831,POS,COMPLETED,REF329C079E0605,BROKEN_FK_account_id_to_accounts
TX034757,C0645,A0282,243.88,ZAR,2026-04-08,13:26:03,WITHDRAWAL,Withdrawal - Ref 666987,ATM,COMPLETED,REF22E4C7F5B15C,BROKEN_FK_account_id_to_accounts
TX034788,C0787,UNKNOWN,1118.23,ZAR,2026-08-07,21:51:02,WITHDRAWAL,Withdrawal - Ref 912511,MOBILE,PENDING,REF75095A162044,BROKEN_FK_account_id_to_accounts
TX034821,C0130,UNKNOWN,733.31,ZAR,2025-02-03,11:41:29,DEBIT_ORDER,Debit Order - Ref 665790,POS,COMPLETED,REFD348725DFC3A,BROKEN_FK_account_id_to_accounts
TX034846,C0107,A1386,2157.57,ZAR,2025-10-20,05:06:44,DEPOSIT,Deposit - Ref 133030,ONLINE,COMPLETED,REFD9839357A8E2,BROKEN_FK_account_id_to_accounts
TX034868,C0614,A0422,1854.5,ZAR,2025-08-20,16:51:52,TRANSFER,Transfer - Ref 916497,ONLINE,COMPLETED,REFC50EEBA66290,BROKEN_FK_account_id_to_accounts
TX034871,C0142,FAKE_9B5B4A5E,315.21,ZAR,2026-05-11,19:51:39,PAYMENT,Payment - Ref 778096,ATM,COMPLETED,REF83459A92CC3C,BROKEN_FK_account_id_to_accounts
TX034872,C0831,A0527,8311.59,ZAR,2025-09-04,04:54:32,DEPOSIT,Deposit - Ref 997989,ATM,COMPLETED,REF7C739E443019,BROKEN_FK_account_id_to_accounts
TX034895,C0871,A1487,15907.6575,ZAR,2024-09-14,16:53:35,TRANSFER,Transfer - Ref 310006,MOBILE,COMPLETED,REF7FB80E88B35B,BROKEN_FK_account_id_to_accounts
TX034957,C0392,UNKNOWN,162.32,ZAR,2024-12-20,21:13:09,FEE,Fee - Ref 938517,ONLINE,COMPLETED,REFAECB268C123F,BROKEN_FK_account_id_to_accounts
TX034963,C0874,A0790,8352.5,ZAR,2024-09-02,08:15:21,DEPOSIT,Deposit - Ref 415631,MOBILE,COMPLETED,REFBD24326371FD,BROKEN_FK_account_id_to_accounts
TX034974,C0765,FAKE_E6FF9D01,721.72,ZAR,2025-07-01,11:09:00,WITHDRAWAL,Withdrawal - Ref 251683,POS,REVERSED,REF111260592BC0,BROKEN_FK_account_id_to_accounts
TX035001,C0021,A1205,3503.04,ZAR,2026-05-17,13:53:44,DEPOSIT,Deposit - Ref 700491,MOBILE,COMPLETED,REFEBDB2A951022,BROKEN_FK_account_id_to_accounts
TX035007,C0326,A0448,341.28,ZAR,2024-10-01,14:08:21,WITHDRAWAL,Withdrawal - Ref 513107,ONLINE,COMPLETED,REF7880835974B4,BROKEN_FK_account_id_to_accounts
TX035047,C0569,A0141,492.91,ZAR,2025-08-29,16:48:14,FEE,Fee - Ref 805427,BRANCH,COMPLETED,REF92EDFFB2D129,BROKEN_FK_account_id_to_accounts
TX035050,C0108,A0572,15907.6575,ZAR,2024-03-01,00:31:20,REVERSAL,Reversal - Ref 369707,MOBILE,COMPLETED,REF0B1D3E69F84A,BROKEN_FK_account_id_to_accounts
TX035117,C0484,UNKNOWN,2775.49,ZAR,2025-06-05,07:01:20,REVERSAL,Reversal - Ref 627245,ATM,COMPLETED,REF582D02F062DD,BROKEN_FK_account_id_to_accounts
TX035148,C0326,A0656,4791.69,ZAR,2026-03-08,16:46:37,INTEREST,Interest - Ref 726497,POS,COMPLETED,REF83A907BC64F6,BROKEN_FK_account_id_to_accounts
TX035176,C0468,FAKE_68C96C69,2943.46,ZAR,2026-04-04,23:30:02,INTEREST,Interest - Ref 850849,MOBILE,COMPLETED,REF3242DC9A6A9B,BROKEN_FK_account_id_to_accounts
TX035182,C0261,A0515,9449.99,ZAR,2025-11-27,06:24:29,DEPOSIT,Deposit - Ref 851275,BRANCH,COMPLETED,REFE9377965DCB9,BROKEN_FK_account_id_to_accounts
TX035223,C0587,FAKE_1612B053,4452.77,ZAR,2026-04-03,05:12:19,DEPOSIT,Deposit - Ref 611044,ONLINE,COMPLETED,REF40811830FCAF,BROKEN_FK_account_id_to_accounts
TX035239,C0345,A0694,593.33,ZAR,2024-05-20,06:08:08,WITHDRAWAL,Withdrawal - Ref 154606,ONLINE,COMPLETED,REFB65FCEA23BE4,BROKEN_FK_account_id_to_accounts
TX035284,C0433,A1025,2296.91,ZAR,2025-12-02,13:27:57,INTEREST,Interest - Ref 802875,BRANCH,COMPLETED,REF502DEB661516,BROKEN_FK_account_id_to_accounts
TX035299,C0326,A0448,2827.39,ZAR,2025-05-03,19:13:25,INTEREST,Interest - Ref 322429,POS,COMPLETED,REF69988AEA14E5,BROKEN_FK_account_id_to_accounts
TX035302,C0767,A0305,12511.77,ZAR,2024-06-13,15:20:26,DEPOSIT,Deposit - Ref 127447,ONLINE,PENDING,REF4F157EDF87BD,BROKEN_FK_account_id_to_accounts
TX035307,C0008,UNKNOWN,4754.27,ZAR,2024-02-29,04:44:21,TRANSFER,Transfer - Ref 305786,ONLINE,COMPLETED,REF6B4C239769ED,BROKEN_FK_account_id_to_accounts
TX035338,C0874,A0790,121.84,ZAR,2025-03-08,23:59:36,FEE,Fee - Ref 331174,ONLINE,COMPLETED,REF8CD6863AAE3A,BROKEN_FK_account_id_to_accounts
TX035380,C0764,UNKNOWN,401.59,ZAR,2025-10-26,17:07:13,WITHDRAWAL,Withdrawal - Ref 967552,MOBILE,COMPLETED,REFE6D12D6EBB0D,BROKEN_FK_account_id_to_accounts
TX035381,C0611,A1314,3848.99,ZAR,2026-04-20,04:06:19,INTEREST,Interest - Ref 984583,ONLINE,COMPLETED,REFCDCFD3045F77,BROKEN_FK_account_id_to_accounts
TX035422,C0071,A0452,2877.61,ZAR,2025-10-10,06:25:39,INTEREST,Interest - Ref 620097,POS,COMPLETED,REF5BEE86BB69DC,BROKEN_FK_account_id_to_accounts
TX035423,C0970,UNKNOWN,10615.67,ZAR,2024-09-29,00:12:08,DEPOSIT,Deposit - Ref 892657,POS,PENDING,REF5BB612DCDE76,BROKEN_FK_account_id_to_accounts
TX035428,C0902,UNKNOWN,2315.77,ZAR,2026-08-17,18:58:51,WITHDRAWAL,Withdrawal - Ref 757229,POS,COMPLETED,REF8D3202040FAD,BROKEN_FK_account_id_to_accounts
TX035437,C0772,A0436,2878.91,ZAR,2024-06-28,22:26:40,INTEREST,Interest - Ref 776733,MOBILE,PENDING,REFC082020629CB,BROKEN_FK_account_id_to_accounts
TX035465,C0922,A0672,1968.98,ZAR,2024-10-01,13:39:01,DEPOSIT,Deposit - Ref 150885,ONLINE,COMPLETED,REF2BE101779619,BROKEN_FK_account_id_to_accounts
TX035495,C0391,A0473,782.1,ZAR,2025-02-20,18:51:07,INTEREST,Interest - Ref 964406,ONLINE,COMPLETED,REFAD2BB1528793,BROKEN_FK_account_id_to_accounts
TX035496,C0144,UNKNOWN,2742.27,ZAR,2026-03-18,08:02:00,WITHDRAWAL,Withdrawal - Ref 174011,ONLINE,FAILED,REFA4C08B997156,BROKEN_FK_account_id_to_accounts
TX035537,C0692,A0415,1472.51,ZAR,2025-05-06,07:36:43,PAYMENT,Payment - Ref 397059,MOBILE,COMPLETED,REFB6C7CA3772D6,BROKEN_FK_account_id_to_accounts
TX035539,C0132,A1146,58.92,ZAR,2025-09-21,04:32:13,WITHDRAWAL,Withdrawal - Ref 630408,BRANCH,COMPLETED,REF11CF5B85DC76,BROKEN_FK_account_id_to_accounts
TX035551,C0754,UNKNOWN,1236.93,ZAR,2024-04-12,03:20:13,DEBIT_ORDER,Debit Order - Ref 662441,MOBILE,COMPLETED,REF9738C267CAD7,BROKEN_FK_account_id_to_accounts
TX035559,C0784,FAKE_0B1A2623,1311.48,ZAR,2025-02-24,13:48:40,TRANSFER,Transfer - Ref 247387,MOBILE,COMPLETED,REFA39B83EA5C5F,BROKEN_FK_account_id_to_accounts
TX035570,C0031,UNKNOWN,4653.1,ZAR,2024-03-21,01:46:06,PAYMENT,Payment - Ref 278874,BRANCH,PENDING,REFA699EC09B86C,BROKEN_FK_account_id_to_accounts
TX035653,C0959,UNKNOWN,7852.79,ZAR,2024-10-10,16:00:58,DEPOSIT,Deposit - Ref 855040,BRANCH,FAILED,REF92476E0CB2F6,BROKEN_FK_account_id_to_accounts
TX035661,C0575,UNKNOWN,451.63,ZAR,2024-09-28,15:54:26,FEE,Fee - Ref 457340,BRANCH,COMPLETED,REFA741C1717D63,BROKEN_FK_account_id_to_accounts
TX035683,C0261,A0515,3668.92,ZAR,2024-07-09,00:08:33,PAYMENT,Payment - Ref 725582,BRANCH,FAILED,REFF3CDEDCA7F57,BROKEN_FK_account_id_to_accounts
TX035692,C0250,A0563,425.35,ZAR,2025-10-29,12:15:22,WITHDRAWAL,Withdrawal - Ref 613229,MOBILE,COMPLETED,REF7D7CC9235F19,BROKEN_FK_account_id_to_accounts
TX035710,C0428,FAKE_87367337,843.38,ZAR,2025-03-18,06:18:26,WITHDRAWAL,Withdrawal - Ref 134783,MOBILE,COMPLETED,REF7DC3182B95FA,BROKEN_FK_account_id_to_accounts
TX035714,C0228,UNKNOWN,1092.14,ZAR,2026-07-17,05:30:43,DEPOSIT,Deposit - Ref 686735,ATM,COMPLETED,REFEFF256CC45C0,BROKEN_FK_account_id_to_accounts
TX035772,C0250,UNKNOWN,1984.91,ZAR,2025-12-01,04:05:50,PAYMENT,Payment - Ref 805444,ATM,REVERSED,REF10CF51989ED7,BROKEN_FK_account_id_to_accounts
TX035791,C0999,A0831,462.47,ZAR,2025-10-16,03:57:53,PAYMENT,Payment - Ref 673719,ONLINE,COMPLETED,REF920B254B6CC4,BROKEN_FK_account_id_to_accounts
TX035801,C0326,A0448,9230.12,ZAR,2026-09-01,08:46:24,TRANSFER,Transfer - Ref 624273,ATM,COMPLETED,REF542C84F08B12,BROKEN_FK_account_id_to_accounts
TX035805,C0907,A1444,5089.89,ZAR,2024-02-29,01:33:19,PAYMENT,Payment - Ref 209499,ONLINE,COMPLETED,REFCEBFE9E4BD78,BROKEN_FK_account_id_to_accounts
TX035821,C0881,A0400,471.85,ZAR,2026-08-05,06:53:33,DEBIT_ORDER,Debit Order - Ref 283807,ONLINE,FAILED,REFC68D7969F176,BROKEN_FK_account_id_to_accounts
TX035837,C0821,FAKE_18DCFC7D,1723.29,ZAR,2026-05-02,17:49:13,PAYMENT,Payment - Ref 742573,POS,COMPLETED,REF127DA7ABF486,BROKEN_FK_account_id_to_accounts
TX035842,C0586,UNKNOWN,15907.6575,ZAR,2025-09-12,09:49:11,REVERSAL,Reversal - Ref 245139,MOBILE,COMPLETED,REFACA9A77DCA71,BROKEN_FK_account_id_to_accounts
TX035921,C0821,FAKE_97E49F59,255.37,ZAR,2025-07-09,06:38:23,INTEREST,Interest - Ref 679876,MOBILE,COMPLETED,REF8D19C529770B,BROKEN_FK_account_id_to_accounts
TX035969,C0987,UNKNOWN,401.71,ZAR,2025-01-18,20:46:43,FEE,Fee - Ref 709027,MOBILE,COMPLETED,REF7CE05A878B23,BROKEN_FK_account_id_to_accounts
TX035976,C0391,A0473,295.21,ZAR,2024-05-09,17:42:11,FEE,Fee - Ref 916947,ONLINE,COMPLETED,REF647E74A4530B,BROKEN_FK_account_id_to_accounts
TX036002,C0049,A1190,4266.49,ZAR,2025-04-11,03:43:40,DEPOSIT,Deposit - Ref 573184,ONLINE,COMPLETED,REF01A38AF17C71,BROKEN_FK_account_id_to_accounts
TX036022,C0645,A0282,846.16,ZAR,2024-03-30,15:23:50,TRANSFER,Transfer - Ref 643701,MOBILE,COMPLETED,REF74B64E3C002F,BROKEN_FK_account_id_to_accounts
TX036036,C0564,UNKNOWN,94.19,ZAR,2026-02-22,01:02:41,FEE,Fee - Ref 374792,ATM,COMPLETED,REF2DB41C110F5E,BROKEN_FK_account_id_to_accounts
TX036038,C0174,A1169,228.36,ZAR,2025-11-11,16:47:49,FEE,Fee - Ref 257469,MOBILE,COMPLETED,REFE43C04B88668,BROKEN_FK_account_id_to_accounts
TX036041,C0295,UNKNOWN,1751.14,ZAR,2024-12-28,05:52:17,WITHDRAWAL,Withdrawal - Ref 207872,MOBILE,COMPLETED,REF916F7BC6B92A,BROKEN_FK_account_id_to_accounts
TX036053,C0326,UNKNOWN,1199.88,ZAR,2025-09-16,07:13:39,DEPOSIT,Deposit - Ref 246560,MOBILE,COMPLETED,REF426A5C1F5D36,BROKEN_FK_account_id_to_accounts
TX036081,C0881,A0400,4879.01,ZAR,2025-03-11,09:44:04,INTEREST,Interest - Ref 976017,ATM,COMPLETED,REFEA1EC8BAAACB,BROKEN_FK_account_id_to_accounts
TX036091,C0138,A0544,15907.6575,ZAR,2025-09-14,00:21:18,REVERSAL,Reversal - Ref 860163,MOBILE,COMPLETED,REFDDCB387840E9,BROKEN_FK_account_id_to_accounts
TX036095,C0692,A0415,1271.81,ZAR,2024-07-23,22:50:03,DEPOSIT,Deposit - Ref 160302,ONLINE,COMPLETED,REF95AE72B6AD36,BROKEN_FK_account_id_to_accounts
TX036107,C0108,A0572,127.64,ZAR,2025-10-04,14:42:08,FEE,Fee - Ref 956465,ONLINE,COMPLETED,REFE33D62587BD6,BROKEN_FK_account_id_to_accounts
TX036116,C0241,UNKNOWN,956.63,ZAR,2025-05-08,15:26:05,DEBIT_ORDER,Debit Order - Ref 222556,MOBILE,COMPLETED,REF7501F86DACCB,BROKEN_FK_account_id_to_accounts
TX036122,C0767,A0305,14191.05,ZAR,2025-04-04,07:32:04,DEPOSIT,Deposit - Ref 553788,MOBILE,COMPLETED,REFD4F4A347463B,BROKEN_FK_account_id_to_accounts
TX036148,C0029,UNKNOWN,1809.59,ZAR,2026-03-13,09:25:35,TRANSFER,Transfer - Ref 658253,ONLINE,COMPLETED,REF37DFBE3D3CE9,BROKEN_FK_account_id_to_accounts
TX036174,C0907,A1444,761.39,ZAR,2024-06-05,14:32:29,DEBIT_ORDER,Debit Order - Ref 739967,ONLINE,COMPLETED,REFC7B75E047265,BROKEN_FK_account_id_to_accounts
TX036183,C0250,A0563,15907.6575,ZAR,2020-01-01,10:23:53,REVERSAL,Reversal - Ref 863982,BRANCH,COMPLETED,REF582C6215BFE2,BROKEN_FK_account_id_to_accounts
TX036194,C0931,UNKNOWN,261.03,ZAR,2026-03-23,14:48:14,FEE,Fee - Ref 736433,MOBILE,FAILED,REF5B24F1A123EF,BROKEN_FK_account_id_to_accounts
TX036223,C0071,A1181,452.64,ZAR,2024-01-08,13:32:46,FEE,Fee - Ref 256786,MOBILE,COMPLETED,REF9268607B7BC4,BROKEN_FK_account_id_to_accounts
TX036239,C0449,UNKNOWN,173.26,ZAR,2024-04-14,17:01:23,WITHDRAWAL,Withdrawal - Ref 963104,MOBILE,FAILED,REFC1A3EC7326B0,BROKEN_FK_account_id_to_accounts
TX036262,C0999,A0831,391.5,ZAR,2024-12-15,18:23:55,WITHDRAWAL,Withdrawal - Ref 168044,BRANCH,FAILED,REFD68AD59BCD50,BROKEN_FK_account_id_to_accounts
TX036269,C0158,A1330,375.16,ZAR,2024-01-09,13:46:49,WITHDRAWAL,Withdrawal - Ref 231616,POS,COMPLETED,REFC7B799E0A5C1,BROKEN_FK_account_id_to_accounts
TX036275,C0345,A0694,601.3,ZAR,2025-10-19,13:19:52,DEBIT_ORDER,Debit Order - Ref 260005,ATM,COMPLETED,REFD59EBE7193EA,BROKEN_FK_account_id_to_accounts
TX036316,C0871,A1487,100.14,ZAR,2025-10-07,21:06:50,INTEREST,Interest - Ref 824174,POS,COMPLETED,REF9F5EF4D7E14C,BROKEN_FK_account_id_to_accounts
TX036360,C0999,A0831,673.58,ZAR,2026-09-14,09:52:23,WITHDRAWAL,Withdrawal - Ref 794069,BRANCH,COMPLETED,REF1E8BDAC18768,BROKEN_FK_account_id_to_accounts
TX036411,C0132,A1146,6714.29,ZAR,2025-01-25,05:54:35,PAYMENT,Payment - Ref 917608,ONLINE,COMPLETED,REF3ECC938E6549,BROKEN_FK_account_id_to_accounts
TX036412,C0326,A0448,1503.55,ZAR,2025-04-20,20:14:34,PAYMENT,Payment - Ref 678466,MOBILE,FAILED,REFE8FCC4020B9A,BROKEN_FK_account_id_to_accounts
TX036438,C0082,A1200,62.16,ZAR,2024-07-19,18:42:33,INTEREST,Interest - Ref 907314,MOBILE,COMPLETED,REF5A8720300C49,BROKEN_FK_account_id_to_accounts
TX036439,C0433,A1025,821.13,ZAR,2024-01-01,00:21:51,DEBIT_ORDER,Debit Order - Ref 524456,ONLINE,COMPLETED,REFAA13B5073BFC,BROKEN_FK_account_id_to_accounts
TX036457,C0646,A0291,248.29,ZAR,2026-08-13,09:30:51,TRANSFER,Transfer - Ref 561732,ONLINE,COMPLETED,REF159B7CBE6315,BROKEN_FK_account_id_to_accounts
TX036466,C0174,A1169,159.73,ZAR,2026-06-25,23:10:56,TRANSFER,Transfer - Ref 583067,MOBILE,COMPLETED,REFC17365B38132,BROKEN_FK_account_id_to_accounts
TX036474,C0419,A0556,328.51,ZAR,2024-09-06,15:15:00,FEE,Fee - Ref 123045,BRANCH,COMPLETED,REF9D4A9060A63E,BROKEN_FK_account_id_to_accounts
TX036510,C0720,A0589,1109.39,ZAR,2026-03-02,22:42:29,TRANSFER,Transfer - Ref 110146,ONLINE,COMPLETED,REF8D39C6BE5399,BROKEN_FK_account_id_to_accounts
TX036535,C0835,UNKNOWN,15907.6575,ZAR,2025-11-06,19:04:35,REVERSAL,Reversal - Ref 199763,MOBILE,COMPLETED,REF6E2385C6401B,BROKEN_FK_account_id_to_accounts
TX036579,C0366,A0418,949.34,ZAR,2024-06-22,11:44:15,DEBIT_ORDER,Debit Order - Ref 109675,MOBILE,COMPLETED,REF963140747B09,BROKEN_FK_account_id_to_accounts
TX036648,C0611,A1314,15907.6575,ZAR,2024-05-28,17:52:12,REVERSAL,Reversal - Ref 335663,MOBILE,COMPLETED,REFF7B97F7DF82C,BROKEN_FK_account_id_to_accounts
TX036673,C0999,A0831,6613.25,ZAR,2024-09-20,09:53:47,REVERSAL,Reversal - Ref 368891,POS,COMPLETED,REF398EF808E9DF,BROKEN_FK_account_id_to_accounts
TX036705,C0784,UNKNOWN,949.65,ZAR,2024-05-02,19:46:30,TRANSFER,Transfer - Ref 620244,MOBILE,COMPLETED,REF8091D61A0371,BROKEN_FK_account_id_to_accounts
TX036707,C0821,UNKNOWN,429.35,ZAR,2025-09-15,14:45:58,WITHDRAWAL,Withdrawal - Ref 686449,ATM,COMPLETED,REFF280DE075D9E,BROKEN_FK_account_id_to_accounts
TX036733,C0248,UNKNOWN,1403.37,ZAR,2024-08-25,16:01:55,DEBIT_ORDER,Debit Order - Ref 359314,ATM,COMPLETED,REF11480EEBB931,BROKEN_FK_account_id_to_accounts
TX036737,C0224,A0045,1802.65,ZAR,2025-03-31,07:41:53,INTEREST,Interest - Ref 292661,MOBILE,COMPLETED,REF343AA4A86A8A,BROKEN_FK_account_id_to_accounts
TX036748,C0772,A0436,15907.6575,ZAR,2025-04-07,18:03:40,REVERSAL,Reversal - Ref 490294,ONLINE,COMPLETED,REF3DBF744599ED,BROKEN_FK_account_id_to_accounts
TX036751,C0391,A0473,1774.92,ZAR,2026-06-16,01:51:17,REVERSAL,Reversal - Ref 333857,MOBILE,FAILED,REFAFBC65960D45,BROKEN_FK_account_id_to_accounts
TX036753,C0108,A0572,7135.8,ZAR,2024-05-06,06:24:45,DEPOSIT,Deposit - Ref 680290,ONLINE,COMPLETED,REFA257ECB0BB61,BROKEN_FK_account_id_to_accounts
TX036758,C0261,A0515,3961.8,ZAR,2024-02-07,11:48:36,INTEREST,Interest - Ref 548020,ATM,FAILED,REFE310DF24A485,BROKEN_FK_account_id_to_accounts
TX036778,C0292,UNKNOWN,15907.6575,ZAR,2025-05-05,05:30:31,TRANSFER,Transfer - Ref 749479,MOBILE,COMPLETED,REF39683874B9A7,BROKEN_FK_account_id_to_accounts
TX036793,C0292,FAKE_95D4A7DF,4630.76,ZAR,2025-01-25,05:23:22,REVERSAL,Reversal - Ref 489285,MOBILE,COMPLETED,REF54FD44852A48,BROKEN_FK_account_id_to_accounts
TX036799,C0544,UNKNOWN,164.51,ZAR,2025-05-02,15:55:57,WITHDRAWAL,Withdrawal - Ref 839123,MOBILE,COMPLETED,REF5EA811652740,BROKEN_FK_account_id_to_accounts
TX036826,C0250,UNKNOWN,15907.6575,ZAR,2024-02-25,18:09:37,REVERSAL,Reversal - Ref 556649,ONLINE,COMPLETED,REFE6F222A6EFB9,BROKEN_FK_account_id_to_accounts
TX036892,C0772,A0436,432.76,ZAR,2025-02-02,01:46:27,WITHDRAWAL,Withdrawal - Ref 445803,ONLINE,COMPLETED,REF46A7DA163E7A,BROKEN_FK_account_id_to_accounts
TX036897,C0614,A0422,4071.97,ZAR,2026-07-16,21:51:56,INTEREST,Interest - Ref 106291,MOBILE,REVERSED,REF00EA4C1BAF62,BROKEN_FK_account_id_to_accounts
TX036904,C0800,A0764,1801.96,ZAR,2025-11-14,06:38:11,PAYMENT,Payment - Ref 310989,ONLINE,COMPLETED,REF21C1B308AF47,BROKEN_FK_account_id_to_accounts
TX036921,C0049,A1190,333.38,ZAR,2025-07-03,02:23:48,DEBIT_ORDER,Debit Order - Ref 781225,ATM,FAILED,REF5E7101B05A00,BROKEN_FK_account_id_to_accounts
TX036957,C0946,UNKNOWN,119.83,ZAR,2026-02-13,00:56:10,FEE,Fee - Ref 755077,BRANCH,COMPLETED,REFB56BF5D7F8CA,BROKEN_FK_account_id_to_accounts
TX036961,C0678,FAKE_3CBED794,1166.18,ZAR,2026-09-01,10:12:07,DEBIT_ORDER,Debit Order - Ref 508641,ONLINE,COMPLETED,REF03429E45F348,BROKEN_FK_account_id_to_accounts
TX036973,C0721,UNKNOWN,463.96,ZAR,2025-11-28,10:33:21,DEBIT_ORDER,Debit Order - Ref 474280,MOBILE,COMPLETED,REFA8787D8D7480,BROKEN_FK_account_id_to_accounts
TX036974,C0392,UNKNOWN,2646.84,ZAR,2024-02-27,17:27:46,DEPOSIT,Deposit - Ref 964003,ONLINE,COMPLETED,REF08263C431AD6,BROKEN_FK_account_id_to_accounts
TX036976,C0999,A0831,2119.43,ZAR,2025-01-10,05:19:53,INTEREST,Interest - Ref 234508,MOBILE,COMPLETED,REFE2130E536194,BROKEN_FK_account_id_to_accounts
TX036977,C0935,UNKNOWN,2759.46,ZAR,2026-02-15,01:30:30,PAYMENT,Payment - Ref 646719,ATM,COMPLETED,REF78BAFA3B99F1,BROKEN_FK_account_id_to_accounts
TX036995,C0569,A0141,1161.96,ZAR,2025-04-20,15:52:59,WITHDRAWAL,Withdrawal - Ref 460908,ONLINE,COMPLETED,REF1827AA0BB58B,BROKEN_FK_account_id_to_accounts
TX037014,C0709,UNKNOWN,3796.33,ZAR,2025-12-08,03:23:54,PAYMENT,Payment - Ref 836805,MOBILE,COMPLETED,REF8DD675D9B72C,BROKEN_FK_account_id_to_accounts
TX037050,C0569,A0141,10544.55,ZAR,2026-08-01,14:17:22,DEPOSIT,Deposit - Ref 946973,POS,COMPLETED,REF75BEFA0CB5DD,BROKEN_FK_account_id_to_accounts
TX037054,C0326,A0656,458.48,ZAR,2026-01-29,20:12:08,FEE,Fee - Ref 878517,POS,COMPLETED,REF0802183D6D52,BROKEN_FK_account_id_to_accounts
TX037060,C0999,A0831,3836.69,ZAR,2025-05-08,12:00:13,DEPOSIT,Deposit - Ref 786561,BRANCH,COMPLETED,REFB506D0A4CBD3,BROKEN_FK_account_id_to_accounts
TX037094,C0607,UNKNOWN,363.13,ZAR,2025-11-29,07:55:28,DEBIT_ORDER,Debit Order - Ref 239304,MOBILE,COMPLETED,REF380DDE3A6E9B,BROKEN_FK_account_id_to_accounts
TX037095,C0484,A1438,314.77,ZAR,2026-09-08,03:54:16,WITHDRAWAL,Withdrawal - Ref 733519,BRANCH,COMPLETED,REF35A52B9D1E0C,BROKEN_FK_account_id_to_accounts
TX037109,C0398,A0053,747.61,ZAR,2024-03-09,13:40:08,WITHDRAWAL,Withdrawal - Ref 702265,ATM,COMPLETED,REFA2C5B4ADA8CD,BROKEN_FK_account_id_to_accounts
TX037110,C0569,A0141,2427.39,ZAR,2024-11-24,22:17:56,DEPOSIT,Deposit - Ref 599633,ONLINE,COMPLETED,REF55CC1443FA5E,BROKEN_FK_account_id_to_accounts
TX037127,C0791,A0938,533.69,ZAR,2026-02-08,21:59:22,DEBIT_ORDER,Debit Order - Ref 580141,ATM,COMPLETED,REF345C8BA8EB0A,BROKEN_FK_account_id_to_accounts
TX037158,C0071,A0452,947.36,ZAR,2025-03-18,15:25:47,DEBIT_ORDER,Debit Order - Ref 123853,MOBILE,COMPLETED,REFB174D76BBF7D,BROKEN_FK_account_id_to_accounts
TX037181,C0071,A0452,15907.6575,ZAR,2026-09-15,02:39:23,REVERSAL,Reversal - Ref 973395,MOBILE,COMPLETED,REF9F9759272F2B,BROKEN_FK_account_id_to_accounts
TX037188,C0491,UNKNOWN,3131.77,ZAR,2024-05-04,21:11:35,TRANSFER,Transfer - Ref 815908,ONLINE,COMPLETED,REF9AB6ACC3D2F4,BROKEN_FK_account_id_to_accounts
TX037202,C0915,A0345,349.14,ZAR,2026-02-11,12:42:04,PAYMENT,Payment - Ref 271900,MOBILE,COMPLETED,REFE6AFDA43D60E,BROKEN_FK_account_id_to_accounts
TX037235,C0762,UNKNOWN,199.61,ZAR,2026-03-19,20:13:23,WITHDRAWAL,Withdrawal - Ref 271858,BRANCH,COMPLETED,REF1DE90683810E,BROKEN_FK_account_id_to_accounts
TX037259,C0395,UNKNOWN,137.2,ZAR,2025-06-09,14:06:20,FEE,Fee - Ref 839787,POS,COMPLETED,REFA6A1BDF41BC5,BROKEN_FK_account_id_to_accounts
TX037284,C0132,A1146,15907.6575,ZAR,2025-08-10,19:22:37,REVERSAL,Reversal - Ref 128619,MOBILE,COMPLETED,REF57E7A605EF9E,BROKEN_FK_account_id_to_accounts
TX037296,C0900,UNKNOWN,13823.19,ZAR,2026-04-19,02:26:46,REVERSAL,Reversal - Ref 783487,ONLINE,COMPLETED,REF009AD963EDB8,BROKEN_FK_account_id_to_accounts
TX037318,C0071,A1181,15907.6575,ZAR,2026-06-25,05:06:33,TRANSFER,Transfer - Ref 482771,ATM,COMPLETED,REF7DB5CE2A2E65,BROKEN_FK_account_id_to_accounts
TX037331,C0371,A1236,264.15,ZAR,2025-08-16,00:31:59,PAYMENT,Payment - Ref 634341,ONLINE,REVERSED,REF27E13E8FB86C,BROKEN_FK_account_id_to_accounts
TX037344,C0831,A0527,446.73,ZAR,2024-06-22,17:50:57,PAYMENT,Payment - Ref 221674,ATM,COMPLETED,REF1EC7C443393F,BROKEN_FK_account_id_to_accounts
TX037345,C0239,UNKNOWN,112.37,ZAR,2026-06-25,23:15:42,DEBIT_ORDER,Debit Order - Ref 589286,ONLINE,FAILED,REF96D83B81970E,BROKEN_FK_account_id_to_accounts
TX037349,C0108,A0572,1067.17,ZAR,2024-04-26,07:08:02,TRANSFER,Transfer - Ref 382914,ONLINE,REVERSED,REF41A001A0279A,BROKEN_FK_account_id_to_accounts
TX037368,C0371,A1236,617.57,ZAR,2024-12-03,03:50:29,PAYMENT,Payment - Ref 336580,MOBILE,COMPLETED,REF7A5221F3039E,BROKEN_FK_account_id_to_accounts
TX037369,C0824,UNKNOWN,6701.26,ZAR,2024-05-21,02:33:31,DEPOSIT,Deposit - Ref 712759,ATM,COMPLETED,REFC6A59C39D2B4,BROKEN_FK_account_id_to_accounts
TX037370,C0680,UNKNOWN,484.74,ZAR,2024-05-27,10:31:13,FEE,Fee - Ref 422714,MOBILE,COMPLETED,REF1E3A1FDDB1DB,BROKEN_FK_account_id_to_accounts
TX037376,C0881,A0400,5851.0,ZAR,2024-02-21,16:34:43,DEPOSIT,Deposit - Ref 606971,ATM,COMPLETED,REF4585F8C6E498,BROKEN_FK_account_id_to_accounts
TX037384,C0326,A0448,1104.71,ZAR,2025-04-10,15:26:49,PAYMENT,Payment - Ref 206724,MOBILE,COMPLETED,REF0D50DFC1C381,BROKEN_FK_account_id_to_accounts
TX037391,C0860,UNKNOWN,83.88,ZAR,2026-01-07,05:47:29,FEE,Fee - Ref 457773,BRANCH,COMPLETED,REF26D45B9ECC8F,BROKEN_FK_account_id_to_accounts
TX037392,C0807,A0519,1644.7,ZAR,2026-01-23,11:47:13,PAYMENT,Payment - Ref 492361,ONLINE,COMPLETED,REF2012C3E7997C,BROKEN_FK_account_id_to_accounts
TX037408,C0692,FAKE_EC8C77C0,4851.19,ZAR,2024-12-15,04:14:11,TRANSFER,Transfer - Ref 478522,ATM,COMPLETED,REF445D92B9E995,BROKEN_FK_account_id_to_accounts
TX037421,C0071,A1181,2093.39,ZAR,2026-04-22,18:11:11,DEPOSIT,Deposit - Ref 493931,ONLINE,COMPLETED,REFB5A1FEB03C04,BROKEN_FK_account_id_to_accounts
TX037438,C0720,A0589,2505.88,ZAR,2026-08-09,22:33:41,DEBIT_ORDER,Debit Order - Ref 802676,ATM,FAILED,REF8331789D6681,BROKEN_FK_account_id_to_accounts
TX037452,C0336,UNKNOWN,15907.6575,ZAR,2024-05-06,03:14:14,REVERSAL,Reversal - Ref 890157,ATM,COMPLETED,REFB3495E011B84,BROKEN_FK_account_id_to_accounts
TX037461,C0822,UNKNOWN,5580.34,ZAR,2025-09-11,10:52:32,WITHDRAWAL,Withdrawal - Ref 598899,ONLINE,COMPLETED,REF10E55FB3BEA3,BROKEN_FK_account_id_to_accounts
TX037465,C0302,A0994,480.69,ZAR,2026-08-02,14:22:18,FEE,Fee - Ref 923928,MOBILE,COMPLETED,REFA805CDF49365,BROKEN_FK_account_id_to_accounts
TX037466,C0082,A1200,3394.16,ZAR,2025-06-04,14:43:30,TRANSFER,Transfer - Ref 444168,ONLINE,COMPLETED,REF82D658B356F1,BROKEN_FK_account_id_to_accounts
TX037470,C0907,A1444,3540.7,ZAR,2025-06-24,11:20:59,TRANSFER,Transfer - Ref 699340,ATM,COMPLETED,REFC0A27CCBB81F,BROKEN_FK_account_id_to_accounts
TX037540,C0636,UNKNOWN,4739.29,ZAR,2024-07-23,06:59:36,INTEREST,Interest - Ref 747769,MOBILE,COMPLETED,REFEF1222D744D4,BROKEN_FK_account_id_to_accounts
TX037554,C0039,FAKE_01FA0778,219.23,ZAR,2026-08-28,11:16:44,FEE,Fee - Ref 425817,ONLINE,COMPLETED,REFB21288565060,BROKEN_FK_account_id_to_accounts
TX037572,C0692,A0415,2278.09,ZAR,2024-10-06,11:35:50,DEPOSIT,Deposit - Ref 823072,POS,COMPLETED,REF9CAC603C3833,BROKEN_FK_account_id_to_accounts
TX037580,C0295,UNKNOWN,3628.27,ZAR,2026-06-05,08:04:38,DEPOSIT,Deposit - Ref 182108,ONLINE,COMPLETED,REF67F73B8D75CC,BROKEN_FK_account_id_to_accounts
TX037600,C0089,A0779,219.96,ZAR,2024-08-18,21:41:24,DEBIT_ORDER,Debit Order - Ref 507257,MOBILE,FAILED,REF1361A62E77A9,BROKEN_FK_account_id_to_accounts
TX037614,C0429,A1065,892.71,ZAR,2026-02-10,03:08:19,DEBIT_ORDER,Debit Order - Ref 562082,MOBILE,REVERSED,REF40A8F0F171A3,BROKEN_FK_account_id_to_accounts
TX037615,C0690,UNKNOWN,2800.06,ZAR,2026-08-19,13:21:53,INTEREST,Interest - Ref 418579,ATM,COMPLETED,REF11BE9CD1BF02,BROKEN_FK_account_id_to_accounts
TX037628,C0657,UNKNOWN,908.73,ZAR,2026-08-12,08:06:53,TRANSFER,Transfer - Ref 597463,MOBILE,COMPLETED,REF93944DD48D2A,BROKEN_FK_account_id_to_accounts
TX037646,C0391,A0473,865.72,ZAR,2026-09-08,14:49:55,PAYMENT,Payment - Ref 364254,MOBILE,PENDING,REF37AA7E8643A7,BROKEN_FK_account_id_to_accounts
TX037671,C0089,A0779,246.47,ZAR,2025-05-27,09:25:45,FEE,Fee - Ref 821133,BRANCH,COMPLETED,REF14BBD566BA03,BROKEN_FK_account_id_to_accounts
TX037705,C0197,UNKNOWN,330.44,ZAR,2025-12-25,15:00:36,FEE,Fee - Ref 805779,ONLINE,COMPLETED,REFA9166D801205,BROKEN_FK_account_id_to_accounts
TX037765,C0800,A0764,942.89,ZAR,2024-07-30,07:58:55,PAYMENT,Payment - Ref 293618,ATM,COMPLETED,REF1FC2764BA67B,BROKEN_FK_account_id_to_accounts
TX037847,C0818,UNKNOWN,883.64,ZAR,2024-07-08,09:40:08,PAYMENT,Payment - Ref 635210,ONLINE,COMPLETED,REF00D3E42EE7E2,BROKEN_FK_account_id_to_accounts
TX037866,C0071,A0452,8864.47,ZAR,2025-03-31,10:38:24,REVERSAL,Reversal - Ref 449598,ONLINE,COMPLETED,REFE46D076B7467,BROKEN_FK_account_id_to_accounts
TX037931,C0614,A0422,970.26,ZAR,2025-08-23,15:10:42,TRANSFER,Transfer - Ref 601952,ATM,COMPLETED,REFFBF9A7C767B3,BROKEN_FK_account_id_to_accounts
TX037934,C0371,A1236,277.65,ZAR,2024-02-02,00:01:12,FEE,Fee - Ref 800017,BRANCH,COMPLETED,REFDDD897F44EDA,BROKEN_FK_account_id_to_accounts
TX037946,C0398,A0053,13959.99,ZAR,2026-01-08,05:15:48,DEPOSIT,Deposit - Ref 786086,MOBILE,PENDING,REFCD478133A680,BROKEN_FK_account_id_to_accounts
TX037968,C0999,A0831,11324.03,ZAR,2026-02-03,12:41:14,REVERSAL,Reversal - Ref 222756,MOBILE,COMPLETED,REF3D96792E5937,BROKEN_FK_account_id_to_accounts
TX037992,C0067,UNKNOWN,358.82,ZAR,2025-07-04,15:23:29,FEE,Fee - Ref 720167,MOBILE,COMPLETED,REF842D89B6EEBE,BROKEN_FK_account_id_to_accounts
TX037996,C0569,A0141,2211.58,ZAR,2024-12-09,21:33:29,INTEREST,Interest - Ref 259055,POS,COMPLETED,REFB10624543303,BROKEN_FK_account_id_to_accounts
TX038006,C0366,A0418,1586.15,ZAR,2026-07-26,09:10:19,DEBIT_ORDER,Debit Order - Ref 368697,MOBILE,COMPLETED,REFFF6C1B2D44C1,BROKEN_FK_account_id_to_accounts
TX038021,C0108,A0572,71.14,ZAR,2024-06-24,18:43:04,FEE,Fee - Ref 695758,ATM,COMPLETED,REF7BB1B85BC738,BROKEN_FK_account_id_to_accounts
TX038025,C0569,A0141,15907.6575,ZAR,2024-07-23,17:34:02,REVERSAL,Reversal - Ref 669301,ONLINE,COMPLETED,REFCE60419B6889,BROKEN_FK_account_id_to_accounts
TX038036,C0366,A0418,1039.36,ZAR,2025-05-31,08:55:20,DEPOSIT,Deposit - Ref 339634,MOBILE,COMPLETED,REF7CA1FE6A5F16,BROKEN_FK_account_id_to_accounts
TX038046,C0391,A0473,1154.99,ZAR,2025-12-16,11:58:43,WITHDRAWAL,Withdrawal - Ref 713900,ONLINE,COMPLETED,REF4B67CA22339B,BROKEN_FK_account_id_to_accounts
TX038051,C0011,UNKNOWN,1087.9,ZAR,2025-12-14,09:11:47,PAYMENT,Payment - Ref 877361,POS,COMPLETED,REFA5F7AF581CC2,BROKEN_FK_account_id_to_accounts
TX038064,C0371,A1236,384.57,ZAR,2025-09-13,03:03:13,REVERSAL,Reversal - Ref 751153,MOBILE,FAILED,REFA8DB8249E00D,BROKEN_FK_account_id_to_accounts
TX038076,C0602,UNKNOWN,717.87,ZAR,2025-11-22,20:30:21,DEPOSIT,Deposit - Ref 471236,ONLINE,COMPLETED,REFEB3CC9E1E1B0,BROKEN_FK_account_id_to_accounts
TX038091,C0261,A0515,947.6,ZAR,2024-01-20,12:16:37,DEPOSIT,Deposit - Ref 144414,POS,COMPLETED,REFD4C342C9965C,BROKEN_FK_account_id_to_accounts
TX038115,C0158,A1330,2002.32,ZAR,2025-11-18,17:29:00,DEBIT_ORDER,Debit Order - Ref 393713,POS,COMPLETED,REF8E6633EDA290,BROKEN_FK_account_id_to_accounts
TX038120,C0429,A1065,4868.97,ZAR,2024-12-02,00:37:44,INTEREST,Interest - Ref 133233,ATM,COMPLETED,REFBACFC83ACB23,BROKEN_FK_account_id_to_accounts
TX038164,C0597,UNKNOWN,289.3,ZAR,2025-05-29,07:09:53,FEE,Fee - Ref 712250,MOBILE,COMPLETED,REFB298A63E5355,BROKEN_FK_account_id_to_accounts
TX038171,C0982,UNKNOWN,989.73,ZAR,2024-04-19,22:28:10,WITHDRAWAL,Withdrawal - Ref 236896,ONLINE,FAILED,REF6A980DC94DAB,BROKEN_FK_account_id_to_accounts
TX038173,C0013,UNKNOWN,1168.22,ZAR,2026-09-15,19:57:22,DEPOSIT,Deposit - Ref 217990,ONLINE,COMPLETED,REFB5D3D22266E3,BROKEN_FK_account_id_to_accounts
TX038178,C0345,A0694,154.31,ZAR,2024-11-09,10:33:50,FEE,Fee - Ref 601922,POS,COMPLETED,REF02EB35400051,BROKEN_FK_account_id_to_accounts
TX038186,C0433,A1025,1678.39,ZAR,2026-02-17,04:27:34,TRANSFER,Transfer - Ref 116593,ATM,COMPLETED,REFBDE54C55994D,BROKEN_FK_account_id_to_accounts
TX038251,C0326,A0656,9244.96,ZAR,2025-09-13,18:44:13,REVERSAL,Reversal - Ref 371626,ATM,COMPLETED,REF1E59A73F848D,BROKEN_FK_account_id_to_accounts
TX038255,C0309,FAKE_5D123370,15907.6575,ZAR,2024-03-29,00:15:16,REVERSAL,Reversal - Ref 689530,ONLINE,COMPLETED,REF09304A3A3EF4,BROKEN_FK_account_id_to_accounts
TX038282,C0302,A0994,2530.75,ZAR,2024-09-11,12:59:32,TRANSFER,Transfer - Ref 954955,MOBILE,COMPLETED,REFADBCD9E6FA26,BROKEN_FK_account_id_to_accounts
TX038291,C0250,A0563,436.52,ZAR,2026-06-14,01:20:28,INTEREST,Interest - Ref 285002,MOBILE,COMPLETED,REF0DF65A94A8C6,BROKEN_FK_account_id_to_accounts
TX038301,C0573,UNKNOWN,84.59,ZAR,2024-04-27,18:50:05,FEE,Fee - Ref 270461,ATM,COMPLETED,REF2A8EEC546859,BROKEN_FK_account_id_to_accounts
TX038324,C0720,A0589,4797.28,ZAR,2025-11-07,00:02:40,TRANSFER,Transfer - Ref 600975,ONLINE,COMPLETED,REF5962D590A4C0,BROKEN_FK_account_id_to_accounts
TX038335,C0108,A0572,522.54,ZAR,2024-09-12,03:43:55,WITHDRAWAL,Withdrawal - Ref 137313,POS,COMPLETED,REFD57FD4010934,BROKEN_FK_account_id_to_accounts
TX038351,C0071,A1181,2572.46,ZAR,2024-01-18,01:21:57,DEBIT_ORDER,Debit Order - Ref 757349,BRANCH,COMPLETED,REFAF27EE2396C8,BROKEN_FK_account_id_to_accounts
TX038362,C0731,UNKNOWN,73.02,ZAR,2025-04-02,14:34:05,FEE,Fee - Ref 294159,MOBILE,REVERSED,REFF997510D8295,BROKEN_FK_account_id_to_accounts
TX038364,C0907,A1444,1403.59,ZAR,2024-04-26,09:48:25,PAYMENT,Payment - Ref 110207,ATM,COMPLETED,REFDAE5BF42F129,BROKEN_FK_account_id_to_accounts
TX038392,C0302,A0994,15907.6575,ZAR,2024-01-22,03:53:54,REVERSAL,Reversal - Ref 807993,ONLINE,COMPLETED,REFDF22321305FB,BROKEN_FK_account_id_to_accounts
TX038407,C0108,A0572,15907.6575,ZAR,2026-03-02,10:33:12,DEPOSIT,Deposit - Ref 570012,MOBILE,COMPLETED,REF2A807FCEB075,BROKEN_FK_account_id_to_accounts
TX038435,C0411,UNKNOWN,864.11,ZAR,2024-01-08,20:47:19,DEBIT_ORDER,Debit Order - Ref 472939,MOBILE,COMPLETED,REFCFA96ACFC48E,BROKEN_FK_account_id_to_accounts
TX038455,C0431,A0469,1188.92,ZAR,2026-09-08,11:25:53,DEPOSIT,Deposit - Ref 176629,ATM,COMPLETED,REFAD23CB4A77BC,BROKEN_FK_account_id_to_accounts
TX038465,C0345,A0694,4879.43,ZAR,2025-01-27,05:57:11,DEPOSIT,Deposit - Ref 133180,ONLINE,COMPLETED,REF9F9CB8A23CD0,BROKEN_FK_account_id_to_accounts
TX038471,C0340,UNKNOWN,406.63,ZAR,2024-09-12,14:27:51,FEE,Fee - Ref 604827,POS,PENDING,REFE0C0E905D610,BROKEN_FK_account_id_to_accounts
TX038489,C0197,UNKNOWN,499.04,ZAR,2025-03-19,20:40:01,FEE,Fee - Ref 871087,MOBILE,COMPLETED,REFE316C84AD5BE,BROKEN_FK_account_id_to_accounts
TX038502,C0874,A0790,440.01,ZAR,2026-07-05,05:23:06,FEE,Fee - Ref 144926,ATM,COMPLETED,REF743DDEC15B02,BROKEN_FK_account_id_to_accounts
TX038504,C0226,UNKNOWN,615.54,ZAR,2025-06-26,03:42:37,WITHDRAWAL,Withdrawal - Ref 863221,MOBILE,COMPLETED,REFCC74AC35EB8F,BROKEN_FK_account_id_to_accounts
TX038526,C0800,A0764,1131.56,ZAR,2024-11-02,21:13:52,INTEREST,Interest - Ref 135008,ONLINE,COMPLETED,REFA1837B368937,BROKEN_FK_account_id_to_accounts
TX038551,C0224,A0045,2266.88,ZAR,2024-04-10,08:19:17,DEPOSIT,Deposit - Ref 819411,ATM,COMPLETED,REF08BB608AB491,BROKEN_FK_account_id_to_accounts
TX038559,C0874,A0790,5534.26,ZAR,2026-08-24,19:49:15,DEBIT_ORDER,Debit Order - Ref 571900,ATM,COMPLETED,REFC6CEAB4F2D98,BROKEN_FK_account_id_to_accounts
TX038565,C0922,A0672,473.09,ZAR,2025-01-24,05:38:10,FEE,Fee - Ref 434570,MOBILE,COMPLETED,REF3A36F030D2B1,BROKEN_FK_account_id_to_accounts
TX038599,C0071,A0452,337.75,ZAR,2024-07-13,11:47:00,INTEREST,Interest - Ref 721599,MOBILE,COMPLETED,REF368B7DD03B29,BROKEN_FK_account_id_to_accounts
TX038615,C0254,UNKNOWN,189.59,ZAR,2025-03-15,05:21:27,FEE,Fee - Ref 363906,ONLINE,COMPLETED,REF330F6FE243AF,BROKEN_FK_account_id_to_accounts
TX038633,C0772,A0436,565.79,ZAR,2024-03-16,07:42:21,PAYMENT,Payment - Ref 648958,MOBILE,COMPLETED,REF64649129A1F6,BROKEN_FK_account_id_to_accounts
TX038650,C0433,A1025,4187.87,ZAR,2025-04-01,00:35:46,INTEREST,Interest - Ref 296216,BRANCH,COMPLETED,REF53C76656B10B,BROKEN_FK_account_id_to_accounts
TX038681,C0302,A0994,476.84,ZAR,2024-12-20,02:54:53,FEE,Fee - Ref 181627,MOBILE,COMPLETED,REF85AEBB837A32,BROKEN_FK_account_id_to_accounts
TX038704,C0863,UNKNOWN,3344.7,ZAR,2024-01-22,08:58:52,REVERSAL,Reversal - Ref 683618,ONLINE,COMPLETED,REFBC00BCA7EE33,BROKEN_FK_account_id_to_accounts
TX038810,C0005,UNKNOWN,2785.3,ZAR,2025-08-21,17:22:35,INTEREST,Interest - Ref 833455,BRANCH,PENDING,REF6F8ECB4D102A,BROKEN_FK_account_id_to_accounts
TX038834,C0520,FAKE_5B7C6402,2127.82,ZAR,2025-02-28,00:26:45,DEBIT_ORDER,Debit Order - Ref 500382,POS,COMPLETED,REF5118035C7152,BROKEN_FK_account_id_to_accounts
TX038853,C0822,UNKNOWN,5075.79,ZAR,2025-03-27,14:02:13,DEPOSIT,Deposit - Ref 555211,ONLINE,COMPLETED,REFAE6DC13AA1AC,BROKEN_FK_account_id_to_accounts
TX038854,C0692,A0415,6390.13,ZAR,2025-03-29,08:38:23,DEPOSIT,Deposit - Ref 852648,ATM,COMPLETED,REFDE9F73AC165F,BROKEN_FK_account_id_to_accounts
TX038855,C0720,A0589,14213.4,ZAR,2020-01-01,10:21:36,DEPOSIT,Deposit - Ref 530147,ONLINE,COMPLETED,REF44AB7663A92E,BROKEN_FK_account_id_to_accounts
TX038859,C0614,A0422,925.71,ZAR,2024-01-08,23:38:46,TRANSFER,Transfer - Ref 513995,MOBILE,COMPLETED,REFB9819D769FDA,BROKEN_FK_account_id_to_accounts
TX038867,C0089,A0779,978.67,ZAR,2024-10-30,20:38:15,DEPOSIT,Deposit - Ref 604497,MOBILE,COMPLETED,REFE7ED4D444798,BROKEN_FK_account_id_to_accounts
TX038891,C0411,UNKNOWN,7551.33,ZAR,2024-01-16,16:03:07,DEPOSIT,Deposit - Ref 748032,ATM,COMPLETED,REF6DE77D6CA4EB,BROKEN_FK_account_id_to_accounts
TX038944,C0261,A0515,4097.53,ZAR,2025-05-08,11:59:14,INTEREST,Interest - Ref 533457,MOBILE,COMPLETED,REF6A21CB51C69D,BROKEN_FK_account_id_to_accounts
TX038947,C0581,UNKNOWN,816.54,ZAR,2025-04-19,14:48:41,WITHDRAWAL,Withdrawal - Ref 803723,POS,COMPLETED,REFAC483091C668,BROKEN_FK_account_id_to_accounts
TX038951,C0316,UNKNOWN,93.46,ZAR,2025-07-21,14:55:09,WITHDRAWAL,Withdrawal - Ref 302734,ATM,COMPLETED,REF9A75D538A4C4,BROKEN_FK_account_id_to_accounts
TX038977,C0240,A0937,282.17,ZAR,2025-06-20,20:37:26,WITHDRAWAL,Withdrawal - Ref 787358,POS,FAILED,REF86EF432D79B8,BROKEN_FK_account_id_to_accounts
TX038993,C0071,A0452,14138.5,ZAR,2026-09-05,14:41:17,DEPOSIT,Deposit - Ref 733988,MOBILE,COMPLETED,REFF371850E776D,BROKEN_FK_account_id_to_accounts
TX039015,C0190,FAKE_1A38FEE5,15907.6575,ZAR,2025-08-21,03:23:45,REVERSAL,Reversal - Ref 224536,BRANCH,COMPLETED,REFBC57132F74BF,BROKEN_FK_account_id_to_accounts
TX039022,C0345,UNKNOWN,88.56,ZAR,2026-09-12,06:34:36,PAYMENT,Payment - Ref 763016,MOBILE,COMPLETED,REF390A2CC7D915,BROKEN_FK_account_id_to_accounts
TX039039,C0824,UNKNOWN,2409.91,ZAR,2024-11-07,06:29:46,DEBIT_ORDER,Debit Order - Ref 228668,ONLINE,COMPLETED,REF16FBC37A98F3,BROKEN_FK_account_id_to_accounts
TX039059,C0071,UNKNOWN,1054.9,ZAR,2026-04-29,03:32:58,TRANSFER,Transfer - Ref 464463,MOBILE,COMPLETED,REFFAFAE91998AD,BROKEN_FK_account_id_to_accounts
TX039067,C0433,A1025,280.4,ZAR,2025-06-23,02:36:04,TRANSFER,Transfer - Ref 290461,BRANCH,COMPLETED,REF7AC5551526A7,BROKEN_FK_account_id_to_accounts
TX039070,C0089,A0779,490.6,ZAR,2025-04-27,15:44:23,INTEREST,Interest - Ref 741415,MOBILE,COMPLETED,REF0C86545BF1C6,BROKEN_FK_account_id_to_accounts
TX039096,C0831,A0527,2654.14,ZAR,2024-10-09,13:42:26,INTEREST,Interest - Ref 878254,ATM,COMPLETED,REF5D2CCCB9AA57,BROKEN_FK_account_id_to_accounts
TX039099,C0945,UNKNOWN,3792.64,ZAR,2025-12-02,22:34:49,INTEREST,Interest - Ref 590663,ONLINE,COMPLETED,REF67F4451BCE7C,BROKEN_FK_account_id_to_accounts
TX039110,C0107,A1386,554.21,ZAR,2026-06-28,15:07:05,WITHDRAWAL,Withdrawal - Ref 291780,ONLINE,COMPLETED,REF50E25599FF2E,BROKEN_FK_account_id_to_accounts
TX039124,C0646,FAKE_81EB1918,950.91,ZAR,2024-04-20,00:55:18,PAYMENT,Payment - Ref 628486,BRANCH,COMPLETED,REF3DF6BE0E5D71,BROKEN_FK_account_id_to_accounts
TX039143,C0824,UNKNOWN,453.0,ZAR,2025-04-21,10:25:39,FEE,Fee - Ref 333545,ONLINE,COMPLETED,REF91F9C339F0C6,BROKEN_FK_account_id_to_accounts
TX039180,C0983,UNKNOWN,2376.51,ZAR,2025-09-17,09:00:35,TRANSFER,Transfer - Ref 236592,POS,COMPLETED,REF376F91E3BB90,BROKEN_FK_account_id_to_accounts
TX039197,C0981,FAKE_322706E9,3391.02,ZAR,2025-04-20,00:58:19,INTEREST,Interest - Ref 867518,ATM,COMPLETED,REF82A638E5E99B,BROKEN_FK_account_id_to_accounts
TX039208,C0871,A1487,4703.12,ZAR,2025-06-21,21:36:47,INTEREST,Interest - Ref 696463,BRANCH,COMPLETED,REF87CC69A91FEC,BROKEN_FK_account_id_to_accounts
TX039216,C0484,A1438,902.65,ZAR,2024-06-18,11:00:34,DEBIT_ORDER,Debit Order - Ref 576088,POS,COMPLETED,REF39DCE144E54C,BROKEN_FK_account_id_to_accounts
TX039230,C0543,UNKNOWN,607.29,ZAR,2026-01-09,07:13:53,WITHDRAWAL,Withdrawal - Ref 732920,MOBILE,COMPLETED,REF25204E16CDC2,BROKEN_FK_account_id_to_accounts
TX039237,C0156,UNKNOWN,104.14,ZAR,2024-05-16,19:19:49,FEE,Fee - Ref 674892,MOBILE,COMPLETED,REF24CB95CE57EB,BROKEN_FK_account_id_to_accounts
TX039252,C0107,A1386,430.01,ZAR,2024-04-05,23:32:47,FEE,Fee - Ref 612090,BRANCH,COMPLETED,REF750636E5CF0C,BROKEN_FK_account_id_to_accounts
TX039281,C0621,UNKNOWN,4724.45,ZAR,2025-09-29,21:30:16,TRANSFER,Transfer - Ref 576340,MOBILE,COMPLETED,REFAEDD17E64488,BROKEN_FK_account_id_to_accounts
TX039285,C0158,A1330,529.83,ZAR,2025-09-13,11:38:57,DEBIT_ORDER,Debit Order - Ref 236244,ATM,COMPLETED,REFECDCDAA96C63,BROKEN_FK_account_id_to_accounts
TX039307,C0398,A0053,3922.99,ZAR,2025-02-24,03:02:48,TRANSFER,Transfer - Ref 480179,MOBILE,COMPLETED,REF17F050DED2C4,BROKEN_FK_account_id_to_accounts
TX039350,C0174,A1169,249.31,ZAR,2024-07-17,05:43:56,DEBIT_ORDER,Debit Order - Ref 201365,ONLINE,COMPLETED,REF2F0C1137671C,BROKEN_FK_account_id_to_accounts
TX039351,C0950,FAKE_3680B935,15907.6575,ZAR,2024-05-12,17:54:22,REVERSAL,Reversal - Ref 342098,MOBILE,COMPLETED,REF0626822189B1,BROKEN_FK_account_id_to_accounts
TX039414,C0419,UNKNOWN,574.99,ZAR,2026-01-20,02:34:56,TRANSFER,Transfer - Ref 890046,ONLINE,COMPLETED,REFFAAD8FCC6F65,BROKEN_FK_account_id_to_accounts
TX039422,C0772,A0436,15907.6575,ZAR,2025-04-28,14:09:09,REVERSAL,Reversal - Ref 529819,ONLINE,COMPLETED,REF978A043745A8,BROKEN_FK_account_id_to_accounts
TX039431,C0328,FAKE_7B74B86A,15907.6575,ZAR,2024-10-30,17:05:04,REVERSAL,Reversal - Ref 244756,ATM,COMPLETED,REFDB418E4F2C02,BROKEN_FK_account_id_to_accounts
TX039503,C0114,FAKE_6E00431F,180.41,ZAR,2025-07-20,01:16:21,WITHDRAWAL,Withdrawal - Ref 799674,MOBILE,COMPLETED,REF6CD5359B60D9,BROKEN_FK_account_id_to_accounts
TX039522,C0593,UNKNOWN,1790.89,ZAR,2024-09-04,23:01:39,INTEREST,Interest - Ref 564832,MOBILE,REVERSED,REF2FAD57632B68,BROKEN_FK_account_id_to_accounts
TX039599,C0115,UNKNOWN,362.25,ZAR,2024-09-26,08:38:32,FEE,Fee - Ref 837566,ONLINE,COMPLETED,REF434935C6A2FF,BROKEN_FK_account_id_to_accounts
TX039603,C0071,A0452,1442.38,ZAR,2026-03-12,02:31:39,DEPOSIT,Deposit - Ref 449796,MOBILE,COMPLETED,REFE69B9166EC53,BROKEN_FK_account_id_to_accounts
TX039620,C0489,UNKNOWN,1956.04,ZAR,2024-07-07,22:34:58,DEBIT_ORDER,Debit Order - Ref 382580,ATM,COMPLETED,REFE7CD08AADABF,BROKEN_FK_account_id_to_accounts
TX039623,C0434,UNKNOWN,1605.49,ZAR,2024-04-09,01:46:13,DEBIT_ORDER,Debit Order - Ref 189408,MOBILE,COMPLETED,REF49EB565FE950,BROKEN_FK_account_id_to_accounts
TX039642,C0807,A0519,4583.1,ZAR,2025-03-26,19:08:49,TRANSFER,Transfer - Ref 932460,ONLINE,COMPLETED,REFAE13723F8C60,BROKEN_FK_account_id_to_accounts
TX039676,C0569,A0141,3300.66,ZAR,2024-10-17,18:24:45,PAYMENT,Payment - Ref 778584,MOBILE,COMPLETED,REF64FD37D9A4E1,BROKEN_FK_account_id_to_accounts
TX039679,C0772,A0436,181.33,ZAR,2025-07-20,15:05:39,PAYMENT,Payment - Ref 135476,ATM,COMPLETED,REF5558521C57A9,BROKEN_FK_account_id_to_accounts
TX039684,C0610,UNKNOWN,4783.53,ZAR,2026-03-02,11:16:56,INTEREST,Interest - Ref 988335,BRANCH,COMPLETED,REF7B57855EA0B7,BROKEN_FK_account_id_to_accounts
TX039694,C0475,UNKNOWN,739.17,ZAR,2025-08-16,03:37:47,DEPOSIT,Deposit - Ref 916732,ONLINE,COMPLETED,REF4099B066A9CF,BROKEN_FK_account_id_to_accounts
TX039699,C0611,A1314,15907.6575,ZAR,2025-02-19,07:44:01,REVERSAL,Reversal - Ref 116809,ONLINE,COMPLETED,REFA2D8C3E4E1DF,BROKEN_FK_account_id_to_accounts
TX039706,C0649,UNKNOWN,188.95,ZAR,2025-07-28,17:59:57,FEE,Fee - Ref 750450,POS,COMPLETED,REF06A0D0FF5F28,BROKEN_FK_account_id_to_accounts
TX039712,C0019,UNKNOWN,7072.26,ZAR,2025-05-14,18:31:28,DEBIT_ORDER,Debit Order - Ref 449736,MOBILE,COMPLETED,REF31AAAFE1B595,BROKEN_FK_account_id_to_accounts
TX039720,C0124,UNKNOWN,337.31,ZAR,2024-01-24,16:09:41,FEE,Fee - Ref 997812,ATM,COMPLETED,REFE861EAEE3F32,BROKEN_FK_account_id_to_accounts
TX039728,C0104,UNKNOWN,1742.18,ZAR,2025-11-29,03:19:08,DEPOSIT,Deposit - Ref 458595,MOBILE,COMPLETED,REFFCCD41D84476,BROKEN_FK_account_id_to_accounts
TX039742,C0398,A0053,15907.6575,ZAR,2026-01-13,00:08:05,REVERSAL,Reversal - Ref 489689,MOBILE,COMPLETED,REF5064EAE54076,BROKEN_FK_account_id_to_accounts
TX039752,C0367,UNKNOWN,1522.91,ZAR,2025-12-20,13:52:31,PAYMENT,Payment - Ref 726307,BRANCH,COMPLETED,REF87DC25C58587,BROKEN_FK_account_id_to_accounts
TX039766,C0599,UNKNOWN,127.43,ZAR,2025-08-22,09:19:20,FEE,Fee - Ref 855858,MOBILE,COMPLETED,REFAC33628CA76E,BROKEN_FK_account_id_to_accounts
TX039771,C0584,UNKNOWN,268.61,ZAR,2025-11-26,03:25:43,PAYMENT,Payment - Ref 157673,MOBILE,COMPLETED,REFD74C7D0F561E,BROKEN_FK_account_id_to_accounts
TX039784,C0788,UNKNOWN,2584.85,ZAR,2026-01-13,11:07:47,INTEREST,Interest - Ref 375924,BRANCH,COMPLETED,REF739D6EE76503,BROKEN_FK_account_id_to_accounts
TX039798,C0089,A0779,260.78,ZAR,2026-01-07,21:40:48,DEBIT_ORDER,Debit Order - Ref 618250,BRANCH,COMPLETED,REF6EC1DFACCEEC,BROKEN_FK_account_id_to_accounts
TX039861,C0780,FAKE_A933E754,3549.07,ZAR,2026-07-24,08:59:53,INTEREST,Interest - Ref 928041,MOBILE,COMPLETED,REFBDDF8B86A0C1,BROKEN_FK_account_id_to_accounts
TX039862,C0261,A0515,638.74,ZAR,2024-11-10,03:48:37,DEBIT_ORDER,Debit Order - Ref 911830,MOBILE,COMPLETED,REFC392804751EF,BROKEN_FK_account_id_to_accounts
TX039907,C0569,A0141,345.34,ZAR,2025-12-11,22:44:27,INTEREST,Interest - Ref 735577,ONLINE,COMPLETED,REFF4D9C12294CB,BROKEN_FK_account_id_to_accounts
TX039910,C0138,A0544,389.04,ZAR,2026-03-17,02:47:07,FEE,Fee - Ref 791469,MOBILE,FAILED,REFED9E99B041D8,BROKEN_FK_account_id_to_accounts
TX039911,C0645,A0282,15907.6575,ZAR,2025-01-23,14:07:41,REVERSAL,Reversal - Ref 330608,ATM,COMPLETED,REFA3D98514624E,BROKEN_FK_account_id_to_accounts
TX039935,C0326,A0448,15907.6575,ZAR,2025-07-07,08:23:34,REVERSAL,Reversal - Ref 716230,ATM,REVERSED,REFE6D888159C76,BROKEN_FK_account_id_to_accounts
TX039936,C0915,A0345,2989.09,ZAR,2024-09-07,13:21:52,INTEREST,Interest - Ref 987252,BRANCH,COMPLETED,REF6FEBC6806BFA,BROKEN_FK_account_id_to_accounts
TX039955,C0767,A0305,3339.39,ZAR,2025-06-24,17:16:25,INTEREST,Interest - Ref 960043,MOBILE,COMPLETED,REF8E55533DBB25,BROKEN_FK_account_id_to_accounts
TX039967,C0772,A0436,156.14,ZAR,2026-09-11,03:57:55,FEE,Fee - Ref 727570,ATM,COMPLETED,REF8269C849F891,BROKEN_FK_account_id_to_accounts
TX039996,C0855,UNKNOWN,653.68,ZAR,2024-11-02,07:47:55,PAYMENT,Payment - Ref 298242,MOBILE,COMPLETED,REFBBD68FEA8AA0,BROKEN_FK_account_id_to_accounts
TX040001,C0431,A0469,1496.31,ZAR,2025-08-24,07:13:45,TRANSFER,Transfer - Ref 357993,MOBILE,COMPLETED,REFE1C1626A02C4,BROKEN_FK_account_id_to_accounts
TX040005,C0228,FAKE_B9769478,78.72,ZAR,2024-05-12,08:50:02,FEE,Fee - Ref 374575,MOBILE,COMPLETED,REFBCADF4396D11,BROKEN_FK_account_id_to_accounts
TX040029,C0720,A0589,933.22,ZAR,2024-04-08,21:30:14,DEBIT_ORDER,Debit Order - Ref 472862,ONLINE,COMPLETED,REF39DD51678057,BROKEN_FK_account_id_to_accounts
TX040030,C0906,FAKE_F9CFE576,1554.48,ZAR,2025-05-07,19:08:03,TRANSFER,Transfer - Ref 349658,MOBILE,COMPLETED,REFCBD4226D3D11,BROKEN_FK_account_id_to_accounts
TX040045,C0212,UNKNOWN,489.89,ZAR,2024-05-16,12:08:07,WITHDRAWAL,Withdrawal - Ref 149116,MOBILE,COMPLETED,REF1D1CE76C9807,BROKEN_FK_account_id_to_accounts
TX040053,C0720,A0589,562.01,ZAR,2025-03-26,14:13:10,DEBIT_ORDER,Debit Order - Ref 360949,POS,COMPLETED,REFCA3930F2CAEF,BROKEN_FK_account_id_to_accounts
TX040072,C0108,A0572,667.73,ZAR,2025-12-26,19:13:57,INTEREST,Interest - Ref 251389,ONLINE,COMPLETED,REF221106C5701D,BROKEN_FK_account_id_to_accounts
TX040081,C0178,UNKNOWN,2888.63,ZAR,2024-07-10,05:12:47,DEPOSIT,Deposit - Ref 953117,MOBILE,COMPLETED,REF680CA43A7A07,BROKEN_FK_account_id_to_accounts
TX040092,C0611,A1314,436.99,ZAR,2024-09-18,13:08:09,WITHDRAWAL,Withdrawal - Ref 842322,ONLINE,COMPLETED,REF4ADED985993A,BROKEN_FK_account_id_to_accounts
TX040128,C0791,A0938,257.94,ZAR,2026-05-27,12:10:52,FEE,Fee - Ref 772134,ATM,COMPLETED,REF6855D1C97A57,BROKEN_FK_account_id_to_accounts
TX040142,C0468,UNKNOWN,702.73,ZAR,2025-01-04,15:20:27,WITHDRAWAL,Withdrawal - Ref 380845,ONLINE,COMPLETED,REF386520038B67,BROKEN_FK_account_id_to_accounts
TX040148,C0548,FAKE_769F479D,166.66,ZAR,2024-08-11,22:12:19,FEE,Fee - Ref 541474,ONLINE,COMPLETED,REFE0E21656D303,BROKEN_FK_account_id_to_accounts
TX040160,C0308,UNKNOWN,535.1,ZAR,2024-04-25,10:34:23,PAYMENT,Payment - Ref 431686,ONLINE,COMPLETED,REF4422214CB760,BROKEN_FK_account_id_to_accounts
TX040167,C0326,A0656,3015.31,ZAR,2026-01-21,19:58:21,INTEREST,Interest - Ref 392859,BRANCH,COMPLETED,REF9DD75ED2456F,BROKEN_FK_account_id_to_accounts
TX040209,C0366,A0418,789.22,ZAR,2025-03-26,19:45:46,WITHDRAWAL,Withdrawal - Ref 808938,BRANCH,COMPLETED,REF472049F50454,BROKEN_FK_account_id_to_accounts
TX040222,C0611,A1314,380.06,ZAR,2025-03-24,10:20:03,DEBIT_ORDER,Debit Order - Ref 368068,MOBILE,COMPLETED,REFAE88CF213F06,BROKEN_FK_account_id_to_accounts
TX040231,C0371,A1236,281.3,ZAR,2025-08-29,23:03:56,PAYMENT,Payment - Ref 418923,ONLINE,COMPLETED,REF1779D1E9228D,BROKEN_FK_account_id_to_accounts
TX040241,C0081,UNKNOWN,2544.74,ZAR,2024-06-25,15:05:14,DEPOSIT,Deposit - Ref 128160,MOBILE,COMPLETED,REF7F95AD02C60D,BROKEN_FK_account_id_to_accounts
TX040242,C0073,UNKNOWN,356.18,ZAR,2025-01-12,02:12:03,DEBIT_ORDER,Debit Order - Ref 623277,MOBILE,COMPLETED,REF1ABBE9010F73,BROKEN_FK_account_id_to_accounts
TX040244,C0701,UNKNOWN,708.88,ZAR,2025-01-22,16:13:32,WITHDRAWAL,Withdrawal - Ref 688258,BRANCH,COMPLETED,REF5C34F9C363F5,BROKEN_FK_account_id_to_accounts
TX040245,C0542,FAKE_36CCE3C8,98.79,ZAR,2026-06-27,19:37:52,TRANSFER,Transfer - Ref 817406,MOBILE,COMPLETED,REF455C879A8949,BROKEN_FK_account_id_to_accounts
TX040267,C0807,A0519,7.01,ZAR,2025-06-18,22:35:33,FEE,Fee - Ref 882747,MOBILE,COMPLETED,REF75C83209480C,BROKEN_FK_account_id_to_accounts
TX040290,C0326,A0448,3145.95,ZAR,2025-07-05,03:34:23,TRANSFER,Transfer - Ref 340441,MOBILE,COMPLETED,REF1AF9A0A74607,BROKEN_FK_account_id_to_accounts
TX040299,C0250,A0563,1206.21,ZAR,2025-03-26,20:43:28,WITHDRAWAL,Withdrawal - Ref 750961,MOBILE,COMPLETED,REF54A1A9FAA56E,BROKEN_FK_account_id_to_accounts
TX040351,C0108,A0572,366.69,ZAR,2024-06-27,10:04:53,WITHDRAWAL,Withdrawal - Ref 895850,POS,COMPLETED,REF3DB89E745151,BROKEN_FK_account_id_to_accounts
TX040359,C0138,A0544,3190.52,ZAR,2025-09-26,00:07:53,PAYMENT,Payment - Ref 839427,MOBILE,COMPLETED,REF8A4A85BA3579,BROKEN_FK_account_id_to_accounts
TX040370,C0718,UNKNOWN,4953.36,ZAR,2025-06-12,07:01:43,INTEREST,Interest - Ref 275340,ONLINE,FAILED,REFC246C07B5B58,BROKEN_FK_account_id_to_accounts
TX040434,C0593,UNKNOWN,1778.64,ZAR,2025-01-30,16:39:42,DEPOSIT,Deposit - Ref 704989,ATM,COMPLETED,REF0C7D9C6F6DA5,BROKEN_FK_account_id_to_accounts
TX040503,C0720,A0589,2764.28,ZAR,2024-07-04,23:32:52,INTEREST,Interest - Ref 768505,MOBILE,COMPLETED,REFF66C8A68B6AC,BROKEN_FK_account_id_to_accounts
TX040513,C0071,A0452,1943.5,ZAR,2024-06-09,08:33:02,TRANSFER,Transfer - Ref 978147,POS,REVERSED,REFB9E6F812B85D,BROKEN_FK_account_id_to_accounts
TX040514,C0791,A0938,963.14,ZAR,2024-06-21,03:01:20,DEBIT_ORDER,Debit Order - Ref 502620,MOBILE,COMPLETED,REFA4A15BA72464,BROKEN_FK_account_id_to_accounts
TX040530,C0987,A0943,4894.74,ZAR,2024-07-05,18:32:58,DEBIT_ORDER,Debit Order - Ref 754481,MOBILE,COMPLETED,REF440774567E79,BROKEN_FK_account_id_to_accounts
TX040551,C0709,FAKE_BD3CB2F6,1730.79,ZAR,2026-03-21,04:23:53,DEPOSIT,Deposit - Ref 491001,BRANCH,COMPLETED,REF6DA8209EF741,BROKEN_FK_account_id_to_accounts
TX040564,C0657,UNKNOWN,1085.55,ZAR,2025-12-04,06:46:52,WITHDRAWAL,Withdrawal - Ref 373473,MOBILE,COMPLETED,REF1BA46E6929AC,BROKEN_FK_account_id_to_accounts
TX040586,C0772,A0436,105.55,ZAR,2024-09-17,10:06:04,FEE,Fee - Ref 865200,MOBILE,REVERSED,REFF3515F3AC4CE,BROKEN_FK_account_id_to_accounts
TX040598,C0805,FAKE_4F681AA4,998.03,ZAR,2024-12-01,04:39:04,PAYMENT,Payment - Ref 113409,BRANCH,PENDING,REF5E3F5B7085AF,BROKEN_FK_account_id_to_accounts
TX040611,C0772,A0436,463.35,ZAR,2026-05-29,15:18:29,FEE,Fee - Ref 684337,POS,COMPLETED,REF95894B96E097,BROKEN_FK_account_id_to_accounts
TX040622,C0772,A0436,3720.39,ZAR,2024-02-29,01:50:48,TRANSFER,Transfer - Ref 505957,POS,COMPLETED,REF5F3ED257F95F,BROKEN_FK_account_id_to_accounts
TX040658,C0963,UNKNOWN,15907.6575,ZAR,2026-01-14,02:07:52,TRANSFER,Transfer - Ref 905898,MOBILE,COMPLETED,REF2FF3CF13F1FF,BROKEN_FK_account_id_to_accounts
TX040692,C0938,UNKNOWN,15907.6575,ZAR,2024-06-08,00:45:12,REVERSAL,Reversal - Ref 146870,ONLINE,COMPLETED,REFEC3FA51CE1FC,BROKEN_FK_account_id_to_accounts
TX040724,C0646,A0291,480.79,ZAR,2024-03-10,01:54:34,WITHDRAWAL,Withdrawal - Ref 395098,POS,COMPLETED,REF45A8B35C2E6D,BROKEN_FK_account_id_to_accounts
TX040745,C0907,A1444,239.18,ZAR,2026-01-25,18:22:16,WITHDRAWAL,Withdrawal - Ref 190793,MOBILE,REVERSED,REF573D599D3146,BROKEN_FK_account_id_to_accounts
TX040752,C0999,A0831,480.07,ZAR,2025-06-23,20:43:58,WITHDRAWAL,Withdrawal - Ref 631177,MOBILE,COMPLETED,REF72604CD9A68D,BROKEN_FK_account_id_to_accounts
TX040764,C0791,A0938,289.28,ZAR,2024-09-08,20:14:31,WITHDRAWAL,Withdrawal - Ref 684012,BRANCH,COMPLETED,REFEF5E7465315A,BROKEN_FK_account_id_to_accounts
TX040769,C0887,UNKNOWN,3113.57,ZAR,2025-03-10,06:33:55,INTEREST,Interest - Ref 379872,ONLINE,COMPLETED,REFC2E63D84965B,BROKEN_FK_account_id_to_accounts
TX040774,C0262,UNKNOWN,2087.11,ZAR,2025-06-19,02:37:31,INTEREST,Interest - Ref 510328,MOBILE,COMPLETED,REF219B8FAF89E4,BROKEN_FK_account_id_to_accounts
TX040776,C0071,A1181,2443.68,ZAR,2026-06-17,17:39:21,TRANSFER,Transfer - Ref 399820,MOBILE,COMPLETED,REFADC1658B0D83,BROKEN_FK_account_id_to_accounts
TX040788,C0791,A0938,804.96,ZAR,2024-03-09,01:14:41,WITHDRAWAL,Withdrawal - Ref 288806,MOBILE,COMPLETED,REF11838B3D941D,BROKEN_FK_account_id_to_accounts
TX040793,C0907,A1444,2865.73,ZAR,2025-12-11,18:42:33,INTEREST,Interest - Ref 667959,POS,COMPLETED,REF759E3E1754A0,BROKEN_FK_account_id_to_accounts
TX040797,C0345,UNKNOWN,2122.78,ZAR,2024-05-05,11:51:41,DEBIT_ORDER,Debit Order - Ref 905624,POS,PENDING,REFD8F64F769E03,BROKEN_FK_account_id_to_accounts
TX040801,C0302,A0994,6640.11,ZAR,2024-07-29,06:35:33,PAYMENT,Payment - Ref 423680,BRANCH,FAILED,REF00273F0DEC51,BROKEN_FK_account_id_to_accounts
TX040813,C0646,A0291,3338.83,ZAR,2026-02-07,17:11:03,PAYMENT,Payment - Ref 972552,ATM,COMPLETED,REFD66DB69B9015,BROKEN_FK_account_id_to_accounts
TX040831,C0029,UNKNOWN,129.4,ZAR,2025-01-27,04:30:17,FEE,Fee - Ref 520405,MOBILE,COMPLETED,REF38DDB5F7E0D3,BROKEN_FK_account_id_to_accounts
TX040838,C0381,FAKE_9CE825AA,263.92,ZAR,2025-08-29,21:56:07,WITHDRAWAL,Withdrawal - Ref 128354,ATM,COMPLETED,REFFA1CF63BE891,BROKEN_FK_account_id_to_accounts
TX040841,C0915,A0345,249.2,ZAR,2025-05-29,03:11:55,FEE,Fee - Ref 595642,ONLINE,COMPLETED,REFD5415AE7BC28,BROKEN_FK_account_id_to_accounts
TX040842,C0391,A0473,15907.6575,ZAR,2024-08-18,10:33:42,REVERSAL,Reversal - Ref 720808,POS,COMPLETED,REF82622D5F1D70,BROKEN_FK_account_id_to_accounts
TX040884,C0261,A0515,1240.13,ZAR,2025-01-12,20:01:18,DEBIT_ORDER,Debit Order - Ref 133088,POS,COMPLETED,REF88FF7813B4AA,BROKEN_FK_account_id_to_accounts
TX040903,C0302,A0994,2556.42,ZAR,2025-04-26,15:28:37,REVERSAL,Reversal - Ref 163404,ONLINE,COMPLETED,REFBE3C0BA9B621,BROKEN_FK_account_id_to_accounts
TX040929,C0366,A0418,15907.6575,ZAR,2024-01-30,15:12:38,REVERSAL,Reversal - Ref 405242,ONLINE,COMPLETED,REF22163A06662D,BROKEN_FK_account_id_to_accounts
TX040937,C0431,A0469,9031.67,ZAR,2025-06-15,16:01:59,REVERSAL,Reversal - Ref 380261,MOBILE,COMPLETED,REF0DEC6AB4135A,BROKEN_FK_account_id_to_accounts
TX040938,C0429,A1065,3256.93,ZAR,2024-01-30,20:04:59,INTEREST,Interest - Ref 880250,POS,COMPLETED,REF1EB89808E57C,BROKEN_FK_account_id_to_accounts
TX040955,C0042,UNKNOWN,15713.47,ZAR,2026-03-15,23:22:55,REVERSAL,Reversal - Ref 421808,ONLINE,COMPLETED,REF35B5DE9E42CC,BROKEN_FK_account_id_to_accounts
TX041005,C0874,A0790,3921.14,ZAR,2024-01-26,19:02:04,INTEREST,Interest - Ref 928086,ONLINE,COMPLETED,REF295420CF5A12,BROKEN_FK_account_id_to_accounts
TX041016,C0625,UNKNOWN,433.63,ZAR,2025-08-16,17:59:19,FEE,Fee - Ref 876188,ATM,COMPLETED,REFDE916BE997F7,BROKEN_FK_account_id_to_accounts
TX041058,C0569,A0141,278.46,ZAR,2025-12-13,16:51:18,DEBIT_ORDER,Debit Order - Ref 268500,ONLINE,COMPLETED,REF277ABDB87C3B,BROKEN_FK_account_id_to_accounts
TX041097,C0987,A0943,253.27,ZAR,2024-11-26,00:45:01,DEBIT_ORDER,Debit Order - Ref 479872,POS,COMPLETED,REF9D9572FD9909,BROKEN_FK_account_id_to_accounts
TX041101,C0620,UNKNOWN,1549.01,ZAR,2025-11-04,11:17:24,DEBIT_ORDER,Debit Order - Ref 224603,MOBILE,COMPLETED,REF36BAC2BFBCF1,BROKEN_FK_account_id_to_accounts
TX041144,C0831,A0527,12718.94,ZAR,2025-10-20,15:40:27,DEPOSIT,Deposit - Ref 179681,ONLINE,COMPLETED,REFF7E74A88CD5A,BROKEN_FK_account_id_to_accounts
TX041158,C0874,A0790,1540.66,ZAR,2026-04-12,16:36:59,DEBIT_ORDER,Debit Order - Ref 542522,MOBILE,COMPLETED,REFA1BA51C9D294,BROKEN_FK_account_id_to_accounts
TX041172,C0569,A0141,161.22,ZAR,2025-06-01,10:56:04,FEE,Fee - Ref 534760,BRANCH,FAILED,REF22C5DBED3CC8,BROKEN_FK_account_id_to_accounts
TX041182,C0127,UNKNOWN,15907.6575,ZAR,2024-10-04,05:58:47,REVERSAL,Reversal - Ref 441562,ATM,COMPLETED,REFFA37D15D2643,BROKEN_FK_account_id_to_accounts
TX041237,C0224,A0045,330.66,ZAR,2026-09-10,03:49:26,FEE,Fee - Ref 518981,POS,COMPLETED,REF1B8DD0CBF467,BROKEN_FK_account_id_to_accounts
TX041238,C0312,UNKNOWN,1253.8,ZAR,2025-08-26,10:06:14,DEBIT_ORDER,Debit Order - Ref 196979,MOBILE,COMPLETED,REFBA26D45581BD,BROKEN_FK_account_id_to_accounts
TX041258,C0660,UNKNOWN,522.11,ZAR,2026-07-15,14:08:46,PAYMENT,Payment - Ref 804052,BRANCH,COMPLETED,REF168CBB055D46,BROKEN_FK_account_id_to_accounts
TX041262,C0660,FAKE_4CB8109C,2905.61,ZAR,2025-02-16,09:07:54,DEBIT_ORDER,Debit Order - Ref 695875,ONLINE,COMPLETED,REF0D78B0CE9851,BROKEN_FK_account_id_to_accounts
TX041277,C0433,A1025,15737.85,ZAR,2024-07-21,10:39:26,REVERSAL,Reversal - Ref 643511,MOBILE,COMPLETED,REFA6ACCA05D859,BROKEN_FK_account_id_to_accounts
TX041335,C0640,UNKNOWN,888.54,ZAR,2025-07-27,15:49:34,DEBIT_ORDER,Debit Order - Ref 616032,ONLINE,FAILED,REF199DFE14391E,BROKEN_FK_account_id_to_accounts
TX041344,C0366,A0418,15907.6575,ZAR,2025-02-17,09:27:58,REVERSAL,Reversal - Ref 591355,POS,PENDING,REFD93381F4BC06,BROKEN_FK_account_id_to_accounts
TX041355,C0646,A0291,15907.6575,ZAR,2025-08-25,07:42:02,REVERSAL,Reversal - Ref 140546,ATM,COMPLETED,REFB8282F175AFE,BROKEN_FK_account_id_to_accounts
TX041361,C0107,A1386,9749.21,ZAR,2025-11-02,16:49:50,REVERSAL,Reversal - Ref 342459,MOBILE,COMPLETED,REFA462CDDD0F03,BROKEN_FK_account_id_to_accounts
TX041373,C0579,UNKNOWN,1058.51,ZAR,2024-05-28,11:21:55,WITHDRAWAL,Withdrawal - Ref 947806,POS,COMPLETED,REF792BCEA7F5D1,BROKEN_FK_account_id_to_accounts
TX041379,C0891,FAKE_345476EC,3177.52,ZAR,2025-11-10,11:57:29,INTEREST,Interest - Ref 107950,MOBILE,COMPLETED,REF310134BB5823,BROKEN_FK_account_id_to_accounts
TX041382,C0419,A0556,497.78,ZAR,2025-12-18,13:48:45,WITHDRAWAL,Withdrawal - Ref 464833,ATM,COMPLETED,REF81DCECAF3D25,BROKEN_FK_account_id_to_accounts
TX041407,C0646,A0291,2587.63,ZAR,2025-08-12,02:36:08,DEBIT_ORDER,Debit Order - Ref 729468,ONLINE,COMPLETED,REFDC43F6BC0A19,BROKEN_FK_account_id_to_accounts
TX041419,C0772,A0436,1846.4,ZAR,2025-07-29,00:10:15,DEBIT_ORDER,Debit Order - Ref 849310,MOBILE,COMPLETED,REF71F27F51158E,BROKEN_FK_account_id_to_accounts
TX041425,C0391,A0473,8880.1,ZAR,2026-08-23,20:02:54,DEPOSIT,Deposit - Ref 265058,ATM,COMPLETED,REF23A966449B66,BROKEN_FK_account_id_to_accounts
TX041429,C0906,UNKNOWN,1782.74,ZAR,2025-05-04,02:40:46,DEPOSIT,Deposit - Ref 636739,MOBILE,COMPLETED,REF0A12382E88A7,BROKEN_FK_account_id_to_accounts
TX041431,C0484,A1438,1227.63,ZAR,2024-03-23,00:59:55,PAYMENT,Payment - Ref 480677,MOBILE,COMPLETED,REF9454610094E6,BROKEN_FK_account_id_to_accounts
TX041472,C0752,UNKNOWN,1548.03,ZAR,2025-11-17,15:04:04,WITHDRAWAL,Withdrawal - Ref 612970,ONLINE,COMPLETED,REF192AE80A4E9A,BROKEN_FK_account_id_to_accounts
TX041481,C0108,A0572,593.19,ZAR,2026-02-02,16:09:37,TRANSFER,Transfer - Ref 260213,ATM,COMPLETED,REF4A4F6C93ACE6,BROKEN_FK_account_id_to_accounts
TX041489,C0431,A0469,1312.97,ZAR,2024-05-21,05:48:17,INTEREST,Interest - Ref 294921,MOBILE,COMPLETED,REFD25417D7F54B,BROKEN_FK_account_id_to_accounts
TX041511,C0589,FAKE_A352C23B,226.68,ZAR,2025-04-14,06:22:53,WITHDRAWAL,Withdrawal - Ref 213389,BRANCH,COMPLETED,REFC1C52C66364B,BROKEN_FK_account_id_to_accounts
TX041512,C0132,UNKNOWN,690.82,ZAR,2024-07-07,00:54:22,DEBIT_ORDER,Debit Order - Ref 248016,BRANCH,COMPLETED,REFF524F8A3A3D9,BROKEN_FK_account_id_to_accounts
TX041543,C0107,A1386,15907.6575,ZAR,2025-09-13,00:41:20,REVERSAL,Reversal - Ref 797873,MOBILE,COMPLETED,REF2F56C6D75F8A,BROKEN_FK_account_id_to_accounts
TX041549,C0800,A0764,2818.28,ZAR,2025-09-26,01:49:42,INTEREST,Interest - Ref 268199,ONLINE,COMPLETED,REF712346AE953E,BROKEN_FK_account_id_to_accounts
TX041635,C0287,UNKNOWN,592.66,ZAR,2025-02-10,13:19:25,WITHDRAWAL,Withdrawal - Ref 864016,MOBILE,COMPLETED,REFC91DD6BD25A8,BROKEN_FK_account_id_to_accounts
TX041648,C0874,A0790,15907.6575,ZAR,2026-06-19,16:17:28,DEBIT_ORDER,Debit Order - Ref 897308,ONLINE,COMPLETED,REFC715DFB62C49,BROKEN_FK_account_id_to_accounts
TX041649,C0392,UNKNOWN,550.21,ZAR,2025-07-24,17:01:31,PAYMENT,Payment - Ref 861227,MOBILE,REVERSED,REFD887924E5BEA,BROKEN_FK_account_id_to_accounts
TX041661,C0938,FAKE_E8A1BF67,498.6,ZAR,2024-06-12,19:31:08,FEE,Fee - Ref 317063,ONLINE,COMPLETED,REF8DE41CE409BC,BROKEN_FK_account_id_to_accounts
TX041670,C0302,A0994,1255.3,ZAR,2024-10-20,12:31:24,WITHDRAWAL,Withdrawal - Ref 880101,ONLINE,COMPLETED,REF4DBC34C83F35,BROKEN_FK_account_id_to_accounts
TX041675,C0089,A0779,8894.81,ZAR,2025-12-30,13:59:14,DEPOSIT,Deposit - Ref 306187,MOBILE,COMPLETED,REFC986F769E36B,BROKEN_FK_account_id_to_accounts
TX041690,C0615,UNKNOWN,2049.22,ZAR,2025-08-10,08:57:17,DEPOSIT,Deposit - Ref 524708,ONLINE,COMPLETED,REF4B431A1131B0,BROKEN_FK_account_id_to_accounts
TX041702,C0484,A1438,7277.12,ZAR,2026-02-17,15:52:58,DEBIT_ORDER,Debit Order - Ref 293695,ATM,COMPLETED,REFD03470067D86,BROKEN_FK_account_id_to_accounts
TX041725,C0484,A1438,258.92,ZAR,2024-11-07,09:42:56,WITHDRAWAL,Withdrawal - Ref 902910,ATM,COMPLETED,REFBEAC45E752A9,BROKEN_FK_account_id_to_accounts
TX041733,C0261,A0515,90.17,ZAR,2025-01-14,14:28:09,WITHDRAWAL,Withdrawal - Ref 136503,MOBILE,PENDING,REFBE949FBD4279,BROKEN_FK_account_id_to_accounts
TX041755,C0700,UNKNOWN,51.43,ZAR,2024-07-10,09:10:43,TRANSFER,Transfer - Ref 693812,ONLINE,COMPLETED,REF8DB95864864B,BROKEN_FK_account_id_to_accounts
TX041761,C0677,UNKNOWN,234.98,ZAR,2024-03-20,20:33:07,WITHDRAWAL,Withdrawal - Ref 300732,ONLINE,COMPLETED,REF257B282F7E81,BROKEN_FK_account_id_to_accounts
TX041762,C0684,UNKNOWN,533.47,ZAR,2024-12-29,09:18:43,WITHDRAWAL,Withdrawal - Ref 367409,BRANCH,COMPLETED,REF09F340A83747,BROKEN_FK_account_id_to_accounts
TX041771,C0138,A0544,785.74,ZAR,2024-04-18,22:26:45,DEPOSIT,Deposit - Ref 569824,ONLINE,COMPLETED,REF4DACEA7E8E94,BROKEN_FK_account_id_to_accounts
TX041801,C0692,A0415,1110.66,ZAR,2024-03-10,20:59:12,INTEREST,Interest - Ref 798236,BRANCH,COMPLETED,REF162EDEE9FBD7,BROKEN_FK_account_id_to_accounts
TX041810,C0127,FAKE_94141A4D,655.76,ZAR,2025-10-03,03:28:40,WITHDRAWAL,Withdrawal - Ref 655543,MOBILE,COMPLETED,REF866CE28057A5,BROKEN_FK_account_id_to_accounts
TX041819,C0170,FAKE_E70AAB15,15907.6575,ZAR,2024-09-24,19:18:29,REVERSAL,Reversal - Ref 963080,ATM,COMPLETED,REF84553BECBF02,BROKEN_FK_account_id_to_accounts
TX041853,C0772,A0436,1383.06,ZAR,2025-07-28,12:58:11,PAYMENT,Payment - Ref 351826,MOBILE,COMPLETED,REF6843F25FCB9C,BROKEN_FK_account_id_to_accounts
TX041909,C0807,A0519,4261.61,ZAR,2025-08-07,10:38:05,INTEREST,Interest - Ref 718441,MOBILE,COMPLETED,REFFDD96341E617,BROKEN_FK_account_id_to_accounts
TX041941,C0907,FAKE_6F0569E5,12261.51,ZAR,2025-09-30,11:56:27,DEPOSIT,Deposit - Ref 825642,ATM,PENDING,REF62643912201F,BROKEN_FK_account_id_to_accounts
TX041942,C0302,A0994,281.38,ZAR,2024-03-11,23:18:28,DEBIT_ORDER,Debit Order - Ref 138144,MOBILE,COMPLETED,REF369A005052E4,BROKEN_FK_account_id_to_accounts
TX041951,C0807,A0519,439.84,ZAR,2024-08-18,02:21:59,DEBIT_ORDER,Debit Order - Ref 876150,MOBILE,COMPLETED,REF3C2162DFF388,BROKEN_FK_account_id_to_accounts
TX041986,C0136,FAKE_BE34E761,490.19,ZAR,2026-03-14,21:28:50,DEBIT_ORDER,Debit Order - Ref 533018,ATM,COMPLETED,REFBA5711A44BA4,BROKEN_FK_account_id_to_accounts
TX042009,C0108,A0572,8981.4,ZAR,2024-01-28,14:39:25,DEPOSIT,Deposit - Ref 233050,POS,COMPLETED,REF862B3AFD6FD3,BROKEN_FK_account_id_to_accounts
TX042037,C0138,A0544,2402.96,ZAR,2026-08-14,10:46:42,INTEREST,Interest - Ref 273633,POS,COMPLETED,REF3E45AFB54A66,BROKEN_FK_account_id_to_accounts
TX042039,C0074,UNKNOWN,1581.85,ZAR,2024-11-25,04:37:23,INTEREST,Interest - Ref 548904,MOBILE,COMPLETED,REFED868E92AEB0,BROKEN_FK_account_id_to_accounts
TX042048,C0907,A1444,15907.6575,ZAR,2024-03-16,19:35:54,REVERSAL,Reversal - Ref 574130,ATM,COMPLETED,REF99B0F2B4E822,BROKEN_FK_account_id_to_accounts
TX042064,C0576,UNKNOWN,944.85,ZAR,2025-11-20,01:12:29,INTEREST,Interest - Ref 980680,BRANCH,COMPLETED,REF3E2663524AF8,BROKEN_FK_account_id_to_accounts
TX042075,C0135,UNKNOWN,782.15,ZAR,2024-04-25,00:15:45,PAYMENT,Payment - Ref 532693,BRANCH,COMPLETED,REFC794EEC33E73,BROKEN_FK_account_id_to_accounts
TX042169,C0562,FAKE_08AD8A97,4566.23,ZAR,2025-01-09,06:53:47,DEPOSIT,Deposit - Ref 631634,ONLINE,COMPLETED,REFAA586830C1FE,BROKEN_FK_account_id_to_accounts
TX042184,C0433,A1025,2217.12,ZAR,2025-01-28,13:39:45,DEPOSIT,Deposit - Ref 545084,ONLINE,COMPLETED,REFA8A4368824F9,BROKEN_FK_account_id_to_accounts
TX042185,C0999,A0831,15907.6575,ZAR,2025-11-17,12:28:28,REVERSAL,Reversal - Ref 292293,MOBILE,COMPLETED,REFC59775BE888B,BROKEN_FK_account_id_to_accounts
TX042213,C0954,FAKE_4A52B3F0,388.48,ZAR,2025-03-04,01:34:29,FEE,Fee - Ref 166279,ONLINE,COMPLETED,REF97E170E60AE5,BROKEN_FK_account_id_to_accounts
TX042219,C0594,FAKE_3FD7A510,3307.75,ZAR,2026-09-13,17:06:13,INTEREST,Interest - Ref 240225,ONLINE,REVERSED,REF1B7F74FAD476,BROKEN_FK_account_id_to_accounts
TX042227,C0049,A1190,228.73,ZAR,2025-04-14,04:39:34,FEE,Fee - Ref 559598,ATM,COMPLETED,REF42C788C46948,BROKEN_FK_account_id_to_accounts
TX042245,C0326,A0448,2394.0,ZAR,2026-05-26,04:26:48,TRANSFER,Transfer - Ref 718895,BRANCH,COMPLETED,REF11A70BD396C4,BROKEN_FK_account_id_to_accounts
TX042279,C0800,A0764,4720.59,ZAR,2024-10-25,18:54:39,INTEREST,Interest - Ref 881163,ONLINE,COMPLETED,REF924F69D4E449,BROKEN_FK_account_id_to_accounts
TX042294,C0895,UNKNOWN,2818.62,ZAR,2024-11-30,13:55:47,INTEREST,Interest - Ref 885731,ONLINE,PENDING,REFD8E5C1A7DFC4,BROKEN_FK_account_id_to_accounts
TX042339,C0910,UNKNOWN,502.82,ZAR,2026-01-23,08:50:24,DEBIT_ORDER,Debit Order - Ref 696441,ONLINE,COMPLETED,REFF15F741C95F3,BROKEN_FK_account_id_to_accounts
TX042345,C0249,UNKNOWN,490.94,ZAR,2026-05-29,23:56:36,FEE,Fee - Ref 982491,BRANCH,COMPLETED,REF16C43C4EA786,BROKEN_FK_account_id_to_accounts
TX042368,C0417,UNKNOWN,4883.09,ZAR,2024-02-18,22:07:19,DEPOSIT,Deposit - Ref 467271,ONLINE,COMPLETED,REF247565624E02,BROKEN_FK_account_id_to_accounts
TX042371,C0999,A0831,1592.51,ZAR,2024-09-23,20:05:15,INTEREST,Interest - Ref 476967,ONLINE,COMPLETED,REFCA13ED565763,BROKEN_FK_account_id_to_accounts
TX042374,C0987,UNKNOWN,202.02,ZAR,2025-08-28,15:16:02,FEE,Fee - Ref 592750,POS,COMPLETED,REFE787E058560C,BROKEN_FK_account_id_to_accounts
TX042391,C0545,UNKNOWN,615.37,ZAR,2025-11-19,23:43:00,WITHDRAWAL,Withdrawal - Ref 467936,MOBILE,COMPLETED,REFC3B572E853FF,BROKEN_FK_account_id_to_accounts
TX042409,C0326,A0448,1617.99,ZAR,2026-01-27,13:14:45,DEPOSIT,Deposit - Ref 100136,POS,COMPLETED,REF6C57219B53E3,BROKEN_FK_account_id_to_accounts
TX042412,C0429,A1065,2587.34,ZAR,2025-04-26,10:09:50,INTEREST,Interest - Ref 505945,MOBILE,COMPLETED,REFAF8E9962049D,BROKEN_FK_account_id_to_accounts
TX042430,C0798,UNKNOWN,219.09,ZAR,2025-08-24,12:43:49,DEBIT_ORDER,Debit Order - Ref 959493,ATM,COMPLETED,REFDD4BCF5DDCEC,BROKEN_FK_account_id_to_accounts
TX042513,C0398,A0053,387.06,ZAR,2024-04-26,21:58:38,INTEREST,Interest - Ref 181327,MOBILE,COMPLETED,REF8A5C68BA90CB,BROKEN_FK_account_id_to_accounts
TX042517,C0764,UNKNOWN,528.79,ZAR,2026-07-04,04:20:03,PAYMENT,Payment - Ref 351057,ONLINE,COMPLETED,REF5F24F369CD81,BROKEN_FK_account_id_to_accounts
TX042534,C0824,UNKNOWN,68.97,ZAR,2024-10-24,23:45:44,FEE,Fee - Ref 131025,POS,COMPLETED,REF77791F1758DB,BROKEN_FK_account_id_to_accounts
TX042546,C0250,A0563,4207.15,ZAR,2026-08-01,06:09:44,PAYMENT,Payment - Ref 214276,ATM,COMPLETED,REFAA10EAD18B66,BROKEN_FK_account_id_to_accounts
TX042560,C0990,UNKNOWN,9928.9,ZAR,2024-06-04,13:26:09,REVERSAL,Reversal - Ref 187675,MOBILE,COMPLETED,REF532535FC9A46,BROKEN_FK_account_id_to_accounts
TX042581,C0681,UNKNOWN,15907.6575,ZAR,2026-06-30,08:45:31,REVERSAL,Reversal - Ref 600936,ONLINE,COMPLETED,REF8152900AE05F,BROKEN_FK_account_id_to_accounts
TX042586,C0692,A0415,1146.79,ZAR,2024-04-12,02:41:28,PAYMENT,Payment - Ref 152846,BRANCH,COMPLETED,REFBEF3CAACA770,BROKEN_FK_account_id_to_accounts
TX042594,C0086,UNKNOWN,15907.6575,ZAR,2025-04-27,19:29:42,REVERSAL,Reversal - Ref 709411,ATM,COMPLETED,REF7082FEA56E98,BROKEN_FK_account_id_to_accounts
TX042603,C0871,A1487,335.73,ZAR,2024-06-20,01:41:11,WITHDRAWAL,Withdrawal - Ref 870635,BRANCH,COMPLETED,REF264CCF794992,BROKEN_FK_account_id_to_accounts
TX042624,C0791,A0938,3757.13,ZAR,2025-11-02,08:10:07,TRANSFER,Transfer - Ref 152305,MOBILE,COMPLETED,REFF22726443A3A,BROKEN_FK_account_id_to_accounts
TX042638,C0097,FAKE_4144194C,555.48,ZAR,2026-05-22,14:03:18,INTEREST,Interest - Ref 754432,ATM,PENDING,REFA15486727803,BROKEN_FK_account_id_to_accounts
TX042651,C0791,A0938,13838.61,ZAR,2026-06-01,10:55:19,REVERSAL,Reversal - Ref 773043,BRANCH,COMPLETED,REF236178A50F64,BROKEN_FK_account_id_to_accounts
TX042662,C0050,UNKNOWN,924.84,ZAR,2025-05-26,22:17:54,TRANSFER,Transfer - Ref 957512,MOBILE,COMPLETED,REFCF858A83D1A8,BROKEN_FK_account_id_to_accounts
TX042676,C0558,UNKNOWN,1963.11,ZAR,2025-02-14,10:43:10,INTEREST,Interest - Ref 360939,MOBILE,COMPLETED,REF7737CCC0B555,BROKEN_FK_account_id_to_accounts
TX042693,C0071,A0452,1150.97,ZAR,2024-08-19,04:24:44,DEBIT_ORDER,Debit Order - Ref 441157,MOBILE,COMPLETED,REFD8793A4F4840,BROKEN_FK_account_id_to_accounts
TX042696,C0107,A1386,6933.14,ZAR,2025-01-02,15:14:28,REVERSAL,Reversal - Ref 328426,MOBILE,COMPLETED,REF2EE66A984048,BROKEN_FK_account_id_to_accounts
TX042701,C0198,UNKNOWN,2187.02,ZAR,2025-02-18,21:31:57,PAYMENT,Payment - Ref 691996,POS,COMPLETED,REF230F36E763EE,BROKEN_FK_account_id_to_accounts
TX042708,C0224,A0045,66.03,ZAR,2024-08-14,11:43:04,PAYMENT,Payment - Ref 728406,ATM,COMPLETED,REFD0170E84A129,BROKEN_FK_account_id_to_accounts
TX042721,C0071,A0452,1253.42,ZAR,2024-05-02,07:00:02,PAYMENT,Payment - Ref 270260,ONLINE,COMPLETED,REF049A7BB60093,BROKEN_FK_account_id_to_accounts
TX042739,C0326,A0656,409.52,ZAR,2024-02-08,17:02:42,WITHDRAWAL,Withdrawal - Ref 401032,MOBILE,COMPLETED,REF84094D9480BA,BROKEN_FK_account_id_to_accounts
TX042747,C0419,A0556,668.87,ZAR,2026-06-28,13:03:42,WITHDRAWAL,Withdrawal - Ref 121363,MOBILE,COMPLETED,REFA37A38C68D01,BROKEN_FK_account_id_to_accounts
TX042767,C0302,A0994,528.74,ZAR,2024-03-27,06:25:46,WITHDRAWAL,Withdrawal - Ref 833680,ONLINE,COMPLETED,REF31849B3F616E,BROKEN_FK_account_id_to_accounts
TX042782,C0368,UNKNOWN,4068.49,ZAR,2026-03-08,01:04:15,INTEREST,Interest - Ref 515849,ATM,PENDING,REFCDA4592F3E76,BROKEN_FK_account_id_to_accounts
TX042790,C0037,UNKNOWN,15907.6575,ZAR,2024-12-16,02:01:01,REVERSAL,Reversal - Ref 257998,ONLINE,COMPLETED,REFA6B0BA3078D2,BROKEN_FK_account_id_to_accounts
TX042812,C0767,A0305,146.11,ZAR,2024-07-28,08:40:56,FEE,Fee - Ref 133417,ONLINE,COMPLETED,REFBA1EA83FA58D,BROKEN_FK_account_id_to_accounts
TX042835,C0678,UNKNOWN,4579.62,ZAR,2025-05-12,17:16:04,PAYMENT,Payment - Ref 536906,ONLINE,COMPLETED,REF1D2430D8C99F,BROKEN_FK_account_id_to_accounts
TX042858,C0518,UNKNOWN,302.45,ZAR,2024-10-25,00:15:17,FEE,Fee - Ref 565410,ATM,COMPLETED,REF003546979BF9,BROKEN_FK_account_id_to_accounts
TX042864,C0617,UNKNOWN,3658.85,ZAR,2024-10-04,20:50:49,DEPOSIT,Deposit - Ref 717312,POS,COMPLETED,REF5191C4AD191D,BROKEN_FK_account_id_to_accounts
TX042872,C0985,UNKNOWN,1384.22,ZAR,2024-09-28,10:57:54,WITHDRAWAL,Withdrawal - Ref 599118,POS,COMPLETED,REF613D6798640E,BROKEN_FK_account_id_to_accounts
TX042882,C0408,FAKE_DD44043F,191.85,ZAR,2026-06-06,04:39:59,PAYMENT,Payment - Ref 452119,MOBILE,COMPLETED,REF0A63787C86C8,BROKEN_FK_account_id_to_accounts
TX042900,C0735,FAKE_B1058F03,923.12,ZAR,2025-09-01,07:02:26,TRANSFER,Transfer - Ref 697128,MOBILE,COMPLETED,REF50B5B5BF09EE,BROKEN_FK_account_id_to_accounts
TX042912,C0290,UNKNOWN,4619.99,ZAR,2025-02-15,15:09:17,INTEREST,Interest - Ref 757984,MOBILE,REVERSED,REFF9052D96649C,BROKEN_FK_account_id_to_accounts
TX042934,C0462,UNKNOWN,365.75,ZAR,2026-04-09,02:31:12,FEE,Fee - Ref 216479,ATM,PENDING,REF0F54EC8B9041,BROKEN_FK_account_id_to_accounts
TX042935,C0824,UNKNOWN,15907.6575,ZAR,2026-08-27,21:15:50,REVERSAL,Reversal - Ref 919470,MOBILE,COMPLETED,REFD5179C4766F1,BROKEN_FK_account_id_to_accounts
TX042960,C0611,A1314,1323.72,ZAR,2026-06-14,06:08:19,DEBIT_ORDER,Debit Order - Ref 599206,MOBILE,COMPLETED,REF454D1473F463,BROKEN_FK_account_id_to_accounts
TX042990,C0611,A1314,1058.67,ZAR,2026-02-26,17:06:32,DEPOSIT,Deposit - Ref 778778,ONLINE,COMPLETED,REFCFC08F2C1A22,BROKEN_FK_account_id_to_accounts
TX043007,C0485,FAKE_02BB59FD,629.73,ZAR,2024-05-16,00:32:13,WITHDRAWAL,Withdrawal - Ref 718118,ONLINE,COMPLETED,REFA7A7A2A6760B,BROKEN_FK_account_id_to_accounts
TX043014,C0138,A0544,236.42,ZAR,2025-06-24,06:18:33,FEE,Fee - Ref 546638,ATM,COMPLETED,REF834AAAA8A573,BROKEN_FK_account_id_to_accounts
TX043066,C0261,A0515,649.06,ZAR,2025-05-26,23:17:45,PAYMENT,Payment - Ref 423558,ONLINE,COMPLETED,REF06107EC3BCB3,BROKEN_FK_account_id_to_accounts
TX043070,C0907,A1444,8534.23,ZAR,2024-10-30,16:00:43,WITHDRAWAL,Withdrawal - Ref 667480,MOBILE,COMPLETED,REF3787A98C31B0,BROKEN_FK_account_id_to_accounts
TX043072,C0392,FAKE_E86C3305,2928.03,ZAR,2025-04-17,13:01:28,INTEREST,Interest - Ref 124748,ATM,COMPLETED,REFDA9FC1BE39E7,BROKEN_FK_account_id_to_accounts
TX043078,C0933,UNKNOWN,1278.25,ZAR,2024-09-12,03:24:33,WITHDRAWAL,Withdrawal - Ref 507092,ATM,COMPLETED,REFE536D848F11D,BROKEN_FK_account_id_to_accounts
TX043080,C0132,A1146,3707.94,ZAR,2025-10-16,06:42:48,TRANSFER,Transfer - Ref 879938,ONLINE,COMPLETED,REFDABB39DB3A76,BROKEN_FK_account_id_to_accounts
TX043083,C0922,A0672,13027.51,ZAR,2025-03-13,16:18:13,TRANSFER,Transfer - Ref 591598,MOBILE,COMPLETED,REF3E8FE8CD9FED,BROKEN_FK_account_id_to_accounts
TX043085,C0934,UNKNOWN,2446.71,ZAR,2025-05-31,12:55:19,TRANSFER,Transfer - Ref 530016,MOBILE,COMPLETED,REFD2EABAA773C0,BROKEN_FK_account_id_to_accounts
TX043094,C0529,UNKNOWN,1353.61,ZAR,2025-06-07,04:49:43,DEBIT_ORDER,Debit Order - Ref 325269,MOBILE,COMPLETED,REF246BEEBDD14C,BROKEN_FK_account_id_to_accounts
TX043097,C0888,UNKNOWN,501.8,ZAR,2024-08-02,05:16:34,INTEREST,Interest - Ref 494061,MOBILE,COMPLETED,REF562383C93783,BROKEN_FK_account_id_to_accounts
TX043111,C0871,A1487,431.07,ZAR,2024-01-29,22:53:06,TRANSFER,Transfer - Ref 327003,BRANCH,COMPLETED,REF2275CC164847,BROKEN_FK_account_id_to_accounts
TX043114,C0915,A0345,789.22,ZAR,2024-08-03,21:46:03,PAYMENT,Payment - Ref 332643,POS,COMPLETED,REFF45833BA7DF4,BROKEN_FK_account_id_to_accounts
TX043116,C0345,A0694,615.9,ZAR,2024-07-08,20:50:25,PAYMENT,Payment - Ref 873159,ATM,COMPLETED,REFF7400BCDB3B5,BROKEN_FK_account_id_to_accounts
TX043132,C0611,A1314,1414.62,ZAR,2024-11-07,06:12:56,INTEREST,Interest - Ref 937329,MOBILE,PENDING,REFB3E7B1995DED,BROKEN_FK_account_id_to_accounts
TX043136,C0240,A0937,446.01,ZAR,2026-08-19,03:20:51,FEE,Fee - Ref 872454,ATM,COMPLETED,REF13640027775B,BROKEN_FK_account_id_to_accounts
TX043166,C0128,UNKNOWN,4743.47,ZAR,2024-03-05,15:21:39,REVERSAL,Reversal - Ref 118405,ONLINE,PENDING,REF5ACE69D65059,BROKEN_FK_account_id_to_accounts
TX043176,C0646,A0291,62.79,ZAR,2026-09-15,01:51:33,FEE,Fee - Ref 642771,POS,COMPLETED,REFFDAE1D444932,BROKEN_FK_account_id_to_accounts
TX043178,C0987,A0943,316.1,ZAR,2025-09-05,21:42:51,DEBIT_ORDER,Debit Order - Ref 601926,MOBILE,COMPLETED,REFE62EA01401F9,BROKEN_FK_account_id_to_accounts
TX043182,C0132,A1146,3359.46,ZAR,2025-11-28,18:09:46,DEPOSIT,Deposit - Ref 641721,ONLINE,COMPLETED,REF15504E7900BB,BROKEN_FK_account_id_to_accounts
TX043187,C0174,A1169,529.23,ZAR,2025-06-27,08:40:15,DEBIT_ORDER,Debit Order - Ref 216125,MOBILE,COMPLETED,REF704023E29BD9,BROKEN_FK_account_id_to_accounts
TX043196,C0807,A0519,37.3,ZAR,2024-04-30,14:40:01,FEE,Fee - Ref 285317,MOBILE,COMPLETED,REF5DEDA881FB3F,BROKEN_FK_account_id_to_accounts
TX043199,C0791,A0938,15907.6575,ZAR,2025-08-03,06:25:44,REVERSAL,Reversal - Ref 845277,POS,COMPLETED,REFAD20A5F3E667,BROKEN_FK_account_id_to_accounts
TX043251,C0630,UNKNOWN,823.33,ZAR,2024-07-17,20:29:59,DEBIT_ORDER,Debit Order - Ref 568903,MOBILE,COMPLETED,REF194364E9E5F3,BROKEN_FK_account_id_to_accounts
TX043255,C0431,A0469,362.51,ZAR,2025-03-16,11:53:31,FEE,Fee - Ref 241181,ATM,COMPLETED,REF2CE61E7EEF6F,BROKEN_FK_account_id_to_accounts
TX043257,C0307,FAKE_A401902C,608.46,ZAR,2024-08-03,12:23:38,PAYMENT,Payment - Ref 708132,POS,COMPLETED,REFA0B0746846DA,BROKEN_FK_account_id_to_accounts
TX043299,C0763,UNKNOWN,153.19,ZAR,2026-08-19,19:02:12,TRANSFER,Transfer - Ref 503689,BRANCH,COMPLETED,REFF8B66365ECE2,BROKEN_FK_account_id_to_accounts
TX043307,C0463,UNKNOWN,162.63,ZAR,2024-06-30,04:43:52,DEBIT_ORDER,Debit Order - Ref 978558,MOBILE,COMPLETED,REF13942438178F,BROKEN_FK_account_id_to_accounts
TX043315,C0326,A0448,162.67,ZAR,2024-01-24,23:27:48,INTEREST,Interest - Ref 666889,ATM,COMPLETED,REF806BDB3E2C04,BROKEN_FK_account_id_to_accounts
TX043347,C0459,UNKNOWN,66.53,ZAR,2026-05-31,06:01:28,FEE,Fee - Ref 346294,MOBILE,COMPLETED,REFE478D8290087,BROKEN_FK_account_id_to_accounts
TX043358,C0999,A0831,15352.42,ZAR,2024-12-28,10:35:59,PAYMENT,Payment - Ref 618632,MOBILE,COMPLETED,REF1CEEC87E4A79,BROKEN_FK_account_id_to_accounts
TX043397,C0176,UNKNOWN,662.01,ZAR,2025-04-16,08:11:47,WITHDRAWAL,Withdrawal - Ref 113134,ONLINE,COMPLETED,REF6B8F6ECDF9D0,BROKEN_FK_account_id_to_accounts
TX043403,C0999,A0831,263.68,ZAR,2024-11-21,09:02:43,INTEREST,Interest - Ref 417270,MOBILE,COMPLETED,REF86A328A316A3,BROKEN_FK_account_id_to_accounts
TX043499,C0821,UNKNOWN,328.05,ZAR,2025-09-01,19:05:34,FEE,Fee - Ref 132282,POS,COMPLETED,REF99B1A2473D1E,BROKEN_FK_account_id_to_accounts
TX043507,C0049,A1190,193.97,ZAR,2024-01-11,12:15:31,DEBIT_ORDER,Debit Order - Ref 659071,ONLINE,COMPLETED,REF9612047A1B5B,BROKEN_FK_account_id_to_accounts
TX043526,C0934,UNKNOWN,1442.82,ZAR,2024-01-20,20:09:00,WITHDRAWAL,Withdrawal - Ref 690208,BRANCH,COMPLETED,REF9126EE0C204E,BROKEN_FK_account_id_to_accounts
TX043530,C0250,A0563,1117.48,ZAR,2024-08-01,10:21:17,PAYMENT,Payment - Ref 709872,ONLINE,COMPLETED,REF71000F78048C,BROKEN_FK_account_id_to_accounts
TX043552,C0677,FAKE_D45FFA8C,3795.25,ZAR,2025-05-12,03:07:11,INTEREST,Interest - Ref 417466,ONLINE,PENDING,REF07BAB80955E6,BROKEN_FK_account_id_to_accounts
TX043564,C0614,A0422,274.78,ZAR,2026-05-07,02:33:20,INTEREST,Interest - Ref 962560,MOBILE,COMPLETED,REF456606158C8C,BROKEN_FK_account_id_to_accounts
TX043574,C0537,A0699,1130.93,ZAR,2026-02-18,07:07:38,DEBIT_ORDER,Debit Order - Ref 331858,ATM,FAILED,REF6CD8812A0D56,BROKEN_FK_account_id_to_accounts
TX043589,C0240,A0937,14412.6,ZAR,2024-01-14,11:58:31,REVERSAL,Reversal - Ref 743691,POS,COMPLETED,REF1CC40F6E8447,BROKEN_FK_account_id_to_accounts
TX043600,C0419,A0556,825.25,ZAR,2025-08-02,16:45:26,TRANSFER,Transfer - Ref 267502,ONLINE,COMPLETED,REFC2DFA385CF10,BROKEN_FK_account_id_to_accounts
TX043616,C0807,A0519,2088.44,ZAR,2026-05-21,21:53:01,DEPOSIT,Deposit - Ref 640474,ONLINE,COMPLETED,REFCAE85D5DC1F7,BROKEN_FK_account_id_to_accounts
TX043636,C0322,UNKNOWN,449.35,ZAR,2025-05-11,13:41:52,TRANSFER,Transfer - Ref 235853,POS,COMPLETED,REF9B942D66317F,BROKEN_FK_account_id_to_accounts
TX043637,C0452,UNKNOWN,7053.79,ZAR,2025-11-09,15:20:44,DEBIT_ORDER,Debit Order - Ref 620382,ATM,COMPLETED,REF9B2CC1632BEA,BROKEN_FK_account_id_to_accounts
TX043657,C0874,A0790,257.05,ZAR,2024-07-31,19:00:03,TRANSFER,Transfer - Ref 570950,ATM,COMPLETED,REFE33C492E9FF7,BROKEN_FK_account_id_to_accounts
TX043676,C0135,UNKNOWN,1476.75,ZAR,2025-04-30,10:45:07,INTEREST,Interest - Ref 600175,MOBILE,COMPLETED,REF86F343805C5E,BROKEN_FK_account_id_to_accounts
TX043689,C0107,A1386,7068.9,ZAR,2025-05-22,16:42:38,DEPOSIT,Deposit - Ref 464495,MOBILE,COMPLETED,REFC7FDFCC5EAF6,BROKEN_FK_account_id_to_accounts
TX043729,C0874,A0790,15907.6575,ZAR,2025-09-29,07:26:37,REVERSAL,Reversal - Ref 847144,POS,FAILED,REFEB71C5F956CC,BROKEN_FK_account_id_to_accounts
TX043735,C0132,A1146,15907.6575,ZAR,2025-09-14,07:56:39,REVERSAL,Reversal - Ref 817724,MOBILE,COMPLETED,REFB87E0B41ABC6,BROKEN_FK_account_id_to_accounts
TX043759,C0107,A1386,753.56,ZAR,2025-10-31,04:09:09,DEBIT_ORDER,Debit Order - Ref 693485,POS,COMPLETED,REF4DA4007CA3A7,BROKEN_FK_account_id_to_accounts
TX043768,C0335,UNKNOWN,8881.16,ZAR,2025-10-14,15:52:18,REVERSAL,Reversal - Ref 988197,MOBILE,COMPLETED,REF7953F4AFEE4F,BROKEN_FK_account_id_to_accounts
TX043785,C0807,A0519,15907.6575,ZAR,2025-01-16,06:10:38,REVERSAL,Reversal - Ref 815326,ONLINE,PENDING,REF8EB9146E82B4,BROKEN_FK_account_id_to_accounts
TX043791,C0302,A0994,1304.78,ZAR,2024-11-30,17:00:15,PAYMENT,Payment - Ref 726281,ONLINE,COMPLETED,REF8907154A3DE0,BROKEN_FK_account_id_to_accounts
TX043798,C0366,A0418,1168.29,ZAR,2024-07-23,10:24:18,WITHDRAWAL,Withdrawal - Ref 821763,ONLINE,COMPLETED,REF337AAF988E51,BROKEN_FK_account_id_to_accounts
TX043813,C0537,A0699,4612.42,ZAR,2025-04-14,23:39:37,INTEREST,Interest - Ref 208570,MOBILE,COMPLETED,REFC9567EC637D1,BROKEN_FK_account_id_to_accounts
TX043835,C0250,A0563,69.37,ZAR,2024-09-15,00:02:12,WITHDRAWAL,Withdrawal - Ref 846044,BRANCH,COMPLETED,REF828432DE5325,BROKEN_FK_account_id_to_accounts
TX043895,C0419,A0556,1488.1,ZAR,2025-07-07,15:39:43,DEBIT_ORDER,Debit Order - Ref 378507,MOBILE,COMPLETED,REFB728FDDDD7D3,BROKEN_FK_account_id_to_accounts
TX043911,C0190,FAKE_CD414D22,15907.6575,ZAR,2026-05-28,19:19:45,PAYMENT,Payment - Ref 275450,ATM,COMPLETED,REF3E31DA5F19DA,BROKEN_FK_account_id_to_accounts
TX043921,C0583,UNKNOWN,14330.57,ZAR,2025-06-08,03:02:28,DEBIT_ORDER,Debit Order - Ref 588045,ATM,COMPLETED,REF0C56F93B1C0D,BROKEN_FK_account_id_to_accounts
TX043925,C0558,UNKNOWN,4742.69,ZAR,2025-03-27,23:01:27,DEBIT_ORDER,Debit Order - Ref 273674,ONLINE,COMPLETED,REF40DFEDE4213A,BROKEN_FK_account_id_to_accounts
TX043932,C0431,A0469,3692.72,ZAR,2026-09-01,01:51:58,INTEREST,Interest - Ref 524190,BRANCH,COMPLETED,REF0A7D3B5DBA85,BROKEN_FK_account_id_to_accounts
TX043938,C0012,UNKNOWN,2063.45,ZAR,2025-06-10,08:13:19,WITHDRAWAL,Withdrawal - Ref 124744,MOBILE,COMPLETED,REF7E517B503869,BROKEN_FK_account_id_to_accounts
TX043946,C0272,UNKNOWN,550.66,ZAR,2025-09-21,15:58:16,INTEREST,Interest - Ref 115480,BRANCH,COMPLETED,REF1C476AEE9850,BROKEN_FK_account_id_to_accounts
TX043963,C0989,UNKNOWN,629.53,ZAR,2026-04-22,11:22:21,WITHDRAWAL,Withdrawal - Ref 445483,MOBILE,COMPLETED,REFE34AD78E5E44,BROKEN_FK_account_id_to_accounts
TX043971,C0974,UNKNOWN,4898.1,ZAR,2026-06-04,07:28:21,DEPOSIT,Deposit - Ref 412858,MOBILE,COMPLETED,REFE2E20A1B1760,BROKEN_FK_account_id_to_accounts
TX044003,C0800,UNKNOWN,8004.35,ZAR,2025-11-04,23:09:56,TRANSFER,Transfer - Ref 668040,MOBILE,COMPLETED,REF2DEB72EEA6E4,BROKEN_FK_account_id_to_accounts
TX044011,C0108,A0572,423.43,ZAR,2024-03-30,20:05:22,PAYMENT,Payment - Ref 410634,BRANCH,PENDING,REFE2DA18401D72,BROKEN_FK_account_id_to_accounts
TX044019,C0874,A0790,152.48,ZAR,2025-12-19,00:10:47,FEE,Fee - Ref 162278,ATM,COMPLETED,REF359F74667AD0,BROKEN_FK_account_id_to_accounts
TX044024,C0082,A1200,1291.09,ZAR,2026-05-20,13:54:58,DEPOSIT,Deposit - Ref 961174,ATM,COMPLETED,REF49747E3769A7,BROKEN_FK_account_id_to_accounts
TX044047,C0871,A1487,247.89,ZAR,2025-01-15,19:22:22,PAYMENT,Payment - Ref 177386,BRANCH,COMPLETED,REF3D657A533141,BROKEN_FK_account_id_to_accounts
TX044078,C0230,FAKE_B1AE84FD,140.16,ZAR,2025-07-16,23:48:01,FEE,Fee - Ref 295031,MOBILE,COMPLETED,REF366A0404331B,BROKEN_FK_account_id_to_accounts
TX044088,C0462,UNKNOWN,2786.24,ZAR,2025-11-17,11:57:54,PAYMENT,Payment - Ref 957752,POS,COMPLETED,REFD714E236B307,BROKEN_FK_account_id_to_accounts
TX044109,C0108,A0572,1556.84,ZAR,2025-09-28,08:18:07,TRANSFER,Transfer - Ref 206730,MOBILE,COMPLETED,REF51F7A5F601A0,BROKEN_FK_account_id_to_accounts
TX044131,C0776,UNKNOWN,3624.95,ZAR,2024-12-22,04:12:23,INTEREST,Interest - Ref 990926,ATM,COMPLETED,REFE73807E4CFA6,BROKEN_FK_account_id_to_accounts
TX044149,C0174,A1169,8886.42,ZAR,2025-07-18,18:06:24,TRANSFER,Transfer - Ref 246187,ONLINE,COMPLETED,REF3615E53F0867,BROKEN_FK_account_id_to_accounts
TX044151,C0645,A0282,151.86,ZAR,2024-02-20,02:46:54,REVERSAL,Reversal - Ref 830714,BRANCH,COMPLETED,REF57B5B833648B,BROKEN_FK_account_id_to_accounts
TX044154,C0905,UNKNOWN,3215.79,ZAR,2026-07-03,12:51:38,INTEREST,Interest - Ref 819273,ONLINE,COMPLETED,REF8F9EF1E1BC5D,BROKEN_FK_account_id_to_accounts
TX044163,C0772,A0436,1797.23,ZAR,2025-08-20,01:26:31,DEBIT_ORDER,Debit Order - Ref 176475,MOBILE,COMPLETED,REFB64BAE9B4627,BROKEN_FK_account_id_to_accounts
TX044164,C0239,UNKNOWN,2820.29,ZAR,2025-05-31,21:05:19,PAYMENT,Payment - Ref 694518,ATM,PENDING,REFD3F8249ECCD3,BROKEN_FK_account_id_to_accounts
TX044187,C0371,A1236,1686.26,ZAR,2026-02-13,17:29:49,INTEREST,Interest - Ref 753808,ONLINE,COMPLETED,REF033E56E90095,BROKEN_FK_account_id_to_accounts
TX044199,C0431,A0469,1369.88,ZAR,2024-05-24,00:23:47,DEBIT_ORDER,Debit Order - Ref 682544,ONLINE,COMPLETED,REFEA12E990BE2E,BROKEN_FK_account_id_to_accounts
TX044307,C0224,A0045,282.39,ZAR,2024-12-24,22:42:32,FEE,Fee - Ref 446031,BRANCH,COMPLETED,REF584856CD53DC,BROKEN_FK_account_id_to_accounts
TX044366,C0646,A0291,1791.97,ZAR,2025-12-29,08:44:54,WITHDRAWAL,Withdrawal - Ref 206079,MOBILE,COMPLETED,REFAC423E3007F1,BROKEN_FK_account_id_to_accounts
TX044371,C0706,FAKE_E2832DF0,816.81,ZAR,2026-04-02,23:42:56,WITHDRAWAL,Withdrawal - Ref 210050,ONLINE,COMPLETED,REFA4B69065C60C,BROKEN_FK_account_id_to_accounts
TX044379,C0344,FAKE_3E051A87,575.1,ZAR,2025-01-14,21:13:48,WITHDRAWAL,Withdrawal - Ref 862668,ONLINE,COMPLETED,REF5E8AE130BB11,BROKEN_FK_account_id_to_accounts
TX044382,C0915,UNKNOWN,3046.83,ZAR,2026-05-07,20:15:09,PAYMENT,Payment - Ref 161509,MOBILE,COMPLETED,REF8ADAF3C9A24A,BROKEN_FK_account_id_to_accounts
TX044384,C0366,A0418,535.56,ZAR,2026-01-26,19:08:31,DEPOSIT,Deposit - Ref 815558,ATM,COMPLETED,REFB5B8A99CED5A,BROKEN_FK_account_id_to_accounts
TX044417,C0801,UNKNOWN,15907.6575,ZAR,2025-05-03,00:15:45,REVERSAL,Reversal - Ref 267367,ONLINE,COMPLETED,REF3FB5E1A43707,BROKEN_FK_account_id_to_accounts
TX044420,C0983,UNKNOWN,1579.69,ZAR,2026-03-29,20:27:37,WITHDRAWAL,Withdrawal - Ref 701554,ONLINE,COMPLETED,REFE9FE4DE94DD2,BROKEN_FK_account_id_to_accounts
TX044440,C0881,A0400,1335.16,ZAR,2024-05-18,13:28:45,PAYMENT,Payment - Ref 622360,ATM,COMPLETED,REFCFB2A14114D5,BROKEN_FK_account_id_to_accounts
TX044470,C0174,A1169,148.89,ZAR,2025-04-09,13:47:58,FEE,Fee - Ref 529005,MOBILE,REVERSED,REFACC004FE6A3C,BROKEN_FK_account_id_to_accounts
TX044505,C0419,A0556,230.94,ZAR,2024-12-25,04:58:29,PAYMENT,Payment - Ref 929873,MOBILE,COMPLETED,REF789973A01ADE,BROKEN_FK_account_id_to_accounts
TX044555,C0463,UNKNOWN,2254.93,ZAR,2026-08-11,14:36:42,PAYMENT,Payment - Ref 518838,MOBILE,COMPLETED,REF57D6D926DB0E,BROKEN_FK_account_id_to_accounts
TX044600,C0772,A0436,2104.12,ZAR,2025-06-04,23:05:11,INTEREST,Interest - Ref 772956,ATM,COMPLETED,REF4A3B9380B323,BROKEN_FK_account_id_to_accounts
TX044645,C0766,UNKNOWN,3399.82,ZAR,2025-05-19,06:06:39,DEPOSIT,Deposit - Ref 176558,POS,COMPLETED,REFE8D2A3ED798C,BROKEN_FK_account_id_to_accounts
TX044666,C0270,UNKNOWN,5944.64,ZAR,2024-04-17,21:28:25,REVERSAL,Reversal - Ref 365554,POS,COMPLETED,REF705A374551FC,BROKEN_FK_account_id_to_accounts
TX044684,C0358,FAKE_3D0EA527,442.88,ZAR,2025-07-01,14:12:45,WITHDRAWAL,Withdrawal - Ref 682159,BRANCH,FAILED,REF871D94ED3448,BROKEN_FK_account_id_to_accounts
TX044714,C0021,A1205,366.56,ZAR,2024-03-20,10:26:46,FEE,Fee - Ref 459309,MOBILE,COMPLETED,REF1F840775C674,BROKEN_FK_account_id_to_accounts
TX044806,C0617,UNKNOWN,92.2,ZAR,2024-02-09,16:21:59,FEE,Fee - Ref 470981,POS,COMPLETED,REF0503EF21A6DE,BROKEN_FK_account_id_to_accounts
TX044812,C0398,A0053,1121.98,ZAR,2024-02-15,08:50:58,DEBIT_ORDER,Debit Order - Ref 636680,ONLINE,COMPLETED,REF485528D42527,BROKEN_FK_account_id_to_accounts
TX044819,C0250,A0563,15907.6575,ZAR,2024-01-23,20:04:55,REVERSAL,Reversal - Ref 833118,MOBILE,COMPLETED,REF5A2EA1AEEC1F,BROKEN_FK_account_id_to_accounts
TX044835,C0209,UNKNOWN,1745.22,ZAR,2026-07-29,01:00:53,INTEREST,Interest - Ref 871420,BRANCH,COMPLETED,REFD2D111CBC224,BROKEN_FK_account_id_to_accounts
TX044839,C0030,UNKNOWN,1352.18,ZAR,2025-01-03,10:54:07,DEPOSIT,Deposit - Ref 399105,MOBILE,COMPLETED,REF6EDFF1620DC1,BROKEN_FK_account_id_to_accounts
TX044936,C0988,FAKE_44E35763,1094.43,ZAR,2025-04-14,04:50:55,PAYMENT,Payment - Ref 881854,MOBILE,PENDING,REF5990845035AA,BROKEN_FK_account_id_to_accounts
TX044965,C0484,A1438,832.42,ZAR,2025-09-22,17:15:28,DEBIT_ORDER,Debit Order - Ref 679105,MOBILE,COMPLETED,REF9915E9C5DE0E,BROKEN_FK_account_id_to_accounts
TX044969,C0433,FAKE_73618B4B,322.12,ZAR,2024-02-10,07:02:28,WITHDRAWAL,Withdrawal - Ref 953171,ONLINE,COMPLETED,REF71649866A3A5,BROKEN_FK_account_id_to_accounts
TX044982,C0617,UNKNOWN,1169.27,ZAR,2025-11-12,22:22:50,DEPOSIT,Deposit - Ref 971861,BRANCH,COMPLETED,REFEABA36788096,BROKEN_FK_account_id_to_accounts
TX044996,C0987,A0943,345.5,ZAR,2026-07-21,13:46:50,DEBIT_ORDER,Debit Order - Ref 981969,MOBILE,COMPLETED,REF60B7786A7D68,BROKEN_FK_account_id_to_accounts
TX045073,C0692,A0415,2379.71,ZAR,2024-12-26,17:11:21,INTEREST,Interest - Ref 526166,POS,COMPLETED,REFB8F1241D5F85,BROKEN_FK_account_id_to_accounts
TX045078,C0138,A0544,13963.08,ZAR,2024-10-04,21:26:42,PAYMENT,Payment - Ref 522165,ONLINE,COMPLETED,REFD7EF5264C3C1,BROKEN_FK_account_id_to_accounts
TX045085,C0692,A0415,546.42,ZAR,2025-12-01,13:20:25,PAYMENT,Payment - Ref 649333,MOBILE,COMPLETED,REFC62360415BDC,BROKEN_FK_account_id_to_accounts
TX045110,C0867,UNKNOWN,67.12,ZAR,2024-07-29,17:41:41,FEE,Fee - Ref 397737,BRANCH,COMPLETED,REF494FF768DFED,BROKEN_FK_account_id_to_accounts
TX045136,C0262,UNKNOWN,431.61,ZAR,2025-09-02,03:56:13,WITHDRAWAL,Withdrawal - Ref 193376,ONLINE,COMPLETED,REF2CD7F64850F4,BROKEN_FK_account_id_to_accounts
TX045167,C0714,UNKNOWN,582.81,ZAR,2024-08-10,09:13:48,PAYMENT,Payment - Ref 465551,MOBILE,COMPLETED,REFD44015F67502,BROKEN_FK_account_id_to_accounts
TX045186,C0224,A0045,499.92,ZAR,2024-03-24,14:54:42,PAYMENT,Payment - Ref 217725,MOBILE,PENDING,REF8012A5763561,BROKEN_FK_account_id_to_accounts
TX045206,C0224,A0045,100.27,ZAR,2024-11-20,01:30:36,WITHDRAWAL,Withdrawal - Ref 836589,MOBILE,COMPLETED,REF73F499288608,BROKEN_FK_account_id_to_accounts
TX045229,C0302,A0994,1143.84,ZAR,2024-11-12,02:40:39,TRANSFER,Transfer - Ref 319357,ONLINE,COMPLETED,REF9CD71F620FDE,BROKEN_FK_account_id_to_accounts
TX045231,C0071,A1181,2435.51,ZAR,2025-06-24,01:43:40,DEPOSIT,Deposit - Ref 259690,MOBILE,PENDING,REF3E75408E4527,BROKEN_FK_account_id_to_accounts
TX045235,C0859,UNKNOWN,2377.17,ZAR,2024-10-12,22:02:54,DEPOSIT,Deposit - Ref 209450,MOBILE,COMPLETED,REFCC78CCE67FDA,BROKEN_FK_account_id_to_accounts
TX045253,C0863,UNKNOWN,844.57,ZAR,2024-11-06,18:03:14,WITHDRAWAL,Withdrawal - Ref 869170,MOBILE,COMPLETED,REF1807ABFE7493,BROKEN_FK_account_id_to_accounts
TX045272,C0645,A0282,300.97,ZAR,2026-01-08,03:36:50,FEE,Fee - Ref 452090,ATM,COMPLETED,REF7E8F700F37EA,BROKEN_FK_account_id_to_accounts
TX045284,C0874,A0790,4057.62,ZAR,2024-05-04,06:11:09,DEPOSIT,Deposit - Ref 531761,POS,COMPLETED,REF28D9FBC19034,BROKEN_FK_account_id_to_accounts
TX045308,C0124,FAKE_39E5B8B8,847.47,ZAR,2025-04-06,03:30:45,PAYMENT,Payment - Ref 707589,ONLINE,COMPLETED,REFAD2BAF942187,BROKEN_FK_account_id_to_accounts
TX045316,C0881,A0400,285.46,ZAR,2025-07-22,13:01:26,TRANSFER,Transfer - Ref 832780,MOBILE,COMPLETED,REF0F8D29257B45,BROKEN_FK_account_id_to_accounts
TX045367,C0456,UNKNOWN,152.76,ZAR,2024-09-15,04:31:15,WITHDRAWAL,Withdrawal - Ref 235449,MOBILE,COMPLETED,REFF2B1CB03726C,BROKEN_FK_account_id_to_accounts
TX045401,C0994,FAKE_01575B1D,513.72,ZAR,2024-02-21,13:19:07,PAYMENT,Payment - Ref 434148,MOBILE,REVERSED,REFE68E29CBA407,BROKEN_FK_account_id_to_accounts
TX045410,C0280,UNKNOWN,249.16,ZAR,2024-01-30,10:36:14,FEE,Fee - Ref 933563,BRANCH,COMPLETED,REF1AFFB05C04BF,BROKEN_FK_account_id_to_accounts
TX045423,C0646,A0291,1052.18,ZAR,2025-07-31,17:53:37,INTEREST,Interest - Ref 418971,MOBILE,COMPLETED,REF209077358306,BROKEN_FK_account_id_to_accounts
TX045433,C0084,UNKNOWN,1667.35,ZAR,2025-05-17,01:36:55,PAYMENT,Payment - Ref 223958,ONLINE,COMPLETED,REF45F56AA2284F,BROKEN_FK_account_id_to_accounts
TX045436,C0174,A1169,284.15,ZAR,2025-03-02,01:28:54,TRANSFER,Transfer - Ref 873166,POS,COMPLETED,REFEFF471141243,BROKEN_FK_account_id_to_accounts
TX045455,C0907,A1444,2628.69,ZAR,2025-01-20,21:36:31,INTEREST,Interest - Ref 709747,ONLINE,COMPLETED,REF5663EAFF364B,BROKEN_FK_account_id_to_accounts
TX045463,C0013,UNKNOWN,10158.71,ZAR,2025-06-18,05:04:59,DEPOSIT,Deposit - Ref 169475,MOBILE,PENDING,REFCE68D13852D1,BROKEN_FK_account_id_to_accounts
TX045471,C0611,A1314,11622.24,ZAR,2026-09-10,11:32:50,REVERSAL,Reversal - Ref 454855,ATM,COMPLETED,REF86B3D5292A98,BROKEN_FK_account_id_to_accounts
TX045480,C0720,FAKE_45E72F82,4355.48,ZAR,2026-05-12,05:03:52,INTEREST,Interest - Ref 435619,ONLINE,COMPLETED,REF93BC95B177F0,BROKEN_FK_account_id_to_accounts
TX045506,C0692,A0415,1237.48,ZAR,2025-05-02,13:33:13,PAYMENT,Payment - Ref 962748,MOBILE,COMPLETED,REF5218A73B7DD5,BROKEN_FK_account_id_to_accounts
TX045507,C0029,FAKE_BBC9C1C3,974.1,ZAR,2026-03-19,07:22:40,WITHDRAWAL,Withdrawal - Ref 780597,MOBILE,COMPLETED,REF3F07B8FE80A0,BROKEN_FK_account_id_to_accounts
TX045524,C0907,A1444,15907.6575,ZAR,2025-11-27,01:56:02,REVERSAL,Reversal - Ref 137995,MOBILE,COMPLETED,REF0B7FAF57D352,BROKEN_FK_account_id_to_accounts
TX045532,C0511,UNKNOWN,387.45,ZAR,2025-08-30,13:13:46,DEPOSIT,Deposit - Ref 908269,ATM,COMPLETED,REF394065D7BF98,BROKEN_FK_account_id_to_accounts
TX045594,C0675,UNKNOWN,1854.78,ZAR,2025-10-03,02:43:50,DEPOSIT,Deposit - Ref 374444,ONLINE,COMPLETED,REF8EB5B139F3A2,BROKEN_FK_account_id_to_accounts
TX045600,C0465,UNKNOWN,403.95,ZAR,2025-05-06,01:25:45,FEE,Fee - Ref 177096,MOBILE,COMPLETED,REFC854183C8E0B,BROKEN_FK_account_id_to_accounts
TX045603,C0326,A0656,15907.6575,ZAR,2025-04-11,21:50:07,REVERSAL,Reversal - Ref 189793,POS,COMPLETED,REFAAB334764061,BROKEN_FK_account_id_to_accounts
TX045607,C0246,UNKNOWN,2356.94,ZAR,2025-05-03,18:06:06,INTEREST,Interest - Ref 310135,ONLINE,COMPLETED,REF83096C204ACA,BROKEN_FK_account_id_to_accounts
TX045629,C0371,A1236,157.15,ZAR,2025-12-13,12:40:05,FEE,Fee - Ref 160917,MOBILE,COMPLETED,REF849534595B3D,BROKEN_FK_account_id_to_accounts
TX045631,C0497,UNKNOWN,2907.37,ZAR,2025-12-06,04:14:21,INTEREST,Interest - Ref 141949,ONLINE,COMPLETED,REF5C89635ABB23,BROKEN_FK_account_id_to_accounts
TX045656,C0987,A0943,4871.4,ZAR,2025-05-10,03:55:02,INTEREST,Interest - Ref 798998,MOBILE,FAILED,REFDF0B1AFE9C0C,BROKEN_FK_account_id_to_accounts
TX045679,C0113,UNKNOWN,278.98,ZAR,2025-07-21,01:14:17,TRANSFER,Transfer - Ref 245793,POS,COMPLETED,REFD35108A29D68,BROKEN_FK_account_id_to_accounts
TX045686,C0345,A0694,44.23,ZAR,2025-10-30,12:06:37,WITHDRAWAL,Withdrawal - Ref 180497,POS,FAILED,REF23A8409D5E3A,BROKEN_FK_account_id_to_accounts
TX045696,C0801,UNKNOWN,6681.9,ZAR,2026-03-27,22:31:49,REVERSAL,Reversal - Ref 717787,BRANCH,COMPLETED,REF86DDBDD0CBFC,BROKEN_FK_account_id_to_accounts
TX045722,C0339,A0380,1089.09,ZAR,2026-05-10,12:07:41,TRANSFER,Transfer - Ref 588502,MOBILE,PENDING,REF16685300AE06,BROKEN_FK_account_id_to_accounts
TX045725,C0720,A0589,10954.04,ZAR,2024-02-07,23:57:51,PAYMENT,Payment - Ref 200354,BRANCH,COMPLETED,REF86A4FB07F903,BROKEN_FK_account_id_to_accounts
TX045765,C0088,FAKE_CC75B4D2,135.21,ZAR,2025-11-17,05:50:17,FEE,Fee - Ref 259396,ONLINE,FAILED,REF29FB389FDB2C,BROKEN_FK_account_id_to_accounts
TX045767,C0240,A0937,1492.92,ZAR,2026-09-03,08:26:12,TRANSFER,Transfer - Ref 428298,ATM,COMPLETED,REFE24F3F11D2BE,BROKEN_FK_account_id_to_accounts
TX045785,C0398,A0053,1763.85,ZAR,2026-01-23,03:26:20,PAYMENT,Payment - Ref 363381,ONLINE,COMPLETED,REF4392ED0F4A8D,BROKEN_FK_account_id_to_accounts
TX045790,C0800,A0764,14748.88,ZAR,2026-04-13,11:26:55,DEPOSIT,Deposit - Ref 432046,ONLINE,COMPLETED,REF77463DE022CA,BROKEN_FK_account_id_to_accounts
TX045792,C0107,A1386,1468.06,ZAR,2026-01-02,10:57:08,DEBIT_ORDER,Debit Order - Ref 455234,BRANCH,COMPLETED,REF1A619C668D9D,BROKEN_FK_account_id_to_accounts
TX045794,C0874,A0790,1112.07,ZAR,2024-10-08,19:15:46,DEPOSIT,Deposit - Ref 768637,MOBILE,COMPLETED,REFE16A0DD3D733,BROKEN_FK_account_id_to_accounts
TX045800,C0272,UNKNOWN,240.78,ZAR,2025-08-15,02:19:43,FEE,Fee - Ref 589960,MOBILE,COMPLETED,REF7FD7C26F77A0,BROKEN_FK_account_id_to_accounts
TX045806,C0972,UNKNOWN,2263.35,ZAR,2026-01-06,08:06:40,TRANSFER,Transfer - Ref 217283,MOBILE,COMPLETED,REF80C98BC6ED0A,BROKEN_FK_account_id_to_accounts
TX045852,C0138,A0544,439.68,ZAR,2026-06-24,17:42:55,REVERSAL,Reversal - Ref 469508,POS,COMPLETED,REF79EEB2CECFB6,BROKEN_FK_account_id_to_accounts
TX045872,C0680,UNKNOWN,4575.55,ZAR,2024-02-27,16:58:09,DEBIT_ORDER,Debit Order - Ref 908734,ATM,COMPLETED,REF78AF6B08D7AB,BROKEN_FK_account_id_to_accounts
TX045881,C0082,A1200,15907.6575,ZAR,2026-04-20,16:58:08,INTEREST,Interest - Ref 794663,BRANCH,PENDING,REF4E788D0BE33B,BROKEN_FK_account_id_to_accounts
TX045896,C0261,A0515,3721.94,ZAR,2025-08-17,09:29:21,DEPOSIT,Deposit - Ref 892329,MOBILE,COMPLETED,REF01F04ACF5C20,BROKEN_FK_account_id_to_accounts
TX045901,C0240,A0937,260.71,ZAR,2025-04-06,13:57:49,DEBIT_ORDER,Debit Order - Ref 314667,POS,COMPLETED,REFED655E80AA61,BROKEN_FK_account_id_to_accounts
TX045906,C0818,UNKNOWN,209.56,ZAR,2025-06-26,05:15:38,WITHDRAWAL,Withdrawal - Ref 955012,ONLINE,PENDING,REF88A75C13A91A,BROKEN_FK_account_id_to_accounts
TX045936,C0089,A0779,2574.64,ZAR,2024-12-14,12:46:16,DEBIT_ORDER,Debit Order - Ref 769805,ONLINE,COMPLETED,REFC1F068907718,BROKEN_FK_account_id_to_accounts
TX045937,C0881,A0400,91.54,ZAR,2025-10-03,06:00:43,FEE,Fee - Ref 364455,ATM,COMPLETED,REF9754D9AAACCC,BROKEN_FK_account_id_to_accounts
TX045956,C0074,FAKE_1E261EDC,15907.6575,ZAR,2025-04-23,01:05:33,DEPOSIT,Deposit - Ref 778694,ONLINE,COMPLETED,REFDF165C03DDA4,BROKEN_FK_account_id_to_accounts
TX045976,C0631,UNKNOWN,2079.01,ZAR,2025-10-13,08:57:18,INTEREST,Interest - Ref 586416,MOBILE,COMPLETED,REF822BE80B0C97,BROKEN_FK_account_id_to_accounts
TX045978,C0987,A0943,316.53,ZAR,2024-07-01,01:11:32,PAYMENT,Payment - Ref 883043,ATM,COMPLETED,REFBC102839AAE5,BROKEN_FK_account_id_to_accounts
TX045998,C0151,UNKNOWN,8702.65,ZAR,2026-08-10,09:51:15,TRANSFER,Transfer - Ref 885486,ONLINE,COMPLETED,REFB0D31162CAAC,BROKEN_FK_account_id_to_accounts
TX046002,C0429,A1065,749.27,ZAR,2024-10-09,23:36:04,WITHDRAWAL,Withdrawal - Ref 707120,ONLINE,COMPLETED,REF3892DAFD454A,BROKEN_FK_account_id_to_accounts
TX046017,C0108,A0572,704.48,ZAR,2025-01-04,11:23:37,INTEREST,Interest - Ref 712061,ONLINE,COMPLETED,REF39F7EF4FA869,BROKEN_FK_account_id_to_accounts
TX046019,C0288,UNKNOWN,980.51,ZAR,2024-05-06,00:36:22,DEBIT_ORDER,Debit Order - Ref 768109,MOBILE,COMPLETED,REFBF6CA1A5A61C,BROKEN_FK_account_id_to_accounts
TX046026,C0107,A1386,1885.69,ZAR,2026-05-11,09:16:59,DEPOSIT,Deposit - Ref 470470,ONLINE,COMPLETED,REF539CB28BB93C,BROKEN_FK_account_id_to_accounts
TX046032,C0021,A1205,2689.32,ZAR,2025-02-02,19:43:01,PAYMENT,Payment - Ref 857265,MOBILE,COMPLETED,REF7F72E4DBBCFA,BROKEN_FK_account_id_to_accounts
TX046037,C0158,A1330,3649.12,ZAR,2024-07-09,10:40:56,PAYMENT,Payment - Ref 807608,MOBILE,COMPLETED,REF9BF110D0DFAC,BROKEN_FK_account_id_to_accounts
TX046041,C0093,UNKNOWN,15907.6575,ZAR,2026-05-18,04:07:45,REVERSAL,Reversal - Ref 297936,ONLINE,COMPLETED,REFFD833063474C,BROKEN_FK_account_id_to_accounts
TX046047,C0831,A0527,5973.6,ZAR,2025-05-20,16:11:34,REVERSAL,Reversal - Ref 648474,MOBILE,PENDING,REFD542BF96B71B,BROKEN_FK_account_id_to_accounts
TX046059,C0752,UNKNOWN,421.2,ZAR,2026-05-20,08:22:02,FEE,Fee - Ref 314690,ONLINE,COMPLETED,REF0BB5506DB354,BROKEN_FK_account_id_to_accounts
TX046071,C0907,A1444,900.2,ZAR,2026-02-22,11:04:30,TRANSFER,Transfer - Ref 427472,POS,COMPLETED,REFF2B8D9DE3084,BROKEN_FK_account_id_to_accounts
TX046078,C0772,A0436,3083.56,ZAR,2026-01-02,08:06:42,INTEREST,Interest - Ref 898407,MOBILE,COMPLETED,REF9C5CF938A876,BROKEN_FK_account_id_to_accounts
TX046118,C0992,UNKNOWN,15907.6575,ZAR,2025-02-02,14:29:53,REVERSAL,Reversal - Ref 184256,ONLINE,COMPLETED,REF880D59A1BA30,BROKEN_FK_account_id_to_accounts
TX046138,C0071,A1181,15907.6575,ZAR,2024-06-21,10:36:23,REVERSAL,Reversal - Ref 662389,POS,COMPLETED,REFFE2D40976DD4,BROKEN_FK_account_id_to_accounts
TX046140,C0625,UNKNOWN,3269.72,ZAR,2024-08-23,03:27:17,PAYMENT,Payment - Ref 768492,BRANCH,REVERSED,REF1EE480734304,BROKEN_FK_account_id_to_accounts
TX046153,C0608,UNKNOWN,334.55,ZAR,2025-04-17,12:28:11,WITHDRAWAL,Withdrawal - Ref 318096,MOBILE,COMPLETED,REF0C85BB9C262A,BROKEN_FK_account_id_to_accounts
TX046159,C0391,A0473,2727.07,ZAR,2024-03-02,01:25:12,PAYMENT,Payment - Ref 666067,MOBILE,COMPLETED,REFB13E2560E75E,BROKEN_FK_account_id_to_accounts
TX046166,C0569,A0141,4645.75,ZAR,2024-05-14,13:08:23,REVERSAL,Reversal - Ref 176372,ONLINE,COMPLETED,REF38F2E2FF90E8,BROKEN_FK_account_id_to_accounts
TX046174,C0484,A1438,828.84,ZAR,2024-10-14,17:00:34,DEBIT_ORDER,Debit Order - Ref 297329,MOBILE,COMPLETED,REF7395F096785C,BROKEN_FK_account_id_to_accounts
TX046185,C0429,A1065,351.19,ZAR,2025-01-29,08:28:32,FEE,Fee - Ref 912119,MOBILE,COMPLETED,REF12C623B764AF,BROKEN_FK_account_id_to_accounts
TX046199,C0132,A1146,15907.6575,ZAR,2024-01-04,02:08:03,REVERSAL,Reversal - Ref 218080,ONLINE,COMPLETED,REFB6D9113B1893,BROKEN_FK_account_id_to_accounts
TX046208,C0240,A0937,15907.6575,ZAR,2024-08-30,00:28:31,REVERSAL,Reversal - Ref 816045,ATM,COMPLETED,REF461BCCFE4CEE,BROKEN_FK_account_id_to_accounts
TX046216,C0391,UNKNOWN,95.8,ZAR,2024-07-29,07:45:09,TRANSFER,Transfer - Ref 485707,ONLINE,COMPLETED,REFBA29E24F7CF3,BROKEN_FK_account_id_to_accounts
TX046220,C0019,UNKNOWN,1528.71,ZAR,2025-08-23,09:20:58,TRANSFER,Transfer - Ref 380008,ONLINE,COMPLETED,REFB112B5AC1BCF,BROKEN_FK_account_id_to_accounts
TX046223,C0301,UNKNOWN,15907.6575,ZAR,2025-03-14,17:50:08,REVERSAL,Reversal - Ref 524603,ONLINE,FAILED,REF01C5756B2A80,BROKEN_FK_account_id_to_accounts
TX046235,C0592,UNKNOWN,804.99,ZAR,2024-12-30,05:28:06,WITHDRAWAL,Withdrawal - Ref 709912,MOBILE,REVERSED,REFCEAA564E0F00,BROKEN_FK_account_id_to_accounts
TX046245,C0867,UNKNOWN,879.29,ZAR,2026-01-24,01:11:28,DEPOSIT,Deposit - Ref 433456,MOBILE,COMPLETED,REF4905699270F8,BROKEN_FK_account_id_to_accounts
TX046274,C0021,A1205,630.13,ZAR,2025-12-05,22:15:14,WITHDRAWAL,Withdrawal - Ref 777652,MOBILE,COMPLETED,REF6C57D56BC511,BROKEN_FK_account_id_to_accounts
TX046280,C0345,A0694,15907.6575,ZAR,2025-03-13,22:45:38,REVERSAL,Reversal - Ref 555143,POS,PENDING,REF3C52126CB7BC,BROKEN_FK_account_id_to_accounts
TX046317,C0138,A0544,3204.82,ZAR,2024-01-25,13:15:14,TRANSFER,Transfer - Ref 520541,ONLINE,COMPLETED,REF6D3EEFF8650F,BROKEN_FK_account_id_to_accounts
TX046380,C0645,A0282,1117.96,ZAR,2025-12-10,09:22:57,TRANSFER,Transfer - Ref 102807,BRANCH,COMPLETED,REFA3733C33EBFA,BROKEN_FK_account_id_to_accounts
TX046382,C0158,A1330,488.54,ZAR,2026-05-18,22:06:09,DEBIT_ORDER,Debit Order - Ref 948682,POS,COMPLETED,REFC99980ABB6C8,BROKEN_FK_account_id_to_accounts
TX046387,C0874,A0790,14392.35,ZAR,2026-06-10,03:52:02,REVERSAL,Reversal - Ref 676017,POS,COMPLETED,REFA80E6AD22808,BROKEN_FK_account_id_to_accounts
TX046390,C0434,UNKNOWN,922.6,ZAR,2025-11-28,02:19:32,PAYMENT,Payment - Ref 975607,ATM,COMPLETED,REF56A823906AE6,BROKEN_FK_account_id_to_accounts
TX046393,C0915,A0345,6570.77,ZAR,2025-01-16,16:31:25,DEPOSIT,Deposit - Ref 346758,ONLINE,COMPLETED,REFF70913475FFD,BROKEN_FK_account_id_to_accounts
TX046395,C0240,A0937,15907.6575,ZAR,2025-09-01,16:54:18,REVERSAL,Reversal - Ref 623502,MOBILE,COMPLETED,REF5CD52776A3F3,BROKEN_FK_account_id_to_accounts
TX046402,C0557,UNKNOWN,142.38,ZAR,2024-02-27,23:15:09,FEE,Fee - Ref 598300,MOBILE,PENDING,REFEF38A9EC9438,BROKEN_FK_account_id_to_accounts
TX046429,C0340,UNKNOWN,629.13,ZAR,2025-10-02,18:06:56,DEBIT_ORDER,Debit Order - Ref 551479,POS,COMPLETED,REF0B4E4E10C3CC,BROKEN_FK_account_id_to_accounts
TX046430,C0537,A0699,69.12,ZAR,2024-06-03,01:20:29,FEE,Fee - Ref 650174,MOBILE,PENDING,REFA09C21E96129,BROKEN_FK_account_id_to_accounts
TX046469,C0132,A1146,4575.79,ZAR,2025-09-17,16:09:33,INTEREST,Interest - Ref 220024,ATM,PENDING,REFE52FD3FD922A,BROKEN_FK_account_id_to_accounts
TX046496,C0922,A0672,2468.23,ZAR,2026-06-22,11:43:50,DEBIT_ORDER,Debit Order - Ref 123710,MOBILE,COMPLETED,REF87218C3433EE,BROKEN_FK_account_id_to_accounts
TX046525,C0871,A1487,295.11,ZAR,2025-08-23,21:10:12,FEE,Fee - Ref 708546,MOBILE,COMPLETED,REFF859D504CF16,BROKEN_FK_account_id_to_accounts
TX046553,C0484,A1438,603.11,ZAR,2025-11-13,10:55:11,WITHDRAWAL,Withdrawal - Ref 237714,MOBILE,COMPLETED,REF54E90AA5F2D3,BROKEN_FK_account_id_to_accounts
TX046560,C0108,UNKNOWN,709.74,ZAR,2026-02-16,16:29:26,WITHDRAWAL,Withdrawal - Ref 602494,POS,PENDING,REFD5B1AFA7A016,BROKEN_FK_account_id_to_accounts
TX046574,C0104,UNKNOWN,953.13,ZAR,2025-01-06,16:06:40,DEBIT_ORDER,Debit Order - Ref 698819,ONLINE,COMPLETED,REF1750739B81F4,BROKEN_FK_account_id_to_accounts
TX046594,C0686,UNKNOWN,1568.19,ZAR,2026-09-15,06:39:11,DEPOSIT,Deposit - Ref 821452,ATM,COMPLETED,REF0A5F89BE38C2,BROKEN_FK_account_id_to_accounts
TX046595,C0108,A0572,15907.6575,ZAR,2026-02-03,01:41:31,REVERSAL,Reversal - Ref 663764,MOBILE,COMPLETED,REF7C8014719B57,BROKEN_FK_account_id_to_accounts
TX046599,C0366,A0418,8896.1,ZAR,2024-11-04,20:45:18,DEBIT_ORDER,Debit Order - Ref 312243,ONLINE,PENDING,REFA257A8FD6A47,BROKEN_FK_account_id_to_accounts
TX046605,C0941,UNKNOWN,15907.6575,ZAR,2025-09-27,04:42:04,REVERSAL,Reversal - Ref 400786,MOBILE,PENDING,REF47C693801EB4,BROKEN_FK_account_id_to_accounts
TX046628,C0871,A1487,3992.68,ZAR,2024-05-27,12:48:21,TRANSFER,Transfer - Ref 771415,POS,COMPLETED,REFC1C27EFDAAC7,BROKEN_FK_account_id_to_accounts
TX046638,C0082,A1200,1363.2,ZAR,2026-02-05,23:40:07,DEBIT_ORDER,Debit Order - Ref 670203,ONLINE,COMPLETED,REFE946B98C65AF,BROKEN_FK_account_id_to_accounts
TX046655,C0614,A0422,4223.89,ZAR,2024-09-12,06:41:38,DEBIT_ORDER,Debit Order - Ref 289643,POS,COMPLETED,REF0EF7934FC7C8,BROKEN_FK_account_id_to_accounts
TX046693,C0800,A0764,15907.6575,ZAR,2024-12-13,23:47:40,REVERSAL,Reversal - Ref 825153,MOBILE,COMPLETED,REFD85657C80516,BROKEN_FK_account_id_to_accounts
TX046716,C0831,A0527,760.45,ZAR,2025-07-30,01:23:43,WITHDRAWAL,Withdrawal - Ref 782934,ONLINE,PENDING,REF45DEE1E6792F,BROKEN_FK_account_id_to_accounts
TX046717,C0431,A0469,413.79,ZAR,2025-05-03,21:00:10,FEE,Fee - Ref 687484,MOBILE,COMPLETED,REFFE8A9053047F,BROKEN_FK_account_id_to_accounts
TX046733,C0772,A0436,247.23,ZAR,2025-04-05,13:19:02,FEE,Fee - Ref 465013,MOBILE,REVERSED,REF98A84459CD60,BROKEN_FK_account_id_to_accounts
TX046746,C0390,UNKNOWN,3204.06,ZAR,2024-11-06,18:45:13,INTEREST,Interest - Ref 230499,MOBILE,COMPLETED,REFEB76AFD0BAE0,BROKEN_FK_account_id_to_accounts
TX046795,C0431,A0469,9072.6,ZAR,2026-09-09,21:25:40,DEPOSIT,Deposit - Ref 722507,ATM,COMPLETED,REF2933A9B47681,BROKEN_FK_account_id_to_accounts
TX046829,C0038,UNKNOWN,4294.0,ZAR,2025-09-06,19:53:57,TRANSFER,Transfer - Ref 776304,ONLINE,COMPLETED,REF0702734AC9FE,BROKEN_FK_account_id_to_accounts
TX046854,C0808,UNKNOWN,1348.73,ZAR,2024-08-06,07:50:02,DEPOSIT,Deposit - Ref 193002,MOBILE,COMPLETED,REF7C98978ADD14,BROKEN_FK_account_id_to_accounts
TX046887,C0339,A0380,747.04,ZAR,2025-03-10,01:50:41,INTEREST,Interest - Ref 500403,BRANCH,COMPLETED,REFE2E241AC1808,BROKEN_FK_account_id_to_accounts
TX046919,C0158,A1330,1004.44,ZAR,2025-02-16,14:59:21,PAYMENT,Payment - Ref 907148,ONLINE,COMPLETED,REF736402CFF07E,BROKEN_FK_account_id_to_accounts
TX046942,C0021,FAKE_CA8EDD08,631.02,ZAR,2024-04-06,20:37:23,INTEREST,Interest - Ref 930974,ATM,COMPLETED,REFC389D93C78F7,BROKEN_FK_account_id_to_accounts
TX046947,C0767,A0305,566.38,ZAR,2024-01-12,02:37:18,DEBIT_ORDER,Debit Order - Ref 939276,ONLINE,COMPLETED,REFB7F8E5541362,BROKEN_FK_account_id_to_accounts
TX046953,C0056,UNKNOWN,15907.6575,ZAR,2024-10-23,15:51:35,REVERSAL,Reversal - Ref 373221,MOBILE,COMPLETED,REFE52368EA1A41,BROKEN_FK_account_id_to_accounts
TX046999,C0427,UNKNOWN,200.02,ZAR,2025-05-25,14:01:21,FEE,Fee - Ref 437438,ONLINE,COMPLETED,REF74277FB52A47,BROKEN_FK_account_id_to_accounts
TX047010,C0874,A0790,15907.6575,ZAR,2026-04-28,11:03:32,REVERSAL,Reversal - Ref 381190,POS,COMPLETED,REF091E112EC591,BROKEN_FK_account_id_to_accounts
TX047040,C0871,A1487,1950.07,ZAR,2024-01-07,14:35:32,PAYMENT,Payment - Ref 230662,ONLINE,COMPLETED,REF23428E31DEF2,BROKEN_FK_account_id_to_accounts
TX047043,C0302,A0994,1060.94,ZAR,2024-09-11,05:55:01,DEPOSIT,Deposit - Ref 727035,ONLINE,COMPLETED,REFB799FA73ABDA,BROKEN_FK_account_id_to_accounts
TX047092,C0090,UNKNOWN,12653.26,ZAR,2024-12-22,10:26:17,REVERSAL,Reversal - Ref 261726,ONLINE,COMPLETED,REF7A5ED31BA2A3,BROKEN_FK_account_id_to_accounts
TX047119,C0720,A0589,1461.52,ZAR,2026-04-22,07:19:32,PAYMENT,Payment - Ref 200971,ONLINE,COMPLETED,REFAE38BD1BE9F7,BROKEN_FK_account_id_to_accounts
TX047138,C0174,A1169,1982.69,ZAR,2025-08-13,04:48:21,DEPOSIT,Deposit - Ref 955311,ATM,REVERSED,REFC7BFB196360A,BROKEN_FK_account_id_to_accounts
TX047147,C0082,A1200,529.35,ZAR,2024-12-28,14:12:08,PAYMENT,Payment - Ref 543876,ONLINE,FAILED,REF95EBD49B38E2,BROKEN_FK_account_id_to_accounts
TX047158,C0371,A1236,363.59,ZAR,2025-05-23,08:27:16,FEE,Fee - Ref 628347,ONLINE,COMPLETED,REF9F961529341C,BROKEN_FK_account_id_to_accounts
TX047169,C0601,UNKNOWN,3515.45,ZAR,2026-09-15,21:26:34,DEPOSIT,Deposit - Ref 764014,ONLINE,COMPLETED,REF80E7BAD40BFA,BROKEN_FK_account_id_to_accounts
TX047189,C0907,A1444,333.91,ZAR,2024-04-13,07:32:25,FEE,Fee - Ref 463456,MOBILE,COMPLETED,REF6FF1969C9CF2,BROKEN_FK_account_id_to_accounts
TX047214,C0881,A0400,949.45,ZAR,2025-05-25,12:37:40,TRANSFER,Transfer - Ref 981396,BRANCH,COMPLETED,REF080C6A34BFBA,BROKEN_FK_account_id_to_accounts
TX047221,C0835,FAKE_4FB8DA75,825.68,ZAR,2025-10-05,17:50:00,WITHDRAWAL,Withdrawal - Ref 259894,MOBILE,PENDING,REF8428AB445A35,BROKEN_FK_account_id_to_accounts
TX047225,C0772,A0436,15907.6575,ZAR,2026-01-23,03:33:27,REVERSAL,Reversal - Ref 390635,ATM,COMPLETED,REF7A1123F9D731,BROKEN_FK_account_id_to_accounts
TX047230,C0569,A0141,14823.44,ZAR,2026-01-07,16:48:07,DEPOSIT,Deposit - Ref 232212,ONLINE,COMPLETED,REF96EAE2D5C427,BROKEN_FK_account_id_to_accounts
TX047253,C0800,A0764,1015.63,ZAR,2024-06-10,15:51:12,TRANSFER,Transfer - Ref 916906,POS,COMPLETED,REF9E67D34E2C49,BROKEN_FK_account_id_to_accounts
TX047257,C0049,A1190,142.14,ZAR,2026-09-15,03:00:58,FEE,Fee - Ref 709906,MOBILE,COMPLETED,REF0B416F214DF9,BROKEN_FK_account_id_to_accounts
TX047320,C0915,A0345,1093.98,ZAR,2024-05-08,05:12:12,DEPOSIT,Deposit - Ref 146454,ONLINE,COMPLETED,REF63ECA6A2E4E0,BROKEN_FK_account_id_to_accounts
TX047360,C0987,A0943,2384.11,ZAR,2025-07-29,20:57:18,DEPOSIT,Deposit - Ref 640185,MOBILE,COMPLETED,REF341DCA9AE120,BROKEN_FK_account_id_to_accounts
TX047363,C0250,A0563,4431.68,ZAR,2025-02-13,12:19:12,DEPOSIT,Deposit - Ref 997066,ONLINE,COMPLETED,REF86FB26FFE931,BROKEN_FK_account_id_to_accounts
TX047365,C0129,UNKNOWN,1203.13,ZAR,2024-04-08,07:29:16,REVERSAL,Reversal - Ref 660786,POS,COMPLETED,REFD10203306741,BROKEN_FK_account_id_to_accounts
TX047395,C0224,A0045,444.05,ZAR,2026-06-27,10:04:41,DEBIT_ORDER,Debit Order - Ref 530107,MOBILE,COMPLETED,REFA81E3C938C91,BROKEN_FK_account_id_to_accounts
TX047415,C0569,A0141,978.31,ZAR,2025-02-18,10:47:45,DEBIT_ORDER,Debit Order - Ref 281582,MOBILE,FAILED,REF5FF1DE2213F7,BROKEN_FK_account_id_to_accounts
TX047421,C0778,UNKNOWN,11195.21,ZAR,2024-04-04,18:02:57,REVERSAL,Reversal - Ref 355199,POS,COMPLETED,REF29E104740283,BROKEN_FK_account_id_to_accounts
TX047451,C0289,UNKNOWN,15907.6575,ZAR,2026-03-27,15:24:21,TRANSFER,Transfer - Ref 377201,ATM,COMPLETED,REFDBA6D929D8B6,BROKEN_FK_account_id_to_accounts
TX047471,C0139,UNKNOWN,15907.6575,ZAR,2026-04-09,09:49:54,REVERSAL,Reversal - Ref 297695,MOBILE,COMPLETED,REF414C2D0AF014,BROKEN_FK_account_id_to_accounts
TX047492,C0353,UNKNOWN,5551.36,ZAR,2025-11-03,13:30:05,TRANSFER,Transfer - Ref 717324,BRANCH,COMPLETED,REF3ADA69C78AA0,BROKEN_FK_account_id_to_accounts
TX047496,C0805,UNKNOWN,2043.83,ZAR,2025-01-12,10:09:50,DEPOSIT,Deposit - Ref 741713,ONLINE,COMPLETED,REFD83B8FA89E1A,BROKEN_FK_account_id_to_accounts
TX047497,C0767,A0305,1334.88,ZAR,2025-05-07,17:26:23,WITHDRAWAL,Withdrawal - Ref 706648,POS,COMPLETED,REF5C5335B225EE,BROKEN_FK_account_id_to_accounts
TX047513,C0321,UNKNOWN,143.33,ZAR,2024-11-13,03:55:48,FEE,Fee - Ref 796696,POS,COMPLETED,REFC60CF4537DAA,BROKEN_FK_account_id_to_accounts
TX047526,C0915,A0345,8687.5,ZAR,2026-06-14,19:55:29,PAYMENT,Payment - Ref 839082,ONLINE,COMPLETED,REF4FA9D2E3285F,BROKEN_FK_account_id_to_accounts
TX047551,C0063,UNKNOWN,1239.24,ZAR,2025-12-30,16:43:33,DEPOSIT,Deposit - Ref 284658,POS,COMPLETED,REF6F636612F47A,BROKEN_FK_account_id_to_accounts
TX047566,C0776,UNKNOWN,1995.21,ZAR,2026-01-23,10:04:47,INTEREST,Interest - Ref 688112,ATM,PENDING,REFBE2C21F778E7,BROKEN_FK_account_id_to_accounts
TX047604,C0871,A1487,15907.6575,ZAR,2026-05-07,02:28:34,INTEREST,Interest - Ref 585569,POS,COMPLETED,REFD1EF97BA4AFE,BROKEN_FK_account_id_to_accounts
TX047608,C0857,UNKNOWN,2896.54,ZAR,2024-11-13,04:15:49,INTEREST,Interest - Ref 939200,ONLINE,COMPLETED,REF2775FD063BD3,BROKEN_FK_account_id_to_accounts
TX047622,C0071,A1181,167.71,ZAR,2026-06-23,03:00:22,FEE,Fee - Ref 362316,POS,COMPLETED,REF67CF9B5891FA,BROKEN_FK_account_id_to_accounts
TX047625,C0800,A0764,117.92,ZAR,2025-12-19,10:37:11,WITHDRAWAL,Withdrawal - Ref 250408,POS,COMPLETED,REF868C31604D58,BROKEN_FK_account_id_to_accounts
TX047627,C0450,UNKNOWN,422.67,ZAR,2024-12-23,16:47:02,INTEREST,Interest - Ref 155193,MOBILE,COMPLETED,REF3136A0D3D8E1,BROKEN_FK_account_id_to_accounts
TX047660,C0731,UNKNOWN,2315.46,ZAR,2025-01-05,05:38:55,DEPOSIT,Deposit - Ref 626237,BRANCH,COMPLETED,REFF8E107697D4F,BROKEN_FK_account_id_to_accounts
TX047688,C0158,A1330,8264.77,ZAR,2024-05-01,03:05:11,TRANSFER,Transfer - Ref 614566,ONLINE,COMPLETED,REF91423CDD8228,BROKEN_FK_account_id_to_accounts
TX047698,C0497,UNKNOWN,15907.6575,ZAR,2026-05-10,16:54:01,REVERSAL,Reversal - Ref 574357,ATM,COMPLETED,REFC4248BF9A279,BROKEN_FK_account_id_to_accounts
TX047700,C0240,A0937,300.92,ZAR,2026-08-10,21:16:32,DEBIT_ORDER,Debit Order - Ref 702143,ONLINE,COMPLETED,REF7D55FF963E55,BROKEN_FK_account_id_to_accounts
TX047733,C0720,A0589,2498.83,ZAR,2025-10-22,19:54:42,DEBIT_ORDER,Debit Order - Ref 361977,ONLINE,COMPLETED,REF04BE8F49FCA4,BROKEN_FK_account_id_to_accounts
TX047738,C0784,FAKE_1B044C8B,2643.46,ZAR,2025-10-25,10:06:42,DEBIT_ORDER,Debit Order - Ref 396936,POS,FAILED,REFD21C55AA338C,BROKEN_FK_account_id_to_accounts
TX047757,C0326,A0448,3797.35,ZAR,2025-01-06,19:32:46,INTEREST,Interest - Ref 934107,ONLINE,COMPLETED,REF3D0A8465702E,BROKEN_FK_account_id_to_accounts
TX047785,C0431,A0469,321.7,ZAR,2024-02-29,04:51:22,DEBIT_ORDER,Debit Order - Ref 407246,ONLINE,COMPLETED,REF7AD0C0DB57F8,BROKEN_FK_account_id_to_accounts
TX047822,C0589,UNKNOWN,15439.5,ZAR,2024-07-06,04:08:08,TRANSFER,Transfer - Ref 387140,MOBILE,COMPLETED,REF0BCBFB348B3C,BROKEN_FK_account_id_to_accounts
TX047825,C0720,A0589,492.14,ZAR,2025-07-17,02:50:24,FEE,Fee - Ref 624893,ATM,COMPLETED,REFFEA512FC377C,BROKEN_FK_account_id_to_accounts
TX047827,C0690,UNKNOWN,462.8,ZAR,2024-05-03,17:02:50,FEE,Fee - Ref 787726,ATM,COMPLETED,REFB8F7D7DE0988,BROKEN_FK_account_id_to_accounts
TX047845,C0987,A0943,12875.34,ZAR,2025-08-12,22:54:55,DEBIT_ORDER,Debit Order - Ref 854324,ONLINE,COMPLETED,REF6644529F908B,BROKEN_FK_account_id_to_accounts
TX047854,C0158,A1330,4604.32,ZAR,2024-12-10,15:02:23,INTEREST,Interest - Ref 694557,ONLINE,COMPLETED,REFD637620B8498,BROKEN_FK_account_id_to_accounts
TX047905,C0881,A0400,181.3,ZAR,2024-10-27,22:51:48,INTEREST,Interest - Ref 191125,POS,COMPLETED,REFEC63287FF8CA,BROKEN_FK_account_id_to_accounts
TX047934,C0520,UNKNOWN,1915.53,ZAR,2024-04-21,14:03:29,PAYMENT,Payment - Ref 377252,ONLINE,COMPLETED,REF528929A732B4,BROKEN_FK_account_id_to_accounts
TX047962,C0122,UNKNOWN,1111.17,ZAR,2025-11-14,22:57:05,PAYMENT,Payment - Ref 349651,MOBILE,COMPLETED,REFBB31D7830C75,BROKEN_FK_account_id_to_accounts
TX047970,C0138,A0544,6.38,ZAR,2025-02-07,18:27:38,FEE,Fee - Ref 141877,ONLINE,COMPLETED,REF817E4907250A,BROKEN_FK_account_id_to_accounts
TX047974,C0021,A1205,15907.6575,ZAR,2025-06-14,03:07:21,REVERSAL,Reversal - Ref 854911,POS,COMPLETED,REFF6FDAEC52512,BROKEN_FK_account_id_to_accounts
TX047977,C0138,A0544,14899.81,ZAR,2024-05-23,09:57:41,TRANSFER,Transfer - Ref 196129,ONLINE,COMPLETED,REFB76F885FF4A5,BROKEN_FK_account_id_to_accounts
TX047979,C0511,UNKNOWN,115.39,ZAR,2024-12-14,10:35:08,PAYMENT,Payment - Ref 603459,ONLINE,FAILED,REFC1554D35083E,BROKEN_FK_account_id_to_accounts
TX048015,C0978,UNKNOWN,3990.1,ZAR,2024-05-19,14:49:47,INTEREST,Interest - Ref 564027,ATM,COMPLETED,REF2FA7E8AC58A7,BROKEN_FK_account_id_to_accounts
TX048031,C0312,UNKNOWN,395.05,ZAR,2024-05-20,23:52:19,FEE,Fee - Ref 101735,MOBILE,COMPLETED,REF61AAFF1DA213,BROKEN_FK_account_id_to_accounts
TX048061,C0174,A1169,5425.77,ZAR,2024-03-18,06:23:36,DEPOSIT,Deposit - Ref 795628,ONLINE,COMPLETED,REF20CC0720338D,BROKEN_FK_account_id_to_accounts
TX048075,C0537,A0699,50.23,ZAR,2024-10-13,14:27:54,TRANSFER,Transfer - Ref 429191,POS,COMPLETED,REFAFB22EFB19A6,BROKEN_FK_account_id_to_accounts
TX048087,C0317,UNKNOWN,2709.36,ZAR,2024-02-15,03:47:25,DEPOSIT,Deposit - Ref 755955,ONLINE,COMPLETED,REFE5C1962FD6F9,BROKEN_FK_account_id_to_accounts
TX048089,C0800,A0764,3349.58,ZAR,2026-03-10,08:27:45,INTEREST,Interest - Ref 574259,MOBILE,COMPLETED,REF7AD52F15E7DD,BROKEN_FK_account_id_to_accounts
TX048102,C0999,A0831,1134.07,ZAR,2026-05-29,10:29:55,INTEREST,Interest - Ref 914346,ATM,COMPLETED,REFF68DF6A1845C,BROKEN_FK_account_id_to_accounts
TX048105,C0103,UNKNOWN,1016.76,ZAR,2025-04-20,18:25:09,DEBIT_ORDER,Debit Order - Ref 787001,BRANCH,COMPLETED,REFBEB80289E3CB,BROKEN_FK_account_id_to_accounts
TX048113,C0429,A1065,3131.45,ZAR,2026-03-04,16:38:49,DEPOSIT,Deposit - Ref 655403,MOBILE,COMPLETED,REF393E42165470,BROKEN_FK_account_id_to_accounts
TX048136,C0419,A0556,15907.6575,ZAR,2026-07-01,22:52:11,PAYMENT,Payment - Ref 750976,ATM,COMPLETED,REFB541C32513F8,BROKEN_FK_account_id_to_accounts
TX048140,C0767,UNKNOWN,773.51,ZAR,2024-11-11,17:09:42,WITHDRAWAL,Withdrawal - Ref 499323,ATM,PENDING,REF185EE077A736,BROKEN_FK_account_id_to_accounts
TX048167,C0108,A0572,1642.7,ZAR,2025-01-27,10:13:54,DEPOSIT,Deposit - Ref 915019,MOBILE,COMPLETED,REF00B335785A24,BROKEN_FK_account_id_to_accounts
TX048168,C0290,UNKNOWN,534.35,ZAR,2024-08-15,11:09:02,DEBIT_ORDER,Debit Order - Ref 608668,MOBILE,COMPLETED,REF976394872CDD,BROKEN_FK_account_id_to_accounts
TX048191,C0504,UNKNOWN,15907.6575,ZAR,2026-08-18,16:57:36,REVERSAL,Reversal - Ref 451386,ATM,COMPLETED,REFCF884D619D07,BROKEN_FK_account_id_to_accounts
TX048195,C0921,UNKNOWN,15907.6575,ZAR,2024-03-03,14:17:58,REVERSAL,Reversal - Ref 959033,MOBILE,COMPLETED,REF42508F748A52,BROKEN_FK_account_id_to_accounts
TX048219,C0071,A0452,4880.4,ZAR,2024-10-11,04:05:36,WITHDRAWAL,Withdrawal - Ref 962978,MOBILE,COMPLETED,REF60999BF645C0,BROKEN_FK_account_id_to_accounts
TX048288,C0491,UNKNOWN,152.56,ZAR,2026-08-11,02:51:49,WITHDRAWAL,Withdrawal - Ref 895376,MOBILE,COMPLETED,REF8B8D7F335E86,BROKEN_FK_account_id_to_accounts
TX048300,C0302,A0994,267.22,ZAR,2026-09-15,00:49:01,FEE,Fee - Ref 623734,ATM,COMPLETED,REFA23BAB241EE4,BROKEN_FK_account_id_to_accounts
TX048359,C0429,UNKNOWN,195.3,ZAR,2025-04-14,05:04:50,WITHDRAWAL,Withdrawal - Ref 576125,ONLINE,COMPLETED,REF038EF7166763,BROKEN_FK_account_id_to_accounts
TX048376,C0107,A1386,2579.25,ZAR,2026-04-16,18:37:25,INTEREST,Interest - Ref 648509,MOBILE,COMPLETED,REF921B0B762387,BROKEN_FK_account_id_to_accounts
TX048380,C0107,A1386,15907.6575,ZAR,2024-09-09,16:43:53,REVERSAL,Reversal - Ref 644927,ONLINE,COMPLETED,REFE92482AFA9EC,BROKEN_FK_account_id_to_accounts
TX048413,C0367,FAKE_27A02953,3940.5,ZAR,2025-08-04,01:06:15,DEPOSIT,Deposit - Ref 897486,POS,COMPLETED,REF461889311AA4,BROKEN_FK_account_id_to_accounts
TX048436,C0584,UNKNOWN,3413.7,ZAR,2024-04-16,04:02:11,DEBIT_ORDER,Debit Order - Ref 633512,MOBILE,COMPLETED,REFF25B47CDFDE3,BROKEN_FK_account_id_to_accounts
TX048468,C0158,A1330,1726.44,ZAR,2026-01-31,01:54:45,DEPOSIT,Deposit - Ref 920550,MOBILE,FAILED,REF4856747FC561,BROKEN_FK_account_id_to_accounts
TX048492,C0915,A0345,15907.6575,ZAR,2025-03-14,05:06:19,DEPOSIT,Deposit - Ref 886105,ONLINE,COMPLETED,REF3C96FF2FC9CE,BROKEN_FK_account_id_to_accounts
TX048493,C0999,A0831,51.15,ZAR,2025-01-04,16:28:35,FEE,Fee - Ref 803972,MOBILE,COMPLETED,REFE849CF6AB39F,BROKEN_FK_account_id_to_accounts
TX048539,C0158,A1330,283.27,ZAR,2024-11-19,03:18:42,WITHDRAWAL,Withdrawal - Ref 936752,ATM,COMPLETED,REF3707860BC19A,BROKEN_FK_account_id_to_accounts
TX048546,C0999,A0831,180.84,ZAR,2026-08-09,09:24:02,FEE,Fee - Ref 368247,POS,COMPLETED,REF83FB07F77CB8,BROKEN_FK_account_id_to_accounts
TX048589,C0491,UNKNOWN,182.72,ZAR,2024-08-05,16:02:37,TRANSFER,Transfer - Ref 409345,MOBILE,COMPLETED,REFEB612EC9B66E,BROKEN_FK_account_id_to_accounts
TX048627,C0831,A0527,458.93,ZAR,2026-05-09,22:44:23,FEE,Fee - Ref 844855,ONLINE,COMPLETED,REF3F7B6B5AA9FD,BROKEN_FK_account_id_to_accounts
TX048644,C0363,UNKNOWN,15907.6575,ZAR,2025-11-02,03:25:35,REVERSAL,Reversal - Ref 618372,POS,COMPLETED,REF1F0550E87757,BROKEN_FK_account_id_to_accounts
TX048646,C0326,A0448,486.81,ZAR,2026-04-30,04:42:19,WITHDRAWAL,Withdrawal - Ref 629639,MOBILE,FAILED,REFA12A7F606FEF,BROKEN_FK_account_id_to_accounts
TX048690,C0525,UNKNOWN,255.33,ZAR,2025-10-22,14:20:55,DEBIT_ORDER,Debit Order - Ref 631283,BRANCH,COMPLETED,REF859D49F01790,BROKEN_FK_account_id_to_accounts
TX048711,C0371,A1236,542.74,ZAR,2026-03-02,20:32:04,PAYMENT,Payment - Ref 788425,ATM,COMPLETED,REF0F85E54186D3,BROKEN_FK_account_id_to_accounts
TX048720,C0107,A1386,2840.28,ZAR,2025-06-17,09:14:59,WITHDRAWAL,Withdrawal - Ref 869916,MOBILE,COMPLETED,REF44A95B35E4C7,BROKEN_FK_account_id_to_accounts
TX048734,C0612,UNKNOWN,568.11,ZAR,2026-07-16,06:38:34,WITHDRAWAL,Withdrawal - Ref 382576,ONLINE,COMPLETED,REF1A7CF24E08EF,BROKEN_FK_account_id_to_accounts
TX048739,C0049,A1190,1675.24,ZAR,2024-01-26,01:42:00,DEBIT_ORDER,Debit Order - Ref 438227,ONLINE,COMPLETED,REF76B9547290B7,BROKEN_FK_account_id_to_accounts
TX048742,C0371,A1236,15907.6575,ZAR,2024-02-08,02:23:27,TRANSFER,Transfer - Ref 345570,MOBILE,REVERSED,REF4C6B1BE8C6AA,BROKEN_FK_account_id_to_accounts
TX048744,C0569,A0141,4773.45,ZAR,2024-06-26,10:11:49,INTEREST,Interest - Ref 700710,MOBILE,COMPLETED,REF283AF5E3E576,BROKEN_FK_account_id_to_accounts
TX048747,C0153,UNKNOWN,15907.6575,ZAR,2026-04-17,14:36:31,REVERSAL,Reversal - Ref 337771,ONLINE,COMPLETED,REFB97906E116FC,BROKEN_FK_account_id_to_accounts
TX048753,C0172,FAKE_88A4B4FA,4924.69,ZAR,2024-01-30,22:04:49,INTEREST,Interest - Ref 872027,ONLINE,PENDING,REFA3C4748E5A77,BROKEN_FK_account_id_to_accounts
TX048757,C0624,UNKNOWN,988.44,ZAR,2024-04-20,10:32:15,TRANSFER,Transfer - Ref 645153,MOBILE,COMPLETED,REFDCBE848569B5,BROKEN_FK_account_id_to_accounts
TX048761,C0240,A0937,2950.22,ZAR,2024-06-08,00:58:07,INTEREST,Interest - Ref 472977,MOBILE,COMPLETED,REF272448263515,BROKEN_FK_account_id_to_accounts
TX048770,C0735,UNKNOWN,307.59,ZAR,2025-01-26,07:06:12,WITHDRAWAL,Withdrawal - Ref 379079,MOBILE,COMPLETED,REF1D5E1A534B9B,BROKEN_FK_account_id_to_accounts
TX048773,C0055,UNKNOWN,131.22,ZAR,2025-06-28,01:54:46,FEE,Fee - Ref 213739,ONLINE,COMPLETED,REFADAE2AB343BB,BROKEN_FK_account_id_to_accounts
TX048778,C0431,A0469,230.07,ZAR,2024-04-22,18:40:50,FEE,Fee - Ref 768545,MOBILE,COMPLETED,REFC53909FCECA4,BROKEN_FK_account_id_to_accounts
TX048821,C0240,UNKNOWN,758.3,ZAR,2026-03-04,21:35:41,PAYMENT,Payment - Ref 741533,MOBILE,COMPLETED,REFBA188635B86B,BROKEN_FK_account_id_to_accounts
TX048829,C0366,A0418,1433.86,ZAR,2024-05-17,07:07:19,WITHDRAWAL,Withdrawal - Ref 240809,MOBILE,COMPLETED,REF041520E7F0C5,BROKEN_FK_account_id_to_accounts
TX048855,C0174,A1169,612.39,ZAR,2026-02-17,22:17:34,DEBIT_ORDER,Debit Order - Ref 475152,POS,COMPLETED,REF418003CB53FB,BROKEN_FK_account_id_to_accounts
TX048893,C0562,UNKNOWN,1361.42,ZAR,2026-04-27,15:36:21,PAYMENT,Payment - Ref 152018,ONLINE,COMPLETED,REFCAC92B84653B,BROKEN_FK_account_id_to_accounts
TX048903,C0419,A0556,2686.54,ZAR,2025-06-11,15:46:27,DEPOSIT,Deposit - Ref 281352,ONLINE,COMPLETED,REF2F33DD51F815,BROKEN_FK_account_id_to_accounts
TX048904,C0413,UNKNOWN,15907.6575,ZAR,2024-01-06,01:20:51,REVERSAL,Reversal - Ref 108026,MOBILE,COMPLETED,REFB4EE448CB93D,BROKEN_FK_account_id_to_accounts
TX048906,C0380,UNKNOWN,73.89,ZAR,2025-08-07,19:02:32,FEE,Fee - Ref 328570,ONLINE,COMPLETED,REFB99574FD1BAE,BROKEN_FK_account_id_to_accounts
TX048909,C0419,A0556,1676.7,ZAR,2024-01-28,22:43:52,DEBIT_ORDER,Debit Order - Ref 899428,BRANCH,COMPLETED,REF169167DA7661,BROKEN_FK_account_id_to_accounts
TX048912,C0107,A1386,610.12,ZAR,2026-03-14,14:34:48,WITHDRAWAL,Withdrawal - Ref 133396,POS,COMPLETED,REFB9B4DA312371,BROKEN_FK_account_id_to_accounts
TX048921,C0174,A1169,498.16,ZAR,2025-01-29,09:15:52,FEE,Fee - Ref 554723,POS,COMPLETED,REFF8002CB6B51D,BROKEN_FK_account_id_to_accounts
TX048925,C0419,A0556,12256.23,ZAR,2025-12-12,23:04:47,DEBIT_ORDER,Debit Order - Ref 108686,ONLINE,COMPLETED,REF50C0AFD6E7B9,BROKEN_FK_account_id_to_accounts
TX048950,C0261,A0515,1998.12,ZAR,2024-03-17,15:53:43,TRANSFER,Transfer - Ref 843124,ONLINE,COMPLETED,REF58FF9A25EA6C,BROKEN_FK_account_id_to_accounts
TX048967,C0952,UNKNOWN,15907.6575,ZAR,2026-01-26,14:16:49,REVERSAL,Reversal - Ref 151708,MOBILE,COMPLETED,REFB78CE1A877AB,BROKEN_FK_account_id_to_accounts
TX048998,C0224,A0045,15907.6575,ZAR,2025-09-21,04:33:55,REVERSAL,Reversal - Ref 883329,BRANCH,COMPLETED,REFDF780E1FC867,BROKEN_FK_account_id_to_accounts
TX049031,C0922,A0672,250.39,ZAR,2025-04-25,11:50:14,FEE,Fee - Ref 422005,ONLINE,COMPLETED,REF711E361464ED,BROKEN_FK_account_id_to_accounts
TX049073,C0071,A1181,15907.6575,ZAR,2026-08-13,07:05:06,REVERSAL,Reversal - Ref 417715,ONLINE,COMPLETED,REFB4F38873DB20,BROKEN_FK_account_id_to_accounts
TX049099,C0194,FAKE_A7208EC3,8786.45,ZAR,2024-07-01,16:07:10,DEPOSIT,Deposit - Ref 912771,ONLINE,PENDING,REFBBF653346525,BROKEN_FK_account_id_to_accounts
TX049149,C0174,A1169,1104.01,ZAR,2026-08-24,00:29:33,INTEREST,Interest - Ref 789234,ATM,COMPLETED,REF44DACC931A5E,BROKEN_FK_account_id_to_accounts
TX049150,C0475,FAKE_476DA8C9,6326.47,ZAR,2024-04-25,10:48:40,DEBIT_ORDER,Debit Order - Ref 625243,ONLINE,COMPLETED,REF417DA8F1B4DF,BROKEN_FK_account_id_to_accounts
TX049166,C0537,A0699,7283.87,ZAR,2024-03-17,22:06:02,PAYMENT,Payment - Ref 513272,MOBILE,COMPLETED,REFA31D0CCEB2C8,BROKEN_FK_account_id_to_accounts
TX049167,C0567,UNKNOWN,9733.65,ZAR,2026-05-02,02:15:31,TRANSFER,Transfer - Ref 736130,ONLINE,COMPLETED,REF01C4152D28F5,BROKEN_FK_account_id_to_accounts
TX049190,C0907,A1444,88.78,ZAR,2024-08-28,15:58:57,FEE,Fee - Ref 317446,BRANCH,COMPLETED,REF0F1B9B044B09,BROKEN_FK_account_id_to_accounts
TX049218,C0236,UNKNOWN,2881.59,ZAR,2025-09-21,21:46:19,DEBIT_ORDER,Debit Order - Ref 192018,MOBILE,FAILED,REF2B1F77B48A74,BROKEN_FK_account_id_to_accounts
TX049231,C0132,A1146,2327.36,ZAR,2026-04-22,11:17:23,DEBIT_ORDER,Debit Order - Ref 344821,MOBILE,COMPLETED,REF3DAB61491155,BROKEN_FK_account_id_to_accounts
TX049244,C0935,UNKNOWN,542.83,ZAR,2024-05-07,12:23:44,PAYMENT,Payment - Ref 199457,ONLINE,COMPLETED,REF98823C4A0705,BROKEN_FK_account_id_to_accounts
TX049257,C0033,UNKNOWN,379.35,ZAR,2024-09-26,16:26:59,DEBIT_ORDER,Debit Order - Ref 872458,MOBILE,COMPLETED,REF4A619C3B1A93,BROKEN_FK_account_id_to_accounts
TX049264,C0720,A0589,4150.21,ZAR,2025-02-22,10:46:35,INTEREST,Interest - Ref 823900,MOBILE,COMPLETED,REFEF1BB042168E,BROKEN_FK_account_id_to_accounts
TX049281,C0756,FAKE_7AC095EB,1348.69,ZAR,2025-11-15,18:34:53,PAYMENT,Payment - Ref 948770,ATM,COMPLETED,REF2CAFBF65F072,BROKEN_FK_account_id_to_accounts
TX049316,C0391,UNKNOWN,1431.57,ZAR,2025-01-30,11:13:43,DEBIT_ORDER,Debit Order - Ref 413526,MOBILE,COMPLETED,REFBE0ABBB097B3,BROKEN_FK_account_id_to_accounts
TX049332,C0720,A0589,681.06,ZAR,2025-05-18,01:46:25,WITHDRAWAL,Withdrawal - Ref 514838,ONLINE,COMPLETED,REF2B3118F5F07A,BROKEN_FK_account_id_to_accounts
TX049337,C0800,A0764,347.9,ZAR,2024-06-13,05:53:21,INTEREST,Interest - Ref 601682,MOBILE,COMPLETED,REFBFD53C154D1B,BROKEN_FK_account_id_to_accounts
TX049357,C0429,A1065,453.25,ZAR,2025-07-08,22:03:10,WITHDRAWAL,Withdrawal - Ref 662957,BRANCH,COMPLETED,REF1F698AEEEFAB,BROKEN_FK_account_id_to_accounts
TX049363,C0366,A0418,388.86,ZAR,2024-10-25,22:21:23,WITHDRAWAL,Withdrawal - Ref 346443,POS,COMPLETED,REFD41B4172F89E,BROKEN_FK_account_id_to_accounts
TX049375,C0481,UNKNOWN,1254.67,ZAR,2026-08-20,05:10:23,WITHDRAWAL,Withdrawal - Ref 768240,MOBILE,PENDING,REFD04A27438F78,BROKEN_FK_account_id_to_accounts
TX049393,C0082,A1200,137.33,ZAR,2024-08-19,01:58:10,REVERSAL,Reversal - Ref 146147,POS,COMPLETED,REF87B2CCC88711,BROKEN_FK_account_id_to_accounts
TX049415,C0569,A0141,413.12,ZAR,2025-09-16,21:27:28,TRANSFER,Transfer - Ref 320739,MOBILE,COMPLETED,REFD24D109DD5D9,BROKEN_FK_account_id_to_accounts
TX049421,C0951,UNKNOWN,540.3,ZAR,2025-01-30,20:22:47,DEBIT_ORDER,Debit Order - Ref 413670,ATM,COMPLETED,REF5525E340AAB1,BROKEN_FK_account_id_to_accounts
TX049426,C0969,UNKNOWN,2482.6,ZAR,2024-05-03,13:18:16,DEBIT_ORDER,Debit Order - Ref 152153,MOBILE,COMPLETED,REF6BC476D4CB89,BROKEN_FK_account_id_to_accounts
TX049428,C0987,A0943,467.08,ZAR,2026-01-06,15:54:59,INTEREST,Interest - Ref 754864,ONLINE,COMPLETED,REFB45BDE9AA771,BROKEN_FK_account_id_to_accounts
TX049440,C0874,A0790,1962.65,ZAR,2024-10-29,17:13:32,INTEREST,Interest - Ref 237814,ONLINE,COMPLETED,REF01DBFBE4B394,BROKEN_FK_account_id_to_accounts
TX049442,C0999,A0831,408.27,ZAR,2025-06-10,19:17:21,FEE,Fee - Ref 817102,BRANCH,COMPLETED,REFCCB9E4D0B65A,BROKEN_FK_account_id_to_accounts
TX049446,C0677,FAKE_2646CFAA,497.46,ZAR,2025-02-18,04:18:31,FEE,Fee - Ref 922557,ATM,COMPLETED,REFADBF43124E2F,BROKEN_FK_account_id_to_accounts
TX049455,C0915,A0345,689.79,ZAR,2025-05-29,04:28:32,DEBIT_ORDER,Debit Order - Ref 343424,ONLINE,COMPLETED,REFA6670FF47B6F,BROKEN_FK_account_id_to_accounts
TX049464,C0071,A0452,5647.93,ZAR,2025-06-21,16:26:11,PAYMENT,Payment - Ref 530894,MOBILE,COMPLETED,REF62FAA3C20C44,BROKEN_FK_account_id_to_accounts
TX049466,C0302,UNKNOWN,1023.0,ZAR,2024-10-23,02:09:40,PAYMENT,Payment - Ref 866016,ATM,COMPLETED,REF7F8DC8924FE3,BROKEN_FK_account_id_to_accounts
TX049480,C0371,A1236,666.96,ZAR,2024-07-10,16:43:55,DEPOSIT,Deposit - Ref 205361,MOBILE,COMPLETED,REFC4756A36682C,BROKEN_FK_account_id_to_accounts
TX049485,C0733,FAKE_8AF89993,9682.51,ZAR,2024-05-19,19:30:08,PAYMENT,Payment - Ref 157300,MOBILE,COMPLETED,REF72BE7AE9021C,BROKEN_FK_account_id_to_accounts
TX049537,C0398,A0053,168.77,ZAR,2024-10-11,05:12:25,WITHDRAWAL,Withdrawal - Ref 182220,ONLINE,COMPLETED,REF1F3FEF55D36F,BROKEN_FK_account_id_to_accounts
TX049543,C0704,UNKNOWN,5845.82,ZAR,2025-12-16,19:20:33,WITHDRAWAL,Withdrawal - Ref 574222,MOBILE,COMPLETED,REF43A354B46379,BROKEN_FK_account_id_to_accounts
TX049578,C0189,UNKNOWN,7904.78,ZAR,2025-04-22,23:34:24,PAYMENT,Payment - Ref 958171,ATM,COMPLETED,REFF8521A0638D5,BROKEN_FK_account_id_to_accounts
TX049601,C0614,A0422,15907.6575,ZAR,2024-04-27,16:22:33,REVERSAL,Reversal - Ref 209475,BRANCH,COMPLETED,REF5CB9238A71FA,BROKEN_FK_account_id_to_accounts
TX049629,C0195,FAKE_DAD68110,620.88,ZAR,2025-06-22,00:08:35,WITHDRAWAL,Withdrawal - Ref 541119,POS,COMPLETED,REFDD7AE8C3AD40,BROKEN_FK_account_id_to_accounts
TX049644,C0250,A0563,1159.1,ZAR,2026-03-24,13:42:14,DEBIT_ORDER,Debit Order - Ref 873870,ONLINE,REVERSED,REF4568A85B2DB9,BROKEN_FK_account_id_to_accounts
TX049645,C0345,A0694,4484.2,ZAR,2025-07-29,16:49:19,REVERSAL,Reversal - Ref 347821,MOBILE,FAILED,REFC16FB1F1B151,BROKEN_FK_account_id_to_accounts
TX049646,C0987,A0943,930.77,ZAR,2025-10-16,22:54:25,DEPOSIT,Deposit - Ref 450793,BRANCH,COMPLETED,REFA2A53FBA0126,BROKEN_FK_account_id_to_accounts
TX049674,C0437,FAKE_583A30FB,1329.72,ZAR,2026-06-06,01:59:35,DEPOSIT,Deposit - Ref 718877,ONLINE,COMPLETED,REFF6ABB7E0E719,BROKEN_FK_account_id_to_accounts
TX049675,C0071,A0452,1672.28,ZAR,2024-08-21,01:59:36,PAYMENT,Payment - Ref 230220,BRANCH,COMPLETED,REF976BA684F83D,BROKEN_FK_account_id_to_accounts
TX049685,C0265,UNKNOWN,330.63,ZAR,2024-01-10,19:50:00,FEE,Fee - Ref 372201,ONLINE,COMPLETED,REFC8A62D1E2041,BROKEN_FK_account_id_to_accounts
TX049690,C0999,A0831,2561.56,ZAR,2024-04-30,02:31:10,INTEREST,Interest - Ref 685521,ONLINE,COMPLETED,REF48F87D0B4CA5,BROKEN_FK_account_id_to_accounts
TX049716,C0831,A0527,385.61,ZAR,2026-07-01,11:08:31,TRANSFER,Transfer - Ref 696651,ONLINE,COMPLETED,REF28FFCEAB4B23,BROKEN_FK_account_id_to_accounts
TX049718,C0692,A0415,742.74,ZAR,2025-06-23,09:12:58,DEBIT_ORDER,Debit Order - Ref 959003,POS,COMPLETED,REF5C6E39B499C1,BROKEN_FK_account_id_to_accounts
TX049725,C0532,FAKE_07526254,15907.6575,ZAR,2026-03-19,02:57:05,REVERSAL,Reversal - Ref 111267,ATM,FAILED,REF163CDFF79791,BROKEN_FK_account_id_to_accounts
TX049738,C0261,A0515,15781.77,ZAR,2024-02-04,03:42:54,DEPOSIT,Deposit - Ref 138365,MOBILE,COMPLETED,REF150BCF4F1A00,BROKEN_FK_account_id_to_accounts
TX049742,C0082,A1200,122.47,ZAR,2025-10-10,13:03:08,FEE,Fee - Ref 884717,ONLINE,COMPLETED,REF1B944B69C485,BROKEN_FK_account_id_to_accounts
TX049751,C0741,UNKNOWN,1659.86,ZAR,2026-06-05,23:42:05,PAYMENT,Payment - Ref 697714,ATM,COMPLETED,REFB44B3901F9BD,BROKEN_FK_account_id_to_accounts
TX049764,C0089,A0779,15907.6575,ZAR,2026-01-12,04:10:40,REVERSAL,Reversal - Ref 985943,ONLINE,COMPLETED,REF016421DA6CF2,BROKEN_FK_account_id_to_accounts
TX049782,C0132,A1146,12808.43,ZAR,2025-05-19,14:11:44,DEPOSIT,Deposit - Ref 993790,MOBILE,FAILED,REF4BA6D2893390,BROKEN_FK_account_id_to_accounts
TX049809,C0415,UNKNOWN,5057.15,ZAR,2025-03-16,22:57:57,TRANSFER,Transfer - Ref 852319,ONLINE,COMPLETED,REF3CEB93BD2FF3,BROKEN_FK_account_id_to_accounts
TX049815,C0569,A0141,2413.97,ZAR,2026-01-15,01:00:21,DEPOSIT,Deposit - Ref 182103,MOBILE,COMPLETED,REF3D130339B115,BROKEN_FK_account_id_to_accounts
TX049832,C0795,UNKNOWN,4201.21,ZAR,2024-07-24,11:49:22,DEBIT_ORDER,Debit Order - Ref 922747,MOBILE,COMPLETED,REF5AE47CC8EED1,BROKEN_FK_account_id_to_accounts
TX049872,C0807,A0519,3276.42,ZAR,2026-08-24,03:07:11,TRANSFER,Transfer - Ref 839159,BRANCH,COMPLETED,REF45024C52290B,BROKEN_FK_account_id_to_accounts
TX049889,C0791,A0938,2942.37,ZAR,2024-09-07,01:04:00,TRANSFER,Transfer - Ref 919535,BRANCH,COMPLETED,REFD59C0DC6CABF,BROKEN_FK_account_id_to_accounts
TX049908,C0174,A1169,33.58,ZAR,2024-05-05,08:47:02,FEE,Fee - Ref 546156,MOBILE,COMPLETED,REFD78B61EE6258,BROKEN_FK_account_id_to_accounts
TX049921,C0138,A0544,1163.44,ZAR,2024-07-31,21:52:52,WITHDRAWAL,Withdrawal - Ref 137403,ATM,COMPLETED,REF8D80D7B82084,BROKEN_FK_account_id_to_accounts
TX049940,C0984,UNKNOWN,376.93,ZAR,2024-12-29,06:51:39,FEE,Fee - Ref 748434,ATM,COMPLETED,REFF5A9613A2187,BROKEN_FK_account_id_to_accounts
TX049967,C0658,UNKNOWN,170.27,ZAR,2025-03-12,15:58:18,FEE,Fee - Ref 836260,MOBILE,COMPLETED,REFF95C5EB57612,BROKEN_FK_account_id_to_accounts
TX049976,C0158,A1330,400.47,ZAR,2025-12-18,19:19:26,INTEREST,Interest - Ref 274126,ONLINE,FAILED,REFDF107DE04B95,BROKEN_FK_account_id_to_accounts
TX049981,C0881,A0400,325.71,ZAR,2026-04-04,12:56:45,FEE,Fee - Ref 108412,ATM,COMPLETED,REFBCF97E43D4DD,BROKEN_FK_account_id_to_accounts
